Dataset,Rows,DE-30_mean,DE-30_std,DE-30_budget,DE-30_runtime_mean,DE-30_runtime_std,DE-30_tier,DE-50_mean,DE-50_std,DE-50_budget,DE-50_runtime_mean,DE-50_runtime_std,DE-50_tier,DE-100_mean,DE-100_std,DE-100_budget,DE-100_runtime_mean,DE-100_runtime_std,DE-100_tier,DE-200_mean,DE-200_std,DE-200_budget,DE-200_runtime_mean,DE-200_runtime_std,DE-200_tier,PSO-30_mean,PSO-30_std,PSO-30_budget,PSO-30_runtime_mean,PSO-30_runtime_std,PSO-30_tier,PSO-50_mean,PSO-50_std,PSO-50_budget,PSO-50_runtime_mean,PSO-50_runtime_std,PSO-50_tier,PSO-100_mean,PSO-100_std,PSO-100_budget,PSO-100_runtime_mean,PSO-100_runtime_std,PSO-100_tier,PSO-200_mean,PSO-200_std,PSO-200_budget,PSO-200_runtime_mean,PSO-200_runtime_std,PSO-200_tier
BDBC,2560,0.0034604297704266054,0.0032804386852414735,30,0.17745270729064938,0.0035753239004615396,2,0.001974876692423445,0.0013837379485521998,50,0.2636286854743958,0.00607629629053112,1,0.001488998517030435,0.0013118142700792646,100,0.5071799755096436,0.042618550858637645,1,0.0012893380105420049,0.0012740520590047066,200,0.7184402108192444,0.1523583793654366,1,0.00340016760176777,0.00213687111675594,30,0.12638083696365351,0.015528750136218659,2,0.0033828649201281596,0.002134945970275058,50,0.13210941553115843,0.02292428382325778,2,0.0033828326217793052,0.002134947967979391,100.0,0.15372849702835084,0.02700126089375487,2.0,0.0033828326217793052,0.002134947967979391,200.0,0.1683056831359863,0.029728958841186388,2.0
Health-ClosedIssues0000,10000,0.22556502347604193,0.08023777707800607,30,0.5184089183807373,0.029287701218812367,2,0.17299808937074157,0.03838602417166189,50,0.5221880316734314,0.005115050477079347,1,0.15699591308852015,0.024152919506827075,100,1.0121297478675841,0.024935399549324895,1,0.14612666430616333,0.015732388157624348,200,3.3667085766792297,0.18311752024398792,1,0.16246125041005,0.023606350547227473,30,0.4028343439102173,0.0024856453102039236,1,0.15291933192519877,0.019598381461979925,50,0.6727465987205505,0.007506993759686645,1,0.14429177927164377,0.014909257776831613,100.0,0.9931345224380493,0.013190362928321882,1.0,0.1414969926506619,0.01256538846429565,200.0,1.5716559171676636,0.25522217352921056,1.0
Health-ClosedIssues0001,10000,0.453420436497033,0.016544282016828952,30,0.3373239040374756,0.004040373544887378,2,0.4458168801921568,0.015151076357149332,50,0.7533977270126343,0.059637204405229696,2,0.4392779319355327,0.01339895284121733,100,1.0627246260643006,0.017477053865193878,1,0.4305160996804262,0.01840006707095746,200,1.5028490543365478,0.25513314459460174,1,0.4537448022675794,0.021893314747669576,30,0.4470015406608582,0.001873443290006218,2,0.44551199348583037,0.02479387755795187,50,0.7508987545967102,0.010755719516179821,2,0.43598328643646234,0.027796362715214608,100.0,1.8281535506248474,0.06126120830696362,1.0,0.429007870262952,0.030409507228716815,200.0,2.807637119293213,0.36325058623132195,1.0
Health-ClosedIssues0002,10000,0.17265536049491842,0.02474689741133235,30,0.2972469687461853,0.0024348405235026125,3,0.15978686497298272,0.038829708381962806,50,0.5053765416145325,0.0062564238203547074,2,0.14339357767327096,0.04311858775553809,100,1.8240296006202699,0.09186029797139421,1,0.12602316573041103,0.04122530103087639,200,1.3716166019439697,0.2760169486434337,1,0.17720215345644086,0.00828095367099435,30,0.44342650175094606,0.0038766047830387828,3,0.1676877655369384,0.03243719270978591,50,0.976810896396637,0.016318905746066835,3,0.1645233680515923,0.03279112399298448,100.0,1.5215497255325316,0.1098760623681936,2.0,0.15564790328317984,0.03770030375580231,200.0,2.7929624795913695,0.29653596314424424,2.0
Health-ClosedIssues0003,10000,0.24566410596909477,0.039330170033363636,30,0.43576819896698,0.005937535536419998,3,0.20932098874532595,0.03766165327403081,50,0.7810497641563415,0.01397080045567687,2,0.17897943515021192,0.031520272347887256,100,2.05495525598526,0.045280006141352726,1,0.15606705342527433,0.02411322954491311,200,3.1629761457443237,0.3058569064991546,1,0.20578794911683027,0.04839983341321692,30,0.4599172592163086,0.011460354997981,2,0.1817870570812793,0.03957367072883111,50,0.752589762210846,0.01145471942675785,1,0.1601879731106566,0.025218040296663895,100.0,1.2081410765647889,0.14217627879852213,1.0,0.1443189439622469,0.014076575033507536,200.0,2.9031240344047546,0.25536486000579056,1.0
Health-ClosedIssues0004,10000,0.2856327511295836,0.011414049999480497,30,0.40952301025390625,0.0032266920662000586,3,0.27863651473916623,0.00986136791288884,50,0.6756913542747498,0.005052813987630507,2,0.2698094835239026,0.00568574221948364,100,1.0446866154670715,0.030098136271516376,1,0.26523597605719684,0.00587869998816972,200,3.1689626932144166,0.28187074141485596,1,0.28907308357893563,0.013715261469489353,30,0.5201995015144348,0.046970418469223764,3,0.281378644110092,0.01323408298385011,50,0.6793420195579529,0.024366733410815085,2,0.27574795071456665,0.011171847947846631,100.0,1.2941222190856934,0.10404091270298559,1.0,0.2701405479566527,0.008282556658311829,200.0,2.888303518295288,0.4030921824343331,1.0
Health-ClosedIssues0005,10000,0.23944208373742876,0.005437491050193628,30,0.44946794509887694,0.0048472274393941495,2,0.23799126255497516,0.00551426672174069,50,0.8567539572715759,0.069866015927989,2,0.2343351977492397,0.0036237621499943698,100,1.8791954159736632,0.03784413467601566,1,0.22981137482456723,0.003721405350478682,200,2.255636990070343,0.2019357411063879,1,0.23963652542533792,0.00560308600047907,30,0.46207101345062257,0.004188953279641858,2,0.23773768448416233,0.006063123185267113,50,0.7729224801063538,0.006164019087798756,2,0.2348813173216099,0.005916095448798477,100.0,1.221082079410553,0.13844276165422506,1.0,0.23325181954915086,0.005937068080963881,200.0,2.3525110363960264,0.18247871147817912,1.0
Health-ClosedIssues0006,10000,0.12469462988795235,0.010706877053017063,30,0.44169405698776243,0.0027208160982279505,3,0.10992827087983748,0.015145902394833616,50,0.6523247241973877,0.08696644229043256,2,0.09459948612019248,0.01193230070795221,100,1.212043583393097,0.15757046957356602,1,0.08478223387317477,0.010553465849906416,200,4.0426781415939335,0.11685970509529041,1,0.11902278273763471,0.019019935914306643,30,0.4722696185112,0.003964605841140416,3,0.10984707295424748,0.01258956146418733,50,0.8884963274002076,0.04128071346662578,2,0.09989918227042045,0.01436673836221471,100.0,1.335849368572235,0.19342358797529985,1.0,0.09416393394163533,0.014249709615193087,200.0,2.417663836479187,0.45556006121465187,1.0
Health-ClosedIssues0007,10000,0.46793330379285375,0.08503887486974047,30,0.44279606342315675,0.003984183679084816,2,0.4084123589335558,0.06734153422312933,50,0.7614056587219238,0.01578352371332779,1,0.36906360685485756,0.06634741636579133,100,1.6269268989562988,0.14860453601169954,1,0.3339630246373911,0.038456269523396154,200,1.8660770416259767,0.3631099365571243,1,0.5175254478472487,0.08315186342264237,30,0.5869518876075744,0.010958659270798586,3,0.46241660459046746,0.10943669388164183,50,0.9280233025550843,0.07341827273634272,2,0.4301383027477014,0.1183462359328965,100.0,1.2027405023574829,0.25617700679331584,2.0,0.4230171822711718,0.12154241584092534,200.0,1.9760562419891357,0.7343849043041984,2.0
Health-ClosedIssues0008,10000,0.3120549402279571,0.05450608496398433,30,0.47156769037246704,0.009602673788040701,3,0.27911304350272004,0.043046839501486314,50,0.7567784667015076,0.05351827322983563,2,0.2621909077123603,0.033983610888992065,100,1.2060765862464904,0.1317693830969186,1,0.2487836681191284,0.024374979308570036,200,2.9465630531311033,0.22865129543090199,1,0.2747541228279948,0.02515230312723741,30,0.5517386078834534,0.02722982570728172,2,0.25906738042694866,0.018083218096511255,50,0.5197948217391968,0.010994808995070422,1,0.24900553215621488,0.01595718635762181,100.0,1.5030404210090638,0.11979671152754671,1.0,0.24409908782874346,0.01329856102660735,200.0,4.3135711312294,0.47232787983440727,1.0
Health-ClosedIssues0009,10000,0.3428794180165825,0.06732838871638615,30,0.4580446004867554,0.005483708422571722,2,0.2925190613608344,0.05145429143665829,50,0.7575646758079528,0.010466355546111753,1,0.2620666039918728,0.03403199401757365,100,1.2779393315315246,0.15756455836931357,1,0.25162997240979357,0.03298518961522106,200,2.30347398519516,0.31633606086938754,1,0.3254036295151357,0.07532139650285374,30,0.3083476543426514,0.002157789582643529,2,0.28438663272042985,0.060664337438611604,50,0.9975992202758789,0.04228364802193406,1,0.25116207850909367,0.015603958276607077,100.0,0.9899099111557007,0.16277053491081872,1.0,0.24511884421027225,0.007781540656928413,200.0,1.4695609927177429,0.5329344678139737,1.0
Health-ClosedIssues0010,10000,0.4845602003885533,0.007857529856221835,30,0.5710184216499329,0.010061008021884697,3,0.47991640936031965,0.006309901923753381,50,0.9560935497283936,0.010686695919958435,2,0.4758534646935277,0.007036272677564723,100,1.4033156633377075,0.1293739029770077,1,0.46563110989782686,0.008744229351169457,200,3.7757851839065553,0.22149000946000838,1,0.4856254987124692,0.00829915264253748,30,0.5842599987983703,0.011948828480001932,3,0.4823334239448619,0.008974322067893989,50,0.9431380510330201,0.011149725447544384,2,0.47416154379257225,0.011639354872739344,100.0,1.0034124612808228,0.03511106640457472,1.0,0.4701170828880993,0.010697261118567957,200.0,4.3864482045173645,0.24620456423475184,1.0
Health-ClosedIssues0011,10000,0.06378762415411904,0.05468782905772773,30,0.5652207970619202,0.005953860865294588,2,0.03247251046279477,0.040114386733549244,50,0.8243118643760681,0.04453094242336613,1,0.007226258967344165,0.010304742901189264,100,1.9619139432907104,0.03725865592356263,1,0.0017466877645202152,0.001588994866230419,200,4.275335204601288,0.1261174582558521,1,0.054727421319181756,0.050532824943200355,30,0.4026386022567749,0.003580906301742123,2,0.029064098094686103,0.03864778765177889,50,0.7842666983604432,0.025078544849425732,1,0.010343415230766585,0.014615204817448848,100.0,2.0194377064704896,0.05281406498625237,1.0,0.008612117120917778,0.014421478627102411,200.0,3.7792304039001463,0.12449893934110476,1.0
Health-ClosedPRs0000,10000,0.0,0.0,30,0.33918132781982424,0.004958149511659226,1,0.0,0.0,50,0.6251851677894592,0.010379831849065567,1,0.0,0.0,100,1.2692467093467712,0.03743540153314089,1,0.0,0.0,200,2.405310034751892,0.05471796788617772,1,0.0,0.0,30,0.34649966955184935,0.004888445840987482,1,0.0,0.0,50,0.6437401413917542,0.01053043811830232,1,0.0,0.0,100.0,1.1463876247406006,0.009514950998465272,1.0,0.0,0.0,200.0,2.349835216999054,0.010122661381812868,1.0
Health-ClosedPRs0002,10000,0.02109859126573969,0.00011465521138019843,30,0.5294787645339966,0.010875629196735967,2,0.02097836802725273,0.0004086963921819924,50,0.8031305313110352,0.014258102514534486,2,0.020852566704661346,0.0006009327420438385,100,1.801525318622589,0.07044667227816244,2,0.02024868626821305,0.0008312028105114779,200,3.470013988018036,0.12612856429952343,1,0.02112422895040175,1.9059202359400131e-16,30,0.47042858600616455,0.01354465217131605,2,0.02112422895040175,1.9059202359400131e-16,50,0.7562434077262878,0.010684092003275488,2,0.02112422895040175,1.9059202359400131e-16,100.0,1.7376758933067322,0.04633218780725769,2.0,0.020968427541655902,0.00047965401413825853,200.0,3.219956159591675,0.1488026012779558,2.0
Health-ClosedPRs0003,10000,0.0829636089857117,0.00025833227030044604,30,0.46050013303756715,0.008638066215271398,3,0.08271019089874551,0.0006752866928658155,50,0.7773659944534301,0.012629772970084316,2,0.082497786977923,0.0006424858510627439,100,1.8445626139640807,0.08806477515180036,1,0.08215040938545833,0.0007679446148544712,200,3.2664589047431947,0.5732274560021868,1,0.08306859963433172,9.550018837741373e-05,30,0.48908478021621704,0.01103976723850422,4,0.08306693634065913,9.611443445091022e-05,50,0.939457106590271,0.029258050820893274,4,0.08305814450018256,9.843453414945946e-05,100.0,1.531432294845581,0.15428269880405535,4.0,0.08283068598298962,0.00046615598212556566,200.0,3.0804282903671263,0.35833317018860383,2.0
Health-ClosedPRs0004,10000,0.37100938340956857,0.10974974390006605,30,0.5192100405693054,0.008410433820557879,2,0.3072945512731323,0.036608890195166804,50,0.7909110069274903,0.027236613540623834,1,0.2863207968133288,0.008583254178306708,100,1.4788087606430054,0.14825142918451112,1,0.28139722297753356,0.006018990899379282,200,2.762461268901825,0.4768623475656968,1,0.36125547571242833,0.11766463671691983,30,0.3000466346740723,0.003845440847856424,2,0.30841546353214944,0.07845471105566078,50,0.5375490665435791,0.030028786249803895,1,0.2855231606655969,0.00967016007915782,100.0,1.5786893367767334,0.20317383293208174,1.0,0.2825180002112452,0.007156826552906758,200.0,2.9257997989654543,0.5645369059417271,1.0
Health-ClosedPRs0005,10000,0.003282711202888039,0.005274612708753825,30,0.5241439342498779,0.02927139845307849,2,0.0016290762205700391,0.004670949147334846,50,0.6835288524627685,0.014863022446173184,2,0.00010218590254856285,0.0004322653087273272,100,1.4263574719429015,0.04105870181146891,1,0.0,0.0,200,3.581184506416321,0.21575300888751417,1,0.0014885966640536266,0.0040904737959492465,30,0.4660868883132935,0.007802821622303301,2,0.0009985947199816986,0.004048019995260112,50,0.5116507053375244,0.014915121171803908,1,0.00048470205818784966,0.0019299222695123072,100.0,1.523836040496826,0.17546498930117962,1.0,0.00021983375820131814,0.0007688229524572989,200.0,2.810558795928955,0.3129215048250524,1.0
Health-ClosedPRs0006,10000,0.28067997432914965,0.1637732516206373,30,0.44329993724822997,0.00554509581802425,2,0.21316956060856412,0.15287067162089804,50,0.8844548106193543,0.012903114874649745,2,0.09711925076389921,0.07171427571371793,100,1.6305490970611571,0.10014010417801607,1,0.05794121171273262,0.01911365987707928,200,3.93987557888031,0.35522822712004126,1,0.22557134175029595,0.18348609493632492,30,0.46990797519683836,0.00815834326545993,2,0.1533517807020865,0.15387797352977728,50,0.7054710388183594,0.037501135380351346,1,0.10885007978875234,0.1389296468510617,100.0,1.2677817702293397,0.12935672835083112,1.0,0.09628755025836784,0.14232728535189432,200.0,3.3672889113426208,0.4421188185265602,1.0
Health-ClosedPRs0007,10000,0.11934927875602701,0.10750508144472026,30,0.5695279002189636,0.009044267815621678,2,0.06927545972919888,0.04512235924198454,50,0.7315621972084045,0.016508252167500768,2,0.027738019785808726,0.01625254742950242,100,3.289474308490753,0.08584222841418657,1,0.016941885386486687,0.010711860039467034,200,3.501904010772705,0.1853206160056238,1,0.10743599303539324,0.10106441012046591,30,0.5471264481544494,0.008934037283369901,2,0.0436466419533104,0.044130473180707626,50,0.49677534103393556,0.010210343230989006,1,0.02276945441228031,0.015388945091917036,100.0,3.311468207836151,0.2547194874295752,1.0,0.01932872842885251,0.013905538527351788,200.0,3.4005688309669493,0.40038780575803257,1.0
Health-ClosedPRs0008,10000,0.5469176819006406,0.12519833199394326,30,0.4574743151664734,0.007113412167560788,2,0.5044193675063948,0.13052996241596282,50,0.6784994602203369,0.014494580546170137,2,0.37733080970147526,0.17717405735920766,100,1.372547972202301,0.0722626513202887,1,0.291447326571089,0.1721635622295174,200,2.063356614112854,0.3712007076609933,1,0.5576964136362242,0.12627331232457079,30,0.30874587297439576,0.004923288466971367,2,0.4507049359345726,0.17394344733742115,50,0.523919141292572,0.041166032643355575,1,0.41551516594012694,0.19070314132406876,100.0,0.8853743314743042,0.22077849031838748,1.0,0.4139035651532866,0.19156863527327325,200.0,2.4730019211769103,1.1422557951300678,1.0
Health-ClosedPRs0009,10000,0.5124494234944426,0.13000196689989438,30,0.4528533101081848,0.005820411685416078,2,0.4558409123203873,0.12357373101517632,50,0.7931180238723755,0.02334244743507359,1,0.40359976835081285,0.11952460241794763,100,1.3848880410194397,0.08778110393737483,1,0.37101997078143295,0.10515052881204094,200,1.7022845149040222,0.2945264049644021,1,0.5855812691741719,0.139434069840827,30,0.32018495798110963,0.004663338685126694,3,0.5308717370911491,0.16271748261077654,50,0.7274855136871338,0.07021881223611702,2,0.4850391701888855,0.17486939197552107,100.0,1.2872346758842468,0.17402231297027676,2.0,0.4810666145335879,0.17655447388116743,200.0,2.339808797836304,0.5457193294440273,2.0
Health-ClosedPRs0010,10000,0.4107266229057148,0.12606575055704403,30,0.5660954594612122,0.014934921594606023,2,0.3623489829725134,0.1235311239275829,50,0.7448405742645263,0.024049080850081284,2,0.31070764035409987,0.11311559159912589,100,1.2732905387878417,0.09069617032426688,1,0.2784310037759935,0.10117689713886244,200,3.3777072429656982,0.43585934437329327,1,0.36398041623889565,0.13597995634200835,30,0.4071220397949219,0.0054274977430695225,2,0.326472973056087,0.13322522860351765,50,0.6599358081817627,0.03468860968301057,1,0.294569167761235,0.11544673483245267,100.0,0.958400285243988,0.1096047920840588,1.0,0.27184337681707654,0.10128558175406059,200.0,2.573913264274597,0.4592781897225819,1.0
Health-ClosedPRs0011,10000,0.0,0.0,30,0.4540883660316467,0.008030255086320184,1,0.0,0.0,50,0.7724182963371277,0.031627831818375536,1,0.0,0.0,100,1.4316469430923462,0.03615705636955812,1,0.0,0.0,200,3.157138633728027,0.18786049987006015,1,0.0,0.0,30,0.39955190420150755,0.00528019731175252,1,0.0,0.0,50,0.667655861377716,0.008183934121452003,1,0.0,0.0,100.0,1.3363574028015137,0.014617375905288846,1.0,0.0,0.0,200.0,3.593744623661041,0.18335815907904854,1.0
Health-Commits0000,10000,0.20386668178433687,0.06645487465644093,30,0.4400510549545288,0.010918182645273682,2,0.1864676748862859,0.0608126667408499,50,0.709671151638031,0.012386522995434142,2,0.13671467535581058,0.04725582596262635,100,1.518979549407959,0.07086735448168745,1,0.12108991241701657,0.04721507395863368,200,2.7658020496368407,0.3759835455334362,1,0.17019238556494468,0.06337471026556862,30,0.46382339000701905,0.003996519295391594,2,0.15915321296579843,0.05639204126947618,50,0.7400190472602844,0.013816652230993057,1,0.14932119734776061,0.06102243984208811,100.0,1.3213041782379151,0.08721442548218393,1.0,0.14568263438256965,0.06052661430016248,200.0,2.5513930201530455,0.3734482794393718,1.0
Health-Commits0001,10000,0.16428492331101388,0.0014286441808037318,30,0.43192259073257444,0.006403836998626645,2,0.16388621934613828,0.0016722047052861989,50,0.7036095142364502,0.016702440702288917,2,0.16339913606517015,0.0018469801087298385,100,1.4235482215881348,0.030414340317746903,1,0.16257418782756128,0.0020410858634259416,200,3.0320223331451417,0.2662785727498511,1,0.16496231242538753,2.150984823944601e-05,30,0.4549585223197937,0.003979832815802519,2,0.16461133773401088,0.0010553807090559575,50,0.5514799952507019,0.006650237317852451,2,0.16458801189401032,0.001119241463482195,100.0,1.020308291912079,0.03604790321898038,2.0,0.1645795384544153,0.0011194678076791329,200.0,2.3285526633262634,0.28830017180083545,2.0
Health-Commits0002,10000,0.4134378357939569,0.10907218824078671,30,0.46062841415405276,0.006840111282948023,2,0.35728652156773555,0.10123349346305599,50,0.7482970595359802,0.013929089293098329,1,0.31198100593149986,0.083252559044992,100,1.7045824646949768,0.07222233657949763,1,0.2833153008817805,0.041925613834294106,200,2.202663815021515,0.3830726013300587,1,0.4776509133659953,0.07615985575983444,30,0.29866847991943357,0.004580888516926551,3,0.4590704961816165,0.09027058791003202,50,0.5305930852890015,0.024816472162437916,3,0.4008791701307864,0.12425127202762289,100.0,0.982473886013031,0.09200311283444176,2.0,0.33276368636787124,0.13795684115807394,200.0,1.4389159440994264,0.4320075503006589,1.0
Health-Commits0003,10000,0.36505541240081973,0.043436050359357534,30,0.3111307144165039,0.009913475310005308,3,0.33666716829436866,0.037676000652073646,50,0.7367551684379577,0.006776045351631756,2,0.3024545100824293,0.026571467814445814,100,1.4541821122169494,0.155933871624523,1,0.27162387126663967,0.02410858052045783,200,3.126642847061157,0.33734893958792084,1,0.3494359881619529,0.04202698480502926,30,0.3025655150413513,0.002547747129272863,3,0.32908802082510136,0.045024321320022646,50,0.7887949466705322,0.02021963386078806,2,0.3061463183717793,0.05375916649663952,100.0,1.4854283690452577,0.20009426253392698,1.0,0.28965500109020037,0.05717700034542899,200.0,1.532661497592926,0.3909555801158654,1.0
Health-Commits0004,10000,0.22112614124337035,0.008217533097918487,30,0.4626626014709473,0.00553819747876402,3,0.21797839746113423,0.009465211338863676,50,0.5130584478378296,0.0095920457181338,2,0.20978969980388512,0.00972964240864257,100,1.0571079969406127,0.060379398564964916,1,0.20400743112473604,0.010308693454430602,200,1.4296564936637879,0.35551116887200107,1,0.22460184275750344,0.0033935987360933606,30,0.4246274471282959,0.008502098626327313,3,0.22017930273334688,0.009633185481665389,50,0.4898570656776428,0.02196348998675245,3,0.2181715672322952,0.010478871196585112,100.0,1.2421025395393372,0.23884679050410484,2.0,0.21640023695465813,0.011682953100507192,200.0,2.995241606235504,0.6101852181308866,2.0
Health-Commits0005,10000,0.2190158745611265,0.04432930196216705,30,0.3189286947250366,0.004619970324984303,2,0.20533203664981664,0.0382310316332634,50,0.5499460816383361,0.012419749253321356,2,0.18234747766547427,0.014582029553089487,100,1.0078617572784423,0.030221250606015732,1,0.17108970570169213,0.013017652064458644,200,3.5101088881492615,0.28416212635481436,1,0.20576694471885154,0.0247645194151659,30,0.31463404893875124,0.0030906777307793377,2,0.1944819146758576,0.02446348987674934,50,0.5193217635154724,0.003920142439297934,2,0.18303140283810893,0.026074750993425825,100.0,1.0573839664459228,0.05609746020327474,1.0,0.17752703155629562,0.024201864282403854,200.0,2.4734131574630736,0.24569093061768923,1.0
Health-Commits0006,10000,0.29026940163410697,0.019578790694086946,30,0.5805882930755615,0.006723053922634578,3,0.2763360993639005,0.021912031748263876,50,0.739952540397644,0.02090471924501808,2,0.2535914844767813,0.012887313540963792,100,0.9756303668022156,0.12353197522092668,1,0.24014727919676176,0.008980394330611008,200,1.6038720726966857,0.4143735452005361,1,0.28440080211303725,0.026140331893990235,30,0.31587847471237185,0.007772255756505773,3,0.2701941210966686,0.03233426657018998,50,0.4883693218231201,0.052386540056994516,2,0.2600385803981879,0.03305103578466362,100.0,1.198129904270172,0.2661271801558045,1.0,0.25274249816350436,0.03242040316049632,200.0,2.7770449995994566,0.8733487077845914,1.0
Health-Commits0007,10000,0.233415406692237,0.03167459809433678,30,0.30617724657058715,0.003817761948064182,2,0.21785171684286606,0.0213271480649434,50,0.7986770749092102,0.058495698678677405,2,0.1883655957938987,0.023799257000100514,100,1.7729026913642882,0.11096626285359598,1,0.18132049253677426,0.02419118325765289,200,1.5828513622283935,0.2966665258963114,1,0.2016037318926967,0.026359451005439048,30,0.3120866060256958,0.0017344977906114546,1,0.19761766254080604,0.027526784436807707,50,0.9791999816894531,0.05619781246782147,1,0.18537263892820804,0.0260581084744448,100.0,0.9808330655097961,0.05105558638051283,1.0,0.17799935850683474,0.02455747147176098,200.0,1.8934942841529847,0.2545610353280103,1.0
Health-Commits0008,10000,0.3704117255064799,0.03714953701604122,30,0.3109984636306763,0.002937550039968896,3,0.3435524901711514,0.03239374109684599,50,0.9480696558952332,0.024760861827413754,2,0.3175964006227344,0.027608811517198215,100,1.7665157198905945,0.13946724581501538,1,0.30588353487732134,0.0259912038637121,200,1.7459195613861085,0.25829125150590554,1,0.3664522893550763,0.033229148147520114,30,0.3030000805854797,0.003246185022038081,3,0.3444769457689582,0.042400071704566736,50,0.5230636477470398,0.031123206237453606,2,0.3313046775013946,0.04374833889067945,100.0,0.9398550391197205,0.11547152403102288,1.0,0.3184044074689435,0.041202338239389145,200.0,1.403092896938324,0.4042564966761775,1.0
Health-Commits0009,10000,0.13989824258527545,0.0046737216829002785,30,0.3022851586341858,0.002788132860918528,3,0.135394089174629,0.006871522373023628,50,0.5491379618644714,0.0067942766748079015,2,0.1292029882304658,0.007814634319464843,100,1.4132856249809265,0.17319188060012145,1,0.12393074481894421,0.007771582371590314,200,3.4756314873695375,0.19339534435584416,1,0.13704508851471453,0.008234634109645964,30,0.559257197380066,0.004235419606132559,3,0.13465744858259365,0.008516719955308897,50,0.5034944176673889,0.01581997592686401,2,0.1321664244223698,0.009111315824838071,100.0,1.4961316585540771,0.12575097477952968,2.0,0.12852862125496187,0.009227421380728101,200.0,1.6268143892288207,0.2913602989962347,1.0
Health-Commits0010,10000,0.30862053226390757,0.014831564433955932,30,0.3176675200462341,0.003358767238989742,3,0.30340685795822503,0.013927490010318793,50,0.8448262929916381,0.06253211032522794,3,0.29467686376577945,0.012866692677684689,100,0.9940532922744751,0.03833099283942572,2,0.27880451628930436,0.007721400097895503,200,3.513602077960968,0.1760299215238902,1,0.29721975925386374,0.01724580322755924,30,0.4409435987472534,0.00582331429839353,2,0.2925061545428026,0.016410364356402994,50,0.8551729559898377,0.05396921511004148,2,0.28599970416320275,0.01571520896862741,100.0,1.240376055240631,0.173962879971582,1.0,0.27820717176613863,0.013785696834233007,200.0,3.861059617996216,0.04003460334099654,1.0
Health-Commits0011,10000,0.056866819896144206,0.07340991199146708,30,0.3412708878517151,0.006741615337204039,2,0.02918335495330112,0.04170213552649278,50,0.7487588167190552,0.01383950707291903,1,0.00574764761163739,0.010435990376448209,100,1.4960717797279357,0.06174148946292666,1,0.000482501087451565,0.001009438352772047,200,3.1390639781951903,0.2675200118461283,1,0.045710511946630686,0.060989078182830045,30,0.30682973861694335,0.003311791792044737,2,0.025122900894642447,0.043815799493095914,50,0.7664007306098938,0.032557338380619236,1,0.013442886710157375,0.035378422559543356,100.0,1.2660699963569642,0.17241089004763313,1.0,0.01280114715334148,0.035521179387852556,200.0,2.587787628173828,0.24566938149098394,1.0
LLVM,1024,0.09403804890835613,0.07807271394906115,30,0.14013488292694087,0.005764628398873014,2,0.07427514755978301,0.06087545006394651,50,0.27858824729919435,0.015320550244651069,2,0.05239801001888413,0.0414876270958059,100,0.29877684116363523,0.05384208930022908,1,0.05191403545071662,0.04154639803421657,200,0.3537882328033447,0.07731391812457877,1,0.08724271729242515,0.08311871309505724,30,0.0888158559799194,0.011762617497090497,2,0.08684892764244426,0.08333393762026181,50,0.10837683677673338,0.01622821099715742,2,0.08432024634248222,0.08419616130392439,100.0,0.0968703746795654,0.013069708042347873,2.0,0.08292300727513642,0.08270229229517777,200.0,0.077540111541748,0.010488842060635134,2.0
SQL_AllMeasurements,4653,0.3044247190321862,0.054342169781235516,30,0.1396488070487976,0.003287488094517243,2,0.2886596550648426,0.04509661448561044,50,0.25829888582229615,0.0015847822084206846,2,0.2472539049848455,0.038189679674167365,100,0.5186029672622681,0.005821157180098764,1,0.22252889428189265,0.027943331097130982,200,1.0367157459259033,0.023679396688465117,1,0.30378800152905494,0.03429022655061545,30,0.13727984428405757,0.007987348813701006,2,0.2926306325927931,0.042848430970379305,50,0.19808282852172848,0.035950506479645476,2,0.2913850443838787,0.043279180152405575,100.0,0.1461544871330261,0.03083421106202011,2.0,0.29003777252235213,0.04215834259023864,200.0,0.213578450679779,0.04486656481898777,2.0
SS-A,1343,0.14729787074489484,0.12475550203911474,30,0.29222058057785033,0.004879723180749905,2,0.10093078925935497,0.054811023978060806,50,0.3469529628753662,0.02204347787694694,1,0.06983611940315704,0.03754790920554391,100,0.8595560431480408,0.12411288566760302,1,0.051080228763704896,0.029373648726499276,200,1.5078488349914552,0.4306127417669738,1,0.20791272999885146,0.21106201676423203,30,0.28525055646896363,0.014116901873923655,2,0.13828896390928028,0.1644570000236387,50,0.5179955959320068,0.09245645322839716,2,0.09364485040799375,0.1263278553890467,100.0,0.38140482902526857,0.11938375110782354,1.0,0.08224372084281623,0.13001267517492068,200.0,0.6716776847839355,0.3085292171098758,1.0
SS-B,206,0.1952570971940874,0.09025900416185349,30,0.28948746919631957,0.010798477970705312,2,0.1527954266086062,0.024218353744757743,50,0.44697158336639403,0.03828733249719081,1,0.1409136108253235,0.0045572444439761,100,0.7601062536239624,0.16112392138389126,1,0.14007354893310012,0.004727668229462474,200,0.6379922151565551,0.1490277475485066,1,0.1642963253459615,0.07486366440403745,30,0.24277054071426388,0.02684043007412803,1,0.1477547496581419,0.03309930871153988,50,0.3728524804115295,0.06547388224603291,1,0.14074529823304904,0.004695592874377442,100.0,0.3674253344535828,0.08101468564568114,1.0,0.14055136168281696,0.004416595865941177,200.0,0.27351127862930297,0.06150861006283956,1.0
SS-C,1512,0.16676789906432996,0.14047271995333574,30,0.26163501739501954,0.005435434730276641,2,0.10866278604242494,0.02425349635209819,50,0.5851726293563843,0.05216408550164784,1,0.09581559309357186,0.006638020160713809,100,0.8702272415161133,0.19085167696959313,1,0.09545506263621492,0.006792742143302481,200,0.8625864505767822,0.21756428437098632,1,0.1892135256617813,0.18247487360684114,30,0.19138047695159907,0.011649544978992217,2,0.12673770657767305,0.13415986230000929,50,0.2527116060256958,0.046431375829837,1,0.12532443133098567,0.1344575440928097,100.0,0.5559846878051757,0.20146926253355327,1.0,0.09474159019336043,0.006019850020593988,200.0,0.4791535496711731,0.3106696940423992,1.0
SS-D,196,0.44762207851499697,0.016134945330882805,30,0.20183398723602292,0.005124085747826332,3,0.4447986484955351,0.01764707335717496,50,0.4875245690345764,0.015876597687221713,3,0.43520287051002954,0.028046118398216326,100,0.9330583214759827,0.05211211638850847,2,0.42531796700405183,0.03213248547631301,200,2.0800188541412354,0.254495768797674,1,0.43819332914328096,0.02609791317372287,30,0.268330442905426,0.008070212186577774,2,0.4298921085876328,0.031365263518976866,50,0.43746224641799925,0.02005844515455235,1,0.4227935493699168,0.03350234202478282,100.0,0.9859947443008423,0.05150292557292022,1.0,0.4226485223276845,0.03365981518354713,200.0,1.1347895622253419,0.16825560134383957,1.0
SS-E,756,0.18586663999137845,0.03655086424261105,30,0.38082419633865355,0.005332057129550153,2,0.17799479967361245,0.033982874381723156,50,0.3208102107048035,0.007571599678564436,2,0.15795594251250664,0.010782906475352296,100,1.0691329479217528,0.055472018329669574,1,0.15088245581922796,0.003201273001140705,200,2.5409841299057008,0.09862988432014928,1,0.15953507007834597,0.014058305679611914,30,0.31828410625457765,0.01080210487455671,1,0.1533634004962249,0.007404003216726883,50,0.4133306384086609,0.029121835407513216,1,0.1505240129096112,0.003430967691338548,100.0,0.9478476166725158,0.07361229666314231,1.0,0.15001959251797417,0.003049737502506603,200.0,1.6817307710647582,0.11125958158919025,1.0
SS-F,196,0.4464310057122939,0.017798233589450194,30,0.28265167474746705,0.007657458732130374,2,0.4394453637928235,0.020455233234819042,50,0.4789125919342041,0.01248259792541501,2,0.43463780564694865,0.017147455281512416,100,0.8770580649375915,0.057176231634119876,1,0.43401622353286273,0.01832632699348696,200,1.3562538981437684,0.18184869822904476,1,0.44322289800336295,0.017056578541643334,30,0.27669516801834104,0.006971620393232812,2,0.44243376218104424,0.018581903757298818,50,0.33353534936904905,0.020969338597274238,2,0.44105009644041154,0.019283624956624917,100.0,0.6419357419013977,0.0754614425428181,2.0,0.44061532765133116,0.020416750814901123,200.0,1.6579102158546448,0.3027251436058966,2.0
SS-G,196,0.4442563156098037,0.012794767773641889,30,0.3513636589050293,0.008247495613009647,1,0.4423766024866131,0.014483223678466635,50,0.461488401889801,0.010981393652289,1,0.44136218304129554,0.014199101750320669,100,1.1276968240737915,0.07216575971938231,1,0.44136218304129554,0.014199101750320669,200,1.663576078414917,0.15683221883353238,1,0.4440734734689983,0.013614251840541405,30,0.30075708627700803,0.009004002660428924,1,0.4424709282456881,0.01614074136842018,50,0.6029233336448669,0.02906654041510681,1,0.44209681651098565,0.01724340609157805,100.0,1.1463033437728882,0.060367155748799306,1.0,0.44161470774356804,0.018693483545886073,200.0,2.227419376373291,0.16942875211697112,1.0
SS-H,259,0.3728796517839038,0.15778568490322037,30,0.2742528557777405,0.008705560970980563,2,0.31717620469614694,0.09451526578275987,50,0.46017454862594603,0.03158897172663034,2,0.25466854071980527,0.03328624594906995,100,0.607215404510498,0.11021342027735584,1,0.25466854071980527,0.03328624594906995,200,0.571372127532959,0.1250841432702609,1,0.32257634336891294,0.15493580630018175,30,0.1760407447814941,0.01841084689416511,2,0.29078423064729136,0.08631777406838793,50,0.32495492696762085,0.06944758072470764,1,0.27212465164497207,0.06564886265917362,100.0,0.18940637111663813,0.04208032788921088,1.0,0.27212465164497207,0.06564886265917362,200.0,0.18620157241821284,0.04093531352999208,1.0
SS-I,1080,0.1140366436550436,0.10289364623988663,30,0.31237260103225706,0.005095011137683369,2,0.08244810191229138,0.0938684178309994,50,0.32927892208099363,0.004359466057407784,2,0.03801236222660294,0.06844836274660783,100,0.6494557738304139,0.013908541191975307,1,0.03432528790627829,0.06870454738473628,200,1.689146089553833,0.20911883948299767,1,0.05012624940174658,0.07533159448645532,30,0.21039954423904414,0.010866038515123898,1,0.04068945424189062,0.07305544288445909,50,0.4851135969161987,0.02296501536448714,1,0.03748678294183846,0.0736484160770869,100.0,0.6075603723526001,0.08837711271683585,1.0,0.03733066126650515,0.07370587403642387,200.0,1.027468490600586,0.2899624644187748,1.0
SS-J,3840,0.10203206082355054,0.0526953553763622,30,0.35034765005111695,0.004916930889381817,2,0.09551740516236082,0.0520983509578232,50,0.3696723222732544,0.008507221719670464,2,0.0919545270189981,0.05265996991213678,100,0.8712674617767334,0.11430272273152707,2,0.08932310059531957,0.049834069946405525,200,1.3376333355903625,0.026767342926065876,2,0.07450786084772068,0.0054740944298338505,30,0.2026346087455749,0.001466978877234141,1,0.07296568524747397,0.004342657964098993,50,0.3303364634513855,0.006467979507880438,1,0.07154650963676025,0.0046777852428067,100.0,0.9335926413536072,0.020485453118723043,1.0,0.07001029715655496,0.0038698955271814694,200.0,1.3492746591567992,0.025160794420986957,1.0
SS-K,2880,0.10348126569072055,0.029266780318830277,30,0.31520795822143555,0.003448107124082898,2,0.08963806054058537,0.02761977549445047,50,0.34098995923995973,0.009892453287649811,1,0.08061392808468595,0.02480200869641808,100,0.7828311204910279,0.027244028486622437,1,0.07677451735045024,0.02445037225066586,200,1.2076585054397584,0.19338617940001876,1,0.09533074642853541,0.03413111819880412,30,0.2851506948471069,0.0034113653662703348,2,0.08600837646569001,0.031095049863095466,50,0.4947499632835388,0.005793160871532379,1,0.08176501779677606,0.027230596699061926,100.0,0.740417230129242,0.041753520298020916,1.0,0.08072132405802487,0.027420706528604396,200.0,1.3461057782173156,0.007243178795923662,1.0
SS-N,53662,0.15327233935278478,0.01886672435700025,30,0.33642399311065674,0.0247446328249019,3,0.1383108895288529,0.013456851686645146,50,0.36359856128692625,0.004013256257312598,2,0.12485030894799372,0.014760176251708078,100,0.899759030342102,0.10200629629620826,1,0.10708195962791778,0.01759205196260544,200,1.3897933840751648,0.005635704383910732,1,0.15470570470680753,0.024857705706203253,30,0.30912964344024657,0.005484701232100375,3,0.13697574658624417,0.028314147901703054,50,0.5109193682670593,0.004154984189628188,2,0.12120919192093285,0.02258631970102293,100.0,0.9983429789543152,0.012142194845756174,1.0,0.1155667862095946,0.01733563653417125,200.0,1.9355695962905883,0.16600321019671072,1.0
SS-S,3840,0.059039981208103186,0.049739313312702774,30,0.20283453464508053,0.0015046063239775127,3,0.03723786546846057,0.02557848716190335,50,0.5154407978057861,0.012010878548028913,2,0.009581322788118653,0.012102632790924427,100,0.9267365336418152,0.02381588742987141,1,0.007099848819670825,0.010389220205934238,200,2.0531516671180725,0.1749991603438196,1,0.03722458885095921,0.027638454623768918,30,0.21147031784057613,0.006149599143434707,2,0.02792365752877572,0.027573617241456575,50,0.3614321112632751,0.0263282469592113,1,0.02789201229581826,0.027578231377773117,100.0,0.9059292078018188,0.21827583884921054,1.0,0.022717955319106885,0.021268233218471065,200.0,1.18394775390625,0.3590919247301662,1.0
SS-T,5184,0.05034504065602772,0.027193778861205442,30,0.3833680748939514,0.004525354615190531,2,0.03769304952780659,0.02001319048448924,50,0.7250889301300049,0.028716995772908607,1,0.025511687530283888,0.010749419595288438,100,1.2183132410049438,0.10769614121056925,1,0.0194932517651615,0.00731218886673108,200,1.8891658425331115,0.44699070926618034,1,0.0836908470866879,0.0614380730442907,30,0.18187046051025385,0.011054459894334874,3,0.06607381016224585,0.032524049491989546,50,0.40149749517440797,0.056847423198649265,2,0.06361440796701023,0.03485695336011161,100.0,0.6256665229797364,0.11652706040729714,2.0,0.06303913898999866,0.03523970288220016,200.0,0.5727070212364197,0.15558002054456826,2.0
SS-V,6840,0.16990323029559168,0.04057507484069649,30,0.3615748405456543,0.001872062222210976,2,0.12366955373202851,0.06579936851033649,50,0.3676739692687988,0.007762516031872109,2,0.06181625546356686,0.06076451019428623,100,1.213598895072937,0.023745447404068986,1,0.0493180516883454,0.06071507906856258,200,2.297900891304016,0.32134396840050533,1,0.15414651771869162,0.07964201260242439,30,0.32612783908843995,0.02990151635797541,2,0.15189011887518042,0.08003945095870524,50,0.7915211319923401,0.05198604762098248,2,0.15118633825404892,0.08031615033454315,100.0,0.6874565482139587,0.08080110091131079,2.0,0.15086636891373945,0.08048173159446907,200.0,2.3974653363227842,0.216762742070495,2.0
SS-W,65536,0.3573822175337153,0.019153737356882458,30,0.34652525186538696,0.029911491369876024,3,0.3390926343127072,0.02021960353704328,50,0.3493678689002991,0.010050592559600382,2,0.3093748248232387,0.021247371985054598,100,1.146306574344635,0.0611573084084152,1,0.2820241643261908,0.015020241397481664,200,1.659033977985382,0.3395822398111666,1,0.3422788903898169,0.03322763512770236,30,0.3285938024520874,0.0299217490213231,2,0.33629195668488715,0.031812914941431555,50,0.1922632217407226,0.024555477682656982,2,0.3269806414186843,0.03719388734752921,100.0,0.39036872386932375,0.060936842707819454,2.0,0.3257207667273182,0.037899370851116984,200.0,0.299708890914917,0.047491974749768295,2.0
SS-X,86058,0.31107732465553195,0.09679149826754121,30,0.21776478290557857,0.0036025411601900187,3,0.21351611120743325,0.04960568642088538,50,0.4830974340438843,0.024732982653892427,1,0.19571019404487827,0.048166257332907,100,1.0423086166381836,0.03400585024062637,1,0.17322318211052448,0.030626935951971874,200,2.0148890733718874,0.3054824097341197,1,0.30240142116526025,0.09655735478510469,30,0.2174358963966369,0.004984541903841737,3,0.2679834581652095,0.08896665799906389,50,0.47829408645629884,0.05676263884025446,2,0.2565214366610399,0.08797263905282521,100.0,1.176229178905487,0.1937657814627883,2.0,0.25503961478431053,0.087599527780702,200.0,1.7398100018501281,0.593915999493499,2.0
coc1000,1000,0.36156272441426485,0.015496205202091336,30,0.8274638295173645,0.023207657367233916,4,0.35065044029597964,0.015747020137552543,50,1.184372854232788,0.03419954744642718,3,0.3419792191715926,0.012687206945563422,100,2.6343485593795775,0.22012459625376332,2,0.3201627729574822,0.015152942102694977,200,5.7558483481407166,0.38653522093562304,1,0.35071916421769145,0.012941794024843238,30,0.7117596745491028,0.014594369181685099,3,0.34069401171626446,0.011274905183520362,50,2.9823330521583555,0.0835814532022131,2,0.32815730586012215,0.013748105635934947,100.0,2.6291917681694033,0.23132074122799592,1.0,0.31606959746019625,0.015137030602370035,200.0,5.165818619728088,0.8719716910360339,1.0
dataset120,5160,0.3092679605729237,0.04124035914376839,30,0.14271435737609858,0.0016839466504477356,3,0.29063996216202104,0.039268497923983896,50,0.2696035385131836,0.005784387842758206,3,0.2598288444087303,0.0339829997508133,100,0.477390193939209,0.006857909734220968,2,0.23262825219049105,0.03504196672291457,200,0.956259024143219,0.052555574691419964,1,0.2844209906289532,0.039891018577083555,30,0.191592526435852,0.0016772109899904286,3,0.2611358547476776,0.03405597788997273,50,0.24805805683135987,0.0028275510771607624,2,0.23462550209186248,0.04254697284860257,100.0,0.5981421709060669,0.019534931366328053,1.0,0.19702611202114884,0.03315504675426941,200.0,1.1049420475959777,0.019454629133270066,1.0
dataset600,5160,0.2946975375523169,0.03447692477277219,30,0.15867300033569331,0.0033551778451902732,3,0.27608231562147006,0.03943379599341283,50,0.28501808643341064,0.010005081353508154,3,0.24633525671095335,0.03339234548334574,100,1.197997784614563,0.024359271046346085,2,0.22835594377028207,0.03540933841264869,200,0.9498623371124267,0.020914250682840127,1,0.2750188042038371,0.034072752690590465,30,0.1394891500473022,0.0018901533508518056,3,0.2459356461649805,0.03980588842658781,50,0.23543510437011714,0.002364721424795848,2,0.20708707449563674,0.037078821128871974,100.0,0.4868077039718628,0.005380635017250223,1.0,0.16868813946416494,0.03897779295420249,200.0,0.9461963057518006,0.009888217926622275,1.0
dconvert,6764,0.01774338748012647,0.00901343421492596,30,0.13878331184387202,0.0018179406221203976,3,0.014722103716164813,0.002468196760803542,50,0.2536114454269409,0.003374318273697475,2,0.01267153461920347,0.001764375027912361,100,0.46048641204833984,0.015806899527129402,1,0.011400341713215785,0.001093873900450338,200,0.932565426826477,0.09281875686383093,1,0.01747476926664463,0.011198576744234521,30,0.1307533502578735,0.007417603271145817,3,0.015200540860228939,0.002802204978905305,50,0.17886068820953366,0.03039180854380434,2,0.01482933428932138,0.0031074926731264134,100.0,0.2627363920211792,0.06613254255713674,2.0,0.014787515184946181,0.0030626619723898387,200.0,0.3411950945854187,0.09313709377865151,2.0
deeparch,4096,0.023882726059417565,0.031862168218532584,30,0.1891835570335388,0.010022934864196103,2,0.014701075853603907,0.027488230540921414,50,0.23791275024414063,0.01455411546458178,2,0.006932650036359079,0.02066901145566428,100,0.4081199526786804,0.04179775096863202,1,0.00686918753255224,0.020689669349408597,200,0.5775828719139099,0.11447591668579712,1,0.027863807588287208,0.045041064553327445,30,0.09263876676559446,0.010996630044777175,2,0.019041883234952962,0.029469888506391324,50,0.11493207216262816,0.017981303434314103,2,0.01862420394376643,0.029679575952424195,100.0,0.09978697299957272,0.014601726037982439,2.0,0.01862420394376643,0.029679575952424195,200.0,0.11030226945877072,0.01598203869404357,2.0
javagc,166975,0.0011708996201889553,0.0010612998644355563,30,0.11889932155609129,0.0007659725234066941,2,0.00070678240889851,0.0003668762180803435,50,0.19731795787811274,0.0011189678346250015,1,0.0004651471971949899,5.541832373843778e-05,100,0.4114691972732544,0.07020789441052777,1,0.00041833562755962,3.853503921040265e-05,200,1.0490449905395507,0.1323475128346516,1,0.0008749200372416999,0.0005495299255380459,30,0.14654576778411862,0.014249997532980693,2,0.000718192361355245,0.0004057151909823574,50,0.2623612642288208,0.024406315734963723,1,0.000684135061589765,0.0004050982230673291,100.0,0.5651256918907166,0.10926695549956236,1.0,0.00067564618554307,0.00039371399792398164,200.0,0.9688746094703674,0.1402444774555475,1.0
pom3a,20000,0.20068507129064406,0.022832426219381547,30,0.6138934016227722,0.012630134822718003,3,0.1832283652062179,0.02147609091354186,50,0.6473968982696533,0.08543967541350539,2,0.1577945447921872,0.013832208482292826,100,1.3591325640678407,0.14046315687573732,1,0.1372303808068158,0.012638612224453971,200,3.6116132974624633,0.15191682750468558,1,0.1716927516377186,0.02391740200079729,30,0.4437871932983398,0.002537925307005068,2,0.16069350023081436,0.020890576757240906,50,0.7883581042289733,0.06135331732188515,1,0.13969763832255735,0.01576164017086675,100.0,1.2422260761260986,0.14186766188109756,1.0,0.12882351936804304,0.01782251826352675,200.0,3.4229961037635803,0.2573321155867059,1.0
pom3b,20000,0.203962508003882,0.025588603542701444,30,0.6451017022132873,0.01212731682007081,3,0.1798527618474614,0.020019256599915703,50,0.9753936886787414,0.009579865659731209,2,0.15894206090684407,0.014628360962459376,100,1.415399444103241,0.023254562830945017,1,0.13895796977202785,0.016517492543728807,200,2.5960015773773195,0.26104892465531243,1,0.181674065862978,0.018379345441815187,30,0.4253139615058899,0.004312810103264738,2,0.16097425295338844,0.017347074359401714,50,0.6517355561256408,0.0846950638666432,1,0.14783121331491678,0.020910087925257767,100.0,1.1211453557014466,0.02442264671023256,1.0,0.13847606290197834,0.020532755622470714,200.0,1.778176200389862,0.32329113998536807,1.0
pom3c,20000,0.335364342093403,0.032656267790420926,30,0.642087209224701,0.014286795209407994,3,0.3156225595953222,0.02657950040491227,50,0.5905839800834656,0.014168923538529502,2,0.2845239005870565,0.02149056150197527,100,1.3363470196723939,0.15628816344380078,1,0.26259003244050794,0.014594679348296764,200,4.087295627593994,0.06628966687475055,1,0.3020037864063046,0.026057232051621918,30,0.4629756689071655,0.024397773546683862,2,0.2830790048471692,0.025073576676107216,50,0.9964879155158997,0.07334674505006199,1,0.2652395248484073,0.024628517535669366,100.0,1.526436412334442,0.13190467896039604,1.0,0.2554734428119256,0.022931918826859736,200.0,2.3434553861618044,0.18010594972146232,1.0
pom3d,500,0.2110183393888167,0.018009602358831117,30,0.4152327537536621,0.007251096524750937,4,0.19944181516104345,0.01376709193428272,50,0.6642150044441223,0.004717883252950412,3,0.18074796541898383,0.011517194467879275,100,1.8973116159439087,0.017240163523106138,2,0.1613054914227229,0.010647335588460146,200,2.3819342255592346,0.22162273707729177,1,0.2006054118543709,0.021721815588591896,30,0.618312394618988,0.007860699979606638,3,0.19030423665379398,0.02421552331604404,50,0.5090574026107788,0.00213513519560602,2,0.16170150605469957,0.02144878191752044,100.0,1.908095932006836,0.004985883789657982,1.0,0.1478840073881241,0.016113860079961934,200.0,4.219353580474854,0.28160404933983535,1.0
redis,4400,0.48231505455839274,0.0210654752166128,30,0.1722480177879333,0.0019127845795363558,3,0.47142715018151093,0.018464074475131154,50,0.3069990396499634,0.0016652573082332445,3,0.4627650859414076,0.018319649228258194,100,0.59901362657547,0.021655303247233856,2,0.4343791353088336,0.017602352918666724,200,1.0046138048171998,0.028746791719057176,1,0.4724382595542999,0.02510778874901423,30,0.184548008441925,0.0017590606911519853,3,0.46007539903429684,0.026684667206893237,50,0.26700979471206665,0.015274804804170272,2,0.4406981349203904,0.025128387533042112,100.0,0.4943146824836731,0.003784396836343153,1.0,0.4221715154003217,0.02397158175214984,200.0,1.2666542053222656,0.01989011057033146,1.0
rs-6d-c3_obj1,3840,0.011715318379352744,0.02293639715997035,30,0.1889033675193786,0.0006906355878645628,2,0.00455427589235999,0.010442495962313397,50,0.31777827739715575,0.00436310304989938,2,0.0012270488158422246,0.0016911028198518618,100,0.43816936016082764,0.0068593716835120035,1,0.0007339289413798903,0.0007009574430415403,200,1.1552605390548707,0.09771430985254223,1,0.008017699128735269,0.016748882617410088,30,0.19399069547653197,0.0014394079923631044,2,0.0063265592793760915,0.013242869418181927,50,0.27070131301879885,0.010746930791952882,2,0.006174052038409754,0.01323500440548977,100.0,0.541822862625122,0.06777801160252958,2.0,0.006098406162053218,0.013266995133525434,200.0,1.2778124451637267,0.22567734476356843,2.0
rs-6d-c3_obj2,3840,0.00035894636271436014,0.0008093847444459925,30,0.1736413717269897,0.0034529021091303717,2,6.511263856490146e-06,3.90194089347415e-06,50,0.17410855293273922,0.0012327619096112474,1,3.7945133957328904e-06,2.8340976188934043e-06,100,0.5960902214050293,0.027187976847069355,1,2.4776432194006936e-06,4.806811104463456e-07,200,1.079635214805603,0.030156760046350428,1,0.0002666896090573353,0.000807092370308159,30,0.1327035069465637,0.0005490119279327617,2,0.00013462534250419735,0.0005867988931514853,50,0.3037330389022827,0.004995145864999764,1,nan,nan,nan,nan,nan,nan,nan,nan,nan,nan,nan,nan
sol-6d-c2-obj1,2866,0.014626386517553328,0.0003983524702019931,30,0.09782172441482541,0.0010914414896283967,2,0.014487855194861204,0.00028907071805621344,50,0.16140729188919062,0.0031570506084840984,2,0.014301154903661078,0.00022714733505683053,100,0.5929755926132202,0.03425044871298079,1,0.01426566229259565,0.0002354640379203347,200,1.2557557582855225,0.08163388575982392,1,0.014683528706560506,0.0007716130714760466,30,0.16441180706024167,0.0036124742882915136,2,0.0145982816014153,0.0006380913282502224,50,0.28810139894485476,0.002320509334502614,2,0.014520460886273415,0.0006418748539884013,100.0,0.34316856861114503,0.007043996660054066,2.0,0.014435508901996259,0.0006654428035046836,200.0,0.956806230545044,0.0265408863676469,1.0
storm,1557,0.00010486047921279356,3.242994396487867e-05,30,0.16096386909484864,0.0025447098612157567,2,9.186744540918506e-05,2.769355104313978e-05,50,0.30223536491394043,0.005492650049146975,1,7.198965294446522e-05,2.2446387369472275e-05,100,0.5654430389404297,0.022339210313618598,1,6.424818861298412e-05,1.824714268392562e-05,200,0.9293626308441162,0.01549214468395658,1,0.00014055440450150609,0.00013597169794943328,30,0.1913966298103332,0.0013964761778937646,2,0.00013668750108547173,0.0001369250623527483,50,0.3187990427017212,0.00835572942668832,2,0.00012530895784568878,0.00013385684269743144,100.0,0.6502413988113404,0.006066646756108881,2.0,0.00012035250932631379,0.00013244906597013382,200.0,1.3219483852386475,0.01413202649392115,2.0
wc+rs-3d-c4-obj1,196,0.013044619561827089,0.021688370857589352,30,0.14732390642166132,0.004286921495295031,1,0.00856369161769995,0.016450845062352774,50,0.270434296131134,0.019861934919354132,1,0.0073436289120417,0.01620739138201704,100,0.36222043037414553,0.08242846591833547,1,0.0036102906881247806,0.0021092570237515504,200,0.38241573572158816,0.1247968558014676,1,0.05168684417549065,0.0730767840770078,30,0.10313080549240108,0.007564786302500497,2,0.022730248006894625,0.032183956433295566,50,0.14813213348388668,0.024086183615547093,1,0.007814438386385139,0.015968819246130667,100.0,0.31879233121871947,0.10848261666282583,1.0,0.007814438386385139,0.015968819246130667,200.0,0.22006380558013916,0.13011442297915815,1.0
wc+sol-3d-c4-obj1,196,0.009806635368583701,0.020399314055641025,30,0.17189401388168335,0.009030963132024788,1,0.0064483079387589945,0.015415674231601678,50,0.15206903219223017,0.010987486487577202,1,0.006082708165555615,0.014152599160750068,100,0.4125593066215515,0.08524131176767837,1,0.0024689146842119354,0.002058070367073311,200,0.3257041335105896,0.1038702508072829,1,0.08872439004401998,0.1137027622838302,30,0.17575867176055904,0.005638475735669748,2,0.06292292625337481,0.10303572165039857,50,0.21227427721023556,0.02901653352275423,2,0.0525967017048475,0.10553777507640606,100.0,0.347398567199707,0.13063133493103715,2.0,0.04608220604331339,0.10651209528524688,200.0,0.4674718379974365,0.28817531862338447,2.0
wc+wc-3d-c4-obj1,196,0.018863151083432277,0.04162900626435521,30,0.19356395006179805,0.00598752392352873,1,0.005480729741384075,0.004670896848676276,50,0.25917495489120485,0.0225419417637269,1,0.004254525453910565,0.0034982195358399166,100,0.342551589012146,0.07639355752920673,1,0.004111591933167285,0.0030965085167105207,200,0.8996177434921264,0.2452103627441386,1,0.07275293505082271,0.08232744618698527,30,0.15357353687286374,0.007970280182141454,2,0.05397000897876921,0.0780915531978173,50,0.5107699394226074,0.09305825840205018,2,0.009114350283438086,0.02406165660683589,100.0,0.274685800075531,0.10065721762763422,1.0,0.0037172212337145045,0.0022061707641210233,200.0,0.3729520201683044,0.16929381630935808,1.0
wc-6d-c1-obj1,2880,0.015519883543153984,0.033037738901859175,30,0.0998319029808044,0.001118568053199623,1,0.00839018790261371,0.027576199546258496,50,0.2822034239768982,0.008513425120109825,1,0.007936927270667575,0.026909932878240495,100,0.5377587795257568,0.04103525726958681,1,0.006600824696243632,0.02591228817183645,200,0.8732889056205749,0.11772094841317882,1,0.1054697445824494,0.06657767163097454,30,0.1403271079063415,0.0011886263323195713,2,0.09510886328267312,0.07289981062585725,50,0.2422736406326294,0.021763953634704344,2,nan,nan,nan,nan,nan,nan,nan,nan,nan,nan,nan,nan
x264,53662,0.21245800089103736,0.026235276006663318,30,0.15784996747970576,0.0063058731314247106,3,0.1969859164871621,0.026030360232456785,50,0.16647143363952632,0.005685401587210583,2,0.1684700433923619,0.01876282070967574,100,0.5177399158477783,0.016575652526493605,1,0.14664629366427054,0.020679688675890318,200,0.7153208255767822,0.012776458026574424,1,0.1887548076600573,0.029213841448116992,30,0.15172959566116329,0.0009745790248553262,2,0.17346573878242075,0.03082067908096772,50,0.22317098379135128,0.00182458787819679,1,0.1544372496122987,0.03024909462617695,100.0,0.47724491357803345,0.003404710419904292,1.0,0.1497589400165789,0.03237105178403624,200.0,1.009277582168579,0.014352426671276954,1.0
