Dataset,Rows,NSGA2-30_mean,NSGA2-30_std,NSGA2-30_budget,NSGA2-30_runtime_mean,NSGA2-30_runtime_std,NSGA2-30_tier,NSGA2-50_mean,NSGA2-50_std,NSGA2-50_budget,NSGA2-50_runtime_mean,NSGA2-50_runtime_std,NSGA2-50_tier,NSGA2-100_mean,NSGA2-100_std,NSGA2-100_budget,NSGA2-100_runtime_mean,NSGA2-100_runtime_std,NSGA2-100_tier,NSGA2-200_mean,NSGA2-200_std,NSGA2-200_budget,NSGA2-200_runtime_mean,NSGA2-200_runtime_std,NSGA2-200_tier,SPEA2-30_mean,SPEA2-30_std,SPEA2-30_budget,SPEA2-30_runtime_mean,SPEA2-30_runtime_std,SPEA2-30_tier,SPEA2-50_mean,SPEA2-50_std,SPEA2-50_budget,SPEA2-50_runtime_mean,SPEA2-50_runtime_std,SPEA2-50_tier,SPEA2-100_mean,SPEA2-100_std,SPEA2-100_budget,SPEA2-100_runtime_mean,SPEA2-100_runtime_std,SPEA2-100_tier,SPEA2-200_mean,SPEA2-200_std,SPEA2-200_budget,SPEA2-200_runtime_mean,SPEA2-200_runtime_std,SPEA2-200_tier
7z,68640,inf,nan,30,8.141994476318359e-06,3.560999807952209e-06,5,inf,nan,50,6.568431854248047e-06,3.8548562626673655e-06,5,inf,nan,100,5.972385406494141e-06,3.2122308159184315e-06,5,inf,nan,200,6.532669067382812e-06,3.144386231224736e-06,5,0.5290769968242153,0.2989251123336733,30,0.3659201145172119,0.005239492795263418,4,0.4248632317284938,0.2644232470024072,50,0.8233722805976867,0.06142693035910097,3,0.21160792090812733,0.2791467830086527,100,1.916490614414215,0.0941710354198205,2,0.16203743563636366,0.2568629731125797,200.0,6.067609763145446,0.2015113950282095,1.0
Apache_AllMeasurements,192,inf,nan,30,4.780292510986328e-06,8.869515203463539e-07,5,inf,nan,50,5.292892456054687e-06,2.8887045346948543e-06,5,inf,nan,100,5.030632019042969e-06,7.614478789649636e-07,5,inf,nan,200,3.6478042602539064e-06,2.0670824954510927e-06,5,0.1871251652140429,0.06090718193664869,30,0.38913353681564333,0.00907819224120202,4,0.14627627031708684,0.029320902174393548,50,0.6074115753173828,0.04086592778844443,3,0.1279002366673216,0.003554415757630386,100,1.4614127159118653,0.06822685169876137,2,0.12581982696128688,0.0024446045509955074,200.0,4.505648303031921,0.09629092753649346,1.0
BDBC,2560,inf,nan,30,5.221366882324218e-06,1.6461880816652866e-06,5,inf,nan,50,5.1140785217285155e-06,2.6418977831069415e-06,5,inf,nan,100,4.6372413635253905e-06,2.8552396362215313e-06,5,inf,nan,200,4.434585571289063e-06,2.7418409385458947e-06,5,0.002255981731855115,0.0011171431824303,30,0.36389353275299074,0.008105054340952588,4,0.0016298143091834898,0.00040882171538899107,50,0.6707472205162048,0.03589034902880012,3,0.0012515210462915648,0.0001941815415370403,100,2.1062338829040526,0.07904461788779149,2,0.001101483592852615,9.932512407520915e-05,200.0,6.70971896648407,0.16498029312120516,1.0
FFM-1000-200-0.50-SAT-1,10000,0.34442651855589895,0.03669258657814968,30,0.6954844117164611,0.14370310989885965,2,0.3294254104222328,0.026233243947529607,50,1.24627343416214,0.16715695275678022,1,0.3057074603252999,0.024689545997240447,100,2.6755979895591735,0.170994027477349,1,0.28615791477027,0.020460544531459134,200,7.441530930995941,0.5595159023776356,1,0.3992519329053726,0.027782641830489712,30,0.6261739134788513,0.054531068704680524,3,0.38582138142436073,0.022599708131010345,50,1.168670392036438,0.12448396878158194,3,0.3678072644802851,0.016679708132228382,100,2.781215989589691,0.3774325444386631,2,0.356646861880915,0.007546923976961065,200.0,7.200844657421112,0.6263624613827427,2.0
FFM-125-25-0.50-SAT-1,10000,0.29259447458625276,0.042442216546394476,30,0.7691832065582276,0.058735735503898934,1,0.268680045067425,0.03198808359945295,50,1.1592081427574157,0.14574700529840134,1,0.2594554020668903,0.024193969368836592,100,3.9428395509719847,0.3252678289817206,1,0.2449000085282793,0.02031682162982904,200,10.570190727710724,1.604817955068752,1,0.41634812533886584,0.03792226066444052,30,0.8309306144714356,0.05382061525752447,3,0.3972182639574424,0.03836765833615364,50,1.2697314023971558,0.13133217138374698,3,0.3573263032076014,0.030744136217953296,100,3.295596992969513,0.26585177316937175,2,0.3210227705665337,0.02559011094778813,200.0,9.638166153430939,0.7088099708916364,1.0
FFM-250-50-0.50-SAT-1,10000,0.399555910956202,0.021609746518316434,30,0.4697692632675171,0.003186810004123827,2,0.3872521942687682,0.018434249832946555,50,0.737042248249054,0.06469620486629023,2,0.378644560102394,0.015666896885637212,100,2.5809151411056517,0.28488192438910426,1,0.37020229269764515,0.014036585281784496,200,6.028120851516723,0.15477729159354048,1,0.41099970943492936,0.03170045385427475,30,0.6762793660163879,0.023076295910661695,3,0.3946241053698766,0.03202245537250197,50,1.0089051485061646,0.09983433859399121,2,0.3695745868785075,0.020387027640408957,100,2.9183309674263,0.5952523114052225,1,0.3496637640265557,0.004839536756840369,200.0,5.76952805519104,0.30044926874859224,1.0
FFM-500-100-0.50-SAT-1,10000,0.38760670733984215,0.03335755607141762,30,0.35695658922195433,0.00694283035687514,4,0.36956385221527394,0.030110713560668866,50,0.5980511903762817,0.0034892086129561383,3,0.35725206965775386,0.027871511418979013,100,1.7637289047241211,0.11764293459426363,3,0.33439087887473173,0.012096203208717906,200,4.409252548217774,0.16620380851648817,2,0.3577672351505857,0.03519619807976149,30,0.5288855075836182,0.04826520175043294,3,0.33308157159605933,0.036038327821400054,50,0.8270600080490113,0.06684810578549392,2,0.29009066823769863,0.024803782751632936,100,2.3144184589385985,0.1082199310717475,1,0.2663714504537677,0.007816826217675788,200.0,6.371483600139618,0.17304617935465183,1.0
FM-500-100-0.25-SAT-1,10000,0.37943010233528285,0.025618973645748014,30,0.5921401977539062,0.06947767215028496,1,0.3684085178838649,0.018100982424279318,50,0.6507107377052307,0.051408409649120225,1,0.358148557591898,0.010627399458106139,100,1.633362340927124,0.09052327972840074,1,0.3527880639443675,0.011195435859666515,200,6.935920798778534,0.18278656316269903,1,0.4330597659224381,0.03371560648671286,30,0.3977601408958435,0.05348659010655483,2,0.4182322123069541,0.02803897760536461,50,0.6254493355751037,0.01749432104061286,2,0.3872145811923117,0.019927175025773413,100,1.8039448618888856,0.11672326117664521,1,0.3452869948498838,0.019586555977781552,200.0,4.65161257982254,0.14472972384701746,1.0
FM-500-100-0.50-SAT-1,10000,0.36978387397522783,0.03358612452405695,30,0.34247187376022337,0.05074956463929958,2,0.355370482568845,0.03341803790819428,50,0.6135926485061646,0.002947261165691251,2,0.33676524480200876,0.02565999339841847,100,1.6822790503501892,0.12773127640508658,1,0.3235222356143674,0.013026476515186415,200,5.39448174238205,0.09020735415933254,1,0.39518810609514776,0.03284352136202374,30,0.35845805406570436,0.02324594944688703,3,0.3788559978088639,0.024183316623646384,50,0.6227089881896972,0.025822323456768166,3,0.3553861971254827,0.03437048385602567,100,1.5119075536727906,0.08301286488336596,2,0.3061177689037317,0.03524022113707375,200.0,6.424516677856445,0.24521128995684388,1.0
FM-500-100-0.75-SAT-1,10000,0.34809465255778743,0.020394572018585806,30,0.3366902589797974,0.010870783590308915,3,0.3409468323131648,0.018689276896710048,50,0.6390412449836731,0.06628903934011338,3,0.32525271847687864,0.020378375998723056,100,1.4364370346069335,0.09525962636965407,2,0.31085146972695843,0.02217670910252104,200,3.801566207408905,0.08970227062230754,1,0.36073508557612444,0.03662680743511507,30,0.3232827067375183,0.02725745033000194,4,0.3431788427013974,0.033454729199185365,50,0.5667073011398316,0.050445924478168876,3,0.30228765498540766,0.029541705685854576,100,3.3962867140769957,0.17167828791531448,1,0.2581873791132677,0.017409345995482363,200.0,4.252852582931519,0.11139244391330497,1.0
FM-500-100-1.00-SAT-1,10000,0.35570440342300946,0.03228423990143144,30,0.4016441941261292,0.00734650176624962,2,0.3430415891365786,0.023026701290633795,50,0.595944857597351,0.067703405336653,2,0.3298092565625273,0.02130774480080656,100,1.8769739389419555,0.16992191814132782,1,0.3205997772838111,0.01632910153875477,200,3.9812150597572327,0.1557569352130158,1,0.3712783273243816,0.028796651016735744,30,0.3575023651123047,0.02364286665104325,3,0.3622180980243441,0.025909399166684974,50,0.6636637091636658,0.07125418513632042,3,0.328820545927011,0.014910903965295033,100,1.3928254008293153,0.08955969979061314,1,0.31113085336883056,0.006660371212804058,200.0,3.8350616812705995,0.08491947010225079,1.0
HSMGP_num,3456,inf,nan,30,4.00543212890625e-06,3.7578054697628606e-07,5,inf,nan,50,3.445148468017578e-06,1.8099657404810145e-07,5,inf,nan,100,3.159046173095703e-06,1.1286015002272552e-06,5,inf,nan,200,4.100799560546875e-06,2.955661677398137e-07,5,0.18032338859005778,0.06897186188257533,30,0.3663637042045593,0.008811182871249866,4,0.15606863690735268,0.07160760555301963,50,0.3918822169303894,0.03288791607144313,3,0.11523302361753807,0.044807602916720285,100,1.6840409755706787,0.17507896912032017,2,0.0666483020681304,0.05526242106826809,200.0,5.157751882076264,0.3041031067789627,1.0
HSQLDB,864,inf,nan,30,4.887580871582031e-06,2.0878200829951205e-06,5,inf,nan,50,3.337860107421875e-06,3.189354200648969e-07,5,inf,nan,100,3.361701965332031e-06,7.252249391787659e-07,5,inf,nan,200,3.0040740966796874e-06,6.397441799640054e-07,5,0.035249551945375476,0.04482334470494042,30,0.2976810336112976,0.02386480777757199,4,0.016297454175713686,0.023702708521761366,50,0.6101024270057678,0.0317049794159196,3,0.004507978423398675,0.0070657424765289256,100,1.6860870242118835,0.06604240504731428,2,0.0019179890535676951,0.0005429052343276242,200.0,6.416360485553741,0.2069370371774839,1.0
Health-ClosedIssues0000,10000,0.2436035472793674,0.08124869683254071,30,0.4111568808555603,0.017896622850373353,2,0.1971589273666558,0.04340968601686768,50,0.7020341038703919,0.033024599375745624,1,0.1762449802718085,0.01737836565604451,100,1.5049140095710754,0.04263887977870421,1,0.16525997917143045,0.01748495069092038,200,2.9389729380607603,0.30358763864035315,1,0.24047491647568683,0.0014520098526639897,30,0.4184200167655945,0.03267389909250329,2,0.239710212471037,0.0015203097579846727,50,0.6559542536735534,0.017888111984285655,2,0.23888088893580547,0.0012886626812039217,100,1.677912664413452,0.06288145648655802,2,0.2369826221100229,0.0021572186604180876,200.0,2.5681016087532043,0.3089224526595761,2.0
Health-ClosedIssues0001,10000,0.4534503448138981,0.021031773269409207,30,0.5042796850204467,0.001995079614613707,3,0.4443007046898203,0.026285755972866955,50,0.9312045097351074,0.03509764228406714,3,0.43980374627476343,0.024623764109980874,100,1.2952330827713012,0.23735182141399777,3,0.42221692934720256,0.02479846328675889,200,5.056904065608978,0.06944379009162537,2,0.3577461066099232,0.04867172107272433,30,0.6290491104125977,0.054437519362582044,1,0.33741685648885605,0.04834538117478056,50,2.2443997144699095,0.037095745497725374,1,0.3007095834489842,0.04175391760052057,100,1.453367030620575,0.035795632812065034,1,0.25876019219961616,0.03611724935191609,200.0,2.9731041550636292,0.3173004212533265,1.0
Health-ClosedIssues0002,10000,0.1788156469320195,0.007005811315925642,30,0.5257809042930603,0.007145431572648381,1,0.17424291459639574,0.020737231829568176,50,0.8903644561767579,0.08255721796555562,1,0.16920274124214613,0.028554942598215186,100,1.7104488849639892,0.18717054267532485,1,0.14771890651538433,0.04570387814947718,200,3.775747263431549,0.23952680199503998,1,0.36574890971741586,0.00022880711888540676,30,0.49791414737701417,0.03255188432461184,4,0.36555227608029633,0.00040391664391596795,50,0.8733197689056397,0.006031759006197159,3,0.36540361742311855,0.0004273902670714896,100,1.372188103199005,0.23373750655874623,3,0.36507544372629647,0.000538968067801077,200.0,2.521312582492828,0.37429524823778354,2.0
Health-ClosedIssues0003,10000,0.21397280771566315,0.040386414560268445,30,0.5202122926712036,0.004735469087465573,1,0.19247584490314723,0.036260887501976966,50,0.8616321444511413,0.11131883254920291,1,0.17094856255900365,0.02797369303225981,100,1.9047646164894103,0.24552073302452898,1,0.15385063390375242,0.005470043204040262,200,3.847444224357605,0.23834443545763082,1,0.4850949626558555,0.10856779671275678,30,0.5313317775726318,0.03076658461956146,3,0.46097462546590984,0.11502557693010897,50,0.7938970923423767,0.1063272952322243,3,0.4013290065629194,0.11860238034940482,100,1.6375934720039367,0.16660628341814848,2,0.354482275225854,0.10151635905811615,200.0,3.788138484954834,0.26925617650246914,2.0
Health-ClosedIssues0004,10000,0.292052620866614,0.011274834418332188,30,0.6185630083084106,0.004352018293001084,1,0.2870530059384997,0.008469782539811831,50,0.8556672096252441,0.10601630761928388,1,0.2804625666687478,0.007928082518774532,100,1.8399478316307067,0.23499876337474035,1,0.2781040386510164,0.007609851530381799,200,3.827814149856567,0.2624242139338894,1,0.5876087249201083,0.0310685246402698,30,0.5352146744728088,0.02949538129101995,3,0.5790654968486995,0.028350218361302817,50,0.8081219911575317,0.10956028414054884,3,0.5616053358429385,0.021034501422845762,100,1.6539684176445006,0.17787792130581329,2,0.5445682257047265,0.015043023958145945,200.0,4.118770742416382,0.3775279098391766,2.0
Health-ClosedIssues0005,10000,0.24040169914290127,0.004658361305913099,30,0.5699543237686158,0.010619286165967511,1,0.23808492129231767,0.0048390089749992034,50,0.9864761829376221,0.03430890233773411,1,0.2374768892684561,0.004801781863245757,100,1.6979477763175965,0.17720339410094677,1,0.23347282164787458,0.00454413167665079,200,4.1591023206710815,0.33219403001915476,1,0.4282606309612974,0.0027527635920085634,30,0.6273374438285828,0.043480654785628084,3,0.4276541905913792,0.002735583626426669,50,1.2225724577903747,0.010301697960512087,3,0.4221221602324164,0.010910733430147401,100,1.6662638545036317,0.1732602456722099,2,0.4187227909211398,0.011600714978161043,200.0,3.86499764919281,0.258171370918078,2.0
Health-ClosedIssues0006,10000,0.12342376603815867,0.008522299168281337,30,0.5564061164855957,0.013905898011385443,1,0.11802956448020305,0.0074000705597693965,50,0.8004163384437561,0.03738103702201573,1,0.11109920642574841,0.008129921259893563,100,1.8154330134391785,0.20342413267119483,1,0.10524387544302356,0.008816516663489198,200,6.154932594299316,0.11567831696315055,1,0.5688747509308671,0.03279253123563739,30,0.5692942380905152,0.03586955581218813,3,0.5582717207844997,0.023831084000520357,50,1.025911271572113,0.059117384083589394,3,0.5287743799938583,0.03730174671519318,100,1.6506444811820984,0.17077282816270933,2,0.4980529977310299,0.04420689793216065,200.0,3.784537208080292,0.254820323072144,2.0
Health-ClosedIssues0007,10000,0.5432524381178477,0.06895079653698193,30,0.620739758014679,0.03350877886076776,2,0.5205438405100643,0.06334087359865206,50,1.048375380039215,0.07350640709069638,2,0.48688080039753795,0.06060144761518054,100,3.1255405068397524,0.1127385444442417,1,0.45551646640137705,0.07123122577400072,200,5.128142249584198,0.4601871238005273,1,0.5196340067032178,0.05158951867504346,30,0.5708284258842469,0.037574817870685936,2,0.5059868029052188,0.0463882423468707,50,0.8827678322792053,0.11383549542912084,2,0.4780071086953542,0.039119014705123904,100,1.8114818692207337,0.2420681714626349,1,0.44544159932130223,0.01667490792925468,200.0,5.110261523723603,0.32755448576740287,1.0
Health-ClosedIssues0008,10000,0.30446965780703106,0.04646613774076014,30,0.6984092712402343,0.013269986900179985,2,0.28941259865993413,0.04003387445645791,50,1.1464046716690064,0.04750934664068639,1,0.2580297076677327,0.0150904977359868,100,2.3228377223014833,0.1454405839649292,1,0.2507176972712499,0.01020868660190119,200,6.552331531047821,0.11183270651496476,1,0.34454118252004556,0.011373581925684318,30,0.5559445738792419,0.035101524959706996,4,0.3394945162464962,0.009067644057475012,50,1.2072187423706056,0.04024954338107375,4,0.3328312367801059,0.004461753282914461,100,1.9833566188812255,0.044095980245149456,3,0.3232542556995409,0.010987738672953365,200.0,4.101150691509247,0.33015079337912095,2.0
Health-ClosedIssues0009,10000,0.3550860212074426,0.06305129452431595,30,0.6669129967689514,0.003806395405860938,1,0.3175570330270153,0.06320574925924333,50,1.1292635560035706,0.062287526014763346,1,0.27429498680933195,0.024564860860867763,100,2.5778225898742675,0.14598177426153008,1,0.264062573127354,0.015093308186114877,200,5.6974460005760195,0.2831682103062671,1,0.4778519148820857,0.0937671217103939,30,0.6045840978622437,0.043938240070952164,3,0.438831398299062,0.07324394510447067,50,1.215341901779175,0.014412624914574752,3,0.4163892957041412,0.04784968075677726,100,2.8907687425613404,0.0930099893571237,2,0.3833099238105831,0.03355491946726685,200.0,6.5762410998344425,0.14823255699698135,2.0
Health-ClosedIssues0010,10000,0.4865438420362532,0.006426380020759076,30,0.47500325441360475,0.0023673353650825266,3,0.4851347578195499,0.006368800136768565,50,1.2330018997192382,0.04117771367349637,3,0.4813195469883489,0.005197299640310448,100,2.184535837173462,0.19286070322055715,2,0.47712963113658724,0.007886054033525804,200,6.6225444912910465,0.0988630444797725,2,0.4446346755757255,0.029835754576523862,30,0.5621203541755676,0.0460867044311678,1,0.4391114950300688,0.027095665328385036,50,1.1286763429641724,0.009954602660015232,1,0.4188801636614533,0.022631506540103923,100,2.8814393639564515,0.0937818565126035,1,0.40276935754426396,0.012325118340209858,200.0,6.423616337776184,0.08870927064770398,1.0
Health-ClosedIssues0011,10000,0.0546849844588147,0.04890080152874415,30,0.6454548001289367,0.008650863896359384,1,0.039720246906527326,0.049904450010927255,50,1.1927508950233459,0.04130260286790515,1,0.011266215385732956,0.00907658459076706,100,3.048811340332031,0.07719392124081477,1,0.006943363234514775,0.006898923424070436,200,6.6486353278160095,0.11029180464787897,1,0.16324547118966679,0.026783718238958906,30,0.5870454430580139,0.03969050368863426,3,0.1623397178870258,0.02651378269833864,50,1.4368281841278077,0.01484266876491254,3,0.155037694370802,0.03243262282806059,100,1.7982817888259888,0.04250940455274528,3,0.1380141680323578,0.040362359595853894,200.0,6.793351840972901,0.09127485579205295,2.0
Health-ClosedPRs0000,10000,0.0,0.0,30,0.46215890645980834,0.004824202065276482,1,0.0,0.0,50,0.8447694659233094,0.03848219351389702,1,0.0,0.0,100,2.0734655022621156,0.059795693791413015,1,0.0,0.0,200,3.683669900894165,0.07119993406332038,1,0.0,0.0,30,0.4677610397338867,0.009712533039517421,1,0.0,0.0,50,0.8122807383537293,0.010005006767919506,1,0.0,0.0,100,2.023205578327179,0.0710376227007621,1,0.0,0.0,200.0,5.066832053661346,0.15664601906698827,1.0
Health-ClosedPRs0002,10000,0.021121308675497823,1.3059866396360008e-05,30,0.616646146774292,0.004952737918321414,1,0.021115254095207456,2.9436299366661747e-05,50,1.022990608215332,0.045517048978962055,1,0.021112333820303468,3.133494686674677e-05,100,1.9531679153442383,0.0585681906833034,1,0.020850581890689796,0.0006094299964176041,200,5.888925695419312,0.24360848497937831,1,0.551618925807876,0.00010547081133442772,30,0.5984723329544067,0.05203920631120033,3,0.5516025802413138,0.00010038539005945228,50,1.1512587070465088,0.022083230712236494,3,0.5515172676742182,0.0001263976306386548,100,2.5089233756065368,0.08905561490289429,2,0.5514380156674724,0.00011504033008602343,200.0,6.176023817062378,0.1646836441289273,2.0
Health-ClosedPRs0003,10000,0.08309179389350554,7.25444128273518e-06,30,0.5614565014839172,0.007056545854947355,1,0.08309179389350554,7.25444128273518e-06,50,0.9863279461860657,0.07212921830581952,1,0.08309179389350554,7.25444128273518e-06,100,2.6366385221481323,0.13578735869337624,1,0.083081948813231,3.142680310118769e-05,200,5.7904973983764645,0.32929762267812485,1,0.42149013315288225,0.020327000668255223,30,0.5032273173332215,0.03302493431132005,3,0.4138077876314906,0.02786085065858322,50,1.0212213397026062,0.05965069182029719,3,0.4060180512362758,0.029473765323150092,100,2.2643900752067565,0.12650945217472925,3,0.380109225181521,0.0653360752306332,200.0,5.388692140579224,0.32694190650880584,2.0
Health-ClosedPRs0004,10000,0.4155424762039079,0.10761285133012603,30,0.4722526431083679,0.0038872991246242444,3,0.3554308863101666,0.06533487151839291,50,0.9819209337234497,0.03412566407370391,2,0.33611120885282525,0.04162916165656231,100,2.7792784214019775,0.09911536364781058,2,0.3183911096567654,0.032902090830117255,200,5.180842101573944,0.23861678447396284,2,0.1178105694846735,0.0019672101999493163,30,0.5433617830276489,0.037823190467801235,1,0.11744694645884753,0.0018371799617209472,50,0.878281044960022,0.00711721107782115,1,0.11590927933324509,0.002233271316731229,100,2.199527955055237,0.16225497408642559,1,0.11424508919084184,0.0022220503527792283,200.0,5.746536588668823,0.33178448943335576,1.0
Health-ClosedPRs0005,10000,0.002297823370419472,0.0028698827932502153,30,0.4861578464508057,0.006248648313441166,1,0.0006820740688842569,0.0008614834628515406,50,0.8276688575744628,0.031218529373787593,1,0.0002073370959672844,0.0004848815383960307,100,2.1678108096122743,0.17022416382537692,1,4.527621103070348e-06,1.3961610562883052e-05,200,4.934553551673889,0.31717639504341394,1,0.4804632851638663,0.025366037282239483,30,0.6802088856697083,0.04417308671243267,3,0.4801405132326904,0.025282597263579953,50,1.0518090724945068,0.014153538710456487,3,0.4699176686696401,0.04311383970619782,100,2.0784619569778444,0.04867397565303201,3,0.4510204203411529,0.05928559134994277,200.0,5.609714412689209,0.32248450158874986,2.0
Health-ClosedPRs0006,10000,0.37100729034632846,0.12058042679623816,30,0.5552054405212402,0.008063728541694876,2,0.2798952097863339,0.10605884540343133,50,0.966616153717041,0.037637307654773015,1,0.22478321386588712,0.08542340304471044,100,2.766181492805481,0.07366077943493829,1,0.18920315499374132,0.07765140192503076,200,5.347454035282135,0.4394925782532707,1,0.5078503600614279,0.043545652710954695,30,0.5276223421096802,0.034901070205171816,4,0.49224411549963365,0.048334048548220904,50,1.1707672715187072,0.01422642866418487,4,0.46674276641061957,0.0330360797241705,100,1.9880208492279052,0.06885331439101953,3,0.44875461804285033,0.022914832468564197,200.0,5.819071519374847,0.26908548780978564,3.0
Health-ClosedPRs0007,10000,0.12517115086015979,0.06986684822940038,30,0.6561476707458496,0.003462272977477455,1,0.09205785052676382,0.03905860177154526,50,0.9007498621940613,0.04866126465965866,1,0.06467082196091065,0.025948984789225363,100,2.097175407409668,0.09149003485985308,1,0.050784979824020804,0.0163811988942312,200,5.122134578227997,0.44992501710175414,1,0.5591028266796878,0.1186109967314939,30,0.6351800084114074,0.04303908171410077,3,0.5264602426098535,0.134387340094304,50,0.9264420390129089,0.01258334612816238,3,0.47189338701845907,0.1687854164687941,100,2.194173741340637,0.11331244541330918,3,0.34646505825517665,0.14970283714130952,200.0,4.886265909671783,0.1015526289593686,2.0
Health-ClosedPRs0008,10000,0.6656898869329861,0.08978477018113905,30,0.7198309779167176,0.008543045070173528,3,0.6193870780140072,0.056388162127454275,50,1.4348556280136109,0.043646939021845355,2,0.6013804982015969,0.031337707838986886,100,2.107730448246002,0.09636811992560465,2,0.5775668025630234,0.0163463532178252,200,6.660654413700104,0.1491592321545887,2,0.18253508688158365,0.00028514743010002577,30,0.5275827169418335,0.03974346859720507,1,0.1822551718884987,0.0004021162680395523,50,0.9934776663780213,0.014781991875638782,1,0.181939479998089,0.0004142834313258787,100,2.019154405593872,0.05355254810555231,1,0.18161254220529027,0.0004185736152067485,200.0,5.839533364772796,0.40949649810177163,1.0
Health-ClosedPRs0009,10000,0.5636417330908162,0.11994995874913522,30,0.6410507082939148,0.004290091564463848,3,0.5414945790497884,0.11634740515108814,50,0.9712330222129821,0.03965857169535011,3,0.4992604553848087,0.11575221622996715,100,2.356380808353424,0.18267018037769864,3,0.4169716976940002,0.08408622761272408,200,5.635240161418915,0.4647415236179777,2,0.29683987278404994,0.0053300877125620535,30,0.6814938426017761,0.03987961220212283,1,0.29553632943662445,0.006438692358716034,50,0.9034361720085144,0.007303854442241775,1,0.2914966527267665,0.008243076872076715,100,1.667624831199646,0.04801190983558194,1,0.27831679272696064,0.01730992680308681,200.0,5.286033570766449,0.35266374121455113,1.0
Health-ClosedPRs0010,10000,0.4727297011511363,0.061374856842373635,30,0.5163657069206238,0.007847635743571642,2,0.4549404365281002,0.061613758722262525,50,0.9445401906967164,0.041554785755955545,2,0.41895579051129184,0.04905009657334587,100,2.059606683254242,0.0623636565121121,1,0.3681171651992586,0.05870641036444237,200,5.098499059677124,0.30537802501145134,1,0.4305991690924767,0.015584285084742843,30,0.5009183883666992,0.03490831390519696,1,0.41954548051813123,0.026725118891064666,50,1.1532632112503052,0.020660269916503382,1,0.40900606556961366,0.025869011538295468,100,2.031173014640808,0.07628180284213652,1,0.3957125832859477,0.022776632507985065,200.0,5.037536263465881,0.25887899358562527,1.0
Health-ClosedPRs0011,10000,0.0,0.0,30,0.48637934923172,0.006237670050031079,1,0.0,0.0,50,0.9160919308662414,0.06674256266328603,1,0.0,0.0,100,1.924985945224762,0.06186623869423135,1,0.0,0.0,200,4.793130254745483,0.20863467389451776,1,0.561283029411525,0.0009287456785407966,30,0.5987987160682678,0.04034695565495552,3,0.5610768494796154,0.0011710208270071555,50,0.8898227453231812,0.012212635632513555,3,0.560585127184884,0.002175618849434517,100,2.1196940183639525,0.07520079199326145,3,0.559623298134609,0.005224689982714354,200.0,5.16629159450531,0.2772275396906077,2.0
Health-Commits0000,10000,0.2486454239688778,0.056883729896415026,30,0.4917084813117981,0.011167565679719249,3,0.2265318271623741,0.052055389450509755,50,0.8556015133857727,0.03497156609114653,3,0.22013590846263598,0.04949241478673432,100,1.9777395129203796,0.057683917119413536,3,0.17358281017790853,0.05493486160612948,200,4.866802644729614,0.3195618400275495,2,0.07067847610363312,0.0032326354937920227,30,0.49902341365814207,0.03706978521156802,1,0.06923316174185089,0.003105587100210978,50,1.0170420289039612,0.05067811904061772,1,0.06626834261102356,0.003550962530308761,100,1.9655399441719055,0.05757425237344638,1,0.06136498749018728,0.005009378782484462,200.0,2.5668347597122194,0.4080035145625416,1.0
Health-Commits0001,10000,0.16496217525873466,1.4663096647481208e-05,30,0.5553410530090332,0.0077360830567129914,1,0.16495727028645774,2.2592333665331856e-07,50,0.9680388689041137,0.030409066843518462,1,0.16495721976846375,1.1637151047855192e-16,100,2.372627067565918,0.30608891813084965,1,0.16495721976846373,1.1878539877015347e-16,200,4.038418543338776,0.2593549885384614,1,0.21529653762973666,0.0035879218808902865,30,0.5052082419395447,0.03730032176444512,4,0.212802298061673,0.003209024223836554,50,1.1751093506813048,0.12632091511625548,3,0.21066702315261515,0.003655532375585019,100,1.8707061052322387,0.0491609084178302,3,0.20625895566954208,0.004308547899465861,200.0,4.6149519920349125,0.37028468559960187,2.0
Health-Commits0002,10000,0.4790269947021226,0.07293861639831681,30,0.5284394145011901,0.0030569014872408808,3,0.4789936933670007,0.07292754218940657,50,0.6660313248634339,0.03270060083954139,3,0.47624543609190184,0.07296429469056519,100,2.249221694469452,0.05862145297364149,3,0.4349413555561978,0.10731008179534761,200,3.865454924106598,0.2820421205995952,2,0.1274621988365549,0.008071177870376617,30,0.56952805519104,0.041673287038985526,1,0.12088777987365032,0.020398273973580065,50,0.9761886835098267,0.02785535089650108,1,0.11906338889827324,0.020120382705360162,100,1.8302000164985657,0.23927955526939726,1,0.11512816400203925,0.019678978362714983,200.0,4.165706849098205,0.38905047526994657,1.0
Health-Commits0003,10000,0.37248242160830036,0.03908197118598126,30,0.3856216549873352,0.0026683294205274463,3,0.3561103501171463,0.033903996035042246,50,0.658072316646576,0.029307092730214153,2,0.3348919191012051,0.022754543303383952,100,1.6365634441375732,0.06093593858589927,2,0.32007105231859523,0.02423400393013851,200,3.8464947938919067,0.26357742634764925,1,0.37797373529319545,0.058761068959768535,30,0.534730339050293,0.02904224596272896,3,0.35139189469184967,0.057638172068731126,50,0.6902089357376099,0.01393802288657007,2,0.30798172527230466,0.035412623123155074,100,1.6865968346595763,0.18449529245071294,1,0.2801284185080687,0.02197061404235528,200.0,5.11625429391861,0.28269750545704453,1.0
Health-Commits0004,10000,0.22543534421884764,0.0022099899363566392,30,0.4356468081474304,0.017007497620104905,1,0.22497941318730516,0.002854064787828134,50,0.6653167247772217,0.033713951645458075,1,0.22301427287780534,0.005447528133370631,100,1.4979013442993163,0.04434906347617761,1,0.22249450689546085,0.005268113994278602,200,2.5429794073104857,0.3027336675437676,1,0.4567485054877481,0.07873769278614373,30,0.41011111736297606,0.03304847689726835,3,0.42975618757217565,0.06389874359241018,50,0.6578300476074219,0.020637897779434124,3,0.4031431542077386,0.053383475400008554,100,1.5767496943473815,0.04747649879982177,2,0.3829674524266643,0.04148032364894953,200.0,2.5666035771369935,0.3299443962647408,2.0
Health-Commits0005,10000,0.208725716327814,0.021555341212820357,30,0.3700156569480896,0.0019280661971561972,1,0.19470476755925584,0.018186086612380768,50,0.6426334261894227,0.02495095381444366,1,0.18718379103278432,0.012987188447460933,100,1.7139230847358704,0.2073520082578716,1,0.1796891837916513,0.012737177428199105,200,2.9368244886398314,0.28976458595054766,1,0.4991264259304412,0.013369352085770956,30,0.37657374143600464,0.027965233882690576,3,0.494751079055438,0.007634522441489905,50,0.6637162208557129,0.02306354422906873,3,0.48648728645974704,0.006948201010472298,100,1.6972504019737245,0.20563662063647922,2,0.4813072321040407,0.006938313102861812,200.0,3.561539041996002,0.33491996824184916,2.0
Health-Commits0006,10000,0.30017920992280356,0.01281400559968776,30,0.5383723855018616,0.0065803486842913594,1,0.29820028017358907,0.0126862337315933,50,0.6562366127967835,0.025006814858741233,1,0.2884808234613599,0.015017235192599045,100,1.5279850363731384,0.05327230045832838,1,0.27674596584873057,0.015269706594491627,200,2.5649174571037294,0.2990164491920413,1,0.44640484596133634,0.04340479697478419,30,0.3823917269706726,0.03244918008991696,3,0.4445470944710184,0.04274775083847229,50,0.6651100397109986,0.02211698645673837,3,0.4262117613618627,0.05933717410068363,100,1.4707842111587524,0.048536508877962854,3,0.3917596919171903,0.06985987691933564,200.0,2.906553494930267,0.2997761720125817,2.0
Health-Commits0007,10000,0.23115860683853873,0.026616379308362494,30,0.6691062211990356,0.01733532258709313,1,0.22081030612760064,0.026567017461846303,50,0.6910172462463379,0.03886069516728558,1,0.2027531979157715,0.01514059125649795,100,1.6379388213157653,0.05989802181674057,1,0.19756694711008183,0.013482266789721635,200,5.516684556007386,0.43411704995909617,1,0.4339195431304178,0.09629175272806098,30,0.3765708327293396,0.03200333848417447,3,0.4115902625116189,0.08256021353269993,50,0.7047147274017334,0.008816250393747664,3,0.3787989896746089,0.05162265509164061,100,2.6018752694129943,0.051705196055794614,2,0.354964944156128,0.03505476045236043,200.0,3.8070785880088804,0.31670456358576865,2.0
Health-Commits0008,10000,0.3899038416412234,0.02532761378934381,30,0.682447612285614,0.016782800643660032,1,0.37957343450016073,0.025025347740704394,50,0.6527822375297546,0.02426134452626358,1,0.36129719729974485,0.018999974810176064,100,1.5039117813110352,0.042223972036635984,1,0.3474980631568897,0.021973855150398416,200,3.1635182380676268,0.2895332231886718,1,0.534776108515547,0.05412160276275847,30,0.530604076385498,0.03863969451354136,3,0.5206125950109437,0.05015713283935039,50,0.7468769311904907,0.02337141868402975,3,0.4957479393747982,0.03296185392698219,100,1.4859448671340942,0.05262752854590718,2,0.4740387379032643,0.038762418991102804,200.0,2.7410596370697022,0.33971507491473557,2.0
Health-Commits0009,10000,0.13994713774822973,0.005118362680112246,30,0.407909619808197,0.005462593069560298,1,0.13840227026187882,0.005259649931268638,50,0.6517923712730408,0.025550153796998203,1,0.1355009552726139,0.005317917043591762,100,2.2751054644584654,0.12019923331870526,1,0.13195084481956193,0.006016764782376736,200,4.203132319450378,0.33326658086984323,1,0.5466492173850999,0.037517898564983276,30,0.38283601999282835,0.03394473969660747,3,0.52987102654101,0.038565455665316634,50,0.7414909720420837,0.01862222119400644,3,0.5066889924266171,0.029251701480723417,100,2.2190146684646606,0.13556145595148367,2,0.4860564926938843,0.008456614529458548,200.0,5.824881708621978,0.35944169996352127,2.0
Health-Commits0010,10000,0.3029837329382225,0.016479194815365958,30,0.42367494106292725,0.016280614747655298,1,0.298294455158775,0.013291033916631964,50,1.1931712746620178,0.05938148814195984,1,0.2900942009487451,0.008024497064601776,100,1.4934849381446837,0.042528502480925254,1,0.286117744487492,0.007967679994317961,200,3.0022534132003784,0.2890700392422705,1,0.4436596932464747,0.022116633095013497,30,0.5792801260948182,0.04443338428666139,3,0.4376265478320295,0.015313618768140904,50,0.6572245359420776,0.019783510101044254,3,0.4267110976728656,0.01247161249346991,100,1.4522170901298523,0.03781450382725906,2,0.4166958208617757,0.01211147458824338,200.0,6.34710910320282,0.1652625370050354,2.0
Health-Commits0011,10000,0.042710024895647625,0.05156914900816923,30,0.406006908416748,0.004706333328520117,1,0.025238950955645538,0.019714355059324517,50,1.080964159965515,0.08096385325145095,1,0.012186903572664543,0.012322101531001805,100,2.664109539985657,0.06643451706393474,1,0.00800720449174967,0.006398518716900408,200,2.8723323702812196,0.28841070135041685,1,0.5660110611086707,0.012771104038082206,30,0.5463843822479248,0.037234879350165166,4,0.564691459877939,0.0137258700719278,50,0.7267006635665894,0.027146926906008582,4,0.5560943642006528,0.018879035518292113,100,1.99859060049057,0.1853862708686116,3,0.5380183179916834,0.01801543308554794,200.0,2.740922689437866,0.3104466171158462,2.0
LLVM,1024,inf,nan,30,3.337860107421875e-06,3.544769008994237e-07,5,inf,nan,50,5.9247016906738285e-06,8.12300697167302e-07,5,inf,nan,100,3.564357757568359e-06,1.8181705042830076e-06,5,inf,nan,200,3.516674041748047e-06,6.557936718704472e-07,5,0.10207183849633414,0.020280747694533637,30,0.2011632919311523,0.022221855398739797,4,0.08821203872457518,0.011461523136512462,50,0.4914110779762268,0.035143456058888654,3,0.07845468055183134,0.006047932578016602,100,1.0886648774147034,0.1488682746342948,2,0.07451090248701536,0.0055312502942788735,200.0,3.231625771522522,0.34723185500575027,1.0
PostgreSQL,19008,inf,nan,30,6.99758529663086e-06,3.0061199755447456e-06,5,inf,nan,50,5.567073822021485e-06,1.996664294622273e-06,5,inf,nan,100,5.125999450683594e-06,1.9096999983646505e-06,5,inf,nan,200,5.602836608886719e-06,2.738674776372552e-06,5,0.7064046014804198,0.004492862856965275,30,0.26314531564712523,0.032993181787807614,4,0.7031542149913428,0.003991830455441155,50,0.6743841886520385,0.050643226632041426,3,0.7000832510403056,0.0039440574853912835,100,1.6841493606567384,0.08434203635108821,2,0.699119420798638,0.003455651770135094,200.0,4.547932755947113,0.05445817968629958,1.0
SQL_AllMeasurements,4653,inf,nan,30,4.0888786315917965e-06,9.607846817631138e-07,5,inf,nan,50,5.197525024414063e-06,1.7376084337891345e-06,5,inf,nan,100,5.221366882324218e-06,2.6738933017483486e-06,5,inf,nan,200,4.994869232177734e-06,2.955130217842893e-06,5,0.3456242226676882,0.03587821364618983,30,0.564399266242981,0.0418873076670644,4,0.3155741692254331,0.024647694533649622,50,1.1731654167175294,0.06778129437170052,3,0.2754718567160238,0.03551895050384176,100,4.013351333141327,0.07589850154469373,2,0.2333691066965649,0.02629755707318433,200.0,10.412706065177918,0.3931213705735724,1.0
SS-A,1343,0.2683921275797687,0.2441535302681266,30,0.3790465235710144,0.007436568609742124,2,0.15305953089869506,0.17416329487911678,50,0.9632568955421448,0.03960192672559131,1,0.0780069767353714,0.05143276416788394,100,1.040799582004547,0.03726993799573243,1,0.06099008473028287,0.02729291669888399,200,2.0611549019813538,0.2935253871616769,1,0.1342592755064584,0.010402333545510069,30,0.2571387529373169,0.017241924835783434,1,0.13395006518875638,0.010397375834511557,50,0.8827475905418396,0.004660663811721027,1,0.1266739348886414,0.0031729783372318296,100,1.0848524212837218,0.0501800825433191,1,0.12604362242255013,0.0027664038379904407,200.0,8.063601791858673,0.1660858757906211,1.0
SS-B,206,0.22822631121460235,0.0808815226959276,30,0.36896164417266847,0.004294692524869595,3,0.19478744345962512,0.05727945015702542,50,0.7268393754959106,0.04522933557831565,3,0.1605072836462455,0.025632829659870238,100,1.1999996662139893,0.1459030890423638,2,0.15691464384834614,0.023994519986039464,200,2.6206478118896483,0.20312990751153698,2,0.07897997670720797,0.015437420710048298,30,0.338641083240509,0.012252765330729524,1,0.07392740721686127,0.005431338140289958,50,0.6450972318649292,0.014811550676546303,1,0.07186490103318612,0.0037917530062734953,100,1.979682743549347,0.04824662162120394,1,0.07069436273996844,0.001752956533618406,200.0,4.276250207424164,0.15772487561938375,1.0
SS-C,1512,0.4882238932496814,0.11859611966098518,30,0.33527623414993285,0.005008523687230741,3,0.44893023918265335,0.13070592776601173,50,0.6267029047012329,0.008620112290416907,3,0.40584440628569096,0.13887321573776965,100,1.8545941472053529,0.053851913335895556,3,0.32574024196203133,0.10441577485595435,200,2.096332061290741,0.3452813432766748,2,0.11502377674884119,0.016867072234455275,30,0.38764033317565916,0.0104661692561704,1,0.11091530107848699,0.016135135709836518,50,0.7873246192932128,0.009817947806467187,1,0.1044797070746609,0.005865671930125055,100,1.1606614351272584,0.1427451642943942,1,0.10213945449009451,0.00565774466318018,200.0,3.498544704914093,0.2088638752994262,1.0
SS-D,196,0.44287036407575187,0.020307235543293323,30,0.37500089406967163,0.009292325780377064,2,0.4390759362914653,0.023388462824953327,50,0.8280874252319336,0.005285891505321408,2,0.4259616245978929,0.02696023392095814,100,1.4756062746047973,0.04823027984638833,2,0.4053510723565875,0.019833969193844656,200,3.734482932090759,0.2687705819145167,1,0.4482140992885849,0.05058808885149846,30,0.3738629102706909,0.012584425485496145,2,0.4382617605159572,0.04668152943900887,50,0.6326417565345764,0.011723683263397943,2,0.4081610319120941,0.01347495501092616,100,1.3918283462524415,0.04672697319022737,1,0.4057164483288219,0.007639334849611068,200.0,3.522453474998474,0.21121309566458876,1.0
SS-E,756,0.17108287205026756,0.026685110558556102,30,0.3771378517150879,0.0034367560719826638,1,0.16193339197536694,0.014565586952014627,50,0.8284128069877624,0.00289890679017772,1,0.15459488995477838,0.004903378524374735,100,1.4551815867424012,0.055838808464757354,1,0.15223225729341827,0.002151090967461036,200,2.712786889076233,0.2382779574400436,1,0.5432523281750139,0.14056673188934626,30,0.29134607315063477,0.022424955511966792,3,0.47001580641209123,0.10016478157488706,50,0.6174376487731934,0.012279423592839926,3,0.3928816538743008,0.032089194262207466,100,1.5496447443962098,0.12562675848909427,2,0.37192384133917544,0.011909365630047783,200.0,3.3721601486206056,0.12621202794364997,2.0
SS-F,196,0.44376178650774734,0.021110606581908734,30,0.40946767330169676,0.007053150321245616,3,0.4382271513372128,0.02193594653094581,50,0.5840568900108337,0.0035025183638335714,3,0.42521714880729755,0.023778690853787803,100,1.421950387954712,0.04830769505827749,2,0.4083144241681283,0.02054560861330747,200,4.913775408267975,0.09277163069591672,2,0.38060489274142706,0.04950810823759248,30,0.3301175832748413,0.00973526172471474,1,0.3652417162219247,0.04524025422786227,50,0.7877581357955933,0.007888730474006287,1,0.3492642739731868,0.037029654304048365,100,1.405999732017517,0.047552251443682754,1,0.3330964921373567,0.008787694338266483,200.0,3.315700078010559,0.08482476774874206,1.0
SS-G,196,0.4413742493203462,0.017853383219226544,30,0.32954044342041017,0.0025420089119426864,4,0.43834349659011274,0.019973488769408604,50,0.6370166420936585,0.0033181676752212855,4,0.42759787700927154,0.025311515824763906,100,1.0346974730491638,0.03328360763116217,3,0.4106590481940035,0.023504089888356672,200,3.2413654685020448,0.09393984664419532,2,0.3492112262875958,0.053163977436629276,30,0.33676120042800906,0.008464610382239869,1,0.333360584460618,0.045649556736916445,50,0.774238669872284,0.013208720732504139,1,0.3093047821168405,0.028801763920844166,100,1.195554518699646,0.1535298271629707,1,0.2975155628482107,0.005680242743792103,200.0,3.176652991771698,0.1261188747037387,1.0
SS-H,259,0.5716667981940897,0.1297222687925328,30,0.40909950733184813,0.03671362362234267,3,0.5328668195616132,0.12109090712601867,50,0.6850059032440186,0.02770684795232577,3,0.47735767936784307,0.10514968150588509,100,1.8015741109848022,0.132486730928591,2,0.4384933274457746,0.08220744026156293,200,3.6000152945518495,0.26918549571388806,2,0.03943994729739005,0.004654442499932355,30,0.36207692623138427,0.01248390077266245,1,0.03654655617783477,0.0019095310425338242,50,0.7870354294776917,0.10056576357244751,1,0.03555427572979818,0.0006458532629632903,100,1.237980306148529,0.15099937088548754,1,0.035420888390223955,0.00045479069584839356,200.0,3.3166852831840514,0.11398975477604811,1.0
SS-I,1080,0.13366608400728713,0.10271419787357407,30,0.25821971893310547,0.0017265915688489135,1,0.08600296918492684,0.08110194605801017,50,0.7608461856842041,0.03784838375925649,1,0.039823069226514164,0.04350898681953737,100,1.4877380728721619,0.1735107691633814,1,0.028338963788819126,0.03756417348249644,200,3.7841302275657656,0.39935104954447337,1,0.35239582421652804,0.11229965171991742,30,0.3739899158477783,0.021354119855041823,3,0.302606147882598,0.10407883463583495,50,0.883639907836914,0.008723716055826745,3,0.263632467403205,0.07679676113138753,100,1.0987494230270385,0.04616843133169384,2,0.24618567822764606,0.06596388026954672,200.0,3.3481989026069643,0.3545056561642957,2.0
SS-J,3840,0.07894919951129688,0.0064984847266790725,30,0.2689831376075745,0.004569097803625866,1,0.07650293256680443,0.006104813449739672,50,0.5458094239234924,0.03178753727286562,1,0.07229191122737755,0.0034033697683853964,100,1.3422385454177856,0.17102418908995473,1,0.07048095649690753,0.003469862055740918,200,3.2249155044555664,0.24862333882800317,1,0.2635330695671511,0.2418252102372604,30,0.4360523819923401,0.04521217992295218,2,0.18102544697234255,0.20383430126459334,50,0.5201039671897888,0.027908486907054986,2,0.14301906244328794,0.19834659969570456,100,1.484088933467865,0.1808316312966032,1,0.13013298683885272,0.20079239807076216,200.0,4.663422167301178,0.26623667023647285,1.0
SS-K,2880,0.08617487341583427,0.02004448996934231,30,0.30291311740875243,0.008944796276868202,1,0.07711012898361748,0.015873475342972218,50,0.4904020428657532,0.02422445642418673,1,0.07163212978423365,0.009455658045316619,100,1.0876863479614258,0.1970846371292166,1,0.0691138628412086,0.007226963149674851,200,5.331217253208161,0.09429761909440837,1,0.23706636175297696,0.07129251374539904,30,0.38524826765060427,0.013291373866131776,3,0.20736733889036968,0.029541029635353877,50,0.4884746551513672,0.022002661333080924,3,0.1862470054965314,0.017839364331410305,100,1.1292858004570008,0.04165995799456437,2,0.1697304291743433,0.006387305063023406,200.0,3.2905933976173403,0.2567875245489214,2.0
SS-L,1023,0.23951911117232805,0.09071262476209946,30,0.31291555166244506,0.004547207977913586,2,0.1864572406894793,0.008899256188664748,50,0.5301846742630005,0.02510436320654097,1,0.18021691389779618,0.007700557405020689,100,1.4034692764282226,0.18235506671992305,1,0.17461484820604617,0.004301690327751718,200,2.6416006684303284,0.3628006363067001,1,0.2075985708219048,0.05325245733552281,30,0.32976059913635253,0.022278407636171452,2,0.187231480819061,0.022860738503360158,50,0.5723732471466064,0.03741926020937795,1,0.17256791046168668,0.00850826649323353,100,1.332728958129883,0.14917237515392215,1,0.16527463668204712,0.005182529674158618,200.0,2.6697389602661135,0.35600978988777654,1.0
SS-M,864,0.006999352919758339,0.0030913591902327958,30,0.4211602330207825,0.02477841585809733,1,0.006142010774642975,0.003004463480572035,50,0.8092981457710267,0.04909643177579256,1,0.004903540541610971,0.0017689546112412858,100,1.47592796087265,0.28250125291723205,1,0.00425128069615052,0.00043084461485331144,200,3.7392643690109253,0.3750583334871093,1,0.0803483007921222,0.03953516981910099,30,0.8054333806037903,0.007033581242994995,3,0.05192828255702521,0.02687481398486041,50,1.502311384677887,0.10034295693492397,2,0.038900518707487966,0.009968473814276365,100,2.740550708770752,0.27168940198316344,2,0.03209294909494095,0.005455514271658219,200.0,3.6853187918663024,0.3916385597682149,2.0
SS-N,53662,0.15955840496646895,0.012435085642560169,30,0.3560522794723511,0.03962733214087213,1,0.15533131373809855,0.009837555466692408,50,0.6383454084396363,0.03377372136243696,1,0.152621294359031,0.007671389585180896,100,1.6872274994850158,0.14895801407414674,1,0.14815011822791427,0.005444565270449779,200,3.523787486553192,0.24975977810450004,1,0.6230494191627792,0.04063110664736307,30,0.3909865260124207,0.03976107505419126,3,0.5982261451390432,0.04051562195570451,50,0.6371939182281494,0.039312780055835904,3,0.5657181404159619,0.04179530181310965,100,1.1889112830162047,0.16951421619253548,2,0.5280590790522195,0.037851513989997594,200.0,4.842557370662689,0.36296463002180995,2.0
SS-O,972,0.19320658482554195,0.009716982380312128,30,0.44062368869781493,0.003526279724716859,1,0.19036957867855636,0.007992121310508176,50,0.7689372777938843,0.03138710612886367,1,0.18640233480613416,0.006355546536522311,100,1.1785688996315002,0.2225562719426229,1,0.1820907451670557,0.002711948822582721,200,3.316296064853668,0.3083323420700089,1,0.4346688625532053,0.05442577023565496,30,0.3045796871185303,0.021418768170126463,3,0.4217074235659354,0.05781093409703796,50,0.5478045344352722,0.03470301246557654,3,0.37433468479891036,0.03249306012617167,100,1.6111228346824646,0.20516382949513104,2,0.3403412307256501,0.017152037868714998,200.0,2.59887318611145,0.33030101364980013,2.0
SS-P,1023,0.23951911117232805,0.09071262476209946,30,0.3143002033233643,0.006473331734485415,2,0.1864572406894793,0.008899256188664748,50,0.5259345173835754,0.02496224843444194,1,0.18021691389779618,0.007700557405020689,100,2.2532287716865538,0.3011760335829083,1,0.17461484820604617,0.004301690327751718,200,6.792751288414001,0.17686068891356127,1,0.2075985708219048,0.05325245733552281,30,0.29496883153915404,0.020056257699866107,2,0.187231480819061,0.022860738503360158,50,0.5690756916999817,0.038250520239844016,1,0.17256791046168668,0.00850826649323353,100,1.4475721836090087,0.18435766239745713,1,0.16527463668204712,0.005182529674158618,200.0,2.571734607219696,0.3707924438651716,1.0
SS-Q,2736,0.06553146780915102,0.016349887378382666,30,0.40871357917785645,0.02361047206364458,1,0.06133596825796941,0.001983324622832447,50,0.7348748326301575,0.005737771492372773,1,0.06032341729525507,0.0010457414632843696,100,1.7071547269821168,0.24094528674176746,1,0.059470544488192625,0.0010063615185295538,200,10.077076077461243,0.13133573117872302,1,0.4951192948412997,0.02334592971839121,30,0.43551087379455566,0.022333468626896735,3,0.4806164764270635,0.012421720948843312,50,0.7557765722274781,0.032901655052757495,2,0.4740798580488936,0.0047012113641591675,100,2.8838231921195985,0.16958829274288278,2,0.4712876836180258,0.0016050771594877142,200.0,3.3529361367225645,0.3774231294820729,2.0
SS-R,3008,0.18792468295609027,0.02207376063704399,30,0.44974571466445923,0.029977106280918767,1,0.18490170562671596,0.01855049291761344,50,0.6565920114517212,0.03477534398824309,1,0.17831459886450665,0.007977825328980632,100,2.3373775243759156,0.22056110563669445,1,0.17406588675186813,0.00843075314826626,200,5.155983579158783,0.5539754483344804,1,0.48351569357236607,0.011153466370325063,30,0.4597501397132874,0.037309872593249596,3,0.47866840121448584,0.009861947900393008,50,0.5871849417686462,0.029171150735558916,3,0.46984265841401,0.006721617531229725,100,1.5671568393707276,0.18376093597279494,2,0.46699887058140604,0.005949037020159026,200.0,2.906276082992554,0.34208620934790857,2.0
SS-S,3840,0.10274549547816618,0.05370727331042238,30,0.2667119145393372,0.0012253138173825054,1,0.08354922161562993,0.0387141015133284,50,0.8177111744880676,0.06827142823631763,1,0.05181474638880192,0.03596791431547965,100,1.3286443829536438,0.046212251003586086,1,0.026573900778219008,0.014287240166987491,200,2.4550001502037047,0.3081661816221572,1,0.6878082142017216,0.0035272519472776234,30,0.4023009896278381,0.02769023562336489,3,0.6865421675746749,0.0009294586613856599,50,0.8677551746368408,0.042232468996253714,2,0.6856580409105546,0.0006619403543759293,100,1.1339288234710694,0.038604676375207744,2,0.6852843838771338,0.0003430966586893907,200.0,2.668458569049835,0.2650175164318307,2.0
SS-T,5184,0.0585587227853143,0.021912774344828252,30,0.4145176649093628,0.0024178855488983814,1,0.05317353513375452,0.02126000663268976,50,1.0406882405281066,0.04223996526006409,1,0.040625836786425874,0.015820501607032165,100,2.0831648826599123,0.06688233431427483,1,0.02995785649776588,0.011134536928060759,200,5.931638073921204,0.06502931476570158,1,0.2930640428479286,0.1473184759076381,30,0.46489070653915404,0.04180447465752289,2,0.21731923521962337,0.14879106623673113,50,1.1264511585235595,0.04572678305236469,2,0.10663938181915833,0.0766812964435564,100,2.1432101249694826,0.2244014865819077,1,0.07533113454476195,0.010599628585518966,200.0,3.286539590358734,0.3597553861297587,1.0
SS-U,4608,0.2652660596080249,0.025427167654510113,30,0.6128514409065247,0.04188698037325119,1,0.25690269266329707,0.02247738337474947,50,1.241264283657074,0.06369304177313405,1,0.24586449697727306,0.012574675125129274,100,1.8240284085273744,0.18552086074732968,1,0.24000467747290655,0.0091165518436406,200,6.287765431404114,0.13510809166134807,1,0.43178757611886376,0.043221699303106195,30,0.6044134378433228,0.015717417153671195,3,0.4159161852498726,0.043485655514449134,50,0.8392635703086853,0.04051792986963237,3,0.3824516168934481,0.019884583575525288,100,1.6245829463005066,0.266505095579765,2,0.37186998284263395,0.007911886553444505,200.0,5.582428562641144,0.41677801588310104,2.0
SS-V,6840,0.15379871087948216,0.05209622435521021,30,0.695443081855774,0.04633397486679054,1,0.1524345372674689,0.05124217324293542,50,1.1267190456390381,0.05706917473128263,1,0.13071389936992206,0.06553813414864333,100,2.9753950476646422,0.1025532433674386,1,0.09377048308694606,0.07010086964351232,200,8.709676086902618,0.09687415380084619,1,0.3003605036179716,0.05810015443698012,30,0.46819794178009033,0.01361789518075081,3,0.27920461698757926,0.06783739765922812,50,1.1340165376663207,0.041894030734507516,3,0.24872301501745991,0.0689809490441722,100,2.141711413860321,0.11189420557713932,2,0.1951753229311024,0.07395911719976031,200.0,6.621159684658051,0.07549404627928862,1.0
SS-W,65536,0.34119105177329356,0.02459499000231897,30,0.5649993062019348,0.05390898971587187,3,0.3290674576233288,0.025278814974577353,50,0.6734475135803223,0.06438497937996152,3,0.317833592928233,0.021174026258973872,100,2.9933541774749757,0.10690206695238642,2,0.3081866897895603,0.01866755200573143,200,6.112765669822693,0.09561742959668239,2,0.314614508510905,0.04195162982436826,30,0.4360004305839539,0.057130491701060444,2,0.2975211243785972,0.030924467253421902,50,1.087689507007599,0.05944191329281176,2,0.267564391532193,0.020193487362494857,100,2.285738980770111,0.07814337480813284,1,0.23906298069335277,0.01651479383383211,200.0,8.973881554603576,0.1126110801149308,1.0
SS-X,86058,0.313612532301593,0.09304731665367064,30,0.5367896676063537,0.004348565848238385,3,0.2628921220050585,0.07003803514844353,50,0.8393243670463562,0.06080946692664687,2,0.2352280143113426,0.03794576858655767,100,2.573560047149658,0.08948367671264701,2,0.22250453746903714,0.012497141587204419,200,3.277202534675598,0.1304029041524528,2,0.09107477740083084,0.045855873875000355,30,0.5990373134613037,0.0172899502008359,1,0.08011816215663872,0.043908940050550786,50,0.9681552767753601,0.015164495554779821,1,0.04915909407676455,0.01823288156652901,100,1.4648390293121338,0.1237366874286288,1,0.02775310713832469,0.0033035952108994753,200.0,6.7471493005752565,0.17219511220113085,1.0
Scrum100k,100000,0.3975751586674451,0.03069815062151051,30,0.6536888957023621,0.12672341583869534,3,0.3826807453580922,0.02627602014755677,50,1.359353506565094,0.19918520841330684,3,0.3705424713095016,0.022637195067460127,100,2.177968418598175,0.20177841345584419,2,0.3580041235041781,0.021592013170030292,200,10.800811648368835,0.7789955555151771,2,0.3957459218296597,0.028604789597281802,30,0.7437632083892822,0.11077494926007851,3,0.3742860400141192,0.028892296012829652,50,1.3772869467735291,0.1941966734539365,2,0.32276159207067373,0.03211472590716861,100,4.207381272315979,0.31732157542459544,1,0.27568465504727874,0.025090817556507775,200.0,11.454828846454621,0.47907678878309545,1.0
Scrum10k,10000,0.3666410417131294,0.0295487892033517,30,0.64258291721344,0.05017606160318632,3,0.35892720736623296,0.031415968589845945,50,1.2792486548423767,0.08507998442398407,3,0.33433862705449807,0.025315202647772345,100,1.5864215731620788,0.2504468093764933,2,0.3202012511482227,0.01694395474446455,200,4.33412150144577,0.3114272294707429,2,0.36628303092894016,0.048165263090589716,30,0.6326558351516723,0.02566767529336589,3,0.3475747701237321,0.04644188000977069,50,0.8646968126296997,0.05360768461520019,3,0.29384980775315006,0.04278806192767065,100,3.3547402381896974,0.1942221139221258,1,0.24463716480619818,0.01994136878588024,200.0,9.103482568264008,0.3701533482901101,1.0
Scrum1k,1000,0.33522312479779676,0.03540387714866313,30,0.6107490658760071,0.014187025035474752,2,0.31962593324618116,0.028940880132389064,50,1.3616183042526244,0.05837099186969585,1,0.3100377354635372,0.024855826987337452,100,2.609231507778168,0.2701032651822531,1,0.2982656031522944,0.02152619423520965,200,3.881065106391907,0.3673192257064982,1,0.3760125899400555,0.04137498353350307,30,0.44449217319488527,0.03673602536066263,3,0.36191686738174145,0.039276446905281995,50,0.7692152738571167,0.03612740983621704,3,0.30623124546686287,0.03277856721632935,100,1.5568783640861512,0.23526656458539918,1,0.2767204230548227,0.0133452653770375,200.0,7.415238380432129,0.7360427377364283,1.0
X264_AllMeasurements,1152,inf,nan,30,3.886222839355469e-06,1.4202266867977314e-06,5,inf,nan,50,2.968311309814453e-06,5.10032778613671e-07,5,inf,nan,100,4.5299530029296875e-06,1.5315152522029232e-06,5,inf,nan,200,3.4332275390625e-06,1.9568984071448405e-07,5,0.13550953622689751,0.10700938644621158,30,0.2778681039810181,0.0022529204102842725,4,0.060513745162703116,0.058126453428528915,50,0.4105696201324463,0.032334791174346754,3,0.01953089741489241,0.0357645867602485,100,1.6609419465065003,0.07796850063949305,2,0.0027027207978114146,0.00020801751256430189,200.0,2.390453374385834,0.31276104445419267,1.0
billing10k,10000,0.41300710683806097,0.021833777962196446,30,0.6295977234840393,0.06971740412701907,3,0.4020300885620286,0.018046503201050276,50,1.4186542630195618,0.07117465978228255,3,0.3921598283059703,0.012542743089268175,100,3.1076473593711853,0.22534661451342336,2,0.3835858378702097,0.010914900104662272,200,16.618065333366395,0.11998389634578523,2,0.34641866749513983,0.027995497504969363,30,0.6668811678886414,0.0468011766518428,1,0.32981556261708245,0.026002609269269433,50,1.1386597514152528,0.05159813808122789,1,0.31128701194027164,0.021111715338560065,100,3.260791850090027,0.153797886522803,1,0.2916774637692874,0.007687049055448648,200.0,7.998908352851868,0.5620121712396721,1.0
coc1000,1000,0.35818498359109835,0.011156087370529814,30,1.0614098906517029,0.056057403438213235,1,0.352640663319512,0.009491487290893365,50,1.7091225743293763,0.1341025445538482,1,0.3506012291579105,0.007946807521814208,100,4.494173324108123,0.29472723365939824,1,0.3441660323868514,0.006715221619677254,200,11.315977013111114,1.3229695326175537,1,0.5704590826616556,0.016766575323248906,30,1.1698456048965453,0.04359028273965828,3,0.5626448479044086,0.01674549550509561,50,1.622149395942688,0.05143477988981916,3,0.5434641962668465,0.013884061265213531,100,4.00415815114975,0.3447198905572158,2,0.523194211759838,0.017512974552449937,200.0,11.66532188653946,0.864440716763779,2.0
dataset120,5160,inf,nan,30,4.601478576660156e-06,2.469372990117328e-06,4,inf,nan,50,4.661083221435547e-06,2.8615196114825764e-06,4,inf,nan,100,3.910064697265625e-06,1.7042298929130862e-06,4,inf,nan,200,5.280971527099609e-06,2.044050115387037e-06,4,0.17121804837319538,0.043558715619930924,30,5.608224010467529,0.2848631536325932,3,0.15107885205072696,0.0483790693064162,50,15.25173224210739,1.1696940434355476,2,0.09980137778887772,0.04087612989331744,100,54.076257944107056,2.2017828207996706,1,nan,nan,nan,nan,nan,nan
dataset600,5160,inf,nan,30,4.13656234741211e-06,1.8472278146012623e-06,4,inf,nan,50,4.255771636962891e-06,1.8856974904878785e-06,4,inf,nan,100,4.541873931884766e-06,3.4898855056728716e-06,4,inf,nan,200,3.933906555175781e-06,2.1275646163284363e-06,4,0.2184340988056061,0.05942964051633921,30,5.6199790120124815,0.4446248183568248,3,0.1856378261648482,0.05242143086830267,50,15.187310004234314,1.1169025226746119,2,0.1302884102825279,0.041090119932632035,100,49.43802796602249,2.1509916313694895,1,nan,nan,nan,nan,nan,nan
dconvert,6764,inf,nan,30,4.458427429199219e-06,2.231341556200955e-06,5,inf,nan,50,4.684925079345703e-06,2.512818481272608e-06,5,inf,nan,100,4.613399505615235e-06,2.236932347465873e-06,5,inf,nan,200,3.9458274841308595e-06,1.5729065490182446e-06,5,0.12511316016462437,0.05053288424880954,30,0.33876131772994994,0.007219827533398095,4,0.09508003778507207,0.02455142424907895,50,0.643929123878479,0.03621306403311122,3,0.07527363111946128,0.009548423064470627,100,1.6832770705223083,0.06726260014156245,2,0.06681950632080633,0.006477325049247991,200.0,5.9695383429527284,0.5120213906302342,1.0
deeparch,4096,inf,nan,30,4.374980926513672e-06,2.2113750223373613e-06,5,inf,nan,50,4.434585571289063e-06,1.406042059399773e-06,5,inf,nan,100,4.220008850097656e-06,2.1100558230162947e-06,5,inf,nan,200,4.267692565917968e-06,2.7770768912595743e-06,5,0.13100705364027848,0.1439141615406375,30,0.2841650128364563,0.006917074453665744,4,0.060950919715893184,0.09786201943037617,50,0.5301778316497803,0.03591982408786048,3,0.014771440799946283,0.011383805361027054,100,1.7961255431175231,0.07198682103603472,2,0.01015644431464737,0.0011505586017756387,200.0,5.47590172290802,0.14358979299025412,1.0
exastencils,86058,inf,nan,30,4.339218139648437e-06,3.0014637032241195e-06,5,inf,nan,50,4.267692565917968e-06,2.2853911406238607e-06,5,inf,nan,100,4.4941902160644535e-06,2.4292784923434504e-06,5,inf,nan,200,4.339218139648437e-06,2.3110361238643643e-06,5,0.634860458112526,0.11645161661231589,30,0.26534093618392945,0.0047737882588663495,4,0.5757405949500688,0.13439388229922683,50,0.4979439973831177,0.050819516864436254,3,0.369688641338163,0.15412446374716351,100,1.39935861825943,0.11197010857502139,2,0.19005605618751592,0.14226228771872426,200.0,4.327178156375885,0.25822083205976115,1.0
javagc,166975,inf,nan,30,5.745887756347657e-06,2.941354849489429e-06,5,inf,nan,50,3.588199615478516e-06,1.179414386338288e-06,5,inf,nan,100,3.731250762939453e-06,1.5320523604362413e-06,5,inf,nan,200,7.772445678710938e-06,3.755734921738372e-06,5,0.8885366238720845,0.035752728694437526,30,0.36929128170013426,0.07288716989984323,4,0.8572857619776446,0.07908905636760571,50,1.0409343719482422,0.18937010959834574,3,0.8032859297182517,0.1186234847172314,100,2.224416422843933,0.08139827506093558,2,0.7228369569026707,0.1523498915678563,200.0,12.667748141288758,0.29612915890114005,1.0
nasa93dem,93,0.47047880859227975,0.007214414514796246,30,0.5873443245887756,0.02686611606703837,1,0.46625427915275947,0.003665921435263521,50,0.9362945795059204,0.12556273666794548,1,0.4639936756514139,0.005116754901813034,100,3.5682573437690737,0.12470519119261726,1,0.4591457915157318,0.008033914161897205,200,9.209213626384734,0.2298427244974575,1,0.6298715213465633,0.015107692684232107,30,0.5836706638336182,0.03581730434767119,3,0.627095714618602,0.013383820348504523,50,0.7629630208015442,0.029081855842570333,3,0.6169678995661154,0.010332982199898836,100,2.0049591064453125,0.1941056552015822,2,0.6089543081240913,0.009221016067782199,200.0,9.24659833908081,0.18764233359888716,2.0
pom3a,20000,0.19965495647739195,0.011379914908262236,30,0.5749251484870911,0.004840079211085801,1,0.19362877574170476,0.01411412574531035,50,0.8182732939720154,0.10012198901960712,1,0.18740392500460362,0.013677324588099816,100,2.176241946220398,0.0942872308812259,1,0.1776315384330281,0.01001545324867026,200,2.9974099516868593,0.30996076197566824,1,0.5866027701841481,0.04603025082807977,30,0.5514714241027832,0.0219905894443082,3,0.5626516008207803,0.03666192243565951,50,0.8198970556259155,0.11088793949743324,3,0.5214096912715556,0.03924714040881405,100,1.7288012385368348,0.055613949897326764,2,0.4649088825089547,0.02760532824267528,200.0,5.928229129314422,0.370373125870046,2.0
pom3b,20000,0.21201380140763204,0.02266750832763828,30,0.5863812446594239,0.012508837325386244,1,0.19865840495883036,0.014803732474000913,50,0.7173430919647217,0.034298418862749015,1,0.18711049329867646,0.018844572108456283,100,1.84563490152359,0.15570138225880054,1,0.17632053953420748,0.014092378067641222,200,4.891194593906403,0.31557498355752056,1,0.5764427535545315,0.03131271695069629,30,0.8445691227912903,0.016775750982109407,3,0.5568931555096145,0.035312114256225956,50,0.82367924451828,0.1055203423287411,3,0.5173116681974449,0.014376694938851535,100,2.3125125050544737,0.16652572642477928,2,0.4905955152521847,0.014842746060691352,200.0,4.656789481639862,0.26983793832019776,2.0
pom3c,20000,0.34541482775027,0.022318463829187136,30,0.7755085706710816,0.015689395338367152,1,0.3396874749645042,0.01916353733246403,50,1.29116290807724,0.04238939052687607,1,0.32692007792020916,0.019233192216711166,100,2.4073233366012574,0.20346665276870463,1,0.31573570608608936,0.013552024567972892,200,7.970158886909485,0.16446068875139394,1,0.48451951235924084,0.03395226409408371,30,0.5484086394309997,0.01839857549058446,3,0.4677147056125735,0.033170536285064105,50,0.9744756698608399,0.0811342893156183,3,0.41701662328328704,0.033740146302901924,100,2.4627577543258665,0.21884552535519075,2,0.37842130104117183,0.025460610377121558,200.0,4.8087055563926695,0.3826442907026809,1.0
pom3d,500,0.2076866986780313,0.016338572981116847,30,0.5694484114646912,0.033300643403637954,1,0.2028222208598931,0.01633613130372192,50,1.1924344778060914,0.04099953664097452,1,0.19737401372633187,0.015023140431698305,100,3.132240724563599,0.07895703489499914,1,0.19191774375692847,0.012997668267481555,200,5.863816344738007,0.2769785867052124,1,0.645030020778864,0.024126539575651574,30,0.5791367411613464,0.026738150271311968,3,0.6366527402419584,0.021887681707976055,50,1.2645544052124023,0.041451426073909656,3,0.6055225921037646,0.021057293896122622,100,2.817523181438446,0.06134488278178157,2,0.5789032298666799,0.019589849187418868,200.0,4.660917592048645,0.3752909503151217,2.0
redis,4400,inf,nan,30,5.352497100830078e-06,3.7020396912087775e-06,5,inf,nan,50,4.76837158203125e-06,1.7070363664369495e-06,5,inf,nan,100,4.303455352783203e-06,4.7353176093209476e-07,5,inf,nan,200,5.221366882324218e-06,1.7277664824445008e-06,5,0.39418456028991083,0.00986894458048903,30,0.3233965277671814,0.012216361102212234,4,0.3807028476809474,0.014722276785186516,50,0.6135755896568298,0.038124297106945065,3,0.36658950519529004,0.011028516372155916,100,0.9244099259376526,0.042768900182149606,2,0.34739995592205536,0.014254321773746402,200.0,4.864046359062195,0.05801455569076768,1.0
rs-6d-c3_obj1,3840,inf,nan,30,4.363059997558594e-06,1.4054035781471122e-06,5,inf,nan,50,5.233287811279297e-06,2.2157000578365733e-06,5,inf,nan,100,4.673004150390625e-06,1.0097482007063202e-06,5,inf,nan,200,5.578994750976562e-06,1.9267003989981174e-06,5,0.11304312462629713,0.04342005141123032,30,0.2971073746681213,0.00849991025838842,4,0.09942769467493288,0.006830856444877973,50,0.5538035988807678,0.008506870936488466,3,0.09375421032060598,0.004708627911594661,100,1.3614738821983337,0.05851538266812078,2,0.0922505983818569,0.004822787730153965,200.0,3.824694514274597,0.15457173480494493,1.0
rs-6d-c3_obj2,3840,inf,nan,30,6.103515625e-06,1.8311644822380625e-06,5,inf,nan,50,4.780292510986328e-06,2.4674034424748847e-06,5,inf,nan,100,4.673004150390625e-06,1.5381426878428993e-06,5,inf,nan,200,4.5299530029296875e-06,1.6280965494239277e-06,5,0.31072292151125896,0.31510553517849477,30,0.28028005361557007,0.0054695117179162644,4,0.21026298424671555,0.2595258362262129,50,0.49705411195755006,0.01326610792859908,3,0.18820934860310978,0.26551548879110626,100,0.7800573945045471,0.03685000141057081,2,0.1734491511726936,0.2668424024801616,200.0,3.6233478307724,0.201638521172761,1.0
sol-6d-c2-obj1,2866,inf,nan,30,5.078315734863281e-06,3.4679779018027226e-07,5,inf,nan,50,6.103515625e-06,2.5764538845838893e-06,5,inf,nan,100,4.13656234741211e-06,4.113197844537619e-07,5,inf,nan,200,4.243850708007813e-06,1.5750449102934044e-06,5,0.6564045017274477,0.1718706790308004,30,0.27424585819244385,0.01212441907270892,4,0.5713603577960968,0.18297349422801665,50,0.5025744915008545,0.016047007596488746,3,0.4569869284486024,0.20747369736718638,100,1.231471061706543,0.0748308633301204,2,0.38381664434025653,0.198054475343263,200.0,3.2409969568252563,0.25226435856086044,1.0
storm,1557,inf,nan,30,4.863739013671875e-06,1.9938528555517004e-06,5,inf,nan,50,4.506111145019531e-06,1.7190868008871844e-06,5,inf,nan,100,4.851818084716797e-06,1.8095937914945589e-06,5,inf,nan,200,5.1140785217285155e-06,1.608639751363275e-06,5,0.1859137847682158,0.13656304061124283,30,0.35015072822570803,0.008611479084133157,4,0.10202702337735974,0.08439719319325147,50,0.6797194480895996,0.038548630339045126,3,0.04648220032394052,0.054581824971259116,100,1.85174058675766,0.07676390544943128,2,0.03276807197191682,0.04720252708856704,200.0,3.336588168144226,0.3253713475318716,1.0
wc+rs-3d-c4-obj1,196,inf,nan,30,4.0888786315917965e-06,1.6667326464989629e-06,5,inf,nan,50,4.231929779052734e-06,2.557193185537315e-06,5,inf,nan,100,3.790855407714844e-06,4.011940031240609e-07,5,inf,nan,200,5.662441253662109e-06,1.7873025910665044e-06,5,0.22898245624548727,0.08110340858837678,30,0.2042548298835754,0.019443652152252938,4,0.20978204148972196,0.003959099041823551,50,0.4117367029190063,0.013065765863312151,3,0.20964469673059663,0.003918292779039067,100,1.0832229256629944,0.05445420909497279,2,0.2091253981373072,0.0038846553346585724,200.0,2.510384213924408,0.15804058418804784,1.0
wc+sol-3d-c4-obj1,196,inf,nan,30,2.6464462280273437e-06,4.0119400312406097e-07,5,inf,nan,50,2.9206275939941406e-06,5.624753348758573e-07,5,inf,nan,100,2.9087066650390623e-06,4.805869183697423e-07,5,inf,nan,200,3.24249267578125e-06,5.652608682506593e-07,5,0.22581153943937654,0.08988933461859415,30,0.25916423797607424,0.008174682497031323,4,0.20478368498425897,0.03039913378679051,50,0.43594324588775635,0.014593412662443916,3,0.19385009203934517,0.009587683017023958,100,0.6803653240203857,0.04055871111855969,1,0.19385009203934517,0.009587683017023958,200.0,3.0519957661628725,0.07652340403804779,2.0
wc+wc-3d-c4-obj1,196,inf,nan,30,2.932548522949219e-06,3.380609257206432e-07,5,inf,nan,50,3.957748413085938e-06,4.264961199760036e-07,5,inf,nan,100,3.445148468017578e-06,1.322886752972844e-06,5,inf,nan,200,3.3855438232421873e-06,2.8526451187902396e-07,5,0.27432399578382954,0.10062194892841818,30,0.181562066078186,0.017864625990947118,4,0.2523363391260141,0.06934815290393068,50,0.38342922925949097,0.014361814750669272,3,0.2370342212395607,0.005571910753069183,100,1.056145179271698,0.04091861179985748,1,0.2370342212395607,0.005571910753069183,200.0,2.332066261768341,0.07009889483483515,2.0
wc-6d-c1-obj1,2880,inf,nan,30,4.231929779052734e-06,1.3350432042353807e-06,5,inf,nan,50,4.9710273742675785e-06,1.5782233244107075e-06,5,inf,nan,100,4.398822784423828e-06,1.9221531255360877e-06,5,inf,nan,200,5.161762237548828e-06,1.492485872503262e-06,5,0.12595296678790607,0.0361933254667684,30,0.3683587431907654,0.01062619544343154,4,0.11097188933801816,0.036726171163095116,50,0.5568909883499146,0.009397199840697847,3,0.0939431705119817,0.020898315102360062,100,1.2893569588661193,0.07237091630645982,2,0.0856849663823937,0.0026590930544410593,200.0,3.3455065369606016,0.12509198047151487,1.0
x264,53662,inf,nan,30,4.756450653076172e-06,2.3797583881403922e-06,5,inf,nan,50,6.234645843505859e-06,1.695209131435584e-06,5,inf,nan,100,4.804134368896484e-06,2.1786635956066824e-06,5,inf,nan,200,5.257129669189453e-06,1.72182562110101e-06,5,0.2339298090057201,0.13984064735502535,30,0.26798306703567504,0.04306722694514563,4,0.2084162559041761,0.12902002035377763,50,0.5282127261161804,0.04934064814645392,3,0.1750261947385096,0.12787216696729442,100,1.5980036854743958,0.09307713617681537,2,0.13838341960457085,0.11521674516491072,200.0,7.434586238861084,0.23828914355226308,1.0
xomo_flight,10000,0.06796396414646849,0.0289448471505444,30,0.8031575560569764,0.04054517432015783,1,0.05946211180909673,0.02231520200120462,50,1.4941699504852295,0.07644657553828435,1,0.05134083254703033,0.010846301245702591,100,1.9317169427871703,0.2696548813951357,1,0.04546313276108123,0.009126338612434313,200,12.504929304122925,0.35151051976204295,1,0.6415651389475572,0.06869773401764223,30,0.9754859328269958,0.05033698788771644,4,0.5967782684756496,0.06172113922610649,50,1.5898887753486632,0.055662357066658494,3,0.5180243902463237,0.03031849906536721,100,4.952110779285431,0.11917302663560303,2,0.4418711058299336,0.03028213349037203,200.0,9.349648177623749,0.2777111694089695,2.0
xomo_ground,10000,0.08684969165599235,0.027809402399776837,30,0.7970568180084229,0.042380577669559244,1,0.08417905053604073,0.026244556221081725,50,1.8377739548683167,0.060411979793473375,1,0.07229290367665833,0.02113245708775358,100,4.078077828884124,0.32078154250857543,1,0.060191532008938606,0.016250046193051718,200,10.011180686950684,0.5589894696040292,1,0.6581098628178338,0.039535730428482165,30,0.8734100937843323,0.05653330048985271,4,0.6455187035220533,0.03427477059609164,50,1.320660150051117,0.06310898118994697,4,0.6030939492783917,0.03402527027468024,100,3.46663019657135,0.09678882528265993,3,0.5278476292636459,0.033684408127186614,200.0,9.311258172988891,0.17888669950822586,2.0
xomo_osp,10000,0.07249659340521082,0.02429297591842036,30,0.7708089709281921,0.03386184850401953,1,0.06947392856460174,0.023226984920126443,50,1.5279453992843628,0.05598916545069092,1,0.05981178394264747,0.018942959111886298,100,3.550871026515961,0.06957013791897247,1,0.047623597595048535,0.015323082074064978,200,7.875332152843475,0.2564513022930665,1,0.6767950086123747,0.052654346414002406,30,0.7755795478820801,0.03987598861961816,3,0.6559749157431451,0.052658185093147264,50,1.3819780707359315,0.054630273005360254,3,0.599778419483761,0.03661597357168293,100,3.178347337245941,0.08120266761244475,2,0.539013830773284,0.023877139604630292,200.0,9.681977462768554,0.09047010263505886,2.0
xomo_osp2,10000,0.19817127298258458,0.023660266096216857,30,0.5386038780212402,0.032075789957724345,1,0.1915343744330797,0.02172343909670707,50,1.303485596179962,0.05752202242877321,1,0.18396559357413655,0.016762560888383123,100,3.4342016220092773,0.07520535702390753,1,0.17782540484932557,0.016664034810531365,200,5.975677871704102,0.28039108135864066,1,0.5288965271785235,0.03924388135441827,30,0.8366667866706848,0.028565587619613145,4,0.5020157349507449,0.04117183334575266,50,1.6636430621147156,0.05670118829865028,3,0.4474789154691566,0.026650411157506288,100,1.76081440448761,0.29885096408361095,2,0.3805206161326583,0.02120728622005563,200.0,11.31597683429718,0.06456834619718128,2.0
