Dataset,Rows,NSGA2-30_mean,NSGA2-30_std,NSGA2-30_budget,NSGA2-30_runtime_mean,NSGA2-30_runtime_std,NSGA2-30_tier,NSGA2-50_mean,NSGA2-50_std,NSGA2-50_budget,NSGA2-50_runtime_mean,NSGA2-50_runtime_std,NSGA2-50_tier,NSGA2-100_mean,NSGA2-100_std,NSGA2-100_budget,NSGA2-100_runtime_mean,NSGA2-100_runtime_std,NSGA2-100_tier,NSGA2-200_mean,NSGA2-200_std,NSGA2-200_budget,NSGA2-200_runtime_mean,NSGA2-200_runtime_std,NSGA2-200_tier,MOEAD-30_mean,MOEAD-30_std,MOEAD-30_budget,MOEAD-30_runtime_mean,MOEAD-30_runtime_std,MOEAD-30_tier,MOEAD-50_mean,MOEAD-50_std,MOEAD-50_budget,MOEAD-50_runtime_mean,MOEAD-50_runtime_std,MOEAD-50_tier,MOEAD-100_mean,MOEAD-100_std,MOEAD-100_budget,MOEAD-100_runtime_mean,MOEAD-100_runtime_std,MOEAD-100_tier,MOEAD-200_mean,MOEAD-200_std,MOEAD-200_budget,MOEAD-200_runtime_mean,MOEAD-200_runtime_std,MOEAD-200_tier
7z,68640,inf,nan,30,8.141994476318359e-06,3.560999807952209e-06,1,inf,nan,50,6.568431854248047e-06,3.8548562626673655e-06,1,inf,nan,100,5.972385406494141e-06,3.2122308159184315e-06,1,inf,nan,200,6.532669067382812e-06,3.144386231224736e-06,1,inf,nan,30,130.30155127048494,0.17306996652550924,1,inf,nan,50,130.29097841978074,0.11855999887927844,1,inf,nan,100,130.1060454249382,0.32825152077237535,1,inf,nan,200,130.26881873607635,0.058393613819037224,1
Apache_AllMeasurements,192,inf,nan,30,4.780292510986328e-06,8.869515203463539e-07,1,inf,nan,50,5.292892456054687e-06,2.8887045346948543e-06,1,inf,nan,100,5.030632019042969e-06,7.614478789649636e-07,1,inf,nan,200,3.6478042602539064e-06,2.0670824954510927e-06,1,inf,nan,30,131.05928049087524,0.1627359185693656,1,inf,nan,50,130.954076397419,0.31025100212677137,1,inf,nan,100,131.01176006793975,0.06575925825293016,1,inf,nan,200,130.9664348602295,0.1392983237183372,1
BDBC,2560,inf,nan,30,5.221366882324218e-06,1.6461880816652866e-06,1,inf,nan,50,5.1140785217285155e-06,2.6418977831069415e-06,1,inf,nan,100,4.6372413635253905e-06,2.8552396362215313e-06,1,inf,nan,200,4.434585571289063e-06,2.7418409385458947e-06,1,inf,nan,30,130.8543259382248,0.4883260581733781,1,inf,nan,50,131.02987164258957,0.15672780099353156,1,inf,nan,100,131.03167614936828,0.1952138078424384,1,inf,nan,200,131.02327624559402,0.13567786218038375,1
FFM-1000-200-0.50-SAT-1,10000,0.34442651855589895,0.03669258657814968,30,0.6954844117164611,0.14370310989885965,4,0.3294254104222328,0.026233243947529607,50,1.24627343416214,0.16715695275678022,3,0.3057074603252999,0.024689545997240447,100,2.6755979895591735,0.170994027477349,2,0.28615791477027,0.020460544531459134,200,7.441530930995941,0.5595159023776356,1,inf,nan,30,129.37120592594147,0.6758349840509217,5,inf,nan,50,129.7174930691719,0.8837645265215709,5,inf,nan,100,129.66230660676956,0.7371543686336184,5,inf,nan,200,129.41023913621902,0.6140027488202451,5
FFM-125-25-0.50-SAT-1,10000,0.29259447458625276,0.042442216546394476,30,0.7691832065582276,0.058735735503898934,4,0.268680045067425,0.03198808359945295,50,1.1592081427574157,0.14574700529840134,3,0.2594554020668903,0.024193969368836592,100,3.9428395509719847,0.3252678289817206,2,0.2449000085282793,0.02031682162982904,200,10.570190727710724,1.604817955068752,1,inf,nan,30,130.2401238322258,0.08963674056735092,5,inf,nan,50,130.21089704036712,0.13680055741538713,5,inf,nan,100,130.34173114299773,0.2744256558488147,5,inf,nan,200,130.3111626148224,0.24672191194458704,5
FFM-250-50-0.50-SAT-1,10000,0.399555910956202,0.021609746518316434,30,0.4697692632675171,0.003186810004123827,4,0.3872521942687682,0.018434249832946555,50,0.737042248249054,0.06469620486629023,3,0.378644560102394,0.015666896885637212,100,2.5809151411056517,0.28488192438910426,2,0.37020229269764515,0.014036585281784496,200,6.028120851516723,0.15477729159354048,1,inf,nan,30,129.6184562563896,0.15182331550692657,5,inf,nan,50,129.66515662670136,0.10137388140229632,5,inf,nan,100,129.602963244915,0.4769883042590828,5,inf,nan,200,129.71254040002822,0.14699755655246025,5
FFM-500-100-0.50-SAT-1,10000,0.38760670733984215,0.03335755607141762,30,0.35695658922195433,0.00694283035687514,4,0.36956385221527394,0.030110713560668866,50,0.5980511903762817,0.0034892086129561383,3,0.35725206965775386,0.027871511418979013,100,1.7637289047241211,0.11764293459426363,2,0.33439087887473173,0.012096203208717906,200,4.409252548217774,0.16620380851648817,1,inf,nan,30,129.80629791021346,1.3786662152305267,5,inf,nan,50,129.12497047185897,0.15001699894321432,5,inf,nan,100,128.682756960392,0.17084670061780374,5,inf,nan,200,128.7836481451988,0.11253495415266168,5
FM-500-100-0.25-SAT-1,10000,0.37943010233528285,0.025618973645748014,30,0.5921401977539062,0.06947767215028496,4,0.3684085178838649,0.018100982424279318,50,0.6507107377052307,0.051408409649120225,3,0.358148557591898,0.010627399458106139,100,1.633362340927124,0.09052327972840074,2,0.3527880639443675,0.011195435859666515,200,6.935920798778534,0.18278656316269903,1,inf,nan,30,129.25439344644548,0.797107716510274,5,inf,nan,50,129.10909827947617,0.11420099625745461,5,inf,nan,100,129.60263237953185,1.2131677455852976,5,inf,nan,200,129.08076528310775,0.421932465229679,5
FM-500-100-0.50-SAT-1,10000,0.36978387397522783,0.03358612452405695,30,0.34247187376022337,0.05074956463929958,4,0.355370482568845,0.03341803790819428,50,0.6135926485061646,0.002947261165691251,3,0.33676524480200876,0.02565999339841847,100,1.6822790503501892,0.12773127640508658,2,0.3235222356143674,0.013026476515186415,200,5.39448174238205,0.09020735415933254,1,inf,nan,30,129.43512737751007,1.565910548831774,5,inf,nan,50,129.2979572534561,1.3815342096787806,5,inf,nan,100,129.24793639183045,0.7662788195383025,5,inf,nan,200,129.21957100629805,0.6481722772318712,5
FM-500-100-0.75-SAT-1,10000,0.34809465255778743,0.020394572018585806,30,0.3366902589797974,0.010870783590308915,4,0.3409468323131648,0.018689276896710048,50,0.6390412449836731,0.06628903934011338,3,0.32525271847687864,0.020378375998723056,100,1.4364370346069335,0.09525962636965407,2,0.31085146972695843,0.02217670910252104,200,3.801566207408905,0.08970227062230754,1,inf,nan,30,128.8479469895363,0.10512330287674172,5,inf,nan,50,128.95024976730346,0.3908468826148235,5,inf,nan,100,129.4031103014946,1.069804474350524,5,inf,nan,200,129.33793711662292,0.7160451105134092,5
FM-500-100-1.00-SAT-1,10000,0.35570440342300946,0.03228423990143144,30,0.4016441941261292,0.00734650176624962,4,0.3430415891365786,0.023026701290633795,50,0.595944857597351,0.067703405336653,3,0.3298092565625273,0.02130774480080656,100,1.8769739389419555,0.16992191814132782,2,0.3205997772838111,0.01632910153875477,200,3.9812150597572327,0.1557569352130158,1,inf,nan,30,131.7513791322708,1.0421651010912445,5,inf,nan,50,130.85985865592957,1.8013087800280192,5,inf,nan,100,130.4598911046982,1.8987190369158646,5,inf,nan,200,129.1581562757492,1.298613370349358,5
HSMGP_num,3456,inf,nan,30,4.00543212890625e-06,3.7578054697628606e-07,1,inf,nan,50,3.445148468017578e-06,1.8099657404810145e-07,1,inf,nan,100,3.159046173095703e-06,1.1286015002272552e-06,1,inf,nan,200,4.100799560546875e-06,2.955661677398137e-07,1,inf,nan,30,131.06156222820283,0.35654193362959874,1,inf,nan,50,130.9606842637062,0.09759928781964906,1,inf,nan,100,131.0534411072731,0.3023012566606329,1,inf,nan,200,130.89681199789047,0.21214111587314805,1
HSQLDB,864,inf,nan,30,4.887580871582031e-06,2.0878200829951205e-06,1,inf,nan,50,3.337860107421875e-06,3.189354200648969e-07,1,inf,nan,100,3.361701965332031e-06,7.252249391787659e-07,1,inf,nan,200,3.0040740966796874e-06,6.397441799640054e-07,1,inf,nan,30,130.9393538236618,0.33555119079203666,1,inf,nan,50,130.9762979865074,0.16891027055635469,1,inf,nan,100,130.884943151474,0.44197153519643767,1,inf,nan,200,131.01520402431487,0.01957821228601511,1
Health-ClosedIssues0000,10000,0.2436035472793674,0.08124869683254071,30,0.4111568808555603,0.017896622850373353,4,0.1971589273666558,0.04340968601686768,50,0.7020341038703919,0.033024599375745624,3,0.1762449802718085,0.01737836565604451,100,1.5049140095710754,0.04263887977870421,2,0.16525997917143045,0.01748495069092038,200,2.9389729380607603,0.30358763864035315,1,inf,nan,30,130.79116796255113,0.16725507368565654,5,inf,nan,50,130.8279521226883,0.19582897929644916,5,inf,nan,100,130.89364998340608,0.08220112512482068,5,inf,nan,200,130.9497463464737,0.3479239892960797,5
Health-ClosedIssues0001,10000,0.4534503448138981,0.021031773269409207,30,0.5042796850204467,0.001995079614613707,4,0.4443007046898203,0.026285755972866955,50,0.9312045097351074,0.03509764228406714,3,0.43980374627476343,0.024623764109980874,100,1.2952330827713012,0.23735182141399777,2,0.42221692934720256,0.02479846328675889,200,5.056904065608978,0.06944379009162537,1,inf,nan,30,130.89504042863845,0.1306772257652659,5,inf,nan,50,130.88616954088212,0.06716713076719791,5,inf,nan,100,130.71774477958678,0.5016627888895073,5,inf,nan,200,130.88516923189164,0.08505093247601282,5
Health-ClosedIssues0002,10000,0.1788156469320195,0.007005811315925642,30,0.5257809042930603,0.007145431572648381,4,0.17424291459639574,0.020737231829568176,50,0.8903644561767579,0.08255721796555562,3,0.16920274124214613,0.028554942598215186,100,1.7104488849639892,0.18717054267532485,2,0.14771890651538433,0.04570387814947718,200,3.775747263431549,0.23952680199503998,1,inf,nan,30,130.76198757886885,0.4827690408290416,5,inf,nan,50,130.79592826366425,0.5591466012459457,5,inf,nan,100,130.9857555270195,0.35332317619999876,5,inf,nan,200,130.97486518621446,0.32286842566516194,5
Health-ClosedIssues0003,10000,0.21397280771566315,0.040386414560268445,30,0.5202122926712036,0.004735469087465573,4,0.19247584490314723,0.036260887501976966,50,0.8616321444511413,0.11131883254920291,3,0.17094856255900365,0.02797369303225981,100,1.9047646164894103,0.24552073302452898,2,0.15385063390375242,0.005470043204040262,200,3.847444224357605,0.23834443545763082,1,inf,nan,30,130.8479446530342,0.04069744614452735,5,inf,nan,50,130.8919649839401,0.2126184347355806,5,inf,nan,100,130.93216140270232,0.35823039319080396,5,inf,nan,200,130.72359563112258,0.4359358024050423,5
Health-ClosedIssues0004,10000,0.292052620866614,0.011274834418332188,30,0.6185630083084106,0.004352018293001084,4,0.2870530059384997,0.008469782539811831,50,0.8556672096252441,0.10601630761928388,3,0.2804625666687478,0.007928082518774532,100,1.8399478316307067,0.23499876337474035,2,0.2781040386510164,0.007609851530381799,200,3.827814149856567,0.2624242139338894,1,inf,nan,30,130.91356456279755,0.2737668106050498,5,inf,nan,50,130.8182767033577,0.09441722845239697,5,inf,nan,100,130.73494955301285,0.2763963646716742,5,inf,nan,200,130.84298146963118,0.09204143311746427,5
Health-ClosedIssues0005,10000,0.24040169914290127,0.004658361305913099,30,0.5699543237686158,0.010619286165967511,4,0.23808492129231767,0.0048390089749992034,50,0.9864761829376221,0.03430890233773411,3,0.2374768892684561,0.004801781863245757,100,1.6979477763175965,0.17720339410094677,2,0.23347282164787458,0.00454413167665079,200,4.1591023206710815,0.33219403001915476,1,inf,nan,30,130.79246200323104,0.2254517506429814,5,inf,nan,50,130.81805181503296,0.17746366281750472,5,inf,nan,100,130.7438120007515,0.28588243575898514,5,inf,nan,200,130.84619170427322,0.0703642068821722,5
Health-ClosedIssues0006,10000,0.12342376603815867,0.008522299168281337,30,0.5564061164855957,0.013905898011385443,4,0.11802956448020305,0.0074000705597693965,50,0.8004163384437561,0.03738103702201573,3,0.11109920642574841,0.008129921259893563,100,1.8154330134391785,0.20342413267119483,2,0.10524387544302356,0.008816516663489198,200,6.154932594299316,0.11567831696315055,1,inf,nan,30,130.90884877443312,0.33656142442789083,5,inf,nan,50,130.76302622556688,0.32190876297697657,5,inf,nan,100,130.72108815908433,0.27324780917631053,5,inf,nan,200,130.91503487825395,0.3800174940268318,5
Health-ClosedIssues0007,10000,0.5432524381178477,0.06895079653698193,30,0.620739758014679,0.03350877886076776,4,0.5205438405100643,0.06334087359865206,50,1.048375380039215,0.07350640709069638,3,0.48688080039753795,0.06060144761518054,100,3.1255405068397524,0.1127385444442417,2,0.45551646640137705,0.07123122577400072,200,5.128142249584198,0.4601871238005273,1,inf,nan,30,130.76688294410707,0.3134375047898903,5,inf,nan,50,130.91557124853134,0.21869157255371424,5,inf,nan,100,130.90718603134155,0.17308469456227668,5,inf,nan,200,130.87359257936478,0.07237698021065848,5
Health-ClosedIssues0008,10000,0.30446965780703106,0.04646613774076014,30,0.6984092712402343,0.013269986900179985,4,0.28941259865993413,0.04003387445645791,50,1.1464046716690064,0.04750934664068639,3,0.2580297076677327,0.0150904977359868,100,2.3228377223014833,0.1454405839649292,2,0.2507176972712499,0.01020868660190119,200,6.552331531047821,0.11183270651496476,1,inf,nan,30,130.72980191707612,0.3909413494620856,5,inf,nan,50,130.87398506402968,0.30709803609566083,5,inf,nan,100,130.76545090675353,0.041727579350296445,5,inf,nan,200,130.788877594471,0.14360850368814185,5
Health-ClosedIssues0009,10000,0.3550860212074426,0.06305129452431595,30,0.6669129967689514,0.003806395405860938,4,0.3175570330270153,0.06320574925924333,50,1.1292635560035706,0.062287526014763346,3,0.27429498680933195,0.024564860860867763,100,2.5778225898742675,0.14598177426153008,2,0.264062573127354,0.015093308186114877,200,5.6974460005760195,0.2831682103062671,1,inf,nan,30,130.84513298273086,0.038598731983031015,5,inf,nan,50,130.80607829093933,0.1353207517957795,5,inf,nan,100,130.89382528066636,0.06121768179088649,5,inf,nan,200,130.67925448417662,0.4659906902585107,5
Health-ClosedIssues0010,10000,0.4865438420362532,0.006426380020759076,30,0.47500325441360475,0.0023673353650825266,4,0.4851347578195499,0.006368800136768565,50,1.2330018997192382,0.04117771367349637,3,0.4813195469883489,0.005197299640310448,100,2.184535837173462,0.19286070322055715,2,0.47712963113658724,0.007886054033525804,200,6.6225444912910465,0.0988630444797725,1,inf,nan,30,130.86419620513917,0.08364055632663638,5,inf,nan,50,130.92167377471924,0.34994521381979643,5,inf,nan,100,130.82453534603118,0.10523255761009516,5,inf,nan,200,130.70245249271392,0.45695812165912425,5
Health-ClosedIssues0011,10000,0.0546849844588147,0.04890080152874415,30,0.6454548001289367,0.008650863896359384,4,0.039720246906527326,0.049904450010927255,50,1.1927508950233459,0.04130260286790515,3,0.011266215385732956,0.00907658459076706,100,3.048811340332031,0.07719392124081477,2,0.006943363234514775,0.006898923424070436,200,6.6486353278160095,0.11029180464787897,1,inf,nan,30,130.77637288570403,0.3771390354153412,5,inf,nan,50,130.76770528554917,0.4238210004866501,5,inf,nan,100,130.73347024917604,0.40002011641184254,5,inf,nan,200,130.72333167791368,0.4190820869224391,5
Health-ClosedPRs0000,10000,0.0,0.0,30,0.46215890645980834,0.004824202065276482,1,0.0,0.0,50,0.8447694659233094,0.03848219351389702,2,0.0,0.0,100,2.0734655022621156,0.059795693791413015,3,0.0,0.0,200,3.683669900894165,0.07119993406332038,4,inf,nan,30,130.92584549188615,0.2103618749023033,5,inf,nan,50,130.98121824264527,0.058186082540629076,5,inf,nan,100,130.90684456825255,0.1817993815205735,5,inf,nan,200,130.93668801784514,0.17034352580626239,5
Health-ClosedPRs0002,10000,0.021121308675497823,1.3059866396360008e-05,30,0.616646146774292,0.004952737918321414,4,0.021115254095207456,2.9436299366661747e-05,50,1.022990608215332,0.045517048978962055,3,0.021112333820303468,3.133494686674677e-05,100,1.9531679153442383,0.0585681906833034,2,0.020850581890689796,0.0006094299964176041,200,5.888925695419312,0.24360848497937831,1,inf,nan,30,130.94830458164216,0.17896095567778908,5,inf,nan,50,130.91947014331816,0.0651264295327326,5,inf,nan,100,130.89731427431107,0.16681862919724544,5,inf,nan,200,131.01300908327102,0.5066905851262661,5
Health-ClosedPRs0003,10000,0.08309179389350554,7.25444128273518e-06,30,0.5614565014839172,0.007056545854947355,2,0.08309179389350554,7.25444128273518e-06,50,0.9863279461860657,0.07212921830581952,3,0.08309179389350554,7.25444128273518e-06,100,2.6366385221481323,0.13578735869337624,4,0.083081948813231,3.142680310118769e-05,200,5.7904973983764645,0.32929762267812485,1,inf,nan,30,130.72656490802765,0.502776820892407,5,inf,nan,50,130.79678205251693,0.41347134167155497,5,inf,nan,100,130.8602275133133,0.06239332088570395,5,inf,nan,200,130.9188904643059,0.11729210128378179,5
Health-ClosedPRs0004,10000,0.4155424762039079,0.10761285133012603,30,0.4722526431083679,0.0038872991246242444,4,0.3554308863101666,0.06533487151839291,50,0.9819209337234497,0.03412566407370391,3,0.33611120885282525,0.04162916165656231,100,2.7792784214019775,0.09911536364781058,2,0.3183911096567654,0.032902090830117255,200,5.180842101573944,0.23861678447396284,1,inf,nan,30,130.80550899505616,0.27805792516472666,5,inf,nan,50,130.86243305206298,0.06874881334965759,5,inf,nan,100,130.72229439020157,0.4601547230175332,5,inf,nan,200,130.78058087825775,0.42613188859718604,5
Health-ClosedPRs0005,10000,0.002297823370419472,0.0028698827932502153,30,0.4861578464508057,0.006248648313441166,4,0.0006820740688842569,0.0008614834628515406,50,0.8276688575744628,0.031218529373787593,3,0.0002073370959672844,0.0004848815383960307,100,2.1678108096122743,0.17022416382537692,2,4.527621103070348e-06,1.3961610562883052e-05,200,4.934553551673889,0.31717639504341394,1,inf,nan,30,130.91085158586503,0.6007075420642314,5,inf,nan,50,130.91624006032944,0.13147705310675595,5,inf,nan,100,130.75944501161575,0.32788988310216244,5,inf,nan,200,130.8314677476883,0.11790605111633205,5
Health-ClosedPRs0006,10000,0.37100729034632846,0.12058042679623816,30,0.5552054405212402,0.008063728541694876,4,0.2798952097863339,0.10605884540343133,50,0.966616153717041,0.037637307654773015,3,0.22478321386588712,0.08542340304471044,100,2.766181492805481,0.07366077943493829,2,0.18920315499374132,0.07765140192503076,200,5.347454035282135,0.4394925782532707,1,inf,nan,30,130.89658439159393,0.13861862311919626,5,inf,nan,50,130.79157269001007,0.36396775393393516,5,inf,nan,100,130.85058900117875,0.09961935128527644,5,inf,nan,200,130.79622855186463,0.6176915874380463,5
Health-ClosedPRs0007,10000,0.12517115086015979,0.06986684822940038,30,0.6561476707458496,0.003462272977477455,4,0.09205785052676382,0.03905860177154526,50,0.9007498621940613,0.04866126465965866,3,0.06467082196091065,0.025948984789225363,100,2.097175407409668,0.09149003485985308,2,0.050784979824020804,0.0163811988942312,200,5.122134578227997,0.44992501710175414,1,inf,nan,30,130.93931447267533,0.23400208943188272,5,inf,nan,50,130.8644825220108,0.08828337681091303,5,inf,nan,100,130.94330177307128,0.24551982484063192,5,inf,nan,200,130.73566281795502,0.4817688763836772,5
Health-ClosedPRs0008,10000,0.6656898869329861,0.08978477018113905,30,0.7198309779167176,0.008543045070173528,4,0.6193870780140072,0.056388162127454275,50,1.4348556280136109,0.043646939021845355,3,0.6013804982015969,0.031337707838986886,100,2.107730448246002,0.09636811992560465,2,0.5775668025630234,0.0163463532178252,200,6.660654413700104,0.1491592321545887,1,inf,nan,30,130.87344566583633,0.022256434677447385,5,inf,nan,50,130.78011999130248,0.2047936709459827,5,inf,nan,100,130.7347325563431,0.3923926950875181,5,inf,nan,200,130.88354437351228,0.028869352886194907,5
Health-ClosedPRs0009,10000,0.5636417330908162,0.11994995874913522,30,0.6410507082939148,0.004290091564463848,4,0.5414945790497884,0.11634740515108814,50,0.9712330222129821,0.03965857169535011,3,0.4992604553848087,0.11575221622996715,100,2.356380808353424,0.18267018037769864,2,0.4169716976940002,0.08408622761272408,200,5.635240161418915,0.4647415236179777,1,inf,nan,30,130.85450413227082,0.06900104734925654,5,inf,nan,50,131.09841368198394,0.6584933888311817,5,inf,nan,100,130.78818838596345,0.6230835650500639,5,inf,nan,200,130.7599251627922,0.053886340626539464,5
Health-ClosedPRs0010,10000,0.4727297011511363,0.061374856842373635,30,0.5163657069206238,0.007847635743571642,4,0.4549404365281002,0.061613758722262525,50,0.9445401906967164,0.041554785755955545,3,0.41895579051129184,0.04905009657334587,100,2.059606683254242,0.0623636565121121,2,0.3681171651992586,0.05870641036444237,200,5.098499059677124,0.30537802501145134,1,inf,nan,30,131.13297864198685,0.7533494601842711,5,inf,nan,50,130.76203907728194,0.2819644216803231,5,inf,nan,100,130.7416934132576,0.42675330605456563,5,inf,nan,200,130.79282267093657,0.24917360233030492,5
Health-ClosedPRs0011,10000,0.0,0.0,30,0.48637934923172,0.006237670050031079,1,0.0,0.0,50,0.9160919308662414,0.06674256266328603,2,0.0,0.0,100,1.924985945224762,0.06186623869423135,3,0.0,0.0,200,4.793130254745483,0.20863467389451776,4,inf,nan,30,130.9593760728836,0.21113282685629772,5,inf,nan,50,131.00058513879776,0.3678232289282282,5,inf,nan,100,130.77963836193084,0.36914087765853326,5,inf,nan,200,130.9695762872696,0.2394832558485084,5
Health-Commits0000,10000,0.2486454239688778,0.056883729896415026,30,0.4917084813117981,0.011167565679719249,4,0.2265318271623741,0.052055389450509755,50,0.8556015133857727,0.03497156609114653,3,0.22013590846263598,0.04949241478673432,100,1.9777395129203796,0.057683917119413536,2,0.17358281017790853,0.05493486160612948,200,4.866802644729614,0.3195618400275495,1,inf,nan,30,130.77238051891328,0.49088822639500346,5,inf,nan,50,131.1140719652176,0.9268645052823226,5,inf,nan,100,130.7303725838661,0.4900292892498123,5,inf,nan,200,130.78983461856842,0.39242820781325977,5
Health-Commits0001,10000,0.16496217525873466,1.4663096647481208e-05,30,0.5553410530090332,0.0077360830567129914,4,0.16495727028645774,2.2592333665331856e-07,50,0.9680388689041137,0.030409066843518462,3,0.16495721976846375,1.1637151047855192e-16,100,2.372627067565918,0.30608891813084965,2,0.16495721976846373,1.1878539877015347e-16,200,4.038418543338776,0.2593549885384614,1,inf,nan,30,130.94648430347442,0.5031512090814643,5,inf,nan,50,130.74808611869813,0.43984197212357756,5,inf,nan,100,131.15068551301957,0.678660059885172,5,inf,nan,200,130.83352596759795,0.2712254979390174,5
Health-Commits0002,10000,0.4790269947021226,0.07293861639831681,30,0.5284394145011901,0.0030569014872408808,4,0.4789936933670007,0.07292754218940657,50,0.6660313248634339,0.03270060083954139,3,0.47624543609190184,0.07296429469056519,100,2.249221694469452,0.05862145297364149,2,0.4349413555561978,0.10731008179534761,200,3.865454924106598,0.2820421205995952,1,inf,nan,30,130.9021898508072,0.2869218211880265,5,inf,nan,50,130.83133201599122,0.4413791866921185,5,inf,nan,100,130.87245004177095,0.0904567183602645,5,inf,nan,200,130.95499967336656,0.31249843437116653,5
Health-Commits0003,10000,0.37248242160830036,0.03908197118598126,30,0.3856216549873352,0.0026683294205274463,4,0.3561103501171463,0.033903996035042246,50,0.658072316646576,0.029307092730214153,3,0.3348919191012051,0.022754543303383952,100,1.6365634441375732,0.06093593858589927,2,0.32007105231859523,0.02423400393013851,200,3.8464947938919067,0.26357742634764925,1,inf,nan,30,130.77821484804153,0.40879448955140996,5,inf,nan,50,130.91368997097015,0.42296674999564826,5,inf,nan,100,130.75932748317717,0.4027454359386791,5,inf,nan,200,130.88714040517806,0.08683620950673593,5
Health-Commits0004,10000,0.22543534421884764,0.0022099899363566392,30,0.4356468081474304,0.017007497620104905,4,0.22497941318730516,0.002854064787828134,50,0.6653167247772217,0.033713951645458075,3,0.22301427287780534,0.005447528133370631,100,1.4979013442993163,0.04434906347617761,2,0.22249450689546085,0.005268113994278602,200,2.5429794073104857,0.3027336675437676,1,inf,nan,30,130.7957895040512,0.32155112033064903,5,inf,nan,50,130.77493147850038,0.4168851468413,5,inf,nan,100,130.93392087221144,0.28898765837866697,5,inf,nan,200,130.80053157806395,0.3946506234876331,5
Health-Commits0005,10000,0.208725716327814,0.021555341212820357,30,0.3700156569480896,0.0019280661971561972,4,0.19470476755925584,0.018186086612380768,50,0.6426334261894227,0.02495095381444366,3,0.18718379103278432,0.012987188447460933,100,1.7139230847358704,0.2073520082578716,2,0.1796891837916513,0.012737177428199105,200,2.9368244886398314,0.28976458595054766,1,inf,nan,30,130.76480981111527,0.33057589416768896,5,inf,nan,50,130.89953656196593,0.2364040891313395,5,inf,nan,100,130.7548962712288,0.30670476436362343,5,inf,nan,200,130.95569338798524,0.4003636962464783,5
Health-Commits0006,10000,0.30017920992280356,0.01281400559968776,30,0.5383723855018616,0.0065803486842913594,4,0.29820028017358907,0.0126862337315933,50,0.6562366127967835,0.025006814858741233,3,0.2884808234613599,0.015017235192599045,100,1.5279850363731384,0.05327230045832838,2,0.27674596584873057,0.015269706594491627,200,2.5649174571037294,0.2990164491920413,1,inf,nan,30,130.79126056432725,0.30540953441456126,5,inf,nan,50,130.81267642974854,0.2846857917836734,5,inf,nan,100,130.8043270111084,0.22848745940967877,5,inf,nan,200,130.78163522481918,0.24282301484667615,5
Health-Commits0007,10000,0.23115860683853873,0.026616379308362494,30,0.6691062211990356,0.01733532258709313,4,0.22081030612760064,0.026567017461846303,50,0.6910172462463379,0.03886069516728558,3,0.2027531979157715,0.01514059125649795,100,1.6379388213157653,0.05989802181674057,2,0.19756694711008183,0.013482266789721635,200,5.516684556007386,0.43411704995909617,1,inf,nan,30,130.7315134048462,0.3119120067682764,5,inf,nan,50,130.78030759096146,0.35175745586709756,5,inf,nan,100,130.86841814517976,0.06029886188626401,5,inf,nan,200,130.90208797454835,0.18198564954167337,5
Health-Commits0008,10000,0.3899038416412234,0.02532761378934381,30,0.682447612285614,0.016782800643660032,4,0.37957343450016073,0.025025347740704394,50,0.6527822375297546,0.02426134452626358,3,0.36129719729974485,0.018999974810176064,100,1.5039117813110352,0.042223972036635984,2,0.3474980631568897,0.021973855150398416,200,3.1635182380676268,0.2895332231886718,1,inf,nan,30,130.74687784910202,0.45491139645830286,5,inf,nan,50,131.05463573932647,0.9179877682173841,5,inf,nan,100,130.85449746847152,0.046988601006359085,5,inf,nan,200,130.8033600330353,0.18992305227519501,5
Health-Commits0009,10000,0.13994713774822973,0.005118362680112246,30,0.407909619808197,0.005462593069560298,4,0.13840227026187882,0.005259649931268638,50,0.6517923712730408,0.025550153796998203,3,0.1355009552726139,0.005317917043591762,100,2.2751054644584654,0.12019923331870526,2,0.13195084481956193,0.006016764782376736,200,4.203132319450378,0.33326658086984323,1,inf,nan,30,130.93457617759705,0.3382886193128322,5,inf,nan,50,130.8319810628891,0.09670360909568987,5,inf,nan,100,130.8081182718277,0.2008083258995811,5,inf,nan,200,130.84575731754302,0.1722642884251625,5
Health-Commits0010,10000,0.3029837329382225,0.016479194815365958,30,0.42367494106292725,0.016280614747655298,4,0.298294455158775,0.013291033916631964,50,1.1931712746620178,0.05938148814195984,3,0.2900942009487451,0.008024497064601776,100,1.4934849381446837,0.042528502480925254,2,0.286117744487492,0.007967679994317961,200,3.0022534132003784,0.2890700392422705,1,inf,nan,30,130.7746578335762,0.2988597174321843,5,inf,nan,50,130.75918159484863,0.40887587716301343,5,inf,nan,100,130.9035048365593,0.24409526834836703,5,inf,nan,200,130.82809332609176,0.14165583635748435,5
Health-Commits0011,10000,0.042710024895647625,0.05156914900816923,30,0.406006908416748,0.004706333328520117,4,0.025238950955645538,0.019714355059324517,50,1.080964159965515,0.08096385325145095,3,0.012186903572664543,0.012322101531001805,100,2.664109539985657,0.06643451706393474,2,0.00800720449174967,0.006398518716900408,200,2.8723323702812196,0.28841070135041685,1,inf,nan,30,130.68374700546264,0.5039864918354457,5,inf,nan,50,130.78567348718644,0.3620490248547559,5,inf,nan,100,130.82737534046174,0.22433863850610095,5,inf,nan,200,130.89368345737458,0.16999486147181558,5
LLVM,1024,inf,nan,30,3.337860107421875e-06,3.544769008994237e-07,1,inf,nan,50,5.9247016906738285e-06,8.12300697167302e-07,1,inf,nan,100,3.564357757568359e-06,1.8181705042830076e-06,1,inf,nan,200,3.516674041748047e-06,6.557936718704472e-07,1,inf,nan,30,130.94630477428436,0.3130838204157345,1,inf,nan,50,131.02887551784517,0.06835222629966432,1,inf,nan,100,131.06637704372406,0.2103185468378491,1,inf,nan,200,130.8871141910553,0.4488997408576306,1
PostgreSQL,19008,inf,nan,30,6.99758529663086e-06,3.0061199755447456e-06,1,inf,nan,50,5.567073822021485e-06,1.996664294622273e-06,1,inf,nan,100,5.125999450683594e-06,1.9096999983646505e-06,1,inf,nan,200,5.602836608886719e-06,2.738674776372552e-06,1,inf,nan,30,130.9398070335388,0.1768193524457894,1,inf,nan,50,130.89795664548873,0.035952411324540016,1,inf,nan,100,130.75228408575057,0.5279016083564958,1,inf,nan,200,130.82649071216582,0.3494544062134508,1
SQL_AllMeasurements,4653,inf,nan,30,4.0888786315917965e-06,9.607846817631138e-07,1,inf,nan,50,5.197525024414063e-06,1.7376084337891345e-06,1,inf,nan,100,5.221366882324218e-06,2.6738933017483486e-06,1,inf,nan,200,4.994869232177734e-06,2.955130217842893e-06,1,inf,nan,30,130.99000667333604,0.23870631246497237,1,inf,nan,50,130.92024151086807,0.17722815027818387,1,inf,nan,100,130.78452122211456,0.4605920643530183,1,inf,nan,200,130.88717867136,0.3492960030829989,1
SS-A,1343,0.2683921275797687,0.2441535302681266,30,0.3790465235710144,0.007436568609742124,4,0.15305953089869506,0.17416329487911678,50,0.9632568955421448,0.03960192672559131,3,0.0780069767353714,0.05143276416788394,100,1.040799582004547,0.03726993799573243,2,0.06099008473028287,0.02729291669888399,200,2.0611549019813538,0.2935253871616769,1,inf,nan,30,130.97035491466522,0.14851826888519665,5,inf,nan,50,130.9912936925888,0.1228757236641158,5,inf,nan,100,131.00194770097733,0.0598398231265291,5,inf,nan,200,130.99903724193572,0.12962783338930398,5
SS-B,206,0.22822631121460235,0.0808815226959276,30,0.36896164417266847,0.004294692524869595,4,0.19478744345962512,0.05727945015702542,50,0.7268393754959106,0.04522933557831565,3,0.1605072836462455,0.025632829659870238,100,1.1999996662139893,0.1459030890423638,2,0.15691464384834614,0.023994519986039464,200,2.6206478118896483,0.20312990751153698,1,inf,nan,30,131.00506018400193,0.09718438020049477,5,inf,nan,50,130.87366399765014,0.3951508238705223,5,inf,nan,100,131.05889323949813,0.3431662983462697,5,inf,nan,200,130.94700566530227,0.14297490822836068,5
SS-C,1512,0.4882238932496814,0.11859611966098518,30,0.33527623414993285,0.005008523687230741,4,0.44893023918265335,0.13070592776601173,50,0.6267029047012329,0.008620112290416907,3,0.40584440628569096,0.13887321573776965,100,1.8545941472053529,0.053851913335895556,2,0.32574024196203133,0.10441577485595435,200,2.096332061290741,0.3452813432766748,1,inf,nan,30,131.02742751836777,0.3483177779788817,5,inf,nan,50,130.9843062400818,0.10827220425956456,5,inf,nan,100,130.93514333963395,0.03679356611429052,5,inf,nan,200,130.9990883946419,0.20355402960668256,5
SS-D,196,0.44287036407575187,0.020307235543293323,30,0.37500089406967163,0.009292325780377064,4,0.4390759362914653,0.023388462824953327,50,0.8280874252319336,0.005285891505321408,3,0.4259616245978929,0.02696023392095814,100,1.4756062746047973,0.04823027984638833,2,0.4053510723565875,0.019833969193844656,200,3.734482932090759,0.2687705819145167,1,inf,nan,30,130.99412043094634,0.06917587054161892,5,inf,nan,50,130.91800752878189,0.2113982256055899,5,inf,nan,100,131.01759712696077,0.17120944998218637,5,inf,nan,200,130.93176113367082,0.2165767137942371,5
SS-E,756,0.17108287205026756,0.026685110558556102,30,0.3771378517150879,0.0034367560719826638,4,0.16193339197536694,0.014565586952014627,50,0.8284128069877624,0.00289890679017772,3,0.15459488995477838,0.004903378524374735,100,1.4551815867424012,0.055838808464757354,2,0.15223225729341827,0.002151090967461036,200,2.712786889076233,0.2382779574400436,1,inf,nan,30,130.98401153087616,0.13972387445589546,5,inf,nan,50,130.96435042619706,0.026271570838047813,5,inf,nan,100,130.89223231077193,0.2349171970461143,5,inf,nan,200,130.99206610918046,0.11558089656297725,5
SS-F,196,0.44376178650774734,0.021110606581908734,30,0.40946767330169676,0.007053150321245616,4,0.4382271513372128,0.02193594653094581,50,0.5840568900108337,0.0035025183638335714,3,0.42521714880729755,0.023778690853787803,100,1.421950387954712,0.04830769505827749,2,0.4083144241681283,0.02054560861330747,200,4.913775408267975,0.09277163069591672,1,inf,nan,30,130.90860871076583,0.4020647050887896,5,inf,nan,50,131.05184540748596,0.2850345547993875,5,inf,nan,100,130.89946147203446,0.35115204401946903,5,inf,nan,200,130.85600477457047,0.518256967465911,5
SS-G,196,0.4413742493203462,0.017853383219226544,30,0.32954044342041017,0.0025420089119426864,4,0.43834349659011274,0.019973488769408604,50,0.6370166420936585,0.0033181676752212855,3,0.42759787700927154,0.025311515824763906,100,1.0346974730491638,0.03328360763116217,2,0.4106590481940035,0.023504089888356672,200,3.2413654685020448,0.09393984664419532,1,inf,nan,30,130.89154076576233,0.45658846546027104,5,inf,nan,50,130.9977656006813,0.00916371429224466,5,inf,nan,100,130.92820135354995,0.2447424084743435,5,inf,nan,200,130.93377252817154,0.27454536493209136,5
SS-H,259,0.5716667981940897,0.1297222687925328,30,0.40909950733184813,0.03671362362234267,4,0.5328668195616132,0.12109090712601867,50,0.6850059032440186,0.02770684795232577,3,0.47735767936784307,0.10514968150588509,100,1.8015741109848022,0.132486730928591,2,0.4384933274457746,0.08220744026156293,200,3.6000152945518495,0.26918549571388806,1,inf,nan,30,130.83913326263428,0.5507604275421012,5,inf,nan,50,131.06954483985902,0.30920316969518935,5,inf,nan,100,130.99697914123536,0.012726366547269658,5,inf,nan,200,131.0721776366234,0.3507325703726644,5
SS-I,1080,0.13366608400728713,0.10271419787357407,30,0.25821971893310547,0.0017265915688489135,4,0.08600296918492684,0.08110194605801017,50,0.7608461856842041,0.03784838375925649,3,0.039823069226514164,0.04350898681953737,100,1.4877380728721619,0.1735107691633814,2,0.028338963788819126,0.03756417348249644,200,3.7841302275657656,0.39935104954447337,1,inf,nan,30,130.90025589466094,0.3771659905104071,5,inf,nan,50,130.90775017738343,0.3660655900864037,5,inf,nan,100,130.82099624872208,0.5512063262701243,5,inf,nan,200,130.93531897068024,0.23983363465673052,5
SS-J,3840,0.07894919951129688,0.0064984847266790725,30,0.2689831376075745,0.004569097803625866,4,0.07650293256680443,0.006104813449739672,50,0.5458094239234924,0.03178753727286562,3,0.07229191122737755,0.0034033697683853964,100,1.3422385454177856,0.17102418908995473,2,0.07048095649690753,0.003469862055740918,200,3.2249155044555664,0.24862333882800317,1,inf,nan,30,130.8463534116745,0.4667303551103079,5,inf,nan,50,130.96587088108063,0.06793097275158533,5,inf,nan,100,130.88095380067824,0.13788935701559865,5,inf,nan,200,130.9233660697937,0.1335125297689291,5
SS-K,2880,0.08617487341583427,0.02004448996934231,30,0.30291311740875243,0.008944796276868202,4,0.07711012898361748,0.015873475342972218,50,0.4904020428657532,0.02422445642418673,3,0.07163212978423365,0.009455658045316619,100,1.0876863479614258,0.1970846371292166,2,0.0691138628412086,0.007226963149674851,200,5.331217253208161,0.09429761909440837,1,inf,nan,30,131.02805470228196,0.26060337393510147,5,inf,nan,50,130.8810494542122,0.388273340091195,5,inf,nan,100,130.82214480638504,0.41821554087295687,5,inf,nan,200,130.88047137260438,0.3798991867045798,5
SS-L,1023,0.23951911117232805,0.09071262476209946,30,0.31291555166244506,0.004547207977913586,4,0.1864572406894793,0.008899256188664748,50,0.5301846742630005,0.02510436320654097,3,0.18021691389779618,0.007700557405020689,100,1.4034692764282226,0.18235506671992305,2,0.17461484820604617,0.004301690327751718,200,2.6416006684303284,0.3628006363067001,1,inf,nan,30,130.99697561264037,0.1119723262813095,5,inf,nan,50,130.9438357591629,0.20879085642645312,5,inf,nan,100,131.0458014369011,0.2542346993244334,5,inf,nan,200,131.03578400611877,0.20225660486284072,5
SS-M,864,0.006999352919758339,0.0030913591902327958,30,0.4211602330207825,0.02477841585809733,4,0.006142010774642975,0.003004463480572035,50,0.8092981457710267,0.04909643177579256,3,0.004903540541610971,0.0017689546112412858,100,1.47592796087265,0.28250125291723205,2,0.00425128069615052,0.00043084461485331144,200,3.7392643690109253,0.3750583334871093,1,inf,nan,30,131.00300563573836,0.1670238804930422,5,inf,nan,50,130.94679729938508,0.11292344552350973,5,inf,nan,100,130.90069555044175,0.2941536344098487,5,inf,nan,200,130.83180224895477,0.46230315859840604,5
SS-N,53662,0.15955840496646895,0.012435085642560169,30,0.3560522794723511,0.03962733214087213,4,0.15533131373809855,0.009837555466692408,50,0.6383454084396363,0.03377372136243696,3,0.152621294359031,0.007671389585180896,100,1.6872274994850158,0.14895801407414674,2,0.14815011822791427,0.005444565270449779,200,3.523787486553192,0.24975977810450004,1,inf,nan,30,130.11313341856004,0.21152020083947315,5,inf,nan,50,130.24794842004775,0.1886724059752194,5,inf,nan,100,130.21991629600524,0.28367360777748063,5,inf,nan,200,130.2001075387001,0.2620866718695677,5
SS-O,972,0.19320658482554195,0.009716982380312128,30,0.44062368869781493,0.003526279724716859,4,0.19036957867855636,0.007992121310508176,50,0.7689372777938843,0.03138710612886367,3,0.18640233480613416,0.006355546536522311,100,1.1785688996315002,0.2225562719426229,2,0.1820907451670557,0.002711948822582721,200,3.316296064853668,0.3083323420700089,1,inf,nan,30,131.03755323886872,0.19687928969161314,5,inf,nan,50,130.99556422233582,0.008054437556515439,5,inf,nan,100,131.0399627685547,0.21430474216435963,5,inf,nan,200,130.9101037979126,0.21520990391056205,5
SS-P,1023,0.23951911117232805,0.09071262476209946,30,0.3143002033233643,0.006473331734485415,4,0.1864572406894793,0.008899256188664748,50,0.5259345173835754,0.02496224843444194,3,0.18021691389779618,0.007700557405020689,100,2.2532287716865538,0.3011760335829083,2,0.17461484820604617,0.004301690327751718,200,6.792751288414001,0.17686068891356127,1,inf,nan,30,130.94302566051482,0.22107489643734837,5,inf,nan,50,131.04867955446244,0.23796260889572518,5,inf,nan,100,131.05435318946837,0.27662245273092523,5,inf,nan,200,130.86150636672974,0.4473514663999041,5
SS-Q,2736,0.06553146780915102,0.016349887378382666,30,0.40871357917785645,0.02361047206364458,4,0.06133596825796941,0.001983324622832447,50,0.7348748326301575,0.005737771492372773,3,0.06032341729525507,0.0010457414632843696,100,1.7071547269821168,0.24094528674176746,2,0.059470544488192625,0.0010063615185295538,200,10.077076077461243,0.13133573117872302,1,inf,nan,30,130.7743961572647,0.49776830399577965,5,inf,nan,50,130.81092270612717,0.4088747872457682,5,inf,nan,100,130.82631628513337,0.2118997295757145,5,inf,nan,200,130.8361114025116,0.43174704905081285,5
SS-R,3008,0.18792468295609027,0.02207376063704399,30,0.44974571466445923,0.029977106280918767,4,0.18490170562671596,0.01855049291761344,50,0.6565920114517212,0.03477534398824309,3,0.17831459886450665,0.007977825328980632,100,2.3373775243759156,0.22056110563669445,2,0.17406588675186813,0.00843075314826626,200,5.155983579158783,0.5539754483344804,1,inf,nan,30,130.98482201099395,0.14033428587748215,5,inf,nan,50,130.90982981920243,0.19642808880962354,5,inf,nan,100,130.90967156887055,0.14136398719776833,5,inf,nan,200,130.82615879774093,0.3551473066918631,5
SS-S,3840,0.10274549547816618,0.05370727331042238,30,0.2667119145393372,0.0012253138173825054,4,0.08354922161562993,0.0387141015133284,50,0.8177111744880676,0.06827142823631763,3,0.05181474638880192,0.03596791431547965,100,1.3286443829536438,0.046212251003586086,2,0.026573900778219008,0.014287240166987491,200,2.4550001502037047,0.3081661816221572,1,inf,nan,30,130.92122086286545,0.12354240892281214,5,inf,nan,50,130.85384818315507,0.4205903600728696,5,inf,nan,100,130.8055740714073,0.44058346218553135,5,inf,nan,200,130.9081463932991,0.16527193663459291,5
SS-T,5184,0.0585587227853143,0.021912774344828252,30,0.4145176649093628,0.0024178855488983814,4,0.05317353513375452,0.02126000663268976,50,1.0406882405281066,0.04223996526006409,3,0.040625836786425874,0.015820501607032165,100,2.0831648826599123,0.06688233431427483,2,0.02995785649776588,0.011134536928060759,200,5.931638073921204,0.06502931476570158,1,inf,nan,30,130.98683267831802,0.2897934400267272,5,inf,nan,50,130.907412981987,0.0859420986179777,5,inf,nan,100,130.99869385957717,0.3628513206164868,5,inf,nan,200,130.79966101646423,0.36742611434113165,5
SS-U,4608,0.2652660596080249,0.025427167654510113,30,0.6128514409065247,0.04188698037325119,4,0.25690269266329707,0.02247738337474947,50,1.241264283657074,0.06369304177313405,3,0.24586449697727306,0.012574675125129274,100,1.8240284085273744,0.18552086074732968,2,0.24000467747290655,0.0091165518436406,200,6.287765431404114,0.13510809166134807,1,inf,nan,30,130.89675668478012,0.09239582781964426,5,inf,nan,50,130.82979637384415,0.41255879993489003,5,inf,nan,100,130.9634754061699,0.2312974747876302,5,inf,nan,200,130.83801423311235,0.3332171526765907,5
SS-V,6840,0.15379871087948216,0.05209622435521021,30,0.695443081855774,0.04633397486679054,4,0.1524345372674689,0.05124217324293542,50,1.1267190456390381,0.05706917473128263,3,0.13071389936992206,0.06553813414864333,100,2.9753950476646422,0.1025532433674386,2,0.09377048308694606,0.07010086964351232,200,8.709676086902618,0.09687415380084619,1,inf,nan,30,130.88525213003157,0.08224300514479092,5,inf,nan,50,130.831440448761,0.1685661688804901,5,inf,nan,100,130.97202444076538,0.30067158057271015,5,inf,nan,200,130.77233724594117,0.5325754850350687,5
SS-W,65536,0.34119105177329356,0.02459499000231897,30,0.5649993062019348,0.05390898971587187,4,0.3290674576233288,0.025278814974577353,50,0.6734475135803223,0.06438497937996152,3,0.317833592928233,0.021174026258973872,100,2.9933541774749757,0.10690206695238642,2,0.3081866897895603,0.01866755200573143,200,6.112765669822693,0.09561742959668239,1,inf,nan,30,130.2838779091835,0.5057613770686528,5,inf,nan,50,130.40408260822295,0.20828015728688482,5,inf,nan,100,130.40169075727462,0.46760343594014414,5,inf,nan,200,130.46669912338257,0.4806887955446946,5
SS-X,86058,0.313612532301593,0.09304731665367064,30,0.5367896676063537,0.004348565848238385,4,0.2628921220050585,0.07003803514844353,50,0.8393243670463562,0.06080946692664687,3,0.2352280143113426,0.03794576858655767,100,2.573560047149658,0.08948367671264701,2,0.22250453746903714,0.012497141587204419,200,3.277202534675598,0.1304029041524528,1,inf,nan,30,130.00777997970582,0.10542216215467887,5,inf,nan,50,130.01819403171538,0.2631712022873,5,inf,nan,100,130.13495512008666,0.370972544062196,5,inf,nan,200,130.03543561697006,0.04152439467659129,5
Scrum100k,100000,0.3975751586674451,0.03069815062151051,30,0.6536888957023621,0.12672341583869534,4,0.3826807453580922,0.02627602014755677,50,1.359353506565094,0.19918520841330684,3,0.3705424713095016,0.022637195067460127,100,2.177968418598175,0.20177841345584419,2,0.3580041235041781,0.021592013170030292,200,10.800811648368835,0.7789955555151771,1,inf,nan,30,130.85057487487794,0.577824584045964,5,inf,nan,50,130.85343012809753,0.2695604230488583,5,inf,nan,100,131.31151498556136,0.7014391403415647,5,inf,nan,200,131.26333712339402,0.6548528767002445,5
Scrum10k,10000,0.3666410417131294,0.0295487892033517,30,0.64258291721344,0.05017606160318632,4,0.35892720736623296,0.031415968589845945,50,1.2792486548423767,0.08507998442398407,3,0.33433862705449807,0.025315202647772345,100,1.5864215731620788,0.2504468093764933,2,0.3202012511482227,0.01694395474446455,200,4.33412150144577,0.3114272294707429,1,inf,nan,30,130.36827512979508,0.4375395234170029,5,inf,nan,50,130.4942380666733,0.47060808498956824,5,inf,nan,100,130.60940561294555,0.3611248476272983,5,inf,nan,200,130.55552674531936,0.03826564276790194,5
Scrum1k,1000,0.33522312479779676,0.03540387714866313,30,0.6107490658760071,0.014187025035474752,4,0.31962593324618116,0.028940880132389064,50,1.3616183042526244,0.05837099186969585,3,0.3100377354635372,0.024855826987337452,100,2.609231507778168,0.2701032651822531,2,0.2982656031522944,0.02152619423520965,200,3.881065106391907,0.3673192257064982,1,inf,nan,30,130.8154766201973,0.30958359436298427,5,inf,nan,50,130.83423206806182,0.3781136381789274,5,inf,nan,100,130.97250612974167,0.22970778456426924,5,inf,nan,200,130.98724114894867,0.2884880847588213,5
X264_AllMeasurements,1152,inf,nan,30,3.886222839355469e-06,1.4202266867977314e-06,1,inf,nan,50,2.968311309814453e-06,5.10032778613671e-07,1,inf,nan,100,4.5299530029296875e-06,1.5315152522029232e-06,1,inf,nan,200,3.4332275390625e-06,1.9568984071448405e-07,1,inf,nan,30,131.077481508255,0.29977774713043553,1,inf,nan,50,131.07608476877212,0.3317355631372469,1,inf,nan,100,131.0015831232071,0.0579118225440474,1,inf,nan,200,130.91692554950714,0.29328319424293414,1
billing10k,10000,0.41300710683806097,0.021833777962196446,30,0.6295977234840393,0.06971740412701907,4,0.4020300885620286,0.018046503201050276,50,1.4186542630195618,0.07117465978228255,3,0.3921598283059703,0.012542743089268175,100,3.1076473593711853,0.22534661451342336,2,0.3835858378702097,0.010914900104662272,200,16.618065333366395,0.11998389634578523,1,inf,nan,30,130.41152988672258,0.24445993345533404,5,inf,nan,50,130.51105870008467,0.05143890550306647,5,inf,nan,100,130.45744178295135,0.0813984493392047,5,inf,nan,200,130.4491784930229,0.14775765123230378,5
coc1000,1000,0.35818498359109835,0.011156087370529814,30,1.0614098906517029,0.056057403438213235,4,0.352640663319512,0.009491487290893365,50,1.7091225743293763,0.1341025445538482,3,0.3506012291579105,0.007946807521814208,100,4.494173324108123,0.29472723365939824,2,0.3441660323868514,0.006715221619677254,200,11.315977013111114,1.3229695326175537,1,inf,nan,30,130.74772744178773,0.10586591949838588,5,inf,nan,50,130.88845812082292,0.07496125903480697,5,inf,nan,100,130.91000998020172,0.22833639046105533,5,inf,nan,200,130.95524218082429,0.29240748082482376,5
dataset120,5160,inf,nan,30,4.601478576660156e-06,2.469372990117328e-06,1,inf,nan,50,4.661083221435547e-06,2.8615196114825764e-06,1,inf,nan,100,3.910064697265625e-06,1.7042298929130862e-06,1,inf,nan,200,5.280971527099609e-06,2.044050115387037e-06,1,inf,nan,30,130.92616428136824,0.033415186316625,1,inf,nan,50,130.86052334308624,0.26038344151920817,1,inf,nan,100,130.8442735671997,0.3162415371204384,1,inf,nan,200,130.7586609363556,0.5166512494585042,1
dataset600,5160,inf,nan,30,4.13656234741211e-06,1.8472278146012623e-06,1,inf,nan,50,4.255771636962891e-06,1.8856974904878785e-06,1,inf,nan,100,4.541873931884766e-06,3.4898855056728716e-06,1,inf,nan,200,3.933906555175781e-06,2.1275646163284363e-06,1,inf,nan,30,130.93878232240678,0.09716076585018052,1,inf,nan,50,130.91845401525498,0.014284721332919312,1,inf,nan,100,130.76961143016814,0.49942543998029487,1,inf,nan,200,130.99935512542726,0.36334355746704816,1
dconvert,6764,inf,nan,30,4.458427429199219e-06,2.231341556200955e-06,1,inf,nan,50,4.684925079345703e-06,2.512818481272608e-06,1,inf,nan,100,4.613399505615235e-06,2.236932347465873e-06,1,inf,nan,200,3.9458274841308595e-06,1.5729065490182446e-06,1,inf,nan,30,130.83362219333648,0.3038324548968846,1,inf,nan,50,130.92845985889434,0.020077604416467824,1,inf,nan,100,130.89485338926315,0.19000873282128514,1,inf,nan,200,130.98575474023818,0.17135926096783954,1
deeparch,4096,inf,nan,30,4.374980926513672e-06,2.2113750223373613e-06,1,inf,nan,50,4.434585571289063e-06,1.406042059399773e-06,1,inf,nan,100,4.220008850097656e-06,2.1100558230162947e-06,1,inf,nan,200,4.267692565917968e-06,2.7770768912595743e-06,1,inf,nan,30,130.88039444684983,0.46152427062123813,1,inf,nan,50,131.00335260629654,0.07391806236580753,1,inf,nan,100,131.05998225212096,0.3515027406270073,1,inf,nan,200,130.92330392599106,0.1416402007568445,1
exastencils,86058,inf,nan,30,4.339218139648437e-06,3.0014637032241195e-06,1,inf,nan,50,4.267692565917968e-06,2.2853911406238607e-06,1,inf,nan,100,4.4941902160644535e-06,2.4292784923434504e-06,1,inf,nan,200,4.339218139648437e-06,2.3110361238643643e-06,1,inf,nan,30,130.2782781124115,0.3098476282334669,1,inf,nan,50,130.32121939659118,0.15754034433128566,1,inf,nan,100,130.1936379790306,0.2404332201970645,1,inf,nan,200,130.40211021900177,0.21151636146016198,1
javagc,166975,inf,nan,30,5.745887756347657e-06,2.941354849489429e-06,1,inf,nan,50,3.588199615478516e-06,1.179414386338288e-06,1,inf,nan,100,3.731250762939453e-06,1.5320523604362413e-06,1,inf,nan,200,7.772445678710938e-06,3.755734921738372e-06,1,inf,nan,30,131.7430661559105,0.22733495171775667,1,inf,nan,50,131.6022915959358,0.07860368354313158,1,inf,nan,100,131.59210127592087,0.6404133274392874,1,inf,nan,200,131.50580689907073,0.15110997079663144,1
nasa93dem,93,0.47047880859227975,0.007214414514796246,30,0.5873443245887756,0.02686611606703837,4,0.46625427915275947,0.003665921435263521,50,0.9362945795059204,0.12556273666794548,3,0.4639936756514139,0.005116754901813034,100,3.5682573437690737,0.12470519119261726,2,0.4591457915157318,0.008033914161897205,200,9.209213626384734,0.2298427244974575,1,inf,nan,30,131.0009351015091,0.12708046645033472,5,inf,nan,50,131.05319374799728,0.3029072927759759,5,inf,nan,100,130.87144845724106,0.3439289944631013,5,inf,nan,200,131.03036824464797,0.2219452353313205,5
pom3a,20000,0.19965495647739195,0.011379914908262236,30,0.5749251484870911,0.004840079211085801,4,0.19362877574170476,0.01411412574531035,50,0.8182732939720154,0.10012198901960712,3,0.18740392500460362,0.013677324588099816,100,2.176241946220398,0.0942872308812259,2,0.1776315384330281,0.01001545324867026,200,2.9974099516868593,0.30996076197566824,1,inf,nan,30,130.37171725034713,0.42078253811231464,5,inf,nan,50,130.46069489717485,0.37838593282778143,5,inf,nan,100,130.61043001413344,0.20382266371493624,5,inf,nan,200,130.45728653669357,0.385414750962957,5
pom3b,20000,0.21201380140763204,0.02266750832763828,30,0.5863812446594239,0.012508837325386244,4,0.19865840495883036,0.014803732474000913,50,0.7173430919647217,0.034298418862749015,3,0.18711049329867646,0.018844572108456283,100,1.84563490152359,0.15570138225880054,2,0.17632053953420748,0.014092378067641222,200,4.891194593906403,0.31557498355752056,1,inf,nan,30,130.54911609888077,0.10870031622425452,5,inf,nan,50,130.4017215371132,0.39434419285856365,5,inf,nan,100,130.63415458202363,0.24533709311670268,5,inf,nan,200,130.6200937628746,0.3223057445579545,5
pom3c,20000,0.34541482775027,0.022318463829187136,30,0.7755085706710816,0.015689395338367152,4,0.3396874749645042,0.01916353733246403,50,1.29116290807724,0.04238939052687607,3,0.32692007792020916,0.019233192216711166,100,2.4073233366012574,0.20346665276870463,2,0.31573570608608936,0.013552024567972892,200,7.970158886909485,0.16446068875139394,1,inf,nan,30,130.56389573812484,0.1451079635315202,5,inf,nan,50,130.54223409891128,0.19279607789036518,5,inf,nan,100,130.44291023015975,0.20426297097999196,5,inf,nan,200,130.43324283361434,0.17805669218357192,5
pom3d,500,0.2076866986780313,0.016338572981116847,30,0.5694484114646912,0.033300643403637954,4,0.2028222208598931,0.01633613130372192,50,1.1924344778060914,0.04099953664097452,3,0.19737401372633187,0.015023140431698305,100,3.132240724563599,0.07895703489499914,2,0.19191774375692847,0.012997668267481555,200,5.863816344738007,0.2769785867052124,1,inf,nan,30,130.8281678676605,0.44244303259486406,5,inf,nan,50,130.96687194108964,0.03641065447696376,5,inf,nan,100,130.93027037382126,0.18909036051166395,5,inf,nan,200,131.0154018163681,0.1948799427952293,5
redis,4400,inf,nan,30,5.352497100830078e-06,3.7020396912087775e-06,1,inf,nan,50,4.76837158203125e-06,1.7070363664369495e-06,1,inf,nan,100,4.303455352783203e-06,4.7353176093209476e-07,1,inf,nan,200,5.221366882324218e-06,1.7277664824445008e-06,1,inf,nan,30,130.82628821134568,0.5132049418874629,1,inf,nan,50,130.96055634021758,0.5446304738291619,1,inf,nan,100,130.92237585783005,0.28929385158874155,1,inf,nan,200,131.0208508014679,0.19811627525857822,1
rs-6d-c3_obj1,3840,inf,nan,30,4.363059997558594e-06,1.4054035781471122e-06,1,inf,nan,50,5.233287811279297e-06,2.2157000578365733e-06,1,inf,nan,100,4.673004150390625e-06,1.0097482007063202e-06,1,inf,nan,200,5.578994750976562e-06,1.9267003989981174e-06,1,inf,nan,30,130.81581537723542,0.47781455563801334,1,inf,nan,50,131.03198611736298,0.23172160108026077,1,inf,nan,100,130.87419748306274,0.41801970205596534,1,inf,nan,200,131.0465101122856,0.3009690634192705,1
rs-6d-c3_obj2,3840,inf,nan,30,6.103515625e-06,1.8311644822380625e-06,1,inf,nan,50,4.780292510986328e-06,2.4674034424748847e-06,1,inf,nan,100,4.673004150390625e-06,1.5381426878428993e-06,1,inf,nan,200,4.5299530029296875e-06,1.6280965494239277e-06,1,inf,nan,30,130.95169674158097,0.14329253436352013,1,inf,nan,50,130.9621155500412,0.10663405627072456,1,inf,nan,100,130.95377653837204,0.15529030621243706,1,inf,nan,200,130.8315101504326,0.46621544014151667,1
sol-6d-c2-obj1,2866,inf,nan,30,5.078315734863281e-06,3.4679779018027226e-07,1,inf,nan,50,6.103515625e-06,2.5764538845838893e-06,1,inf,nan,100,4.13656234741211e-06,4.113197844537619e-07,1,inf,nan,200,4.243850708007813e-06,1.5750449102934044e-06,1,inf,nan,30,131.03117125034333,0.17897713543493401,1,inf,nan,50,130.86122006177902,0.40997746412042824,1,inf,nan,100,131.02043384313583,0.17092714094859665,1,inf,nan,200,130.9519463658333,0.1768705096052011,1
storm,1557,inf,nan,30,4.863739013671875e-06,1.9938528555517004e-06,1,inf,nan,50,4.506111145019531e-06,1.7190868008871844e-06,1,inf,nan,100,4.851818084716797e-06,1.8095937914945589e-06,1,inf,nan,200,5.1140785217285155e-06,1.608639751363275e-06,1,inf,nan,30,131.03986719846725,0.29909224493782355,1,inf,nan,50,131.06957119703293,0.3495790027256237,1,inf,nan,100,131.0050633907318,0.40180889747863413,1,inf,nan,200,131.10150393247605,0.7134716091595388,1
wc+rs-3d-c4-obj1,196,inf,nan,30,4.0888786315917965e-06,1.6667326464989629e-06,1,inf,nan,50,4.231929779052734e-06,2.557193185537315e-06,1,inf,nan,100,3.790855407714844e-06,4.011940031240609e-07,1,inf,nan,200,5.662441253662109e-06,1.7873025910665044e-06,1,inf,nan,30,130.90036227703095,0.47171341171896497,1,inf,nan,50,130.96249026060104,0.1998051854452181,1,inf,nan,100,130.9851685285568,0.1936642607593648,1,inf,nan,200,130.98129802942276,0.1137771759926751,1
wc+sol-3d-c4-obj1,196,inf,nan,30,2.6464462280273437e-06,4.0119400312406097e-07,1,inf,nan,50,2.9206275939941406e-06,5.624753348758573e-07,1,inf,nan,100,2.9087066650390623e-06,4.805869183697423e-07,1,inf,nan,200,3.24249267578125e-06,5.652608682506593e-07,1,inf,nan,30,130.88693861961366,0.530744000034621,1,inf,nan,50,131.04780486822128,0.1875919364682484,1,inf,nan,100,130.92656434774398,0.2912504158635957,1,inf,nan,200,131.07288501262664,0.3147093821090376,1
wc+wc-3d-c4-obj1,196,inf,nan,30,2.932548522949219e-06,3.380609257206432e-07,1,inf,nan,50,3.957748413085938e-06,4.264961199760036e-07,1,inf,nan,100,3.445148468017578e-06,1.322886752972844e-06,1,inf,nan,200,3.3855438232421873e-06,2.8526451187902396e-07,1,inf,nan,30,130.93942499160767,0.3998310447694033,1,inf,nan,50,131.01528002023696,0.03388795228682944,1,inf,nan,100,130.97722147703172,0.13794844225797195,1,inf,nan,200,131.02119928598404,0.13069457121613917,1
wc-6d-c1-obj1,2880,inf,nan,30,4.231929779052734e-06,1.3350432042353807e-06,1,inf,nan,50,4.9710273742675785e-06,1.5782233244107075e-06,1,inf,nan,100,4.398822784423828e-06,1.9221531255360877e-06,1,inf,nan,200,5.161762237548828e-06,1.492485872503262e-06,1,inf,nan,30,130.9013032913208,0.37379051227142096,1,inf,nan,50,130.86149483919144,0.5111945288291216,1,inf,nan,100,130.9677156805992,0.23516720390920784,1,inf,nan,200,131.0015418767929,0.11593307668078214,1
x264,53662,inf,nan,30,4.756450653076172e-06,2.3797583881403922e-06,1,inf,nan,50,6.234645843505859e-06,1.695209131435584e-06,1,inf,nan,100,4.804134368896484e-06,2.1786635956066824e-06,1,inf,nan,200,5.257129669189453e-06,1.72182562110101e-06,1,inf,nan,30,130.36042836904525,0.07451330549688377,1,inf,nan,50,130.4191415309906,0.21626598085691984,1,inf,nan,100,130.2100936293602,0.36836815863408473,1,inf,nan,200,130.43816324472428,0.3163454556105533,1
xomo_flight,10000,0.06796396414646849,0.0289448471505444,30,0.8031575560569764,0.04054517432015783,4,0.05946211180909673,0.02231520200120462,50,1.4941699504852295,0.07644657553828435,3,0.05134083254703033,0.010846301245702591,100,1.9317169427871703,0.2696548813951357,2,0.04546313276108123,0.009126338612434313,200,12.504929304122925,0.35151051976204295,1,inf,nan,30,130.76575661897658,0.3671668294637439,5,inf,nan,50,130.58169496059418,0.2532511399544345,5,inf,nan,100,130.76162663698196,0.3080929744223398,5,inf,nan,200,130.77305073738097,0.3903316528512423,5
xomo_ground,10000,0.08684969165599235,0.027809402399776837,30,0.7970568180084229,0.042380577669559244,4,0.08417905053604073,0.026244556221081725,50,1.8377739548683167,0.060411979793473375,3,0.07229290367665833,0.02113245708775358,100,4.078077828884124,0.32078154250857543,2,0.060191532008938606,0.016250046193051718,200,10.011180686950684,0.5589894696040292,1,inf,nan,30,130.7302508354187,0.10772076603180314,5,inf,nan,50,130.6002249240875,0.21862993079019374,5,inf,nan,100,130.7239681482315,0.10551542776400648,5,inf,nan,200,130.58622269630433,0.4348205187206342,5
xomo_osp,10000,0.07249659340521082,0.02429297591842036,30,0.7708089709281921,0.03386184850401953,4,0.06947392856460174,0.023226984920126443,50,1.5279453992843628,0.05598916545069092,3,0.05981178394264747,0.018942959111886298,100,3.550871026515961,0.06957013791897247,2,0.047623597595048535,0.015323082074064978,200,7.875332152843475,0.2564513022930665,1,inf,nan,30,130.62710165977478,0.13605146216437528,5,inf,nan,50,130.70157885551453,0.042348952401225486,5,inf,nan,100,130.7606452822685,0.29478271400003936,5,inf,nan,200,130.63788225650788,0.18956769626923797,5
xomo_osp2,10000,0.19817127298258458,0.023660266096216857,30,0.5386038780212402,0.032075789957724345,4,0.1915343744330797,0.02172343909670707,50,1.303485596179962,0.05752202242877321,3,0.18396559357413655,0.016762560888383123,100,3.4342016220092773,0.07520535702390753,2,0.17782540484932557,0.016664034810531365,200,5.975677871704102,0.28039108135864066,1,inf,nan,30,130.68045871257783,0.07838418028701141,5,inf,nan,50,130.71005358695984,0.05030555678912618,5,inf,nan,100,130.80213789939882,0.3750707298309748,5,inf,nan,200,130.60365623235703,0.24336224305759926,5
