Dataset,Rows,SMSEMOA-30_mean,SMSEMOA-30_std,SMSEMOA-30_budget,SMSEMOA-30_runtime_mean,SMSEMOA-30_runtime_std,SMSEMOA-30_tier,SMSEMOA-50_mean,SMSEMOA-50_std,SMSEMOA-50_budget,SMSEMOA-50_runtime_mean,SMSEMOA-50_runtime_std,SMSEMOA-50_tier,SMSEMOA-100_mean,SMSEMOA-100_std,SMSEMOA-100_budget,SMSEMOA-100_runtime_mean,SMSEMOA-100_runtime_std,SMSEMOA-100_tier,SMSEMOA-200_mean,SMSEMOA-200_std,SMSEMOA-200_budget,SMSEMOA-200_runtime_mean,SMSEMOA-200_runtime_std,SMSEMOA-200_tier,SPEA2-30_mean,SPEA2-30_std,SPEA2-30_budget,SPEA2-30_runtime_mean,SPEA2-30_runtime_std,SPEA2-30_tier,SPEA2-50_mean,SPEA2-50_std,SPEA2-50_budget,SPEA2-50_runtime_mean,SPEA2-50_runtime_std,SPEA2-50_tier,SPEA2-100_mean,SPEA2-100_std,SPEA2-100_budget,SPEA2-100_runtime_mean,SPEA2-100_runtime_std,SPEA2-100_tier,SPEA2-200_mean,SPEA2-200_std,SPEA2-200_budget,SPEA2-200_runtime_mean,SPEA2-200_runtime_std,SPEA2-200_tier
7z,68640,inf,nan,30,0.14138274192810055,0.00591924639580181,5,inf,nan,50.0,0.26420111656188966,0.005684324202802368,5.0,inf,nan,100,0.758294653892517,0.03608036984509177,5,inf,nan,200.0,1.3425384759902954,0.007328430781127565,5.0,0.5290769968242153,0.2989251123336733,30,0.3659201145172119,0.005239492795263418,4,0.4248632317284938,0.2644232470024072,50,0.8233722805976867,0.06142693035910097,3,0.21160792090812733,0.2791467830086527,100,1.916490614414215,0.0941710354198205,2,0.16203743563636366,0.2568629731125797,200.0,6.067609763145446,0.2015113950282095,1.0
Apache_AllMeasurements,192,inf,nan,30,0.12587550878524775,0.023231325960392752,5,inf,nan,50.0,0.2547908663749695,0.022804801336050326,5.0,inf,nan,100,0.6102309346199035,0.02796512566822036,5,inf,nan,200.0,1.266127347946167,0.023845424984817513,5.0,0.1871251652140429,0.06090718193664869,30,0.38913353681564333,0.00907819224120202,4,0.14627627031708684,0.029320902174393548,50,0.6074115753173828,0.04086592778844443,3,0.1279002366673216,0.003554415757630386,100,1.4614127159118653,0.06822685169876137,2,0.12581982696128688,0.0024446045509955074,200.0,4.505648303031921,0.09629092753649346,1.0
BDBC,2560,inf,nan,30,0.10835881233215328,0.006457081099678913,5,inf,nan,50.0,0.21405749320983883,0.008240679339983938,5.0,inf,nan,100,0.6663829922676087,0.009699433776308365,5,inf,nan,200.0,1.156213629245758,0.0644975237834876,5.0,0.002255981731855115,0.0011171431824303,30,0.36389353275299074,0.008105054340952588,4,0.0016298143091834898,0.00040882171538899107,50,0.6707472205162048,0.03589034902880012,3,0.0012515210462915648,0.0001941815415370403,100,2.1062338829040526,0.07904461788779149,2,0.001101483592852615,9.932512407520915e-05,200.0,6.70971896648407,0.16498029312120516,1.0
FFM-1000-200-0.50-SAT-1,10000,0.40879403330802705,0.022428227372095103,30,0.32686800956726075,0.03427208105410127,3,nan,nan,nan,nan,nan,nan,0.37934952830875834,0.015782995395168455,100,1.676653015613556,0.1876232825155098,1,0.35864346293499433,0.009575700100561278,200.0,3.2787248849868775,0.3085634983071724,1.0,0.3992519329053726,0.027782641830489712,30,0.6261739134788513,0.054531068704680524,3,0.38582138142436073,0.022599708131010345,50,1.168670392036438,0.12448396878158194,2,0.3678072644802851,0.016679708132228382,100,2.781215989589691,0.3774325444386631,1,0.356646861880915,0.007546923976961065,200.0,7.200844657421112,0.6263624613827427,1.0
FFM-125-25-0.50-SAT-1,10000,0.43258669353864365,0.031027567663797623,30,0.26666951179504395,0.011045768212413074,3,0.41230157712058785,0.03507819766129585,50.0,0.6254161238670349,0.022289825464841942,2.0,0.37295503537370395,0.0245946968537219,100,1.429568350315094,0.1551644840955049,1,0.33476730627778845,0.024592182454443716,200.0,2.906801700592041,0.22833106629795016,1.0,0.41634812533886584,0.03792226066444052,30,0.8309306144714356,0.05382061525752447,2,0.3972182639574424,0.03836765833615364,50,1.2697314023971558,0.13133217138374698,2,0.3573263032076014,0.030744136217953296,100,3.295596992969513,0.26585177316937175,1,0.3210227705665337,0.02559011094778813,200.0,9.638166153430939,0.7088099708916364,1.0
FFM-250-50-0.50-SAT-1,10000,0.4089986211063117,0.028798927926919814,30,0.3292339205741882,0.021686185932973837,3,0.39623101539010086,0.02798315754987525,50.0,0.5839658737182617,0.07466700735033467,2.0,0.3712881809038967,0.019856186328748176,100,1.6114814639091493,0.10419803264528618,1,0.3501824535517767,0.007313899981242313,200.0,3.1181415200233458,0.19300805795543555,1.0,0.41099970943492936,0.03170045385427475,30,0.6762793660163879,0.023076295910661695,3,0.3946241053698766,0.03202245537250197,50,1.0089051485061646,0.09983433859399121,2,0.3695745868785075,0.020387027640408957,100,2.9183309674263,0.5952523114052225,1,0.3496637640265557,0.004839536756840369,200.0,5.76952805519104,0.30044926874859224,1.0
FFM-500-100-0.50-SAT-1,10000,0.35564123811465664,0.04294653263151736,30,0.2794818639755249,0.01879502105013051,3,0.32657609822476935,0.04524697243189488,50.0,0.30132403373718264,0.017664840736524176,2.0,0.28818004217937054,0.02287859412881319,100,1.315822470188141,0.025757282445944024,1,0.27170307448555603,0.012891022432292525,200.0,2.902783179283142,0.18978867137979288,1.0,0.3577672351505857,0.03519619807976149,30,0.5288855075836182,0.04826520175043294,3,0.33308157159605933,0.036038327821400054,50,0.8270600080490113,0.06684810578549392,2,0.29009066823769863,0.024803782751632936,100,2.3144184589385985,0.1082199310717475,1,0.2663714504537677,0.007816826217675788,200.0,6.371483600139618,0.17304617935465183,1.0
FM-500-100-0.25-SAT-1,10000,0.4322658815186188,0.02994866181224315,30,0.15172294378280635,0.01484042766583415,2,0.4262526314343377,0.026879398261566968,50.0,0.3094189286231995,0.046885708613902885,2.0,0.3915116310391984,0.03107023913580087,100,0.7455301523208618,0.01582106779256261,1,0.3553182928058973,0.02056390278907632,200.0,1.5360036015510559,0.060174368117465495,1.0,0.4330597659224381,0.03371560648671286,30,0.3977601408958435,0.05348659010655483,2,0.4182322123069541,0.02803897760536461,50,0.6254493355751037,0.01749432104061286,2,0.3872145811923117,0.019927175025773413,100,1.8039448618888856,0.11672326117664521,1,0.3452869948498838,0.019586555977781552,200.0,4.65161257982254,0.14472972384701746,1.0
FM-500-100-0.50-SAT-1,10000,0.4236621215509849,0.0277426524653947,30,0.16470330953598017,0.014622152875041237,4,0.4081454967919355,0.02659622538640924,50.0,0.2995789647102356,0.021828145070190944,3.0,0.3682899259523082,0.031570711261815945,100,0.7525829195976257,0.01939067581463336,2,0.32570941098657624,0.03333597077424772,200.0,1.4868138194084168,0.055585751853042493,1.0,0.39518810609514776,0.03284352136202374,30,0.35845805406570436,0.02324594944688703,3,0.3788559978088639,0.024183316623646384,50,0.6227089881896972,0.025822323456768166,2,0.3553861971254827,0.03437048385602567,100,1.5119075536727906,0.08301286488336596,1,0.3061177689037317,0.03524022113707375,200.0,6.424516677856445,0.24521128995684388,1.0
FM-500-100-0.75-SAT-1,10000,0.3771876740955923,0.03354680766147795,30,0.15787619352340693,0.017799398089433666,3,0.3572229001396695,0.03313057026165287,50.0,0.3006957769393921,0.025838018327600458,2.0,0.2966936150926759,0.03997583229322306,100,0.7397207140922546,0.01927451669169542,1,0.2581847956092612,0.018576907041825148,200.0,1.4967351317405702,0.03782439510755424,1.0,0.36073508557612444,0.03662680743511507,30,0.3232827067375183,0.02725745033000194,2,0.3431788427013974,0.033454729199185365,50,0.5667073011398316,0.050445924478168876,2,0.30228765498540766,0.029541705685854576,100,3.3962867140769957,0.17167828791531448,1,0.2581873791132677,0.017409345995482363,200.0,4.252852582931519,0.11139244391330497,1.0
FM-500-100-1.00-SAT-1,10000,0.38214864397115944,0.03956747041933074,30,0.15221862792968746,0.015946712454773998,2,0.36574998225497213,0.0353970613421239,50.0,0.32276291847229005,0.015838399605628176,2.0,0.33503993134864063,0.021932468873944,100,0.7338401317596436,0.019712850509269443,1,nan,nan,nan,nan,nan,nan,0.3712783273243816,0.028796651016735744,30,0.3575023651123047,0.02364286665104325,2,0.3622180980243441,0.025909399166684974,50,0.6636637091636658,0.07125418513632042,2,0.328820545927011,0.014910903965295033,100,1.3928254008293153,0.08955969979061314,1,0.31113085336883056,0.006660371212804058,200.0,3.8350616812705995,0.08491947010225079,1.0
HSMGP_num,3456,inf,nan,30,0.10128240585327145,0.00677080311099605,5,inf,nan,50.0,0.14650013446807858,0.01638791451138747,5.0,inf,nan,100,0.6908367156982422,0.014986705688583924,5,inf,nan,200.0,0.8708854436874389,0.11888257515968545,5.0,0.18032338859005778,0.06897186188257533,30,0.3663637042045593,0.008811182871249866,4,0.15606863690735268,0.07160760555301963,50,0.3918822169303894,0.03288791607144313,3,0.11523302361753807,0.044807602916720285,100,1.6840409755706787,0.17507896912032017,2,0.0666483020681304,0.05526242106826809,200.0,5.157751882076264,0.3041031067789627,1.0
HSQLDB,864,inf,nan,30,0.07326920032501219,0.016120743812071882,5,inf,nan,50.0,0.14523425102233883,0.018498112952789487,5.0,inf,nan,100,0.4964571237564087,0.016737571131816186,5,inf,nan,200.0,0.6807505369186402,0.020325964359986518,5.0,0.035249551945375476,0.04482334470494042,30,0.2976810336112976,0.02386480777757199,4,0.016297454175713686,0.023702708521761366,50,0.6101024270057678,0.0317049794159196,3,0.004507978423398675,0.0070657424765289256,100,1.6860870242118835,0.06604240504731428,2,0.0019179890535676951,0.0005429052343276242,200.0,6.416360485553741,0.2069370371774839,1.0
Health-ClosedIssues0000,10000,0.23954526648241084,0.001539569845887553,30,0.21780059337615962,0.013459284330429309,3,0.2388135059367536,0.0014501733525034912,50.0,0.4113286256790161,0.030156761397449255,2.0,0.23704211551066862,0.0028132024259390144,100,1.0554057836532593,0.027110596115389275,1,0.23583511156753448,0.003172666804931855,200.0,1.6828529357910156,0.2910358962807008,1.0,0.24047491647568683,0.0014520098526639897,30,0.4184200167655945,0.03267389909250329,4,0.239710212471037,0.0015203097579846727,50,0.6559542536735534,0.017888111984285655,3,0.23888088893580547,0.0012886626812039217,100,1.677912664413452,0.06288145648655802,2,0.2369826221100229,0.0021572186604180876,200.0,2.5681016087532043,0.3089224526595761,1.0
Health-ClosedIssues0001,10000,0.33087228082718373,0.04204216908453921,30,0.2066059589385986,0.014044696390655028,3,0.31426324849173987,0.04037261046187148,50.0,0.4395238995552063,0.020177490954453498,2.0,0.27416557422592375,0.043215586210969104,100,1.0869234085083008,0.020330932085730773,1,0.25345962299224895,0.032643553098323744,200.0,1.5763314366340637,0.26236635670353975,1.0,0.3577461066099232,0.04867172107272433,30,0.6290491104125977,0.054437519362582044,3,0.33741685648885605,0.04834538117478056,50,2.2443997144699095,0.037095745497725374,3,0.3007095834489842,0.04175391760052057,100,1.453367030620575,0.035795632812065034,2,0.25876019219961616,0.03611724935191609,200.0,2.9731041550636292,0.3173004212533265,1.0
Health-ClosedIssues0002,10000,0.8955050925859496,0.04771206425237136,30,0.2727117300033569,0.005464396409710643,4,0.881173616083208,0.07753184013199656,50.0,0.5366861581802368,0.006610534226945189,4.0,0.8217208951268411,0.1465452570305641,100,1.0248132705688477,0.024438805845133343,3,0.7366257860504446,0.17607610254593994,200.0,1.5572693824768067,0.26784181078460517,2.0,0.36574890971741586,0.00022880711888540676,30,0.49791414737701417,0.03255188432461184,1,0.36555227608029633,0.00040391664391596795,50,0.8733197689056397,0.006031759006197159,1,0.36540361742311855,0.0004273902670714896,100,1.372188103199005,0.23373750655874623,1,0.36507544372629647,0.000538968067801077,200.0,2.521312582492828,0.37429524823778354,1.0
Health-ClosedIssues0003,10000,0.5539611166292814,0.03282874204530037,30,0.3015334248542786,0.011601683120872931,3,0.5484733172534946,0.03301486824462557,50.0,0.6093148946762085,0.015346609308310048,3.0,0.5144454214757398,0.0707453967427012,100,1.2549143791198731,0.15835708327999545,2,0.4934141242543625,0.07793512550725237,200.0,2.4178121209144594,0.2062346334942793,2.0,0.4850949626558555,0.10856779671275678,30,0.5313317775726318,0.03076658461956146,2,0.46097462546590984,0.11502557693010897,50,0.7938970923423767,0.1063272952322243,2,0.4013290065629194,0.11860238034940482,100,1.6375934720039367,0.16660628341814848,1,0.354482275225854,0.10151635905811615,200.0,3.788138484954834,0.26925617650246914,1.0
Health-ClosedIssues0004,10000,0.6701778337449029,0.03142649935430096,30,0.2986027240753174,0.011675663121590761,3,0.6592630864061039,0.03440582157613298,50.0,0.6217313766479492,0.01674070506990909,3.0,0.6263089134118662,0.04930522710298389,100,1.4534895420074463,0.16846653697042066,2,0.5934002118891619,0.05501159354027181,200.0,2.47224303483963,0.25388021238835573,1.0,0.5876087249201083,0.0310685246402698,30,0.5352146744728088,0.02949538129101995,1,0.5790654968486995,0.028350218361302817,50,0.8081219911575317,0.10956028414054884,1,0.5616053358429385,0.021034501422845762,100,1.6539684176445006,0.17787792130581329,1,0.5445682257047265,0.015043023958145945,200.0,4.118770742416382,0.3775279098391766,1.0
Health-ClosedIssues0005,10000,0.7870073371867651,0.034318060018481616,30,0.3182700514793396,0.025278233732547853,3,0.7772009085718503,0.04381714813784871,50.0,0.6454601526260376,0.02105833170986845,3.0,0.7176116699913571,0.05805143370471606,100,1.2583614706993103,0.16174628320803017,2,0.6601973078197976,0.05694707791186963,200.0,2.4775142312049865,0.21266883450405946,2.0,0.4282606309612974,0.0027527635920085634,30,0.6273374438285828,0.043480654785628084,1,0.4276541905913792,0.002735583626426669,50,1.2225724577903747,0.010301697960512087,1,0.4221221602324164,0.010910733430147401,100,1.6662638545036317,0.1732602456722099,1,0.4187227909211398,0.011600714978161043,200.0,3.86499764919281,0.258171370918078,1.0
Health-ClosedIssues0006,10000,0.7379042388148764,0.045282817054837866,30,0.3361475825309753,0.021307413937996875,3,0.7243001055378494,0.043889579285746515,50.0,0.6149840950965881,0.022185291120496206,3.0,0.6890027180129435,0.031592097454215026,100,1.3342402458190918,0.17778874880673662,2,0.6733543069365185,0.02652118339018087,200.0,2.5567076325416567,0.2652691994657757,2.0,0.5688747509308671,0.03279253123563739,30,0.5692942380905152,0.03586955581218813,1,0.5582717207844997,0.023831084000520357,50,1.025911271572113,0.059117384083589394,1,0.5287743799938583,0.03730174671519318,100,1.6506444811820984,0.17077282816270933,1,0.4980529977310299,0.04420689793216065,200.0,3.784537208080292,0.254820323072144,1.0
Health-ClosedIssues0007,10000,0.6051320342354672,0.07165720662793289,30,0.3571645379066467,0.025605999637841888,2,0.587513368807915,0.07795683324810443,50.0,0.6997788548469543,0.04319350768563052,2.0,0.5241484054374077,0.08087435468900259,100,1.6334901571273803,0.23055203841135907,1,0.4731871707640131,0.06114993541730671,200.0,4.033711957931518,0.08585267002054084,1.0,0.5196340067032178,0.05158951867504346,30,0.5708284258842469,0.037574817870685936,1,0.5059868029052188,0.0463882423468707,50,0.8827678322792053,0.11383549542912084,1,0.4780071086953542,0.039119014705123904,100,1.8114818692207337,0.2420681714626349,1,0.44544159932130223,0.01667490792925468,200.0,5.110261523723603,0.32755448576740287,1.0
Health-ClosedIssues0008,10000,0.3367476558966904,0.008320756919375881,30,0.40481091737747193,0.010516167633080678,2,0.33173857765971654,0.008204210912393907,50.0,0.702258574962616,0.04773247809332498,2.0,0.3229721398216866,0.007260776795335074,100,1.753237783908844,0.0682244863675369,1,0.31816244727102244,0.010689943697099311,200.0,3.35784729719162,0.29376902418144835,1.0,0.34454118252004556,0.011373581925684318,30,0.5559445738792419,0.035101524959706996,3,0.3394945162464962,0.009067644057475012,50,1.2072187423706056,0.04024954338107375,3,0.3328312367801059,0.004461753282914461,100,1.9833566188812255,0.044095980245149456,2,0.3232542556995409,0.010987738672953365,200.0,4.101150691509247,0.33015079337912095,1.0
Health-ClosedIssues0009,10000,0.6597342572687828,0.03368812213622651,30,0.2885953187942505,0.010382505402660436,3,0.6523674099610429,0.03652368615639929,50.0,0.7000197410583496,0.051828009340984235,3.0,0.5860439898012262,0.04862849089093683,100,2.264110231399536,0.07991437951960793,2,0.5425287519419915,0.040183878689947584,200.0,3.4158562660217284,0.2872278559326275,2.0,0.4778519148820857,0.0937671217103939,30,0.6045840978622437,0.043938240070952164,1,0.438831398299062,0.07324394510447067,50,1.215341901779175,0.014412624914574752,1,0.4163892957041412,0.04784968075677726,100,2.8907687425613404,0.0930099893571237,1,0.3833099238105831,0.03355491946726685,200.0,6.5762410998344425,0.14823255699698135,1.0
Health-ClosedIssues0010,10000,0.5073382413740014,0.015906686752356562,30,0.40548346042633054,0.008759728278089787,4,0.503294102454942,0.016460586555554012,50.0,0.7752171754837036,0.00836158253564461,4.0,0.49112810322204925,0.01943606532032976,100,1.9452916145324708,0.012456038332067569,3,0.4744365318525049,0.017078746517753658,200.0,3.9642351984977724,0.044762301984580304,2.0,0.4446346755757255,0.029835754576523862,30,0.5621203541755676,0.0460867044311678,1,0.4391114950300688,0.027095665328385036,50,1.1286763429641724,0.009954602660015232,1,0.4188801636614533,0.022631506540103923,100,2.8814393639564515,0.0937818565126035,1,0.40276935754426396,0.012325118340209858,200.0,6.423616337776184,0.08870927064770398,1.0
Health-ClosedIssues0011,10000,0.6475499933212219,0.02867191513855399,30,0.38277478218078614,0.007134425900674889,3,0.6329278611257251,0.02317652641302071,50.0,0.7815995693206788,0.016448998062681616,3.0,0.5837545926009556,0.08537427808050514,100,1.916261625289917,0.013580310900202307,2,0.5546421256494657,0.10566203708248685,200.0,3.9191234588623045,0.07347270089812327,2.0,0.16324547118966679,0.026783718238958906,30,0.5870454430580139,0.03969050368863426,1,0.1623397178870258,0.02651378269833864,50,1.4368281841278077,0.01484266876491254,1,0.155037694370802,0.03243262282806059,100,1.7982817888259888,0.04250940455274528,1,0.1380141680323578,0.040362359595853894,200.0,6.793351840972901,0.09127485579205295,1.0
Health-ClosedPRs0000,10000,0.9999999988221348,4.0495941179076685e-10,30,0.22973275184631348,0.011571983768331018,3,0.9999999986556876,3.4248612885982577e-10,50.0,0.4160584568977356,0.03862656051588503,3.0,0.999999998269336,3.283344116608249e-10,100,1.1798603177070617,0.008396912163084504,2,0.9999999980865187,2.6044836238160694e-10,200.0,2.2277876853942873,0.1444217588403887,2.0,0.0,0.0,30,0.4677610397338867,0.009712533039517421,1,0.0,0.0,50,0.8122807383537293,0.010005006767919506,1,0.0,0.0,100,2.023205578327179,0.0710376227007621,1,0.0,0.0,200.0,5.066832053661346,0.15664601906698827,1.0
Health-ClosedPRs0002,10000,0.9879059467963671,0.00015017661621129642,30,0.3891276836395264,0.007988526860589684,3,0.9787031306914475,0.02907373149000116,50.0,0.783540916442871,0.012219771876673636,3.0,0.9624507382208289,0.05164436274268135,100,1.9462027192115783,0.02043710716612383,2,0.9424431209561804,0.06445987951155266,200.0,3.4992290258407595,0.12821629242423307,2.0,0.551618925807876,0.00010547081133442772,30,0.5984723329544067,0.05203920631120033,1,0.5516025802413138,0.00010038539005945228,50,1.1512587070465088,0.022083230712236494,1,0.5515172676742182,0.0001263976306386548,100,2.5089233756065368,0.08905561490289429,1,0.5514380156674724,0.00011504033008602343,200.0,6.176023817062378,0.1646836441289273,1.0
Health-ClosedPRs0003,10000,0.9525717141864994,0.00829063753859284,30,0.3361725568771362,0.020331742804838075,4,0.9474119107069325,0.0239228317666297,50.0,0.6661819696426392,0.013557116194537684,4.0,0.9361205464351194,0.03567375390204452,100,1.7479632377624512,0.11236575676568715,3,0.9069206756710896,0.05673377701133147,200.0,3.4210301876068114,0.18645643625094702,2.0,0.42149013315288225,0.020327000668255223,30,0.5032273173332215,0.03302493431132005,1,0.4138077876314906,0.02786085065858322,50,1.0212213397026062,0.05965069182029719,1,0.4060180512362758,0.029473765323150092,100,2.2643900752067565,0.12650945217472925,1,0.380109225181521,0.0653360752306332,200.0,5.388692140579224,0.32694190650880584,1.0
Health-ClosedPRs0004,10000,0.36119605432550084,0.014187101407865398,30,0.30782240629196167,0.007738424037813284,3,0.35805344966575847,0.017463359144383777,50.0,0.6347879290580749,0.012700157937736009,3.0,0.33927205248194864,0.04309458686706496,100,1.791873073577881,0.12362075942614739,2,0.31644263426389996,0.058565061412985606,200.0,6.884265112876892,0.480185437775061,2.0,0.1178105694846735,0.0019672101999493163,30,0.5433617830276489,0.037823190467801235,1,0.11744694645884753,0.0018371799617209472,50,0.878281044960022,0.00711721107782115,1,0.11590927933324509,0.002233271316731229,100,2.199527955055237,0.16225497408642559,1,0.11424508919084184,0.0022220503527792283,200.0,5.746536588668823,0.33178448943335576,1.0
Health-ClosedPRs0005,10000,0.7980024957269898,0.1472105977321172,30,0.3260135054588318,0.009885557843170998,3,0.7550519839278588,0.1646393776625346,50.0,0.6526217341423035,0.019619768638798864,3.0,0.6442613654763363,0.18322135568276307,100,1.993035626411438,0.06187744417227244,2,0.5790855615447559,0.18925702672297892,200.0,3.8328047394752502,0.2524923960944609,1.0,0.4804632851638663,0.025366037282239483,30,0.6802088856697083,0.04417308671243267,1,0.4801405132326904,0.025282597263579953,50,1.0518090724945068,0.014153538710456487,1,0.4699176686696401,0.04311383970619782,100,2.0784619569778444,0.04867397565303201,1,0.4510204203411529,0.05928559134994277,200.0,5.609714412689209,0.32248450158874986,1.0
Health-ClosedPRs0006,10000,0.6762781817928356,0.03328214348494807,30,0.3114973187446594,0.012462346906500565,3,0.6688923894927848,0.04298742516465856,50.0,0.5944075226783753,0.012636453265873874,3.0,0.6020769471680765,0.10552551419260159,100,1.4174521088600158,0.01979825651796049,2,0.5147143598068553,0.11783795635833506,200.0,3.2175742626190185,0.2278258942970476,1.0,0.5078503600614279,0.043545652710954695,30,0.5276223421096802,0.034901070205171816,1,0.49224411549963365,0.048334048548220904,50,1.1707672715187072,0.01422642866418487,1,0.46674276641061957,0.0330360797241705,100,1.9880208492279052,0.06885331439101953,1,0.44875461804285033,0.022914832468564197,200.0,5.819071519374847,0.26908548780978564,1.0
Health-ClosedPRs0007,10000,0.6439503896194495,0.05914501321068705,30,0.32208887338638303,0.005338597923536228,3,0.6245162110161532,0.07343221473816113,50.0,0.5625154256820679,0.016676137383441248,3.0,0.5597382706494256,0.1369537820862956,100,1.5665222883224488,0.04428796379327204,2,0.5031126595752747,0.17043791980262266,200.0,3.8225164890289305,0.18145817125487762,2.0,0.5591028266796878,0.1186109967314939,30,0.6351800084114074,0.04303908171410077,2,0.5264602426098535,0.134387340094304,50,0.9264420390129089,0.01258334612816238,2,0.47189338701845907,0.1687854164687941,100,2.194173741340637,0.11331244541330918,1,0.34646505825517665,0.14970283714130952,200.0,4.886265909671783,0.1015526289593686,1.0
Health-ClosedPRs0008,10000,0.22795108596405161,0.006698385729768546,30,0.293430757522583,0.015828199850002556,2,0.22763743179115975,0.007231281977098451,50.0,0.6983577132225036,0.029362700398426526,2.0,0.22704599464306985,0.007091892213778434,100,1.7461100339889526,0.09250732851101857,2,0.22657400924815851,0.006992673425575626,200.0,3.0448732495307924,0.24897332916158646,2.0,0.18253508688158365,0.00028514743010002577,30,0.5275827169418335,0.03974346859720507,1,0.1822551718884987,0.0004021162680395523,50,0.9934776663780213,0.014781991875638782,1,0.181939479998089,0.0004142834313258787,100,2.019154405593872,0.05355254810555231,1,0.18161254220529027,0.0004185736152067485,200.0,5.839533364772796,0.40949649810177163,1.0
Health-ClosedPRs0009,10000,0.30892734778125197,0.012132504668261785,30,0.3172877073287964,0.004671184773790701,3,0.303150218441659,0.012798745840789796,50.0,0.6887078404426574,0.046523007350513186,3.0,0.2895583098155127,0.012190848481663196,100,1.9174049139022826,0.01645578337622948,1,0.2785369386943872,0.013500758217658502,200.0,3.309604024887085,0.20037827566579033,1.0,0.29683987278404994,0.0053300877125620535,30,0.6814938426017761,0.03987961220212283,2,0.29553632943662445,0.006438692358716034,50,0.9034361720085144,0.007303854442241775,2,0.2914966527267665,0.008243076872076715,100,1.667624831199646,0.04801190983558194,1,0.27831679272696064,0.01730992680308681,200.0,5.286033570766449,0.35266374121455113,1.0
Health-ClosedPRs0010,10000,0.46871485556089754,0.002507547145238531,30,0.4096894502639771,0.0072404989220269155,4,0.4652518159700687,0.00876703711374851,50.0,0.9198201894760132,0.017091679544045037,4.0,0.46017846463925133,0.009228961238849991,100,2.0977282762527465,0.17349179142085988,3,0.4507718048394441,0.011125938160073937,200.0,3.842214012145996,0.1942834191678343,2.0,0.4305991690924767,0.015584285084742843,30,0.5009183883666992,0.03490831390519696,1,0.41954548051813123,0.026725118891064666,50,1.1532632112503052,0.020660269916503382,1,0.40900606556961366,0.025869011538295468,100,2.031173014640808,0.07628180284213652,1,0.3957125832859477,0.022776632507985065,200.0,5.037536263465881,0.25887899358562527,1.0
Health-ClosedPRs0011,10000,0.9955968308332602,0.014010206906580829,30,0.20443989038467403,0.019624129652807243,3,0.9950603919406994,0.014151475760960559,50.0,0.6082523465156555,0.009240262265139602,3.0,0.9183047479603597,0.14541167875550912,100,1.5863584756851197,0.03223348148900412,2,0.7530368295182497,0.21459380401584902,200.0,2.951558327674866,0.2954086774030802,1.0,0.561283029411525,0.0009287456785407966,30,0.5987987160682678,0.04034695565495552,1,0.5610768494796154,0.0011710208270071555,50,0.8898227453231812,0.012212635632513555,1,0.560585127184884,0.002175618849434517,100,2.1196940183639525,0.07520079199326145,1,0.559623298134609,0.005224689982714354,200.0,5.16629159450531,0.2772275396906077,1.0
Health-Commits0000,10000,0.06826705061503675,0.0036149403350396745,30,0.27885220050811765,0.0083490092877464,3,0.0664276720040643,0.004827014205045223,50.0,0.6212662935256958,0.037293562102373765,2.0,0.0629716429488032,0.003975550936361313,100,1.3958975076675415,0.009767752675634013,1,0.05871970472208795,0.005047370394695527,200.0,3.803843820095062,0.22151882903109246,1.0,0.07067847610363312,0.0032326354937920227,30,0.49902341365814207,0.03706978521156802,4,0.06923316174185089,0.003105587100210978,50,1.0170420289039612,0.05067811904061772,3,0.06626834261102356,0.003550962530308761,100,1.9655399441719055,0.05757425237344638,2,0.06136498749018728,0.005009378782484462,200.0,2.5668347597122194,0.4080035145625416,1.0
Health-Commits0001,10000,0.8237907716592987,0.0879283123288271,30,0.21631904840469357,0.014114304828934941,3,0.7760987173643261,0.13034375736972678,50.0,0.542626166343689,0.006812938582981288,3.0,0.6455344478163008,0.18828320563565104,100,1.448984932899475,0.040953902331629634,2,0.5119521814264549,0.2077182978627932,200.0,3.0515639185905457,0.23791253911883317,2.0,0.21529653762973666,0.0035879218808902865,30,0.5052082419395447,0.03730032176444512,1,0.212802298061673,0.003209024223836554,50,1.1751093506813048,0.12632091511625548,1,0.21066702315261515,0.003655532375585019,100,1.8707061052322387,0.0491609084178302,1,0.20625895566954208,0.004308547899465861,200.0,4.6149519920349125,0.37028468559960187,1.0
Health-Commits0002,10000,0.8183533836182992,0.0050588025710219114,30,0.2898651361465454,0.007360951655008184,3,0.8162320062033974,0.00796760203346136,50.0,0.5964382410049438,0.014979465683764563,3.0,0.8108343335244268,0.01339902976394739,100,1.3772789716720581,0.011059562374457314,2,0.8044197400040389,0.020152884184809976,200.0,2.871560299396515,0.21683039576311303,2.0,0.1274621988365549,0.008071177870376617,30,0.56952805519104,0.041673287038985526,1,0.12088777987365032,0.020398273973580065,50,0.9761886835098267,0.02785535089650108,1,0.11906338889827324,0.020120382705360162,100,1.8302000164985657,0.23927955526939726,1,0.11512816400203925,0.019678978362714983,200.0,4.165706849098205,0.38905047526994657,1.0
Health-Commits0003,10000,0.5411728931735901,0.05316298030595021,30,0.277296257019043,0.012954029121925385,3,0.5159673165841349,0.05018843016283331,50.0,0.91976238489151,0.04608867373106494,3.0,0.4659938606136277,0.040801710609373015,100,1.8415725946426391,0.0808833704704622,2,0.43171614251155804,0.05048589053130525,200.0,2.8653787970542908,0.3087607400265194,2.0,0.37797373529319545,0.058761068959768535,30,0.534730339050293,0.02904224596272896,1,0.35139189469184967,0.057638172068731126,50,0.6902089357376099,0.01393802288657007,1,0.30798172527230466,0.035412623123155074,100,1.6865968346595763,0.18449529245071294,1,0.2801284185080687,0.02197061404235528,200.0,5.11625429391861,0.28269750545704453,1.0
Health-Commits0004,10000,0.6600988959530809,0.08468731036436734,30,0.31714563369750975,0.01563415805690502,2,0.6221393625214566,0.10846183808091224,50.0,0.60354163646698,0.019282291725060824,2.0,0.5046308294815207,0.1195402119953319,100,1.4826727390289307,0.1662336392435496,1,0.44811571960468627,0.09422641902234763,200.0,2.742080104351044,0.29311556425396573,1.0,0.4567485054877481,0.07873769278614373,30,0.41011111736297606,0.03304847689726835,1,0.42975618757217565,0.06389874359241018,50,0.6578300476074219,0.020637897779434124,1,0.4031431542077386,0.053383475400008554,100,1.5767496943473815,0.04747649879982177,1,0.3829674524266643,0.04148032364894953,200.0,2.5666035771369935,0.3299443962647408,1.0
Health-Commits0005,10000,0.7085864783582052,0.006634626077046799,30,0.20577822923660274,0.013740253631035775,3,0.7058813314119831,0.008114868104576095,50.0,0.4742635011672974,0.017557614796709902,3.0,0.6966203584985741,0.011606528028921695,100,1.7045794367790221,0.032921074846067974,2,0.6905808071493128,0.01079366756177486,200.0,2.7196914911270142,0.265838884939994,2.0,0.4991264259304412,0.013369352085770956,30,0.37657374143600464,0.027965233882690576,1,0.494751079055438,0.007634522441489905,50,0.6637162208557129,0.02306354422906873,1,0.48648728645974704,0.006948201010472298,100,1.6972504019737245,0.20563662063647922,1,0.4813072321040407,0.006938313102861812,200.0,3.561539041996002,0.33491996824184916,1.0
Health-Commits0006,10000,0.47550405476908314,0.001800032966773178,30,0.33517506122589114,0.0052579323935641195,2,0.47535369006080364,0.0018132588611959274,50.0,0.6826766848564148,0.008864366101761743,2.0,0.4733444054159223,0.005985197570406371,100,2.239372503757477,0.14311928307364902,2,0.4712978909105333,0.005577652593605526,200.0,1.5380692601203918,0.26077670292668603,2.0,0.44640484596133634,0.04340479697478419,30,0.3823917269706726,0.03244918008991696,2,0.4445470944710184,0.04274775083847229,50,0.6651100397109986,0.02211698645673837,2,0.4262117613618627,0.05933717410068363,100,1.4707842111587524,0.048536508877962854,1,0.3917596919171903,0.06985987691933564,200.0,2.906553494930267,0.2997761720125817,1.0
Health-Commits0007,10000,0.6858221525320964,0.09398873263333402,30,0.33278709650039673,0.011391727923342237,3,0.6515296061863936,0.10769170054057914,50.0,0.7025731563568115,0.03472249183064287,3.0,0.5531963093997667,0.1284286252945152,100,1.0289474129676819,0.01626660680198314,2,0.49092789284386285,0.1345914053703493,200.0,1.691770350933075,0.3268298173053787,1.0,0.4339195431304178,0.09629175272806098,30,0.3765708327293396,0.03200333848417447,1,0.4115902625116189,0.08256021353269993,50,0.7047147274017334,0.008816250393747664,1,0.3787989896746089,0.05162265509164061,100,2.6018752694129943,0.051705196055794614,1,0.354964944156128,0.03505476045236043,200.0,3.8070785880088804,0.31670456358576865,1.0
Health-Commits0008,10000,0.6248275652525017,0.032481250067172514,30,0.3889892578125,0.006481930746943002,3,0.6054882978462603,0.04677063408638204,50.0,0.4104577302932739,0.021469562916088095,3.0,0.5737106323362613,0.055797081764296944,100,1.4674159169197083,0.05810145317933765,2,0.5174565337163453,0.036372996139358425,200.0,2.60832417011261,0.25557107285820274,1.0,0.534776108515547,0.05412160276275847,30,0.530604076385498,0.03863969451354136,1,0.5206125950109437,0.05015713283935039,50,0.7468769311904907,0.02337141868402975,1,0.4957479393747982,0.03296185392698219,100,1.4859448671340942,0.05262752854590718,1,0.4740387379032643,0.038762418991102804,200.0,2.7410596370697022,0.33971507491473557,1.0
Health-Commits0009,10000,0.5794629484402074,0.05902706684750051,30,0.20583482980728146,0.01746959869347561,2,0.5600401085568005,0.0520220466787152,50.0,0.408892560005188,0.01662223612155407,2.0,0.5086860981188771,0.022774295619798747,100,1.7208740234375,0.10053891258780477,1,0.49657793951951784,0.01902288951878759,200.0,1.9696910381317139,0.044696062354078595,1.0,0.5466492173850999,0.037517898564983276,30,0.38283601999282835,0.03394473969660747,2,0.52987102654101,0.038565455665316634,50,0.7414909720420837,0.01862222119400644,1,0.5066889924266171,0.029251701480723417,100,2.2190146684646606,0.13556145595148367,1,0.4860564926938843,0.008456614529458548,200.0,5.824881708621978,0.35944169996352127,1.0
Health-Commits0010,10000,0.6308154914175683,0.08653238706614477,30,0.32176904678344725,0.018488845790773655,3,0.5896632483694921,0.0729173542723128,50.0,0.4273518204689026,0.021754541128364592,3.0,0.5345926422601063,0.04578028730206834,100,1.85223628282547,0.0727382971833315,2,0.5101521022110271,0.024016434938262804,200.0,2.4423906087875364,0.2177866680850325,2.0,0.4436596932464747,0.022116633095013497,30,0.5792801260948182,0.04443338428666139,1,0.4376265478320295,0.015313618768140904,50,0.6572245359420776,0.019783510101044254,1,0.4267110976728656,0.01247161249346991,100,1.4522170901298523,0.03781450382725906,1,0.4166958208617757,0.01211147458824338,200.0,6.34710910320282,0.1652625370050354,1.0
Health-Commits0011,10000,0.6927701144611584,0.020325238429064117,30,0.21559380292892452,0.0017509803636889326,4,0.6781159220916935,0.019528024432428275,50.0,0.4248661398887634,0.018539147590488914,3.0,0.6400526173661906,0.0273212343229491,100,1.0108930587768554,0.02299623459396504,2,0.611194659471914,0.05336984439484264,200.0,1.6056740522384643,0.33249521591212844,1.0,0.5660110611086707,0.012771104038082206,30,0.5463843822479248,0.037234879350165166,1,0.564691459877939,0.0137258700719278,50,0.7267006635665894,0.027146926906008582,1,0.5560943642006528,0.018879035518292113,100,1.99859060049057,0.1853862708686116,1,0.5380183179916834,0.01801543308554794,200.0,2.740922689437866,0.3104466171158462,1.0
LLVM,1024,inf,nan,30,0.07310682535171506,0.015750700223698358,5,inf,nan,50.0,0.14430761337280268,0.01572856545715396,5.0,inf,nan,100,0.6641043663024903,0.01587692463437113,5,inf,nan,200.0,0.6728785514831543,0.004612110400625815,5.0,0.10207183849633414,0.020280747694533637,30,0.2011632919311523,0.022221855398739797,4,0.08821203872457518,0.011461523136512462,50,0.4914110779762268,0.035143456058888654,3,0.07845468055183134,0.006047932578016602,100,1.0886648774147034,0.1488682746342948,2,0.07451090248701536,0.0055312502942788735,200.0,3.231625771522522,0.34723185500575027,1.0
PostgreSQL,19008,inf,nan,30,0.13008158206939693,0.002934108671394565,5,inf,nan,50.0,0.2658289551734924,0.008051797506763136,5.0,inf,nan,100,0.35499287843704225,0.018062426323496673,5,inf,nan,200.0,1.5735794186592102,0.05278933964818806,5.0,0.7064046014804198,0.004492862856965275,30,0.26314531564712523,0.032993181787807614,4,0.7031542149913428,0.003991830455441155,50,0.6743841886520385,0.050643226632041426,3,0.7000832510403056,0.0039440574853912835,100,1.6841493606567384,0.08434203635108821,2,0.699119420798638,0.003455651770135094,200.0,4.547932755947113,0.05445817968629958,1.0
SQL_AllMeasurements,4653,inf,nan,30,0.09650158882141109,0.0016553892171101245,5,inf,nan,50.0,0.21202952861785884,0.00444149351545677,5.0,inf,nan,100,0.5339820623397827,0.014770002966859468,5,inf,nan,200.0,1.0432406425476075,0.07693226059825965,5.0,0.3456242226676882,0.03587821364618983,30,0.564399266242981,0.0418873076670644,4,0.3155741692254331,0.024647694533649622,50,1.1731654167175294,0.06778129437170052,3,0.2754718567160238,0.03551895050384176,100,4.013351333141327,0.07589850154469373,2,0.2333691066965649,0.02629755707318433,200.0,10.412706065177918,0.3931213705735724,1.0
SS-A,1343,0.13895254889941938,0.009678377797466746,30,0.14872181415557856,0.014562608009142646,3,0.13254737451646312,0.007834074708318123,50.0,0.5072427272796631,0.009666448348489912,2.0,0.12654880215232353,0.003191423889853815,100,1.2350992202758788,0.02515302875702885,1,0.12654880133481128,0.0031914238120222824,200.0,1.812922739982605,0.018342121669747177,1.0,0.1342592755064584,0.010402333545510069,30,0.2571387529373169,0.017241924835783434,2,0.13395006518875638,0.010397375834511557,50,0.8827475905418396,0.004660663811721027,2,0.1266739348886414,0.0031729783372318296,100,1.0848524212837218,0.0501800825433191,1,0.12604362242255013,0.0027664038379904407,200.0,8.063601791858673,0.1660858757906211,1.0
SS-B,206,0.09232996959487877,0.026509525326336325,30,0.14321289062499995,0.007883015862939664,2,0.08132683235827776,0.014661171775119254,50.0,0.49524840116500857,0.008043286282662434,1.0,0.0731448473959308,0.004529642853799917,100,1.018957269191742,0.029717506051747868,1,0.07119980992683675,0.002624872883727063,200.0,2.082735908031464,0.13396032518013298,1.0,0.07897997670720797,0.015437420710048298,30,0.338641083240509,0.012252765330729524,1,0.07392740721686127,0.005431338140289958,50,0.6450972318649292,0.014811550676546303,1,0.07186490103318612,0.0037917530062734953,100,1.979682743549347,0.04824662162120394,1,0.07069436273996844,0.001752956533618406,200.0,4.276250207424164,0.15772487561938375,1.0
SS-C,1512,0.12084263799810686,0.02645640169347705,30,0.14524616003036495,0.016403099145057904,2,0.11114504887371897,0.015595318253488493,50.0,0.3834900617599487,0.011156587732493787,2.0,0.10363770524259322,0.005625741671796434,100,0.9298984169960022,0.016221654884375953,1,0.10188282643454498,0.0056488117175940485,200.0,2.0232328295707704,0.08516294971786717,1.0,0.11502377674884119,0.016867072234455275,30,0.38764033317565916,0.0104661692561704,2,0.11091530107848699,0.016135135709836518,50,0.7873246192932128,0.009817947806467187,2,0.1044797070746609,0.005865671930125055,100,1.1606614351272584,0.1427451642943942,1,0.10213945449009451,0.00565774466318018,200.0,3.498544704914093,0.2088638752994262,1.0
SS-D,196,0.4791575815955951,0.046770475574741274,30,0.19188539981842037,0.006308919841269725,3,0.46227710861966703,0.04451718818081899,50.0,0.35183117389678953,0.0166328128767516,3.0,0.4151621473884896,0.02254487147142426,100,0.9190021634101868,0.027625438923278563,1,0.40557973375400813,0.0064030705560044815,200.0,1.803528606891632,0.05070996717085918,1.0,0.4482140992885849,0.05058808885149846,30,0.3738629102706909,0.012584425485496145,2,0.4382617605159572,0.04668152943900887,50,0.6326417565345764,0.011723683263397943,2,0.4081610319120941,0.01347495501092616,100,1.3918283462524415,0.04672697319022737,1,0.4057164483288219,0.007639334849611068,200.0,3.522453474998474,0.21121309566458876,1.0
SS-E,756,0.5684839955709288,0.13385569635025182,30,0.2039878368377685,0.016220853271677566,2,0.5467201971425398,0.13681443724803646,50.0,0.49323698282241824,0.007565175642162318,2.0,0.4281443970631208,0.10122177598118628,100,0.9140334129333496,0.015822881280725266,1,0.36858459733252424,0.00481284426248149,200.0,2.2368018865585326,0.03337506471252526,1.0,0.5432523281750139,0.14056673188934626,30,0.29134607315063477,0.022424955511966792,2,0.47001580641209123,0.10016478157488706,50,0.6174376487731934,0.012279423592839926,1,0.3928816538743008,0.032089194262207466,100,1.5496447443962098,0.12562675848909427,1,0.37192384133917544,0.011909365630047783,200.0,3.3721601486206056,0.12621202794364997,1.0
SS-F,196,0.41503646211454664,0.04218685202534868,30,0.23588339090347285,0.007697884381121424,3,0.4058315341573932,0.04076560393725142,50.0,0.4084828615188599,0.016936652358148067,3.0,0.3499461728475591,0.030139604538142118,100,0.9584494352340698,0.05287124004153091,1,0.33501197996422805,0.013597232318895413,200.0,1.786319327354431,0.22903850335453546,1.0,0.38060489274142706,0.04950810823759248,30,0.3301175832748413,0.00973526172471474,2,0.3652417162219247,0.04524025422786227,50,0.7877581357955933,0.007888730474006287,1,0.3492642739731868,0.037029654304048365,100,1.405999732017517,0.047552251443682754,1,0.3330964921373567,0.008787694338266483,200.0,3.315700078010559,0.08482476774874206,1.0
SS-G,196,0.390792111748627,0.05515129170270631,30,0.18026024103164667,0.008832388927788499,3,0.3655170507001524,0.061153627914292394,50.0,0.4300557851791382,0.014740308655593929,2.0,0.310545539923792,0.02559017787215786,100,1.23516526222229,0.059394487105147865,1,0.2996569343625423,0.010897955091318029,200.0,1.813655173778534,0.234275500492224,1.0,0.3492112262875958,0.053163977436629276,30,0.33676120042800906,0.008464610382239869,2,0.333360584460618,0.045649556736916445,50,0.774238669872284,0.013208720732504139,1,0.3093047821168405,0.028801763920844166,100,1.195554518699646,0.1535298271629707,1,0.2975155628482107,0.005680242743792103,200.0,3.176652991771698,0.1261188747037387,1.0
SS-H,259,0.03818488108847431,0.005233908302984103,30,0.2546431660652161,0.006459556438237045,2,0.03593403142327699,0.001415603764752517,50.0,0.2749817490577698,0.01755735593354465,1.0,0.03568019257816153,0.0009000409472344706,100,0.6728405594825745,0.020130398623689198,1,0.03542334234993315,0.0004546278565881232,200.0,2.3347775101661683,0.14171784949452373,1.0,0.03943994729739005,0.004654442499932355,30,0.36207692623138427,0.01248390077266245,2,0.03654655617783477,0.0019095310425338242,50,0.7870354294776917,0.10056576357244751,1,0.03555427572979818,0.0006458532629632903,100,1.237980306148529,0.15099937088548754,1,0.035420888390223955,0.00045479069584839356,200.0,3.3166852831840514,0.11398975477604811,1.0
SS-I,1080,0.42602476723610055,0.1122243472217348,30,0.13851120471954342,0.01327060512294756,2,0.3977856480197839,0.12208871937680904,50.0,0.27724112272262574,0.01716526087700047,2.0,0.27127491504016044,0.09577165405460727,100,1.0461100816726685,0.03646038610740328,1,0.2511999554263558,0.07645720248447302,200.0,1.1158119797706605,0.21862169614231414,1.0,0.35239582421652804,0.11229965171991742,30,0.3739899158477783,0.021354119855041823,2,0.302606147882598,0.10407883463583495,50,0.883639907836914,0.008723716055826745,1,0.263632467403205,0.07679676113138753,100,1.0987494230270385,0.04616843133169384,1,0.24618567822764606,0.06596388026954672,200.0,3.3481989026069643,0.3545056561642957,1.0
SS-J,3840,0.3585046181113126,0.225355066450217,30,0.21213538646697994,0.003139515909079309,2,0.26758985757652093,0.2086748855562773,50.0,0.2725008845329285,0.0012057791001675315,2.0,0.15942562423115844,0.196734715095736,100,1.1437858939170837,0.10608774069228823,1,0.14553632323965499,0.19846507115117604,200.0,1.3363590121269227,0.02170316062611754,1.0,0.2635330695671511,0.2418252102372604,30,0.4360523819923401,0.04521217992295218,2,0.18102544697234255,0.20383430126459334,50,0.5201039671897888,0.027908486907054986,1,0.14301906244328794,0.19834659969570456,100,1.484088933467865,0.1808316312966032,1,0.13013298683885272,0.20079239807076216,200.0,4.663422167301178,0.26623667023647285,1.0
SS-K,2880,0.26563555969747044,0.06264437798590632,30,0.14701092243194575,0.018104818071780774,2,0.2513727374535303,0.05176552601575825,50.0,0.2763329744338989,0.018434485241769036,2.0,0.1921399146745773,0.02412800989271858,100,0.6782858014106751,0.0037681558830974337,1,0.18570527338222725,0.023785849923634892,200.0,1.2641302585601806,0.2048162852254866,1.0,0.23706636175297696,0.07129251374539904,30,0.38524826765060427,0.013291373866131776,2,0.20736733889036968,0.029541029635353877,50,0.4884746551513672,0.022002661333080924,1,0.1862470054965314,0.017839364331410305,100,1.1292858004570008,0.04165995799456437,1,0.1697304291743433,0.006387305063023406,200.0,3.2905933976173403,0.2567875245489214,1.0
SS-L,1023,0.21863199394535907,0.054087202548860805,30,0.2148532629013061,0.004109134741772193,2,0.19838388173855348,0.04358160559447085,50.0,0.2826509833335876,0.014200706745906134,2.0,0.16903685575143373,0.009895894312469452,100,0.6811437726020813,0.01691432088216405,1,0.163585760187964,0.0039577569765295705,200.0,1.241981816291809,0.2065798301302535,1.0,0.2075985708219048,0.05325245733552281,30,0.32976059913635253,0.022278407636171452,2,0.187231480819061,0.022860738503360158,50,0.5723732471466064,0.03741926020937795,1,0.17256791046168668,0.00850826649323353,100,1.332728958129883,0.14917237515392215,1,0.16527463668204712,0.005182529674158618,200.0,2.6697389602661135,0.35600978988777654,1.0
SS-M,864,0.11556665283229386,0.051128198132305576,30,0.20862787961959833,0.016517469593213777,3,0.08882476146206723,0.032474659178767205,50.0,0.7079978346824646,0.028084152051451036,2.0,0.05923493348143507,0.029661287279774688,100,1.0142993807792664,0.08264900226726964,1,0.04551291473438159,0.027663370304868908,200.0,1.5555132269859313,0.257504492684193,1.0,0.0803483007921222,0.03953516981910099,30,0.8054333806037903,0.007033581242994995,2,0.05192828255702521,0.02687481398486041,50,1.502311384677887,0.10034295693492397,1,0.038900518707487966,0.009968473814276365,100,2.740550708770752,0.27168940198316344,1,0.03209294909494095,0.005455514271658219,200.0,3.6853187918663024,0.3916385597682149,1.0
SS-N,53662,0.6445341456117346,0.03566718111351078,30,0.14465605020523067,0.015283631510889165,4,0.6222321072807729,0.040077116650071985,50.0,0.30246577262878416,0.01818010587124703,3.0,0.5702505306475556,0.046038199529208464,100,1.0987038612365723,0.12967259468768705,1,0.5357877107161098,0.039001349503664386,200.0,1.3618836641311645,0.007117909678510948,1.0,0.6230494191627792,0.04063110664736307,30,0.3909865260124207,0.03976107505419126,3,0.5982261451390432,0.04051562195570451,50,0.6371939182281494,0.039312780055835904,2,0.5657181404159619,0.04179530181310965,100,1.1889112830162047,0.16951421619253548,1,0.5280590790522195,0.037851513989997594,200.0,4.842557370662689,0.36296463002180995,1.0
SS-O,972,0.4654681457532144,0.07506059655290129,30,0.15959045886993403,0.020352692261818937,2,0.4424790569263067,0.06783543297406525,50.0,0.27350151538848877,0.012559664332773909,2.0,0.3813115658251522,0.04248040335818273,100,1.1905166149139403,0.09992729819920909,1,0.35912192360484674,0.0339522678264438,200.0,2.0238491177558897,0.16681021982165842,1.0,0.4346688625532053,0.05442577023565496,30,0.3045796871185303,0.021418768170126463,2,0.4217074235659354,0.05781093409703796,50,0.5478045344352722,0.03470301246557654,2,0.37433468479891036,0.03249306012617167,100,1.6111228346824646,0.20516382949513104,1,0.3403412307256501,0.017152037868714998,200.0,2.59887318611145,0.33030101364980013,1.0
SS-P,1023,0.21863199394535907,0.054087202548860805,30,0.13864064216613764,0.007260286345663768,2,0.19838388173855348,0.04358160559447085,50.0,0.2832625865936279,0.016434276779672134,2.0,0.16903685575143373,0.009895894312469452,100,0.6887529253959656,0.020614508210002564,1,0.163585760187964,0.0039577569765295705,200.0,2.204403817653656,0.2439297887761925,1.0,0.2075985708219048,0.05325245733552281,30,0.29496883153915404,0.020056257699866107,2,0.187231480819061,0.022860738503360158,50,0.5690756916999817,0.038250520239844016,1,0.17256791046168668,0.00850826649323353,100,1.4475721836090087,0.18435766239745713,1,0.16527463668204712,0.005182529674158618,200.0,2.571734607219696,0.3707924438651716,1.0
SS-Q,2736,0.4953215936499529,0.020795100223466388,30,0.20602525472640987,0.012492058837841364,2,0.49458773306449516,0.02046341900937333,50.0,0.6624053239822387,0.07302559871635685,2.0,0.4783843229235426,0.011345229000934863,100,1.0451560378074647,0.023329126476422126,1,0.47240913656089256,0.0022856877348453393,200.0,2.878629970550537,0.2618244448485305,1.0,0.4951192948412997,0.02334592971839121,30,0.43551087379455566,0.022333468626896735,2,0.4806164764270635,0.012421720948843312,50,0.7557765722274781,0.032901655052757495,1,0.4740798580488936,0.0047012113641591675,100,2.8838231921195985,0.16958829274288278,1,0.4712876836180258,0.0016050771594877142,200.0,3.3529361367225645,0.3774231294820729,1.0
SS-R,3008,0.48749124330076576,0.013228473550631155,30,0.20646539926528926,0.008901668576029422,2,0.48195338894660883,0.010530516216344325,50.0,0.3264517068862915,0.024074415829453206,2.0,0.472022461233731,0.006019188950154503,100,0.6903009057044983,0.01948135824748323,1,0.46832219282617576,0.00474407891146961,200.0,2.580843722820282,0.017766292136269807,1.0,0.48351569357236607,0.011153466370325063,30,0.4597501397132874,0.037309872593249596,2,0.47866840121448584,0.009861947900393008,50,0.5871849417686462,0.029171150735558916,2,0.46984265841401,0.006721617531229725,100,1.5671568393707276,0.18376093597279494,1,0.46699887058140604,0.005949037020159026,200.0,2.906276082992554,0.34208620934790857,1.0
SS-S,3840,0.6879694860120391,0.0012170269109535903,30,0.1564790844917297,0.007958964373324622,3,0.6869475245005682,0.0007866262387745506,50.0,0.36596299409866334,0.014408960430774472,2.0,0.6857718103017147,0.0007420800824575979,100,0.7092601180076599,0.02124220071039428,1,0.6854175848561596,0.0004493086293524213,200.0,3.001421570777893,0.2116617758536719,1.0,0.6878082142017216,0.0035272519472776234,30,0.4023009896278381,0.02769023562336489,3,0.6865421675746749,0.0009294586613856599,50,0.8677551746368408,0.042232468996253714,2,0.6856580409105546,0.0006619403543759293,100,1.1339288234710694,0.038604676375207744,1,0.6852843838771338,0.0003430966586893907,200.0,2.668458569049835,0.2650175164318307,1.0
SS-T,5184,0.3505643247303959,0.14107747298857692,30,0.3021851062774658,0.011261756419776192,3,0.2644410603946613,0.15289854523682303,50.0,0.5161958456039428,0.008734725639758741,2.0,0.14761833420390041,0.12217643132309691,100,1.3076621770858765,0.0170383776062595,1,0.08498085331942946,0.013511457349671496,200.0,1.456563365459442,0.07896515850042883,1.0,0.2930640428479286,0.1473184759076381,30,0.46489070653915404,0.04180447465752289,3,0.21731923521962337,0.14879106623673113,50,1.1264511585235595,0.04572678305236469,2,0.10663938181915833,0.0766812964435564,100,2.1432101249694826,0.2244014865819077,1,0.07533113454476195,0.010599628585518966,200.0,3.286539590358734,0.3597553861297587,1.0
SS-U,4608,0.4459860583335014,0.04626523760510457,30,0.27393805980682373,0.0078517161069511,2,0.4381543140371199,0.046546895808746984,50.0,0.5191398143768311,0.007887592025951603,2.0,0.38598895988583204,0.021508104960457748,100,1.1095916628837585,0.1108673380615251,1,0.37052932812812706,0.0026497537736465434,200.0,2.341321611404419,0.20431134347957422,1.0,0.43178757611886376,0.043221699303106195,30,0.6044134378433228,0.015717417153671195,2,0.4159161852498726,0.043485655514449134,50,0.8392635703086853,0.04051792986963237,2,0.3824516168934481,0.019884583575525288,100,1.6245829463005066,0.266505095579765,1,0.37186998284263395,0.007911886553444505,200.0,5.582428562641144,0.41677801588310104,1.0
SS-V,6840,0.3104031037884955,0.049742093653350625,30,0.1879214525222778,0.0017654280396099712,2,0.30027986696907083,0.06530759711744649,50.0,0.4811271071434021,0.012960525453904598,2.0,0.24022512771679533,0.08538930295488244,100,1.1102885603904724,0.026515432041262353,1,0.1831706365640341,0.11341517276662885,200.0,1.4011123299598693,0.018514705439902253,1.0,0.3003605036179716,0.05810015443698012,30,0.46819794178009033,0.01361789518075081,2,0.27920461698757926,0.06783739765922812,50,1.1340165376663207,0.041894030734507516,2,0.24872301501745991,0.0689809490441722,100,2.141711413860321,0.11189420557713932,1,0.1951753229311024,0.07395911719976031,200.0,6.621159684658051,0.07549404627928862,1.0
SS-W,65536,0.3285470774808791,0.05024755481122138,30,0.24697127342224118,0.007830079312962084,3,0.3162452239672339,0.04451222510047261,50.0,0.47168209552764895,0.047556850783356044,3.0,0.25957072308949647,0.031448529292990364,100,1.2845924615859985,0.012035862597615958,1,0.24124141587132972,0.014541909598965003,200.0,2.4933685421943665,0.09994939654258754,1.0,0.314614508510905,0.04195162982436826,30,0.4360004305839539,0.057130491701060444,3,0.2975211243785972,0.030924467253421902,50,1.087689507007599,0.05944191329281176,2,0.267564391532193,0.020193487362494857,100,2.285738980770111,0.07814337480813284,1,0.23906298069335277,0.01651479383383211,200.0,8.973881554603576,0.1126110801149308,1.0
SS-X,86058,0.11364776542775182,0.05783983544092992,30,0.2638624429702759,0.007704685647449154,3,0.09188062597718842,0.043886815872403354,50.0,0.37838109731674197,0.011182270737133918,2.0,0.05437891598311464,0.027420295852651416,100,0.9846985340118408,0.08605393561905496,1,0.04309651909354815,0.023990281815138504,200.0,1.7802292466163636,0.017203785049990022,1.0,0.09107477740083084,0.045855873875000355,30,0.5990373134613037,0.0172899502008359,2,0.08011816215663872,0.043908940050550786,50,0.9681552767753601,0.015164495554779821,2,0.04915909407676455,0.01823288156652901,100,1.4648390293121338,0.1237366874286288,1,0.02775310713832469,0.0033035952108994753,200.0,6.7471493005752565,0.17219511220113085,1.0
Scrum100k,100000,0.39280079608115326,0.035325501993286275,30,0.24450418949127192,0.013739642229786075,3,nan,nan,nan,nan,nan,nan,0.33164188215944257,0.02796584841796627,100,1.5840628266334533,0.11060707591466075,1,0.27788803137060847,0.01974408984803951,200.0,3.324469232559204,0.2332438214399905,1.0,0.3957459218296597,0.028604789597281802,30,0.7437632083892822,0.11077494926007851,3,0.3742860400141192,0.028892296012829652,50,1.3772869467735291,0.1941966734539365,2,0.32276159207067373,0.03211472590716861,100,4.207381272315979,0.31732157542459544,1,0.27568465504727874,0.025090817556507775,200.0,11.454828846454621,0.47907678878309545,1.0
Scrum10k,10000,0.3790463044780125,0.039668195554643196,30,0.32879958152770994,0.029553101085647026,2,0.3586442906969055,0.04407561309208777,50.0,0.7107225894927979,0.045715067910938795,2.0,0.3110875377494394,0.03763256670162525,100,1.5114075779914855,0.01731117688500602,1,0.25046504027240174,0.015144647578426982,200.0,3.1255868077278137,0.2784114185085618,1.0,0.36628303092894016,0.048165263090589716,30,0.6326558351516723,0.02566767529336589,2,0.3475747701237321,0.04644188000977069,50,0.8646968126296997,0.05360768461520019,2,0.29384980775315006,0.04278806192767065,100,3.3547402381896974,0.1942221139221258,1,0.24463716480619818,0.01994136878588024,200.0,9.103482568264008,0.3701533482901101,1.0
Scrum1k,1000,0.40816783251861494,0.046230685360054036,30,0.32038605213165283,0.028409922584966534,3,0.37211235199900117,0.057858525603964775,50.0,0.603545868396759,0.04378407481227042,2.0,0.31546904150235944,0.03402296789357592,100,1.5591394543647765,0.028586966671618638,1,0.28147437936858904,0.024029508016950345,200.0,3.0043176889419554,0.22891978466858787,1.0,0.3760125899400555,0.04137498353350307,30,0.44449217319488527,0.03673602536066263,2,0.36191686738174145,0.039276446905281995,50,0.7692152738571167,0.03612740983621704,2,0.30623124546686287,0.03277856721632935,100,1.5568783640861512,0.23526656458539918,1,0.2767204230548227,0.0133452653770375,200.0,7.415238380432129,0.7360427377364283,1.0
X264_AllMeasurements,1152,inf,nan,30,0.1271591782569885,0.007783061539001949,5,inf,nan,50.0,0.18014141321182248,0.013764741433902895,5.0,inf,nan,100,0.529965603351593,0.038585329426692454,5,inf,nan,200.0,1.5927972555160523,0.011232190307126265,5.0,0.13550953622689751,0.10700938644621158,30,0.2778681039810181,0.0022529204102842725,4,0.060513745162703116,0.058126453428528915,50,0.4105696201324463,0.032334791174346754,3,0.01953089741489241,0.0357645867602485,100,1.6609419465065003,0.07796850063949305,2,0.0027027207978114146,0.00020801751256430189,200.0,2.390453374385834,0.31276104445419267,1.0
billing10k,10000,0.3619162110135682,0.0350905606399734,30,0.4213013768196106,0.01843524307245265,3,0.34832160893215575,0.03327331053433968,50.0,0.7158930182456971,0.06780365093805954,3.0,0.31584839628980443,0.020631352724201867,100,2.07990425825119,0.019733061855663002,1,0.2917907134938346,0.006778683875701839,200.0,3.709309995174408,0.21762336654361902,1.0,0.34641866749513983,0.027995497504969363,30,0.6668811678886414,0.0468011766518428,3,0.32981556261708245,0.026002609269269433,50,1.1386597514152528,0.05159813808122789,2,0.31128701194027164,0.021111715338560065,100,3.260791850090027,0.153797886522803,1,0.2916774637692874,0.007687049055448648,200.0,7.998908352851868,0.5620121712396721,1.0
coc1000,1000,0.5960631321325651,0.016552931637914107,30,0.5180211067199707,0.008063092978960237,4,0.585059096157399,0.016384217526820243,50.0,1.0894227623939514,0.07611483019611613,3.0,0.5483870478699305,0.017327884273109453,100,3.119599151611328,0.25856693618837706,1,0.5259953438371466,0.019275402214029045,200.0,5.45175861120224,0.3814364050849272,1.0,0.5704590826616556,0.016766575323248906,30,1.1698456048965453,0.04359028273965828,2,0.5626448479044086,0.01674549550509561,50,1.622149395942688,0.05143477988981916,2,0.5434641962668465,0.013884061265213531,100,4.00415815114975,0.3447198905572158,1,0.523194211759838,0.017512974552449937,200.0,11.66532188653946,0.864440716763779,1.0
dataset120,5160,inf,nan,30,0.09590972661972043,0.007822364835483092,4,inf,nan,50.0,0.2036336779594421,0.006864729195860465,4.0,inf,nan,100,0.5362951636314393,0.011363117773676075,4,inf,nan,200.0,1.0482168555259705,0.06510472648730134,4.0,0.17121804837319538,0.043558715619930924,30,5.608224010467529,0.2848631536325932,3,0.15107885205072696,0.0483790693064162,50,15.25173224210739,1.1696940434355476,2,0.09980137778887772,0.04087612989331744,100,54.076257944107056,2.2017828207996706,1,nan,nan,nan,nan,nan,nan
dataset600,5160,inf,nan,30,0.102910304069519,0.006649758405494879,4,inf,nan,50.0,0.19024939537048335,0.006977158928253328,4.0,inf,nan,100,0.4551549911499023,0.009934768661767294,4,inf,nan,200.0,1.131106722354889,0.07445561632259012,4.0,0.2184340988056061,0.05942964051633921,30,5.6199790120124815,0.4446248183568248,3,0.1856378261648482,0.05242143086830267,50,15.187310004234314,1.1169025226746119,2,0.1302884102825279,0.041090119932632035,100,49.43802796602249,2.1509916313694895,1,nan,nan,nan,nan,nan,nan
dconvert,6764,inf,nan,30,0.09551991224288937,0.011106307143110747,5,inf,nan,50.0,0.258396589756012,0.006765358520369327,5.0,inf,nan,100,0.4720574617385864,0.012768921249008929,5,inf,nan,200.0,1.3380613565444945,0.0128686054323861,5.0,0.12511316016462437,0.05053288424880954,30,0.33876131772994994,0.007219827533398095,4,0.09508003778507207,0.02455142424907895,50,0.643929123878479,0.03621306403311122,3,0.07527363111946128,0.009548423064470627,100,1.6832770705223083,0.06726260014156245,2,0.06681950632080633,0.006477325049247991,200.0,5.9695383429527284,0.5120213906302342,1.0
deeparch,4096,inf,nan,30,0.23431067466735836,0.025805548021537762,5,inf,nan,50.0,0.20316584110260005,0.006903859007488393,5.0,inf,nan,100,0.5089106321334839,0.008475960974798042,5,inf,nan,200.0,1.2795890331268311,0.010782828487242877,5.0,0.13100705364027848,0.1439141615406375,30,0.2841650128364563,0.006917074453665744,4,0.060950919715893184,0.09786201943037617,50,0.5301778316497803,0.03591982408786048,3,0.014771440799946283,0.011383805361027054,100,1.7961255431175231,0.07198682103603472,2,0.01015644431464737,0.0011505586017756387,200.0,5.47590172290802,0.14358979299025412,1.0
exastencils,86058,inf,nan,30,0.09325817823410029,0.010383893753442966,5,inf,nan,50.0,0.1842231154441833,0.012767455542717238,5.0,inf,nan,100,0.4574177384376526,0.013135671944250188,5,inf,nan,200.0,0.891182279586792,0.02812632205856199,5.0,0.634860458112526,0.11645161661231589,30,0.26534093618392945,0.0047737882588663495,4,0.5757405949500688,0.13439388229922683,50,0.4979439973831177,0.050819516864436254,3,0.369688641338163,0.15412446374716351,100,1.39935861825943,0.11197010857502139,2,0.19005605618751592,0.14226228771872426,200.0,4.327178156375885,0.25822083205976115,1.0
javagc,166975,inf,nan,30,0.06788607835769649,0.066284683112393,5,inf,nan,50.0,0.17579799890518183,0.020258874442464887,5.0,inf,nan,100,0.5435241460800171,0.12077806687171422,5,inf,nan,200.0,0.5205876588821411,0.07340224536968304,5.0,0.8885366238720845,0.035752728694437526,30,0.36929128170013426,0.07288716989984323,4,0.8572857619776446,0.07908905636760571,50,1.0409343719482422,0.18937010959834574,3,0.8032859297182517,0.1186234847172314,100,2.224416422843933,0.08139827506093558,2,0.7228369569026707,0.1523498915678563,200.0,12.667748141288758,0.29612915890114005,1.0
nasa93dem,93,0.7269406155178982,0.002073021730064774,30,0.3094446659088135,0.007216890630893937,2,0.7269406153982909,0.0020730217312369997,50.0,0.6125229954719543,0.01583269220653007,2.0,0.7269406150850097,0.002073021884154715,100,1.707225263118744,0.14303538455731576,2,0.7269406148965019,0.0020730218915141984,200.0,1.4903953194618225,0.2355158147848248,2.0,0.6298715213465633,0.015107692684232107,30,0.5836706638336182,0.03581730434767119,1,0.627095714618602,0.013383820348504523,50,0.7629630208015442,0.029081855842570333,1,0.6169678995661154,0.010332982199898836,100,2.0049591064453125,0.1941056552015822,1,0.6089543081240913,0.009221016067782199,200.0,9.24659833908081,0.18764233359888716,1.0
pom3a,20000,0.5923871739017252,0.05008877433702982,30,0.37326234579086304,0.027265953979062008,3,0.5796111402229053,0.042207846073709476,50.0,0.41508854627609254,0.01824460291932396,3.0,0.5167430460511817,0.037209777552000646,100,1.1197165250778198,0.03150003890718944,1,0.4592553502524822,0.026120510649864943,200.0,1.6247157335281373,0.2995157690408613,1.0,0.5866027701841481,0.04603025082807977,30,0.5514714241027832,0.0219905894443082,3,0.5626516008207803,0.03666192243565951,50,0.8198970556259155,0.11088793949743324,2,0.5214096912715556,0.03924714040881405,100,1.7288012385368348,0.055613949897326764,1,0.4649088825089547,0.02760532824267528,200.0,5.928229129314422,0.370373125870046,1.0
pom3b,20000,0.5903001220735437,0.03891297309742064,30,0.2850077152252197,0.008171720102963576,3,0.5742258498966037,0.04251217165121932,50.0,0.5595507025718689,0.008680423059713109,3.0,0.5285087164843497,0.02637280778903027,100,1.0899080038070679,0.02517192613632747,1,0.48960677004291436,0.018135811560540185,200.0,3.563578951358795,0.2309737370494444,1.0,0.5764427535545315,0.03131271695069629,30,0.8445691227912903,0.016775750982109407,3,0.5568931555096145,0.035312114256225956,50,0.82367924451828,0.1055203423287411,2,0.5173116681974449,0.014376694938851535,100,2.3125125050544737,0.16652572642477928,1,0.4905955152521847,0.014842746060691352,200.0,4.656789481639862,0.26983793832019776,1.0
pom3c,20000,0.49673850504376044,0.040859011953610844,30,0.20814810991287228,0.007294334207273221,3,0.48259520763207997,0.042993148905212365,50.0,0.6542126178741455,0.03610514924361093,3.0,0.4253669036798905,0.03138113736448498,100,2.0075122594833372,0.022643161417462348,1,0.37882172978595513,0.021185010490058,200.0,4.451196944713592,0.2829578218410591,1.0,0.48451951235924084,0.03395226409408371,30,0.5484086394309997,0.01839857549058446,3,0.4677147056125735,0.033170536285064105,50,0.9744756698608399,0.0811342893156183,2,0.41701662328328704,0.033740146302901924,100,2.4627577543258665,0.21884552535519075,1,0.37842130104117183,0.025460610377121558,200.0,4.8087055563926695,0.3826442907026809,1.0
pom3d,500,0.6575742572412945,0.0326577515456335,30,0.38993349075317385,0.007761836907637842,3,0.639346559330889,0.027557551219166802,50.0,0.787444269657135,0.011250489707544097,2.0,0.6041051901040904,0.017872359114771048,100,2.0822750091552735,0.015151240953530529,1,0.5756515798481779,0.012859865739877163,200.0,3.055738127231598,0.21294236248447743,1.0,0.645030020778864,0.024126539575651574,30,0.5791367411613464,0.026738150271311968,2,0.6366527402419584,0.021887681707976055,50,1.2645544052124023,0.041451426073909656,2,0.6055225921037646,0.021057293896122622,100,2.817523181438446,0.06134488278178157,1,0.5789032298666799,0.019589849187418868,200.0,4.660917592048645,0.3752909503151217,1.0
redis,4400,inf,nan,30,0.12111130952835081,0.007891812417454446,5,inf,nan,50.0,0.2715324640274048,0.0075922411957255785,5.0,inf,nan,100,0.6488639116287231,0.009109826810338313,5,inf,nan,200.0,1.16303551197052,0.08749107493016231,5.0,0.39418456028991083,0.00986894458048903,30,0.3233965277671814,0.012216361102212234,4,0.3807028476809474,0.014722276785186516,50,0.6135755896568298,0.038124297106945065,3,0.36658950519529004,0.011028516372155916,100,0.9244099259376526,0.042768900182149606,2,0.34739995592205536,0.014254321773746402,200.0,4.864046359062195,0.05801455569076768,1.0
rs-6d-c3_obj1,3840,inf,nan,30,0.07131004333496091,0.012433493912227919,5,inf,nan,50.0,0.22826415300369257,0.010438848321018998,5.0,inf,nan,100,0.6395634174346924,0.008335488701875955,5,inf,nan,200.0,0.9869463205337524,0.03098319865473339,5.0,0.11304312462629713,0.04342005141123032,30,0.2971073746681213,0.00849991025838842,4,0.09942769467493288,0.006830856444877973,50,0.5538035988807678,0.008506870936488466,3,0.09375421032060598,0.004708627911594661,100,1.3614738821983337,0.05851538266812078,2,0.0922505983818569,0.004822787730153965,200.0,3.824694514274597,0.15457173480494493,1.0
rs-6d-c3_obj2,3840,inf,nan,30,0.12640758752822873,0.00817066053469348,5,inf,nan,50.0,0.20831335783004756,0.0072190201772293645,5.0,inf,nan,100,0.5074981689453125,0.01962119750241815,5,inf,nan,200.0,1.5742463231086732,0.013425051491628827,5.0,0.31072292151125896,0.31510553517849477,30,0.28028005361557007,0.0054695117179162644,4,0.21026298424671555,0.2595258362262129,50,0.49705411195755006,0.01326610792859908,3,0.18820934860310978,0.26551548879110626,100,0.7800573945045471,0.03685000141057081,2,0.1734491511726936,0.2668424024801616,200.0,3.6233478307724,0.201638521172761,1.0
sol-6d-c2-obj1,2866,inf,nan,30,0.1102810144424438,0.006357928854281186,5,inf,nan,50.0,0.25738379955291746,0.009003237620927383,5.0,inf,nan,100,0.5217750191688537,0.014550139214784341,5,inf,nan,200.0,0.7171170949935913,0.01760322562746525,5.0,0.6564045017274477,0.1718706790308004,30,0.27424585819244385,0.01212441907270892,4,0.5713603577960968,0.18297349422801665,50,0.5025744915008545,0.016047007596488746,3,0.4569869284486024,0.20747369736718638,100,1.231471061706543,0.0748308633301204,2,0.38381664434025653,0.198054475343263,200.0,3.2409969568252563,0.25226435856086044,1.0
storm,1557,inf,nan,30,0.1363951206207275,0.00746168675993344,5,inf,nan,50.0,0.22456028461456295,0.0069368961786427635,5.0,inf,nan,100,0.6636359453201294,0.01174696240587462,5,inf,nan,200.0,1.0770839333534241,0.055024224182330106,5.0,0.1859137847682158,0.13656304061124283,30,0.35015072822570803,0.008611479084133157,4,0.10202702337735974,0.08439719319325147,50,0.6797194480895996,0.038548630339045126,3,0.04648220032394052,0.054581824971259116,100,1.85174058675766,0.07676390544943128,2,0.03276807197191682,0.04720252708856704,200.0,3.336588168144226,0.3253713475318716,1.0
wc+rs-3d-c4-obj1,196,inf,nan,30,0.11820307970046992,0.00613368958169505,5,inf,nan,50.0,0.2715696096420288,0.008864621978748698,5.0,inf,nan,100,0.5249724745750427,0.020819470931475268,5,inf,nan,200.0,1.0119606137275696,0.013066382122672424,5.0,0.22898245624548727,0.08110340858837678,30,0.2042548298835754,0.019443652152252938,4,0.20978204148972196,0.003959099041823551,50,0.4117367029190063,0.013065765863312151,3,0.20964469673059663,0.003918292779039067,100,1.0832229256629944,0.05445420909497279,2,0.2091253981373072,0.0038846553346585724,200.0,2.510384213924408,0.15804058418804784,1.0
wc+sol-3d-c4-obj1,196,inf,nan,30,0.10108886957168575,0.0058066500726383025,5,inf,nan,50.0,0.2084983348846435,0.011171004355668321,5.0,inf,nan,100,0.5000882029533387,0.020042821489310386,5,inf,nan,200.0,0.9804948568344116,0.03188607322201447,5.0,0.22581153943937654,0.08988933461859415,30,0.25916423797607424,0.008174682497031323,4,0.20478368498425897,0.03039913378679051,50,0.43594324588775635,0.014593412662443916,3,0.19385009203934517,0.009587683017023958,100,0.6803653240203857,0.04055871111855969,1,0.19385009203934517,0.009587683017023958,200.0,3.0519957661628725,0.07652340403804779,2.0
wc+wc-3d-c4-obj1,196,inf,nan,30,0.09149107933044431,0.011358530233627784,5,inf,nan,50.0,0.18610385656356807,0.0071212814324556695,5.0,inf,nan,100,0.5019919395446777,0.012574151616707418,5,inf,nan,200.0,1.2014145970344543,0.023419760860452166,5.0,0.27432399578382954,0.10062194892841818,30,0.181562066078186,0.017864625990947118,4,0.2523363391260141,0.06934815290393068,50,0.38342922925949097,0.014361814750669272,3,0.2370342212395607,0.005571910753069183,100,1.056145179271698,0.04091861179985748,1,0.2370342212395607,0.005571910753069183,200.0,2.332066261768341,0.07009889483483515,2.0
wc-6d-c1-obj1,2880,inf,nan,30,0.12900921106338498,0.006272385094347234,5,inf,nan,50.0,0.21428188085556027,0.008491829553064482,5.0,inf,nan,100,0.527397632598877,0.020784376734682333,5,inf,nan,200.0,1.2085997462272644,0.020036703622429916,5.0,0.12595296678790607,0.0361933254667684,30,0.3683587431907654,0.01062619544343154,4,0.11097188933801816,0.036726171163095116,50,0.5568909883499146,0.009397199840697847,3,0.0939431705119817,0.020898315102360062,100,1.2893569588661193,0.07237091630645982,2,0.0856849663823937,0.0026590930544410593,200.0,3.3455065369606016,0.12509198047151487,1.0
x264,53662,inf,nan,30,0.10469260215759273,0.006837241701782069,5,inf,nan,50.0,0.20050359964370723,0.009139852187373412,5.0,inf,nan,100,0.46488018035888673,0.016124517142882447,5,inf,nan,200.0,1.2992539882659913,0.014961969266737088,5.0,0.2339298090057201,0.13984064735502535,30,0.26798306703567504,0.04306722694514563,4,0.2084162559041761,0.12902002035377763,50,0.5282127261161804,0.04934064814645392,3,0.1750261947385096,0.12787216696729442,100,1.5980036854743958,0.09307713617681537,2,0.13838341960457085,0.11521674516491072,200.0,7.434586238861084,0.23828914355226308,1.0
xomo_flight,10000,0.6455017464064836,0.058576429372278666,30,0.46907668113708495,0.013969091074796991,3,0.59538913253464,0.0660036075905762,50.0,0.5537559509277343,0.02191228614254159,2.0,0.5168087045225865,0.04543831947228303,100,1.8753590703010559,0.17283250064202532,1,0.44212822981456623,0.029148011568419927,200.0,5.211346280574799,0.04069857652840182,1.0,0.6415651389475572,0.06869773401764223,30,0.9754859328269958,0.05033698788771644,3,0.5967782684756496,0.06172113922610649,50,1.5898887753486632,0.055662357066658494,2,0.5180243902463237,0.03031849906536721,100,4.952110779285431,0.11917302663560303,1,0.4418711058299336,0.03028213349037203,200.0,9.349648177623749,0.2777111694089695,1.0
xomo_ground,10000,0.6716825523965445,0.02933549827644539,30,0.40165510177612307,0.008415320513280387,4,0.6504397400939196,0.031781896749404376,50.0,0.5560123682022095,0.013722930764318703,3.0,0.5811450403612741,0.0381853773132252,100,2.7001592397689818,0.05214142613872802,1,0.5232312833224154,0.030823023793091403,200.0,3.5952310800552367,0.04884196894846434,1.0,0.6581098628178338,0.039535730428482165,30,0.8734100937843323,0.05653330048985271,3,0.6455187035220533,0.03427477059609164,50,1.320660150051117,0.06310898118994697,3,0.6030939492783917,0.03402527027468024,100,3.46663019657135,0.09678882528265993,2,0.5278476292636459,0.033684408127186614,200.0,9.311258172988891,0.17888669950822586,1.0
xomo_osp,10000,0.6877169823514337,0.03610218015845627,30,0.2778750777244568,0.017669494497884068,3,0.6679607994924484,0.04311364847332554,50.0,0.7131767034530639,0.016157418439439263,2.0,0.5998297809166163,0.04160254793428144,100,1.8438243389129638,0.04711019307369954,1,0.5377177972740441,0.034024132801789224,200.0,3.7848379373550416,0.11147927171448328,1.0,0.6767950086123747,0.052654346414002406,30,0.7755795478820801,0.03987598861961816,3,0.6559749157431451,0.052658185093147264,50,1.3819780707359315,0.054630273005360254,2,0.599778419483761,0.03661597357168293,100,3.178347337245941,0.08120266761244475,1,0.539013830773284,0.023877139604630292,200.0,9.681977462768554,0.09047010263505886,1.0
xomo_osp2,10000,0.5203097858738697,0.03053093850381843,30,0.36685224771499636,0.00844962969106461,3,0.50694649128657,0.03337462601195447,50.0,0.7348855853080749,0.012844869895284886,2.0,0.4512147101708829,0.02856396755316137,100,1.8940719842910767,0.1695611269097548,1,0.3982791605074076,0.026602225154457343,200.0,3.555378532409668,0.1607965552430678,1.0,0.5288965271785235,0.03924388135441827,30,0.8366667866706848,0.028565587619613145,3,0.5020157349507449,0.04117183334575266,50,1.6636430621147156,0.05670118829865028,2,0.4474789154691566,0.026650411157506288,100,1.76081440448761,0.29885096408361095,1,0.3805206161326583,0.02120728622005563,200.0,11.31597683429718,0.06456834619718128,1.0
