Dataset,Rows,GA-25_mean,GA-25_std,GA-25_budget,GA-25_runtime_mean,GA-25_runtime_std,GA-25_tier,GA-50_mean,GA-50_std,GA-50_budget,GA-50_runtime_mean,GA-50_runtime_std,GA-50_tier,GA-100_mean,GA-100_std,GA-100_budget,GA-100_runtime_mean,GA-100_runtime_std,GA-100_tier,GA-200_mean,GA-200_std,GA-200_budget,GA-200_runtime_mean,GA-200_runtime_std,GA-200_tier,ILS-200_mean,ILS-200_std,ILS-200_budget,ILS-200_runtime_mean,ILS-200_runtime_std,ILS-200_tier,ILS-50_mean,ILS-50_std,ILS-50_budget,ILS-50_runtime_mean,ILS-50_runtime_std,ILS-50_tier,ILS-25_mean,ILS-25_std,ILS-25_budget,ILS-25_runtime_mean,ILS-25_runtime_std,ILS-25_tier,ILS-100_mean,ILS-100_std,ILS-100_budget,ILS-100_runtime_mean,ILS-100_runtime_std,ILS-100_tier,TS-25_mean,TS-25_std,TS-25_budget,TS-25_runtime_mean,TS-25_runtime_std,TS-25_tier,TS-50_mean,TS-50_std,TS-50_budget,TS-50_runtime_mean,TS-50_runtime_std,TS-50_tier,TS-100_mean,TS-100_std,TS-100_budget,TS-100_runtime_mean,TS-100_runtime_std,TS-100_tier,TS-200_mean,TS-200_std,TS-200_budget,TS-200_runtime_mean,TS-200_runtime_std,TS-200_tier,ONEPLUSONE-25_mean,ONEPLUSONE-25_std,ONEPLUSONE-25_budget,ONEPLUSONE-25_runtime_mean,ONEPLUSONE-25_runtime_std,ONEPLUSONE-25_tier,ONEPLUSONE-50_mean,ONEPLUSONE-50_std,ONEPLUSONE-50_budget,ONEPLUSONE-50_runtime_mean,ONEPLUSONE-50_runtime_std,ONEPLUSONE-50_tier,ONEPLUSONE-100_mean,ONEPLUSONE-100_std,ONEPLUSONE-100_budget,ONEPLUSONE-100_runtime_mean,ONEPLUSONE-100_runtime_std,ONEPLUSONE-100_tier,ONEPLUSONE-200_mean,ONEPLUSONE-200_std,ONEPLUSONE-200_budget,ONEPLUSONE-200_runtime_mean,ONEPLUSONE-200_runtime_std,ONEPLUSONE-200_tier,HILL-25_mean,HILL-25_std,HILL-25_budget,HILL-25_runtime_mean,HILL-25_runtime_std,HILL-25_tier,HILL-50_mean,HILL-50_std,HILL-50_budget,HILL-50_runtime_mean,HILL-50_runtime_std,HILL-50_tier,HILL-100_mean,HILL-100_std,HILL-100_budget,HILL-100_runtime_mean,HILL-100_runtime_std,HILL-100_tier,HILL-200_mean,HILL-200_std,HILL-200_budget,HILL-200_runtime_mean,HILL-200_runtime_std,HILL-200_tier,Random-25_mean,Random-25_std,Random-25_budget,Random-25_runtime_mean,Random-25_runtime_std,Random-25_tier,Random-50_mean,Random-50_std,Random-50_budget,Random-50_runtime_mean,Random-50_runtime_std,Random-50_tier,Random-100_mean,Random-100_std,Random-100_budget,Random-100_runtime_mean,Random-100_runtime_std,Random-100_tier,Random-200_mean,Random-200_std,Random-200_budget,Random-200_runtime_mean,Random-200_runtime_std,Random-200_tier
Apache_AllMeasurements,192,0.1558833333333333,0.052506894562601845,25,0.2067788958549499,0.005093574190584626,1,0.11973750000000001,0.05117279004304415,50,0.38890531063079836,0.022266631963612518,1,0.09228333333333327,0.05563902034359815,100.0,0.7811292886734009,0.054701409107207825,1.0,0.09228333333333327,0.05563902034359815,200,1.5682612776756286,0.09996574121790941,1,0.3461750000000003,0.3196108915586644,200.0,0.36843820810317995,0.03237884405831582,1.0,nan,nan,nan,nan,nan,nan,nan,nan,nan,nan,nan,nan,nan,nan,nan,nan,nan,nan,0.13083333333333325,0.08880720296375524,25,0.2111568570137024,0.008338729223541922,1,0.05808333333333321,7.119154932824459e-18,50,0.3425179958343506,0.017892412692673238,1,0.05808333333333321,7.119154932824459e-18,100,0.5908132553100586,0.0366218143847468,1,0.05808333333333321,7.119154932824459e-18,200.0,0.7420868515968323,0.07601505507188173,1.0,0.5603291666666667,0.23628317935117227,25,0.26728502511978147,0.005157313959690421,1,0.45603333333333324,0.2120929975739015,50,0.449993896484375,0.0059051766708370515,1,0.29757083333333345,0.20501743128536196,100,1.0241225600242614,0.05143183064179976,1,0.10686249999999975,0.09524148392115106,200.0,1.5419009804725647,0.1691321986892476,1.0,0.05808333333333321,7.119154932824459e-18,25,0.20207437276840207,0.0021057362286508634,1,0.05808333333333321,7.119154932824459e-18,50,0.4103158712387085,0.01677377094958429,1,0.05808333333333321,7.119154932824459e-18,100,0.6750232338905334,0.04754201193063786,1,0.05808333333333321,7.119154932824459e-18,200,0.8713077545166016,0.048335798569870296,1,0.042675000000000865,0.026991225290638476,25.0,0.29721406698226926,0.014585005438383812,1.0,0.023745833333334153,0.009972604103359322,50,0.4124441027641296,0.018529739924927218,1,inf,nan,100,0.7818090796470643,0.04184581581080137,1,inf,nan,200,0.8009871482849121,0.027969517392040746,1
BDBC,2560,0.09298080935524633,0.16541389781837515,25,0.2048914551734924,0.004587308696706113,1,0.06344888428631577,0.1367166493320707,50,0.41272934675216677,0.00806818144612134,1,0.05597506824930383,0.13875037301590612,100.0,0.8547991991043091,0.03763932033881357,1.0,0.05519332478134983,0.13900827134155633,200,1.5979356169700623,0.05136413269816613,1,0.8171906121009165,0.26008093506710483,200.0,0.29533752202987673,0.02083400424940764,1.0,nan,nan,nan,nan,nan,nan,nan,nan,nan,nan,nan,nan,nan,nan,nan,nan,nan,nan,0.21230321117675502,0.2316056131344169,25,0.2063519716262817,0.006648737576154571,1,0.0744824668900308,0.1666831407828706,50,0.4014652967453003,0.038969415621756716,1,0.004257378818224425,0.002969472070143637,100,0.7339218139648438,0.027707301221592023,1,0.0026973125133124,0.0,200.0,1.2506735682487489,0.11877906398185349,1.0,0.5726062723752305,0.3325209365757195,25,0.25445411205291746,0.001018653451687613,1,0.409913831009752,0.36186219465912484,50,0.4740620136260986,0.002022087792616346,1,0.2561467596479253,0.34034316056706426,100,0.8459647297859192,0.10925141299824817,1,0.028855212121877093,0.07543713276868294,200.0,1.582715880870819,0.18395046610464513,1.0,0.3141273617408762,0.2879779212206029,25,0.2231073260307312,0.030001165799740697,1,0.13432299578427212,0.2012794347727205,50,0.45268222093582156,0.02343597733364499,1,0.034809807767136776,0.10085147785507736,100,0.8366193175315857,0.03857839209612038,1,0.006177016272735826,0.0025333762996141407,200,1.5396353721618652,0.087593669143778,1,0.00475932294781794,0.002026537028926383,25.0,0.23306989669799805,0.004227915960018983,1.0,0.00369102588854832,0.0018137032823549893,50,0.44544254541397094,0.0066277093517145315,1,inf,nan,100,0.8743552684783935,0.03778599686667417,1,inf,nan,200,0.9164121389389038,0.0074953671621815435,1
FFM-1000-200-0.50-SAT-1,10000,0.4006245363494408,0.019446682542141935,25,0.7347702264785767,0.03315291026399401,1,0.38329555079609046,0.01609739936396298,50,1.544361126422882,0.14594743690647888,1,0.3682994312988223,0.00942005642487777,100.0,2.495464587211609,0.13127894406572424,1.0,0.36426522731181754,0.008481081491186475,200,5.198842859268188,0.13533602085386753,1,0.3825201648208091,0.021960002582119525,200.0,2.82689049243927,0.8330974932621283,1.0,0.39181870077777836,0.023777862042745575,50.0,1.2922114133834839,0.12095645895973435,1.0,nan,nan,nan,nan,nan,nan,nan,nan,nan,nan,nan,nan,0.4142083504991748,0.032579877765201694,25,0.7585395812988281,0.03852162741722164,1,0.38604844855703935,0.022602420238476327,50,1.3739191532135009,0.11447425925975914,1,0.37626230552140993,0.016282317143863537,100,2.401148462295532,0.10975445198730714,1,0.36994551692850813,0.015961256998335494,200.0,4.857972717285156,0.7093324045029928,1.0,0.4535348109395896,0.04236048810893769,25,1.022354245185852,0.0651013945967577,1,0.41983037965369163,0.03154719486676738,50,1.8920228362083436,0.21917399366104218,1,0.39237625316461067,0.027473332244875023,100,1.4626375198364259,0.018379564159620027,1,0.37490109269972016,0.018440969072595476,200.0,2.8297290086746214,0.013458035880796321,1.0,0.4090313111017642,0.0,25,0.5910989761352539,0.004858933321145157,1,0.38734534607220034,0.01873024075569922,50,1.359032678604126,0.023045460842600556,1,0.3820188989070602,0.017349523239574314,100,2.8069711089134217,0.11202388308411486,1,0.3596568444596103,0.0009694987717976572,200,4.772788405418396,0.14889873222267438,1,0.43696739417294655,0.015510913179236172,25.0,0.8787481665611268,0.2613089934792167,1.0,0.423776426893039,0.015316960514652594,50,2.0227717399597167,0.21426054628858524,1,inf,nan,100,2.841377878189087,0.1269933945504103,1,inf,nan,200,2.83413450717926,0.15033913456067421,1
FM-500-100-0.50-SAT-1,10000,0.3673350453291372,0.0290543411265961,25,0.36332629919052123,0.07042487714514885,1,0.33084941362711956,0.03488815155394685,50,0.6900353550910949,0.10764375672090747,1,0.29153037322846853,0.021370950683769065,100.0,2.1379051327705385,0.09649484728058906,1.0,0.28359952248094045,0.021876740179700743,200,2.5528444647789,0.07923472504854005,1,nan,nan,nan,nan,nan,nan,nan,nan,nan,nan,nan,nan,0.3937036405085306,0.07392955524113519,25.0,0.5301632523536682,0.04702408279489713,1.0,nan,nan,nan,nan,nan,nan,0.37917937712200167,0.0667997341282164,25,0.5348000526428223,0.016660263605765877,1,0.3372469662585087,0.049564674407466876,50,1.0012136340141295,0.02050989039747069,1,0.3304583080058151,0.04589246709732894,100,1.8605874061584473,0.07109025061380808,1,0.3304583080058151,0.04589246709732894,200.0,2.862711799144745,0.31310521233658145,1.0,0.4568542111322974,0.08047454797114693,25,0.5951980113983154,0.015529505104603034,1,0.40846827265305635,0.06576795543037513,50,1.6160989642143249,0.10230799948661065,1,0.36302822302437876,0.06816507012965733,100,3.443608117103577,0.2412006213140233,1,0.3168531157423013,0.043794582858109964,200.0,5.914345800876617,0.29156560568389067,1.0,0.3571386149254973,0.05432566894350266,25,0.757884407043457,0.058928108149315254,1,0.3296531636634198,0.03599613898354702,50,1.0776862621307373,0.04188745123238545,1,0.3128954100162914,0.027787497069584062,100,2.821326422691345,0.2169049749081415,1,0.3015843649830934,0.023828168387791282,200,4.121476554870606,0.23509737896971228,1,0.3894460231227039,0.030625003471619314,25.0,0.825861120223999,0.058955269098997225,1.0,0.36799538557644706,0.02372588865134181,50,0.7467893362045288,0.09786234208818331,1,inf,nan,100,3.3395933151245116,0.2048763137186552,1,inf,nan,200,1.3970597505569458,0.058327486476042974,1
HSQLDB,864,0.01718547794117657,0.01377322919020064,25,0.23331035375595088,0.0025714905186488756,1,0.013510845588235398,0.012264118614121806,50,0.43333165645599364,0.007817386046881702,1,0.011893014705882419,0.01192355325419629,100.0,0.5692021727561951,0.0101827981539285,1.0,0.01164080882352947,0.011760483296733452,200,0.9572790503501892,0.20199808120070095,1,nan,nan,nan,nan,nan,nan,nan,nan,nan,nan,nan,nan,nan,nan,nan,nan,nan,nan,0.6022786764705879,0.44045094087021297,100.0,0.37105963230133054,0.06348937881516462,1.0,0.605936213235294,0.4395156481030996,25,0.20591415166854854,0.023315104052929653,1,0.6022189338235291,0.44065905912310793,50,0.23048368692398066,0.03192534272922103,1,0.5660641544117644,0.4593145023335555,100,0.5613572597503662,0.07910325167906307,1,0.5658667279411761,0.4591490560930691,200.0,0.5985552787780761,0.09499720162301359,1.0,0.5824683823529406,0.4019922394316931,25,0.1593429088592529,0.0016334046302351115,1,0.42063713235294087,0.33848624574942165,50,0.43830347061157227,0.002193812955838552,1,0.1798001838235294,0.2384493893212818,100,0.8140921235084534,0.002350840088108963,1,0.09803749999999997,0.20260699350294284,200.0,1.0808102369308472,0.21913268922716814,1.0,0.020931801470588283,0.03840415768322635,25,0.15583444833755494,0.010462470532009648,1,0.005783088235294155,0.006434490566925671,50,0.29798136949539183,0.020010303094897833,1,0.0036268382352941204,0.0013334288045651372,100,0.5335738778114318,0.05238413860302988,1,0.00315661764705882,0.00036772909301490325,200,1.721610462665558,0.18896819095439363,1,0.01289926470588027,0.008301698309995855,25.0,0.1688906669616699,0.0018854078899735668,1.0,0.008213051470586053,0.004079057738380844,50,0.3251048684120178,0.0025843974578940387,1,inf,nan,100,0.6471452593803406,0.007543951549929634,1,inf,nan,200,1.0515235900878905,0.07343414603515555,1
Health-ClosedIssues0003,10000,0.5275337877908839,0.09376334426576875,25,0.45709930658340453,0.016213981955979666,1,0.5015852054424396,0.10668384938549982,50,0.7306689262390137,0.15306200692577343,1,0.46871562996749444,0.1122307833857032,100.0,1.0985464334487915,0.21320581976465228,1.0,0.4418253040275011,0.1194876312659124,200,1.7170149207115173,0.2922611411524836,1,nan,nan,nan,nan,nan,nan,0.5843710169533913,0.08101890134664048,50.0,0.5101872682571411,0.13263681731775992,1.0,nan,nan,nan,nan,nan,nan,nan,nan,nan,nan,nan,nan,0.592297875582146,0.08780678136809203,25,0.37116312980651855,0.0419321619041037,1,0.5825911619629047,0.09427151199968219,50,0.6286296725273133,0.08159827877563923,1,0.5736953227565892,0.09595005503474915,100,0.8895262002944946,0.22754114382249727,1,0.5633430454537038,0.10304918231757457,200.0,3.3075708389282226,0.43767619405820235,1.0,0.5414926062648339,0.10104864487498463,25,0.7902492761611939,0.012595714924509546,1,0.5132678381058596,0.0929250951652723,50,1.5692352175712585,0.011098620994722464,1,0.48041366851882794,0.0906634771257372,100,2.7611111640930175,0.04735822774605018,1,0.4758835462785623,0.0858114116148507,200.0,5.193263852596283,0.4261560101249821,1.0,0.5069844485027458,0.11599259195424412,25,0.466123902797699,0.046843475891926376,1,0.4692541626972866,0.11703978068852772,50,1.7352687954902648,0.1132468791571334,1,0.40551753302757065,0.10163693363476407,100,1.3556726217269897,0.2825962992364525,1,0.3894544661545414,0.09198764724854441,200,4.407296264171601,0.36262607072367226,1,0.24011810546993623,0.03389114393793446,25.0,0.7589733242988587,0.06031985076191776,1.0,0.2103862118502177,0.032049944375875244,50,1.3495413541793824,0.007782948804860412,1,inf,nan,100,1.4829983234405517,0.2608961896573529,1,inf,nan,200,1.4617913722991944,0.2542629029585909,1
Health-ClosedIssues0004,10000,0.5693915264097501,0.03065357157327693,25,0.4608523488044739,0.012947119209082713,1,0.5625024127975957,0.026439958752013378,50,0.716078770160675,0.1548537116760203,1,0.5471164155705812,0.031212900458928102,100.0,2.314817452430725,0.2354191802872153,1.0,0.5294471247625874,0.028648308350019826,200,3.1433927416801453,0.2929747374451121,1,0.6043253651157159,0.07918223709217648,200.0,0.8579166889190674,0.2537104374079594,1.0,nan,nan,nan,nan,nan,nan,nan,nan,nan,nan,nan,nan,nan,nan,nan,nan,nan,nan,0.6202936627266605,0.0926735298647223,25,0.5658573389053345,0.07677087864074394,1,0.6103627025720157,0.09662287992349082,50,0.652339506149292,0.09858181826200839,1,0.5959834623008368,0.09606996754656184,100,0.9242315053939819,0.2632343001290133,1,0.5771625255672546,0.11706073453354679,200.0,3.080229842662811,0.5307668134697835,1.0,0.5929543553874177,0.05059739689915248,25,0.6343763113021851,0.08173465307253988,1,0.5761437109000057,0.04346617819017157,50,2.030267822742462,0.05464167344211317,1,0.5571543222445453,0.03524225358867844,100,2.803797209262848,0.13860242457262092,1,0.5502625674871222,0.031186243410967558,200.0,4.666211938858032,0.30760251763581276,1.0,0.5671082363720981,0.06380947313087307,25,0.5991671562194825,0.05570229876034816,1,0.5404239675570173,0.06251096328356509,50,0.7249527096748352,0.16973082663360506,1,0.5162638691357102,0.0483947274091097,100,2.7486929893493652,0.22043904482212234,1,0.5061729097530336,0.04512982038303398,200,3.982771873474121,0.4227948479956461,1,0.29340004537157804,0.00970258641186727,25.0,0.7326907277107239,0.009483354784473675,1.0,0.2888868839289943,0.008603565672133112,50,1.2489407539367676,0.15675037519155857,1,inf,nan,100,3.546223485469818,0.17348649944800146,1,inf,nan,200,2.71259092092514,0.044886439346787016,1
Health-ClosedIssues0007,10000,0.5299874515471419,0.04845148870755689,25,0.7250605344772338,0.050547831713639774,1,0.5031853327950684,0.04955191644338733,50,1.6227161526679992,0.10944523594320955,1,0.47598664576064964,0.05380449859202461,100.0,1.1178358554840089,0.24601922487686653,1.0,0.44416219352058367,0.043558332024167985,200,1.727470290660858,0.31036636869175344,1,nan,nan,nan,nan,nan,nan,nan,nan,nan,nan,nan,nan,nan,nan,nan,nan,nan,nan,0.5525600424103488,0.05488888783620342,100.0,1.0242315173149108,0.3031144769071789,1.0,0.5772067071004159,0.026348074475903593,25,0.36687976121902466,0.039746802326126665,1,0.567523230384424,0.040894129151702714,50,0.5899290680885315,0.08847076718582972,1,0.5446432700925701,0.0750217208767083,100,1.0573089599609375,0.20371579311273133,1,0.5153875445374668,0.09984745685356383,200.0,3.012155735492706,0.5088946216791463,1.0,0.5473093112592664,0.05652401925411798,25,0.7160907626152039,0.013088688204438351,1,0.52316735335047,0.06251654780401535,50,0.8065060615539551,0.15125226026394617,1,0.49582079743933904,0.06405906402153587,100,2.660683882236481,0.05565938085463186,1,0.47932132616002915,0.06248761263271271,200.0,5.964171612262726,0.09804209054717185,1.0,0.5169408140983178,0.06574392919427816,25,0.45307704210281374,0.03539251032785011,1,0.4757182277180455,0.05094539027426718,50,0.711075735092163,0.15778015432234954,1,0.44410792685277256,0.04482682730735096,100,1.3113459467887878,0.2824675249008637,1,0.4401155213615078,0.04205022073960077,200,1.7197734355926513,0.3220774591073534,1,0.5356284207027049,0.07404725742393149,25.0,0.7776913404464721,0.004988727881373751,1.0,0.5120933587047618,0.07892682246817388,50,0.9147325038909913,0.1433794836436223,1,inf,nan,100,1.492244577407837,0.29492804128099215,1,inf,nan,200,1.484679651260376,0.2790349903509394,1
Health-ClosedIssues0011,10000,0.1516464050058535,0.0218584368890718,25,0.7160603642463684,0.0271376592854637,1,0.15148608082382198,0.021719953740468274,50,1.405538594722748,0.1260682143295135,1,0.1496930149309802,0.02359395270687973,100.0,2.0942595839500426,0.16470083236985597,1.0,0.14301352104686776,0.03145172157662627,200,3.1440481543540955,0.32324972756592407,1,nan,nan,nan,nan,nan,nan,0.1570039921008365,0.018747992766172807,50.0,0.7139101266860962,0.23942782275767263,1.0,0.1639477230393571,0.006980188809279341,25.0,0.4882365703582764,0.11322255081933348,1.0,0.14754081208798495,0.028118940754819518,100.0,1.1898922085762025,0.36595259874850505,1.0,0.16484406832888987,0.00813258924875249,25,0.3612236499786377,0.04302387917710876,1,0.16280166817193967,0.0071465253985360435,50,0.8749263882637024,0.12092547068444659,1,0.16056707653284194,0.005993449265133717,100,1.824198830127716,0.24450278743285117,1,0.1588165741167628,0.005912331738491566,200.0,2.9251898527145386,0.5531730242828217,1.0,0.16513370356480267,0.02062750209727811,25,0.7871552467346191,0.013366241391756585,1,0.16199829365708923,0.02273079364221767,50,1.399746334552765,0.012715272013762036,1,0.15364126593759814,0.028101014179010356,100,2.3160905241966248,0.18482059190567912,1,0.1509243393249447,0.027971091683377396,200.0,5.960179054737091,0.12245389211313411,1.0,0.15019811444176198,0.01998028865363233,25,0.6729904770851135,0.04477604511058736,1,0.14402481696777686,0.023563660631459662,50,1.3740318894386292,0.09453699016364968,1,0.14177399558621048,0.022120813798572832,100,3.2743937015533446,0.18761162706565532,1,0.1350347617516994,0.027670222791453765,200,4.287394952774048,0.3838695094946576,1,0.06774736171015318,0.05891064117503508,25.0,0.753360915184021,0.021568120051178283,1.0,0.04124536535376262,0.038322783369616864,50,1.4652202606201172,0.04076429903627926,1,inf,nan,100,3.1477356791496276,0.15603732614446733,1,inf,nan,200,3.171626794338226,0.25658819177568765,1
Health-ClosedPRs0004,10000,0.11454661710209631,0.003411231186804078,25,0.64493328332901,0.023106599238529524,1,0.11422569688774901,0.0030997897124714416,50,1.2034649968147277,0.07114815767177841,1,0.11368438128478846,0.0026692248310842643,100.0,2.050461745262146,0.17536723341070487,1.0,0.112771535233426,0.0023225013435805445,200,3.4476724743843077,0.364050650455843,1,0.11381134513536917,0.002786941196815625,200.0,1.5083146691322327,0.4113137175281559,1.0,nan,nan,nan,nan,nan,nan,nan,nan,nan,nan,nan,nan,nan,nan,nan,nan,nan,nan,0.11612393015168154,0.00324098764782926,25,0.5060853838920594,0.06963218462772011,1,0.11514032446834374,0.003125961459475081,50,0.9010556101799011,0.1495212478502076,1,0.11388273945980257,0.002530007362111037,100,1.3760735511779785,0.22475696143295223,1,0.11302212253720205,0.0026105115524422294,200.0,2.765875720977783,0.41916253087401273,1.0,0.11814687241678386,0.0018417855765592236,25,0.6921016812324524,0.09351139028539289,1,0.11752221105022251,0.0018925098190011233,50,1.5648330569267273,0.014081045422798285,1,0.11585797477530953,0.0022444406880694403,100,3.1049158453941343,0.1894995952856556,1,0.11499642500818896,0.002129742252559212,200.0,2.7910009026527405,0.3357128757176247,1.0,0.11466777303869469,0.00263754440198622,25,0.7377123236656189,0.07369919137561354,1,0.11235053060002478,0.0022155673115086777,50,1.2097078084945678,0.09035009650383166,1,0.11153940124067241,0.002150961933633569,100,2.718938684463501,0.20355072472614852,1,0.11102766389587963,0.0022606258989960504,200,3.6290588855743406,0.375847968115889,1,0.4655783862363879,0.13401229021539887,25.0,0.7299945116043091,0.01029030280649812,1.0,0.3724799367983847,0.08661803001502058,50,1.4114541888237,0.016495340191730955,1,inf,nan,100,2.9929298520088197,0.2118746320943929,1,inf,nan,200,2.783611011505127,0.09031129743088784,1
Health-ClosedPRs0005,10000,0.4710998437887161,0.03900404021708033,25,0.658366346359253,0.018301519650441498,1,0.45953561564633166,0.04774573000621028,50,1.3764736890792846,0.08862172576493664,1,0.4475844218510322,0.061351247375688055,100.0,2.0400846719741823,0.18813561599690956,1.0,0.42958674153405274,0.0848961314927017,200,3.322878921031952,0.27069830812814444,1,nan,nan,nan,nan,nan,nan,0.4855857230393405,0.009038692955664195,50.0,0.7252633690834045,0.21449736206408743,1.0,nan,nan,nan,nan,nan,nan,nan,nan,nan,nan,nan,nan,0.48803169128866486,0.0008973759658921643,25,0.546160352230072,0.07308057657444744,1,0.48657570576123604,0.005343305885068958,50,1.1873093008995057,0.1760099992178863,1,0.48109461940183057,0.027455660519558927,100,1.5984849333763123,0.25970180057206727,1,0.46956826574697896,0.04070724244632532,200.0,2.7749994158744813,0.503897261653985,1.0,0.470710661043915,0.04402579549866114,25,0.5066022038459778,0.007009662828595822,1,0.4549489044203295,0.05449640779395075,50,0.794718611240387,0.17029760371908506,1,0.44325980555002653,0.06274284606430139,100,2.7516082644462587,0.07823944932502665,1,0.4394702606321174,0.06310535652817242,200.0,2.7309792757034304,0.3456821840063936,1.0,0.4757337858029366,0.03757726553990144,25,0.7065317034721375,0.0441963807497712,1,0.46738468237858444,0.04450572180533787,50,1.4011689186096192,0.11967392113648394,1,0.4548760636824533,0.049459536642326246,100,2.808151125907898,0.27682377323536583,1,0.4433416408948302,0.04974667453886134,200,4.004564213752746,0.3621307061079902,1,0.003326959738038802,0.003457184671278988,25.0,1.021703839302063,0.011042133227159424,1.0,0.0018613930747822995,0.002308363326314358,50,1.437797224521637,0.01425680271952999,1,inf,nan,100,2.8517061710357665,0.1692404254101765,1,inf,nan,200,3.8931310176849365,0.0929900855676226,1
Health-Commits0003,10000,0.40004629081335386,0.05775771745735927,25,0.5941331267356873,0.08994074566946225,1,0.33345582710126564,0.04757280685053458,50,1.0454676032066346,0.13962556591958877,1,0.29863715107696265,0.027610794833821305,100.0,1.1461201906204224,0.26883765369775336,1.0,0.271006328921606,0.023014283159772615,200,3.0889339327812193,0.3712947358871276,1,nan,nan,nan,nan,nan,nan,nan,nan,nan,nan,nan,nan,nan,nan,nan,nan,nan,nan,0.4209118833945997,0.09745435469021423,100.0,1.1190478086471558,0.37904231859086834,1.0,0.45805544389031894,0.08363989409170983,25,0.49834662675857544,0.06370690780386537,1,0.43763647448809256,0.10125161052201519,50,0.7783399939537048,0.14502767564699356,1,0.4061398955448624,0.112152268011131,100,1.5056409597396851,0.2207083706952642,1,0.36853665822037157,0.11874006383696128,200.0,1.418996548652649,0.3375930815414978,1.0,0.4250656209964424,0.09470772396050386,25,0.5112206816673279,0.007573301278091725,1,0.37864549577114914,0.09811678716982601,50,1.5529813408851623,0.016112249356900792,1,0.3675607065346652,0.09341093017513707,100,3.450594091415405,0.1811864123502955,1,0.35365042012796777,0.08484438470681026,200.0,2.7249505519866943,0.32627746983606865,1.0,0.38285933483383766,0.0693326897914447,25,0.6648167967796326,0.07799736019995501,1,0.3438950848694297,0.06052676380000507,50,1.1353599548339843,0.08737485704563182,1,0.3183600094004831,0.0566826421392609,100,2.0782456398010254,0.20017784921294676,1,0.28488158002179603,0.03784314139158989,200,2.0023017048835756,0.25481447355894055,1,0.37099582659260705,0.032101957288437184,25.0,0.5184282422065735,0.00451120085973141,1.0,0.3466545063053474,0.029603067314988758,50,0.8913103818893433,0.1480852335355157,1,inf,nan,100,3.23001708984375,0.22186030260635883,1,inf,nan,200,1.500119948387146,0.2839894471101182,1
Health-Commits0008,10000,0.535503925348104,0.054312954539691954,25,0.7063601732254028,0.024765635510061258,1,0.5118821303163079,0.04361393309344086,50,0.871913206577301,0.05113693395165947,1,0.48066847778774174,0.03426407307727666,100.0,1.9974941849708556,0.1762573640870584,1.0,0.45848126764758207,0.026816214690765124,200,3.1757721066474915,0.3042954212483602,1,nan,nan,nan,nan,nan,nan,nan,nan,nan,nan,nan,nan,0.6065922099036974,0.06740282025127775,25.0,0.5107105731964111,0.11960756504718342,1.0,nan,nan,nan,nan,nan,nan,0.6055853254586252,0.07194983890917903,25,0.5082817554473877,0.06760465103072817,1,0.5775449983094777,0.08710239999876425,50,1.240443181991577,0.1968385966392037,1,0.5622449783375838,0.09626890261613333,100,1.2710056543350219,0.27243259957204546,1,0.5339995677301731,0.09573036392875266,200.0,2.931330668926239,0.5592217285600158,1.0,0.5565727267618313,0.08505272627179876,25,0.5054878354072571,0.009520211882213917,1,0.523443578681949,0.08396777798626223,50,1.7117379307746887,0.03435812152878952,1,0.5098294770119168,0.08730064945928814,100,3.9758527278900146,0.10174203319770242,1,0.49088042576290947,0.07487978308675598,200.0,7.408620917797089,0.07871508029841884,1.0,0.5174630795450826,0.06560099490667091,25,0.4336856245994568,0.04934449668149824,1,0.5007311014462733,0.05167362941229819,50,1.320391309261322,0.161807666053246,1,0.4699099409525774,0.03220624306107486,100,1.224950087070465,0.2291774287113606,1,0.45952844672402726,0.029844776399385823,200,1.9397127628326416,0.27731836636037166,1,0.37639581345759815,0.026040254357451234,25.0,0.7858070492744446,0.004970935112838955,1.0,0.3656130183212355,0.024302053343543167,50,0.8371230244636536,0.1454340998817507,1,inf,nan,100,1.4908547043800353,0.23043071938991933,1,inf,nan,200,2.828416812419891,0.1656894921210205,1
Health-Commits0010,10000,0.4140054125018319,0.007390227588537662,25,0.46228398084640504,0.012712847932486018,1,0.4126568172490007,0.009825560249651482,50,0.760887622833252,0.11619070367446939,1,0.41232217913558805,0.009591285160694043,100.0,1.078983771800995,0.19735933501572867,1.0,0.41136367394633977,0.00913828414184698,200,1.6602634906768798,0.2623804852429599,1,0.40360606556630074,0.016293428518740605,200.0,1.7911168575286864,0.487907035748844,1.0,nan,nan,nan,nan,nan,nan,nan,nan,nan,nan,nan,nan,nan,nan,nan,nan,nan,nan,0.41882420118383423,0.020881465507875785,25,0.3454574227333069,0.039784861425743986,1,0.40970080761576533,0.015320102116061992,50,0.5766555547714234,0.09056447598686464,1,0.40082478185067816,0.020738608080385412,100,0.8097461581230163,0.20150347890560383,1,0.39329152954464514,0.02473712964067325,200.0,1.3251939058303832,0.36306136708674264,1.0,0.4433627496832373,0.02929085527020845,25,0.5181190252304078,0.007929495482988552,1,0.4257629992435451,0.02176106197338038,50,1.5711277723312378,0.012733531021735677,1,0.41595051099015956,0.012950986217635893,100,3.1011171698570252,0.05659065237076368,1,0.4142268759876256,0.011257018517249036,200.0,8.16786357164383,0.2230634500348774,1.0,0.41114967673036035,0.009895794344424327,25,0.639420747756958,0.03556487265149111,1,0.40022354514071806,0.019827394802276695,50,0.7955509185791015,0.1758547638773272,1,0.39101118659719736,0.02073355803699318,100,1.317400586605072,0.23939518248054328,1,0.3886645258440007,0.02004423015374915,200,3.942179238796234,0.3633624235852721,1,0.30522227880696906,0.014088826750556485,25.0,0.7828319430351257,0.006542929584309435,1.0,0.30016147963069584,0.011922164574959284,50,0.8940066933631897,0.10171743689990637,1,inf,nan,100,1.452931320667267,0.23727727124489656,1,inf,nan,200,1.6795613527297975,0.16137392937675027,1
LLVM,1024,0.10577778074281316,0.04436688685851753,25,0.18557273149490353,0.003853154272827707,1,0.06635485710503078,0.023438456379467554,50,0.37853256464004514,0.01073544721677075,1,0.052074570764009474,0.014759011320249187,100.0,0.5538976907730102,0.015583852168358994,1.0,0.05157214832916692,0.014198797041268071,200,0.8715853571891785,0.18431897073961007,1,0.2808969811123891,0.17268521762445987,200.0,0.28848451375961304,0.043548299103012375,1.0,nan,nan,nan,nan,nan,nan,nan,nan,nan,nan,nan,nan,nan,nan,nan,nan,nan,nan,0.1058496065991884,0.07558659475186014,25,0.23338390588760377,0.0075200220902306445,1,0.05814626529735387,0.044639429992966315,50,0.3886348605155945,0.0038713503910670776,1,0.046060668680967795,0.015449748653005257,100,0.5087086915969848,0.01525470326133871,1,0.043756098228871845,0.014486094957447678,200.0,1.2318887948989867,0.0736523277473527,1.0,0.32480089516498667,0.19349388227157063,25,0.25715826749801635,0.014718887285155292,1,0.25495637258417003,0.16378957730503593,50,0.3200474739074707,0.004220998881715762,1,0.18537921274283573,0.1526207595670254,100,1.089524781703949,0.06571268988922667,1,0.09576395019795753,0.07893281394481425,200.0,1.0838112115859986,0.21506968270692087,1.0,0.10829474995389429,1.4238309865648918e-17,25,0.14183350801467892,0.0018104982008183888,1,0.0802403345033498,0.0,50,0.42723435163497925,0.0018642002982021647,1,0.0802403345033498,0.0,100,0.7325994610786438,0.002799698711198709,1,0.0802403345033498,0.0,200,0.8454141020774841,0.15133981390487877,1,0.0928131029586508,0.06668990135522185,25.0,0.21646809577941895,0.0034779029354177174,1.0,0.05789514360308329,0.019924592982466374,50,0.31891015768051145,0.004625725858575535,1,inf,nan,100,0.6086706280708313,0.015247034250429324,1,inf,nan,200,0.6201132655143737,0.01570698379565564,1
SS-Q,2736,0.4755456562619319,0.00428052516420085,25,0.6152700066566468,0.008505160315912842,1,0.4716416205247268,0.003956962922428725,50,1.189457154273987,0.04203831404500265,1,0.46829250773156456,0.0028081672176893725,100.0,1.3056421518325805,0.23286718592385347,1.0,0.4679761353096793,0.0029412265576304864,200,2.408021938800812,0.3193374484914581,1,0.605835832301148,0.1522205137597072,200.0,1.0517033696174622,0.183771554605101,1.0,nan,nan,nan,nan,nan,nan,nan,nan,nan,nan,nan,nan,nan,nan,nan,nan,nan,nan,0.6069479881455896,0.1529644145577559,25,0.5014499306678772,0.051207195505120824,1,0.6058143673968015,0.15235249975964052,50,0.8782418489456176,0.14824168940646149,1,0.6048692713412317,0.15221143382761487,100,1.1701139569282533,0.22538041338338943,1,0.6047472742449825,0.1519790755124827,200.0,1.7934518337249756,0.31525765965789604,1.0,0.5969594672098418,0.1249243443903236,25,0.7861886262893677,0.04739081284879834,1,0.5839549526622216,0.11505542820574387,50,1.2656844019889832,0.16433238962242103,1,0.5488643868275027,0.08633869335858702,100,2.9872244238853454,0.1660452253110838,1,0.5099712840103214,0.07146158304836349,200.0,4.910496497154236,0.43191578209865256,1.0,0.4741772617261078,0.007637766954975308,25,0.4170907735824585,0.037253809623888794,1,0.4703035282974275,0.0035624413705658796,50,1.020418155193329,0.1752293677459554,1,0.4684002325596602,0.0018337493715059104,100,2.1425044417381285,0.12688624604515222,1,0.46788359939864055,0.0018180147955700313,200,2.1450162529945374,0.33285714471690836,1,nan,nan,nan,nan,nan,nan,0.07561220556105605,0.025013472692072516,50,1.3325428366661072,0.030231619613188033,1,inf,nan,100,2.3398343682289124,0.21665052453426456,1,inf,nan,200,3.121084475517273,0.20765140157531914,1
SS-T,5184,0.6144078472807676,0.09620989742024656,25,0.5331263303756714,0.05443962956123286,1,0.5886174595330905,0.09360411349500654,50,0.8410075902938843,0.11778010596096632,1,0.5330596388435689,0.10706843783731318,100.0,1.5623220443725585,0.05740366566136277,1.0,0.5131730159065397,0.10677876649227376,200,3.540687119960785,0.2984722003271572,1,nan,nan,nan,nan,nan,nan,nan,nan,nan,nan,nan,nan,nan,nan,nan,nan,nan,nan,0.7503610567014154,0.09983402291674555,100.0,0.4127662777900696,0.0886101209353403,1.0,0.7496457663240987,0.09933702338276229,25,0.3429713726043701,0.05342805404657507,1,0.7473549432531821,0.09918719136907932,50,0.5118028402328492,0.1375321008386899,1,0.7472363669442429,0.09923237460724545,100,0.7273505926132202,0.16459575692615971,1,0.7472363669442429,0.09923237460724545,200.0,0.7495742440223694,0.15300564703993072,1.0,0.7291047395266333,0.08035958131082534,25,0.48355010747909544,0.009778835731042417,1,0.6205702540446978,0.1280788575180139,50,1.0135254621505738,0.0406879326539442,1,0.5896242893531719,0.1327657520116985,100,1.8643473863601685,0.18939920912487396,1,0.5275301970868785,0.1417014364296279,200.0,3.0976638793945312,0.25546817904542224,1.0,0.5393819555459924,0.02298584535434305,25,0.520505940914154,0.029734281459224007,1,0.5237758994462116,0.03151085747882883,50,0.9332294344902039,0.061458945695139,1,0.5035141463790999,0.030444520527333017,100,0.9749617576599121,0.20945321177158985,1,0.4996242554097076,0.029152818187410993,200,2.625200092792511,0.2776478322367565,1,0.05746193865088731,0.015210406718497596,25.0,0.5259390950202942,0.007971907955474589,1.0,0.05317001586635698,0.01253222687330674,50,0.8795985579490662,0.007657260433347631,1,inf,nan,100,1.6228519558906556,0.19204268560724044,1,inf,nan,200,1.0407996773719788,0.21641604050937788,1
SS-W,65536,0.3267979491937121,0.04060855178566368,25,0.4531012773513794,0.010428796346830398,1,0.27750436367149844,0.03252318395452445,50,0.8818858027458191,0.05664084450384772,1,0.24818533530652093,0.0204896624410283,100.0,1.8761735916137696,0.1248065660490093,1.0,0.2380682995824555,0.015545479674605558,200,3.816248154640198,0.2159413219484417,1,0.4528830125484881,0.08019389165687034,200.0,0.7314300537109375,0.14226987644939712,1.0,nan,nan,nan,nan,nan,nan,nan,nan,nan,nan,nan,nan,nan,nan,nan,nan,nan,nan,0.3825402825119606,0.08480801851183573,25,0.4356881856918335,0.019704312925618927,1,0.356406014846046,0.07716645037304212,50,0.6467792510986328,0.011003171892719286,1,0.35093798187986575,0.07555162943328528,100,1.5806105613708497,0.05401417737174004,1,0.3493503574203178,0.07700815721020642,200.0,2.6309887290000917,0.2883179630560416,1.0,0.43209533862261545,0.09005093281511131,25,0.4390049934387207,0.05123360273876297,1,0.3829020407459711,0.09232252180208707,50,0.44084126949310304,0.0027947798255495157,1,0.31952335400379706,0.08287446049007899,100,0.9979203462600708,0.18290451624171417,1,0.28565142547418565,0.06082762040317791,200.0,1.7712974786758422,0.010204025477031066,1.0,0.3870672281430231,1.1390647892519134e-16,25,0.21352107524871822,0.0010055333199414525,1,0.3870672281430231,1.1390647892519134e-16,50,0.825874125957489,0.003056706314371438,1,0.35440118608994525,5.695323946259567e-17,100,0.784179437160492,0.003858614144592861,1,0.35440118608994525,5.695323946259567e-17,200,1.7438206911087035,0.0323521682989696,1,0.32970784388901203,0.029880895093993054,25.0,0.4186065912246704,0.003134878122420104,1.0,0.3070418663141894,0.03975073951857523,50,0.9395509123802185,0.007222519819544519,1,inf,nan,100,2.6412579894065855,0.04650677239441433,1,inf,nan,200,1.8114271879196167,0.0338298964383825,1
Scrum10k,10000,0.38929942621885333,0.03156628337177432,25,0.7734446287155151,0.05224090773144127,1,0.3302491429925989,0.04138991992720772,50,0.6985003709793091,0.12656791878130527,1,0.2798862839418625,0.033894529596625714,100.0,2.108582103252411,0.15756989638312174,1.0,0.26782192590012505,0.03213977881819042,200,6.1502593636512755,0.16864967649665216,1,0.38193390154871043,0.06607570069176964,200.0,1.747986102104187,0.4211910348166351,1.0,nan,nan,nan,nan,nan,nan,nan,nan,nan,nan,nan,nan,nan,nan,nan,nan,nan,nan,0.37078643626262126,0.05706471278378582,25,0.8828377604484559,0.028090801837998464,1,0.31163445800727485,0.035918941196312115,50,1.27415372133255,0.09007912405426874,1,0.2982045862073348,0.03424275235376854,100,2.6252674221992494,0.1806283784603759,1,0.29168894509414656,0.027712734504467214,200.0,3.612941360473633,0.6027899557651704,1.0,0.46950403800029933,0.08765828886818623,25,0.59536292552948,0.0686454498321554,1,0.42583196384269073,0.0906304070075899,50,1.5682334303855896,0.01314540786523101,1,0.345801367463458,0.0752365367213368,100,2.2742647886276246,0.07445740087759672,1,0.2842095533208986,0.04933930432429672,200.0,2.6979556322097777,0.2292070210060747,1.0,0.3591839090556796,0.0414550247578077,25,0.7679494142532348,0.029548595417102738,1,0.33085426793125056,0.04025964130051945,50,0.719990360736847,0.12195185242857798,1,0.3014752241562191,0.036705939447548804,100,2.267011082172394,0.23685604230618323,1,0.28131772486685963,0.03372841425074963,200,6.4806950211524965,0.5901133001191008,1,0.37161604770092693,0.03012591763810563,25.0,0.7854887485504151,0.007740518040500113,1.0,0.3642177306922404,0.026252648162303847,50,1.427114987373352,0.03540994069532146,1,inf,nan,100,2.6913990497589113,0.06872991617499942,1,inf,nan,200,1.4495314717292787,0.248855807466258,1
coc1000,1000,0.5811276595913231,0.02884026132243858,25,1.061412751674652,0.01498539010210861,1,0.5682963196824966,0.021344618220825465,50,2.372048246860504,0.06029661272665085,1,0.5468087219331204,0.01978961704174527,100.0,4.347078478336334,0.2631625874160634,1.0,0.5153204059749001,0.01695595620975916,200,8.361786806583405,0.48759550273893965,1,0.5310329160180022,0.017487219429575023,200.0,4.079674184322357,0.7776086282079149,1.0,nan,nan,nan,nan,nan,nan,nan,nan,nan,nan,nan,nan,nan,nan,nan,nan,nan,nan,0.5901043815311878,0.033799459895863485,25,1.2278329014778138,0.10056749169704891,1,0.5599826680606813,0.023110965287697117,50,2.4576019406318665,0.16399807663504642,1,0.5378949421509542,0.01796908118612268,100,3.5985854268074036,0.2951031923895911,1,0.5258554713090486,0.016545971565394498,200.0,6.588335537910462,0.6169935738904293,1.0,0.5970440878061394,0.03582573685630486,25,1.1236741185188293,0.007508659977250969,1,0.559528670069128,0.0308100571272014,50,2.429032588005066,0.036559506415283105,1,0.5450872831203921,0.03561749643976118,100,5.746991896629334,0.05718762638834338,1,0.534207991773446,0.03542689723131711,200.0,4.58485301733017,0.43086015561003743,1.0,0.5791450695600648,0.028510456852500275,25,1.0926589846611023,0.04704203048040177,1,0.5556762755872472,0.02128290191381974,50,2.1081541538238526,0.15234321882748766,1,0.53329671972941,0.01717841365433371,100,4.213026070594788,0.30580380482485964,1,0.5287260776926005,0.01230378919617777,200,5.746409475803375,0.5168226705753739,1,0.3633405710202802,0.012542071361777546,25.0,1.1416479349136353,0.010958385831458303,1.0,0.3587462723510396,0.011271926404690585,50,2.351656901836395,0.04682716885662604,1,inf,nan,100,4.621530699729919,0.27876446605364774,1,inf,nan,200,4.560071051120758,0.3219179111038959,1
dataset120,5160,0.00025,0.0007694837640638656,25,0.23589410781860348,0.0038521148621529907,1,0.00025,0.0007694837640638656,50,0.46258885860443116,0.012386269940399887,1,0.00025,0.0007694837640638656,100.0,1.0838541030883788,0.05011773983991385,1.0,0.00025,0.0007694837640638656,200,1.6384578704833985,0.09647138775685725,1,nan,nan,nan,nan,nan,nan,0.0015,0.0038388594797495726,50.0,0.3022706866264343,0.08726141332282897,1.0,nan,nan,nan,nan,nan,nan,nan,nan,nan,nan,nan,nan,0.0005,0.001025978352085154,25,0.18838334083557123,0.032141769969630474,1,0.000125,0.0005590169943749475,50,0.29810055494308474,0.07792467413653807,1,0.0,0.0,100,0.5982904553413391,0.18651201906677065,1,0.0,0.0,200.0,0.785675585269928,0.24942836611418567,1.0,0.051875000000000004,0.07444918348143673,25,0.2435810804367065,0.003865092767294594,1,0.034749999999999996,0.0444328292570873,50,0.4685182929039001,0.040426161145010166,1,0.0235,0.03319995244131026,100,0.8617558598518371,0.02523650763060938,1,nan,nan,nan,nan,nan,nan,0.0,0.0,25,0.3461880564689636,0.05514329141447702,1,0.0,0.0,50,0.7740938425064087,0.055163802083468494,1,0.0,0.0,100,1.0937142491340637,0.05572995077288221,1,0.0,0.0,200,1.7712640523910523,0.0760145407819322,1,0.391125,0.06013950339353536,25.0,0.3418940782546997,0.008274443327667436,1.0,0.363875,0.04766574269132696,50,0.5232653856277466,0.011108219749222516,1,inf,nan,100,0.9109827876091003,0.042245940297534895,1,inf,nan,200,1.3903524160385132,0.04352433765907754,1
dataset600,5160,0.000625,0.001965993789142623,25,0.23304378986358637,0.0034615119235690698,1,0.000375,0.001677050983124842,50,0.3920788288116455,0.010935856448231912,1,0.000375,0.001677050983124842,100.0,0.8859432339668274,0.04823014301677555,1.0,0.00025,0.001118033988749895,200,1.6044938087463378,0.10370871467603847,1,nan,nan,nan,nan,nan,nan,0.0015,0.0035725562129568854,50.0,0.2351534008979797,0.07780614195322712,1.0,0.002125,0.004313000543033878,25.0,0.14716557264327998,0.03792301269442258,1.0,nan,nan,nan,nan,nan,nan,0.0017500000000000003,0.004063638504436246,25,0.17234623432159418,0.03795134397141702,1,0.0013750000000000001,0.003845280771351595,50,0.26342043876647947,0.08878253300292073,1,0.000125,0.0005590169943749475,100,0.4647133111953735,0.14334901281377757,1,0.000125,0.0005590169943749475,200.0,0.8376978754997253,0.2869656843869593,1.0,0.0505,0.06440313003181396,25,0.1597484946250915,0.0017901769704675057,1,0.034375,0.04923009215595894,50,0.47835229635238646,0.005776915258399781,1,0.026125,0.03690737873736305,100,1.0334423661231995,0.026829259437474936,1,0.01,0.016563275801095564,200.0,2.0473398923873902,0.03961958190134615,1.0,0.0005,0.0015389675281277312,25,0.3174211263656616,0.050463032786908,1,0.0,0.0,50,0.6486182808876038,0.053634224549783394,1,0.0,0.0,100,1.2478243947029113,0.08494506892695591,1,0.0,0.0,200,3.9111247420310975,0.21454666608288936,1,0.38412499999999994,0.04619947453563105,25.0,0.2646512746810913,0.001811499290332639,1.0,0.3544999999999999,0.037421848388903854,50,0.5224675893783569,0.002573174340719604,1,inf,nan,100,1.2839699029922484,0.0315756688573431,1,inf,nan,200,1.0403894305229187,0.025650341845634177,1
deeparch,4096,0.20773441609968585,0.1696070309274735,25,0.22741107940673824,0.010512981433198208,1,0.10735903433239694,0.1452480480477857,50,0.3954768657684326,0.012126178728636345,1,0.04924606477380849,0.07885355180357248,100.0,0.7666087746620178,0.01848431383482242,1.0,0.04841059545520418,0.07914014166930954,200,1.529315984249115,0.041755578775286656,1,nan,nan,nan,nan,nan,nan,nan,nan,nan,nan,nan,nan,nan,nan,nan,nan,nan,nan,0.5873910963404902,0.23713011793726593,100.0,0.3663977265357971,0.05933303353727627,1.0,0.22738061477167487,0.21392684705721907,25,0.20056122541427607,0.005332344445638264,1,0.18883117635769675,0.18816545991338643,50,0.36357439756393434,0.0050699793181531345,1,0.18697053541523445,0.18906682627609056,100,0.7076555848121643,0.030350240320893597,1,0.18536788766743262,0.188510453900738,200.0,1.1088528752326965,0.09691553900103819,1.0,0.5375762761873976,0.2192829929499089,25,0.16166045665740963,0.0016045737247027305,1,0.4264709087504007,0.23571417811783554,50,0.41486148834228515,0.0014221590052165202,1,0.22725275632528277,0.2508773303981902,100,0.64260892868042,0.08248429727297746,1,0.15099243076285743,0.18681175196216365,200.0,1.0194178819656372,0.2090324383579028,1.0,0.39403608374161914,5.695323946259567e-17,25,0.20098334550857538,0.003307625062960562,1,0.39403608374161914,5.695323946259567e-17,50,0.37977745532989504,0.0051474404814833225,1,0.33492282281863706,5.695323946259567e-17,100,0.7653823852539062,0.02564081147735174,1,0.28820493926297863,5.695323946259567e-17,200,1.1061958909034728,0.00536854946663149,1,0.022220921832137218,0.024560972772531123,25.0,0.20432581901550292,0.003636319407823405,1.0,0.009841798450311674,0.006840079895378692,50,0.4205153822898865,0.004873975139607535,1,inf,nan,100,0.8606342673301697,0.02780220557980526,1,inf,nan,200,0.8743544578552246,0.02722498102588432,1
javagc,166975,0.8694612019439051,0.09194611067165341,25,0.1208669781684875,0.0440249749324473,1,0.8595455053463678,0.0937362464756766,50,0.21854965686798092,0.0028010510154742683,1,0.8358746633012488,0.11624494122886789,100.0,0.9471700191497803,0.1318165767296519,1.0,0.8030690303075966,0.16056586573005416,200,1.806269598007202,0.14458119634808403,1,nan,nan,nan,nan,nan,nan,0.9262373900169735,0.10751564176922124,50.0,0.28755720853805544,0.1438809691066573,1.0,nan,nan,nan,nan,nan,nan,nan,nan,nan,nan,nan,nan,0.8589526643937543,0.18308593653659222,25,0.08851498365402219,0.024266430724089447,1,0.8190718526122804,0.24422137766253948,50,0.24952437877655026,0.11826101120397638,1,0.8128661618539942,0.2538835785572694,100,0.17536318302154535,0.1118060524856603,1,0.8118442411171183,0.25341331591644023,200.0,0.23228777647018434,0.18819996331338898,1.0,0.9043378223884003,0.09694916495090848,25,0.12608584165573117,0.04338009416519297,1,0.8741469790770635,0.10034370184852,50,0.49972211122512816,0.04689023517933304,1,0.8650461782206402,0.09987330300430987,100,0.9357507944107055,0.070050012981207,1,0.8518913234798589,0.10366345461865051,200.0,1.9734754323959351,0.14529338285991078,1.0,0.8841647406556289,0.09201903063635102,25,0.13181192874908443,0.009098514947538461,1,0.8694084257881425,0.09261613366625905,50,0.5586122870445251,0.047906477503948594,1,0.8239632503908535,0.0897875575517983,100,0.47610546350479127,0.020286438998202743,1,0.8195938783876555,0.08720384543445457,200,0.6646003007888794,0.08512332385676398,1,0.00583952702066348,0.0010599126064930865,25.0,0.1263224601745605,0.043698648826898785,1.0,0.005328780915067111,0.0006527223407748251,50,0.48889336585998533,0.024748195626682637,1,inf,nan,100,0.4733816385269165,0.04673221783133028,1,inf,nan,200,0.46571691036224366,0.047247285373946374,1
pom3a,20000,0.5590857769867417,0.043355949795644375,25,0.3224950790405273,0.006048616943815358,1,0.536316274853361,0.04601295624569108,50,1.3790469765663147,0.032123555171876345,1,0.4998680806464705,0.03647017001853047,100.0,1.186157751083374,0.040852133042091406,1.0,0.4727364164906051,0.03439071575339261,200,5.157827842235565,0.3244640497637974,1,nan,nan,nan,nan,nan,nan,nan,nan,nan,nan,nan,nan,0.5916735117694362,0.0742461032343298,25.0,0.27492237091064453,0.029918540182030096,1.0,nan,nan,nan,nan,nan,nan,0.5922214049065273,0.06504800885330898,25,0.28587275743484497,0.022826333610052214,1,0.54521530229266,0.07333660515082766,50,0.5492037296295166,0.052954159255297555,1,0.4983197637058219,0.07533278756979603,100,1.0255557775497437,0.06684660275218902,1,0.44103015376656096,0.053432796088495764,200.0,1.9157753944396974,0.15445437056559305,1.0,0.5632178623996383,0.07394439848566373,25,0.773022735118866,0.003360275833644981,1,0.5139702638858576,0.08133568581872039,50,1.2997358083724975,0.12559139474175676,1,0.48625018856598634,0.0672873579718881,100,3.024073529243469,0.24182820118524195,1,0.47744508041010114,0.05485935485229526,200.0,5.412083566188812,0.028327881354195537,1.0,0.5512012169818937,0.03191762892412556,25,1.1312206149101258,0.1895678818940058,1,0.5182001362876265,0.041398280777085114,50,1.3111154675483703,0.14305172595403376,1,0.4909807553513308,0.028486990565168624,100,5.52712996006012,0.3925114370963627,1,0.4712402849454806,0.03470388523897716,200,3.622847890853882,0.15164164832512048,1,0.20893379051559108,0.021157194463413704,25.0,0.8420620918273926,0.04945671643850088,1.0,0.19425071383344014,0.017387314252441048,50,1.6364027261734009,0.04265830415796917,1,inf,nan,100,2.9505017757415772,0.11720085915891729,1,inf,nan,200,1.434104323387146,0.026686828447973248,1
pom3c,20000,0.4514207830590472,0.04167433713297021,25,0.3149582266807556,0.004179044121632641,1,0.4342803702627167,0.038331392962133094,50,1.4976433992385865,0.07679478484427696,1,0.40407439317642646,0.02695575697382538,100.0,2.829487442970276,0.16150749735699893,1.0,0.3742775160119606,0.026009453021341198,200,4.7737670063972475,0.5119331703105856,1,nan,nan,nan,nan,nan,nan,nan,nan,nan,nan,nan,nan,nan,nan,nan,nan,nan,nan,0.4225784740863232,0.052858560020506956,100.0,2.8399487733840942,0.44861924986989454,1.0,0.49310017959967434,0.07713734343512084,25,0.7041261196136475,0.060182680040250576,1,0.4358894765465727,0.06595767151713422,50,0.5573338270187378,0.049337294592454436,1,0.3774859595228624,0.047783078697368975,100,1.0045231699943542,0.08277720901299573,1,nan,nan,nan,nan,nan,nan,0.47816375132125133,0.07282050879927661,25,0.6593536257743835,0.006534962502718091,1,0.4307814659536442,0.049767042169828295,50,1.2600052118301392,0.05327666384363644,1,0.40380481066186746,0.02658608234905321,100,1.3333874344825745,0.019425651073438355,1,0.3942801892265505,0.028259839211884775,200.0,5.324610865116119,0.04128903764469803,1.0,0.44232982075360744,0.05814543805730122,25,1.3674663186073304,0.33054653229396547,1,0.40545453441352725,0.04294322940490663,50,1.3182522654533386,0.16760768176138593,1,0.38348431197516775,0.03766895141194589,100,2.5733884930610658,0.20462693975805052,1,0.3654318347711999,0.031454058578009696,200,7.4765832901000975,0.580865970940118,1,0.34843956771089046,0.013237426801891595,25.0,0.7794963717460632,0.007176913604619941,1.0,0.3343637340965993,0.015533056202390904,50,1.6847723364830016,0.0959898729802073,1,inf,nan,100,1.4595898032188415,0.022434721977831633,1,inf,nan,200,3.2067402243614196,0.17880723265178156,1
pom3d,500,0.6077517873573407,0.02203155311182252,25,0.673671817779541,0.0154654819680121,1,0.603910030069005,0.02395381169600658,50,1.3953675627708435,0.03590952285287744,1,0.5934637103026253,0.02687762332603715,100.0,2.248564302921295,0.07534349486550997,1.0,0.5706983926844462,0.033008540283110094,200,4.397689616680145,0.23435622262119238,1,nan,nan,nan,nan,nan,nan,0.6162843272089981,0.0416573569751757,50.0,0.8292362689971924,0.15560666555226932,1.0,nan,nan,nan,nan,nan,nan,0.5968919059920056,0.022842618384329178,100.0,1.5302314519882203,0.33166896777682175,1.0,0.6289883128960545,0.037436118432294246,25,0.6129374623298645,0.07569435019004389,1,0.6102460135901373,0.03251673822067903,50,1.1113781094551087,0.09271700434850925,1,0.577810668763769,0.02367592995681396,100,1.0127878069877625,0.2716933801838918,1,0.5688037070141048,0.000407738386836478,200.0,3.39584504365921,0.4684470861967496,1.0,0.6554824676192067,0.04796188473974061,25,0.7542222619056702,0.007570716833752244,1,0.6290841985876436,0.04217902129217245,50,0.818272840976715,0.16822846510251283,1,0.6085474438564309,0.04172541023378874,100,1.5598684430122376,0.3017885322259117,1,0.5902953342140664,0.03248986994319462,200.0,2.789026141166687,0.38340259930077386,1.0,0.613842081921336,0.030346687565470615,25,0.7516075730323791,0.04853358754936703,1,0.588122331550865,0.020562451769950574,50,1.3538734197616578,0.11461939732611874,1,0.5728671072852106,0.007136880298367184,100,2.577172315120697,0.21984348158013206,1,0.5716861014181378,0.00580038446352688,200,4.056777000427246,0.44353622289170275,1,0.22049674259509905,0.02133361295611825,25.0,0.7629085898399353,0.036996267563649335,1.0,0.20241172670468913,0.013907460268239982,50,1.275896394252777,0.1374293188413971,1,inf,nan,100,1.498444390296936,0.2989977006272895,1,inf,nan,200,2.734923040866852,0.1359708307378534,1
rs-6d-c3_obj2,3840,0.35633129095536875,0.2536128963051641,25,0.14939000606536862,0.003461260743614567,1,0.21153068256260243,0.14274248686877974,50,0.2729944348335266,0.009130190503211007,1,0.1426475114306774,0.061016116829884275,100.0,0.797178328037262,0.04753956574526284,1.0,0.13811430552156417,0.06240428099570975,200,1.2464850902557374,0.10603944255523379,1,0.7034341331191641,0.36803014641176857,200.0,0.22194119691848754,0.08919798993969576,1.0,nan,nan,nan,nan,nan,nan,nan,nan,nan,nan,nan,nan,0.7034341331191641,0.36803014641176857,100.0,0.19009064435958858,0.07111576775144787,1.0,0.6942472957954113,0.3569300112938797,25,0.11069860458374021,0.019516974225675155,1,0.6739389073481693,0.36632410090030715,50,0.15022007226943965,0.045228488418765145,1,0.6739362041664387,0.36632167299501994,100,0.2863269329071045,0.11538976638307133,1,0.5950117866487097,0.3789552871880868,200.0,0.3808456063270569,0.15628506246245416,1.0,0.6072472281543051,0.3933118462242252,25,0.24306160211563105,0.00805686645080268,1,0.5915671170953408,0.4053384108054578,50,0.4376447319984436,0.005686933701885733,1,0.5437333635344109,0.4019601898083176,100,0.8735631465911865,0.004176570867774107,1,0.48177091740543715,0.40078512302030106,200.0,0.9640365362167358,0.18203104402229264,1.0,0.11808934931516699,1.4238309865648918e-17,25,0.13654754161834712,0.0018578397474200412,1,0.11808934931516699,1.4238309865648918e-17,50,0.371002995967865,0.004804140585944168,1,0.0996946310367364,0.0,100,0.7035154700279236,0.020729080842294807,1,0.0996946310367364,0.0,200,0.7649290680885314,0.024852349580313918,1,5.239129756949943e-05,9.12809911701052e-05,25.0,0.25761148929595945,0.0032365872168703476,1.0,2.3844340112105787e-05,1.3214439463611236e-05,50,0.32090734243392943,0.007598028197613672,1,inf,nan,100,0.8934820413589477,0.020460291887187655,1,inf,nan,200,0.8694358587265014,0.01488087890692835,1
x264,53662,0.5301283345026335,0.0595958931591455,25,0.21345113515853878,0.001670049780176681,1,0.5142727178151898,0.05410086687795648,50,0.42772469520568845,0.030116012608484847,1,nan,nan,nan,nan,nan,nan,0.342665626337566,0.12204311918673524,200,1.7926545143127441,0.06557853323431746,1,nan,nan,nan,nan,nan,nan,0.5881570926665709,0.030251245166325918,50.0,0.12230976819992061,0.03530838425081562,1.0,nan,nan,nan,nan,nan,nan,nan,nan,nan,nan,nan,nan,0.5881485411613634,0.030255660641194723,25,0.2061726808547973,0.029341730786265854,1,0.5804130998240352,0.03864239680229503,50,0.1325413346290588,0.04696663555434762,1,0.5675087268749698,0.08822237039503536,100,0.18212398290634152,0.12581519056533022,1,0.560082756693774,0.12009272399453304,200.0,0.12835465669631957,0.11642957522073334,1.0,0.358599609034426,0.13952071371963146,25,0.21890220642089844,0.0017736274240990474,1,0.24791558076125328,0.12399771226954705,50,0.48331364393234255,0.007862482096251098,1,0.19785163024525015,0.08353214704058166,100,1.041533076763153,0.034330635651851675,1,0.18093795972639343,0.030680766353332438,200.0,2.1971983551979064,0.14493408611697284,1.0,0.28379114650211623,0.017655055126741943,25,0.1525964021682739,0.027697963844113105,1,0.2798433561611261,0.0,50,0.5838161826133728,0.030742219713559147,1,0.2798433561611261,0.0,100,1.0175596714019775,0.04610811479419934,1,0.2795627199552954,0.0012550432663698651,200,1.291939342021942,0.09037705045218963,1,0.2604751391068626,0.027601854178978875,25.0,0.2596597790718079,0.0014496425036116367,1.0,0.2431345740000952,0.012899027902201068,50,0.5185021758079529,0.0020638240796659636,1,inf,nan,100,0.9451310873031616,0.034364885004252395,1,inf,nan,200,1.2741867661476136,0.03083269759422405,1
