Section,Reference,Opponent,Win,Tie,Lose,W+T vs L
DE-100 vs all others,DE-100,DE-200,0,8,98,8 vs 98 (8%)
DE-100 vs all others,DE-100,EZR-100,29,12,65,41 vs 65 (39%)
DE-100 vs all others,DE-100,EZR-200,16,9,81,25 vs 81 (24%)
DE-100 vs all others,DE-100,GA-100,49,16,41,65 vs 41 (61%)
DE-100 vs all others,DE-100,GA-200,33,13,60,46 vs 60 (43%)
DE-100 vs all others,DE-100,HILL-100,36,15,55,51 vs 55 (48%)
DE-100 vs all others,DE-100,HILL-200,27,14,65,41 vs 65 (39%)
DE-100 vs all others,DE-100,ONEPLUSONE-100,80,18,8,98 vs 8 (92%)
DE-100 vs all others,DE-100,ONEPLUSONE-200,63,17,26,80 vs 26 (75%)
DE-100 vs all others,DE-100,Random-100,87,19,0,106 vs 0 (100%)
DE-100 vs all others,DE-100,Random-200,87,19,0,106 vs 0 (100%)
DE-100 vs all others,DE-100,TS-100,63,18,25,81 vs 25 (76%)
DE-100 vs all others,DE-100,TS-200,61,18,27,79 vs 27 (75%)
DE-200 vs all others,DE-200,DE-100,98,8,0,106 vs 0 (100%)
DE-200 vs all others,DE-200,EZR-100,56,8,42,64 vs 42 (60%)
DE-200 vs all others,DE-200,EZR-200,34,8,64,42 vs 64 (40%)
DE-200 vs all others,DE-200,GA-100,78,8,20,86 vs 20 (81%)
DE-200 vs all others,DE-200,GA-200,65,8,33,73 vs 33 (69%)
DE-200 vs all others,DE-200,HILL-100,67,8,31,75 vs 31 (71%)
DE-200 vs all others,DE-200,HILL-200,47,8,51,55 vs 51 (52%)
DE-200 vs all others,DE-200,ONEPLUSONE-100,92,8,6,100 vs 6 (94%)
DE-200 vs all others,DE-200,ONEPLUSONE-200,86,8,12,94 vs 12 (89%)
DE-200 vs all others,DE-200,Random-100,98,8,0,106 vs 0 (100%)
DE-200 vs all others,DE-200,Random-200,98,8,0,106 vs 0 (100%)
DE-200 vs all others,DE-200,TS-100,80,8,18,88 vs 18 (83%)
DE-200 vs all others,DE-200,TS-200,76,8,22,84 vs 22 (79%)
EZR-100 vs all others,EZR-100,DE-100,65,12,29,77 vs 29 (73%)
EZR-100 vs all others,EZR-100,DE-200,42,8,56,50 vs 56 (47%)
EZR-100 vs all others,EZR-100,EZR-200,15,9,82,24 vs 82 (23%)
EZR-100 vs all others,EZR-100,GA-100,64,14,28,78 vs 28 (74%)
EZR-100 vs all others,EZR-100,GA-200,59,14,33,73 vs 33 (69%)
EZR-100 vs all others,EZR-100,HILL-100,60,14,32,74 vs 32 (70%)
EZR-100 vs all others,EZR-100,HILL-200,45,14,47,59 vs 47 (56%)
EZR-100 vs all others,EZR-100,ONEPLUSONE-100,81,13,12,94 vs 12 (89%)
EZR-100 vs all others,EZR-100,ONEPLUSONE-200,75,13,18,88 vs 18 (83%)
EZR-100 vs all others,EZR-100,Random-100,92,14,0,106 vs 0 (100%)
EZR-100 vs all others,EZR-100,Random-200,92,14,0,106 vs 0 (100%)
EZR-100 vs all others,EZR-100,TS-100,69,14,23,83 vs 23 (78%)
EZR-100 vs all others,EZR-100,TS-200,69,14,23,83 vs 23 (78%)
EZR-200 vs all others,EZR-200,DE-100,81,9,16,90 vs 16 (85%)
EZR-200 vs all others,EZR-200,DE-200,64,8,34,72 vs 34 (68%)
EZR-200 vs all others,EZR-200,EZR-100,82,9,15,91 vs 15 (86%)
EZR-200 vs all others,EZR-200,GA-100,77,9,20,86 vs 20 (81%)
EZR-200 vs all others,EZR-200,GA-200,74,9,23,83 vs 23 (78%)
EZR-200 vs all others,EZR-200,HILL-100,77,9,20,86 vs 20 (81%)
EZR-200 vs all others,EZR-200,HILL-200,69,9,28,78 vs 28 (74%)
EZR-200 vs all others,EZR-200,ONEPLUSONE-100,87,8,11,95 vs 11 (90%)
EZR-200 vs all others,EZR-200,ONEPLUSONE-200,82,8,16,90 vs 16 (85%)
EZR-200 vs all others,EZR-200,Random-100,97,9,0,106 vs 0 (100%)
EZR-200 vs all others,EZR-200,Random-200,97,9,0,106 vs 0 (100%)
EZR-200 vs all others,EZR-200,TS-100,79,9,18,88 vs 18 (83%)
EZR-200 vs all others,EZR-200,TS-200,77,9,20,86 vs 20 (81%)
GA-100 vs all others,GA-100,DE-100,41,16,49,57 vs 49 (54%)
GA-100 vs all others,GA-100,DE-200,20,8,78,28 vs 78 (26%)
GA-100 vs all others,GA-100,EZR-100,28,14,64,42 vs 64 (40%)
GA-100 vs all others,GA-100,EZR-200,20,9,77,29 vs 77 (27%)
GA-100 vs all others,GA-100,GA-200,1,16,89,17 vs 89 (16%)
GA-100 vs all others,GA-100,HILL-100,33,18,55,51 vs 55 (48%)
GA-100 vs all others,GA-100,HILL-200,21,15,70,36 vs 70 (34%)
GA-100 vs all others,GA-100,ONEPLUSONE-100,75,20,11,95 vs 11 (90%)
GA-100 vs all others,GA-100,ONEPLUSONE-200,70,19,17,89 vs 17 (84%)
GA-100 vs all others,GA-100,Random-100,85,21,0,106 vs 0 (100%)
GA-100 vs all others,GA-100,Random-200,85,21,0,106 vs 0 (100%)
GA-100 vs all others,GA-100,TS-100,63,20,23,83 vs 23 (78%)
GA-100 vs all others,GA-100,TS-200,61,20,25,81 vs 25 (76%)
GA-200 vs all others,GA-200,DE-100,60,13,33,73 vs 33 (69%)
GA-200 vs all others,GA-200,DE-200,33,8,65,41 vs 65 (39%)
GA-200 vs all others,GA-200,EZR-100,33,14,59,47 vs 59 (44%)
GA-200 vs all others,GA-200,EZR-200,23,9,74,32 vs 74 (30%)
GA-200 vs all others,GA-200,GA-100,89,16,1,105 vs 1 (99%)
GA-200 vs all others,GA-200,HILL-100,52,15,39,67 vs 39 (63%)
GA-200 vs all others,GA-200,HILL-200,34,14,58,48 vs 58 (45%)
GA-200 vs all others,GA-200,ONEPLUSONE-100,86,15,5,101 vs 5 (95%)
GA-200 vs all others,GA-200,ONEPLUSONE-200,83,14,9,97 vs 9 (92%)
GA-200 vs all others,GA-200,Random-100,90,16,0,106 vs 0 (100%)
GA-200 vs all others,GA-200,Random-200,90,16,0,106 vs 0 (100%)
GA-200 vs all others,GA-200,TS-100,77,15,14,92 vs 14 (87%)
GA-200 vs all others,GA-200,TS-200,70,15,21,85 vs 21 (80%)
HILL-100 vs all others,HILL-100,DE-100,55,15,36,70 vs 36 (66%)
HILL-100 vs all others,HILL-100,DE-200,31,8,67,39 vs 67 (37%)
HILL-100 vs all others,HILL-100,EZR-100,32,14,60,46 vs 60 (43%)
HILL-100 vs all others,HILL-100,EZR-200,20,9,77,29 vs 77 (27%)
HILL-100 vs all others,HILL-100,GA-100,55,18,33,73 vs 33 (69%)
HILL-100 vs all others,HILL-100,GA-200,39,15,52,54 vs 52 (51%)
HILL-100 vs all others,HILL-100,HILL-200,16,21,69,37 vs 69 (35%)
HILL-100 vs all others,HILL-100,ONEPLUSONE-100,69,22,15,91 vs 15 (86%)
HILL-100 vs all others,HILL-100,ONEPLUSONE-200,62,20,24,82 vs 24 (77%)
HILL-100 vs all others,HILL-100,Random-100,82,24,0,106 vs 0 (100%)
HILL-100 vs all others,HILL-100,Random-200,82,24,0,106 vs 0 (100%)
HILL-100 vs all others,HILL-100,TS-100,63,24,19,87 vs 19 (82%)
HILL-100 vs all others,HILL-100,TS-200,58,23,25,81 vs 25 (76%)
HILL-200 vs all others,HILL-200,DE-100,65,14,27,79 vs 27 (75%)
HILL-200 vs all others,HILL-200,DE-200,51,8,47,59 vs 47 (56%)
HILL-200 vs all others,HILL-200,EZR-100,47,14,45,61 vs 45 (58%)
HILL-200 vs all others,HILL-200,EZR-200,28,9,69,37 vs 69 (35%)
HILL-200 vs all others,HILL-200,GA-100,70,15,21,85 vs 21 (80%)
HILL-200 vs all others,HILL-200,GA-200,58,14,34,72 vs 34 (68%)
HILL-200 vs all others,HILL-200,HILL-100,69,21,16,90 vs 16 (85%)
HILL-200 vs all others,HILL-200,ONEPLUSONE-100,77,19,10,96 vs 10 (91%)
HILL-200 vs all others,HILL-200,ONEPLUSONE-200,74,17,15,91 vs 15 (86%)
HILL-200 vs all others,HILL-200,Random-100,85,21,0,106 vs 0 (100%)
HILL-200 vs all others,HILL-200,Random-200,85,21,0,106 vs 0 (100%)
HILL-200 vs all others,HILL-200,TS-100,74,21,11,95 vs 11 (90%)
HILL-200 vs all others,HILL-200,TS-200,67,20,19,87 vs 19 (82%)
ONEPLUSONE-100 vs all others,ONEPLUSONE-100,DE-100,8,18,80,26 vs 80 (25%)
ONEPLUSONE-100 vs all others,ONEPLUSONE-100,DE-200,6,8,92,14 vs 92 (13%)
ONEPLUSONE-100 vs all others,ONEPLUSONE-100,EZR-100,12,13,81,25 vs 81 (24%)
ONEPLUSONE-100 vs all others,ONEPLUSONE-100,EZR-200,11,8,87,19 vs 87 (18%)
ONEPLUSONE-100 vs all others,ONEPLUSONE-100,GA-100,11,20,75,31 vs 75 (29%)
ONEPLUSONE-100 vs all others,ONEPLUSONE-100,GA-200,5,15,86,20 vs 86 (19%)
ONEPLUSONE-100 vs all others,ONEPLUSONE-100,HILL-100,15,22,69,37 vs 69 (35%)
ONEPLUSONE-100 vs all others,ONEPLUSONE-100,HILL-200,10,19,77,29 vs 77 (27%)
ONEPLUSONE-100 vs all others,ONEPLUSONE-100,ONEPLUSONE-200,0,25,81,25 vs 81 (24%)
ONEPLUSONE-100 vs all others,ONEPLUSONE-100,Random-100,78,28,0,106 vs 0 (100%)
ONEPLUSONE-100 vs all others,ONEPLUSONE-100,Random-200,78,28,0,106 vs 0 (100%)
ONEPLUSONE-100 vs all others,ONEPLUSONE-100,TS-100,47,27,32,74 vs 32 (70%)
ONEPLUSONE-100 vs all others,ONEPLUSONE-100,TS-200,41,26,39,67 vs 39 (63%)
ONEPLUSONE-200 vs all others,ONEPLUSONE-200,DE-100,26,17,63,43 vs 63 (41%)
ONEPLUSONE-200 vs all others,ONEPLUSONE-200,DE-200,12,8,86,20 vs 86 (19%)
ONEPLUSONE-200 vs all others,ONEPLUSONE-200,EZR-100,18,13,75,31 vs 75 (29%)
ONEPLUSONE-200 vs all others,ONEPLUSONE-200,EZR-200,16,8,82,24 vs 82 (23%)
ONEPLUSONE-200 vs all others,ONEPLUSONE-200,GA-100,17,19,70,36 vs 70 (34%)
ONEPLUSONE-200 vs all others,ONEPLUSONE-200,GA-200,9,14,83,23 vs 83 (22%)
ONEPLUSONE-200 vs all others,ONEPLUSONE-200,HILL-100,24,20,62,44 vs 62 (42%)
ONEPLUSONE-200 vs all others,ONEPLUSONE-200,HILL-200,15,17,74,32 vs 74 (30%)
ONEPLUSONE-200 vs all others,ONEPLUSONE-200,ONEPLUSONE-100,81,25,0,106 vs 0 (100%)
ONEPLUSONE-200 vs all others,ONEPLUSONE-200,Random-100,81,25,0,106 vs 0 (100%)
ONEPLUSONE-200 vs all others,ONEPLUSONE-200,Random-200,81,25,0,106 vs 0 (100%)
ONEPLUSONE-200 vs all others,ONEPLUSONE-200,TS-100,60,25,21,85 vs 21 (80%)
ONEPLUSONE-200 vs all others,ONEPLUSONE-200,TS-200,53,25,28,78 vs 28 (74%)
Random-100 vs all others,Random-100,DE-100,0,19,87,19 vs 87 (18%)
Random-100 vs all others,Random-100,DE-200,0,8,98,8 vs 98 (8%)
Random-100 vs all others,Random-100,EZR-100,0,14,92,14 vs 92 (13%)
Random-100 vs all others,Random-100,EZR-200,0,9,97,9 vs 97 (8%)
Random-100 vs all others,Random-100,GA-100,0,21,85,21 vs 85 (20%)
Random-100 vs all others,Random-100,GA-200,0,16,90,16 vs 90 (15%)
Random-100 vs all others,Random-100,HILL-100,0,24,82,24 vs 82 (23%)
Random-100 vs all others,Random-100,HILL-200,0,21,85,21 vs 85 (20%)
Random-100 vs all others,Random-100,ONEPLUSONE-100,0,28,78,28 vs 78 (26%)
Random-100 vs all others,Random-100,ONEPLUSONE-200,0,25,81,25 vs 81 (24%)
Random-100 vs all others,Random-100,Random-200,0,106,0,106 vs 0 (100%)
Random-100 vs all others,Random-100,TS-100,0,29,77,29 vs 77 (27%)
Random-100 vs all others,Random-100,TS-200,0,28,78,28 vs 78 (26%)
Random-200 vs all others,Random-200,DE-100,0,19,87,19 vs 87 (18%)
Random-200 vs all others,Random-200,DE-200,0,8,98,8 vs 98 (8%)
Random-200 vs all others,Random-200,EZR-100,0,14,92,14 vs 92 (13%)
Random-200 vs all others,Random-200,EZR-200,0,9,97,9 vs 97 (8%)
Random-200 vs all others,Random-200,GA-100,0,21,85,21 vs 85 (20%)
Random-200 vs all others,Random-200,GA-200,0,16,90,16 vs 90 (15%)
Random-200 vs all others,Random-200,HILL-100,0,24,82,24 vs 82 (23%)
Random-200 vs all others,Random-200,HILL-200,0,21,85,21 vs 85 (20%)
Random-200 vs all others,Random-200,ONEPLUSONE-100,0,28,78,28 vs 78 (26%)
Random-200 vs all others,Random-200,ONEPLUSONE-200,0,25,81,25 vs 81 (24%)
Random-200 vs all others,Random-200,Random-100,0,106,0,106 vs 0 (100%)
Random-200 vs all others,Random-200,TS-100,0,29,77,29 vs 77 (27%)
Random-200 vs all others,Random-200,TS-200,0,28,78,28 vs 78 (26%)
TS-100 vs all others,TS-100,DE-100,25,18,63,43 vs 63 (41%)
TS-100 vs all others,TS-100,DE-200,18,8,80,26 vs 80 (25%)
TS-100 vs all others,TS-100,EZR-100,23,14,69,37 vs 69 (35%)
TS-100 vs all others,TS-100,EZR-200,18,9,79,27 vs 79 (25%)
TS-100 vs all others,TS-100,GA-100,23,20,63,43 vs 63 (41%)
TS-100 vs all others,TS-100,GA-200,14,15,77,29 vs 77 (27%)
TS-100 vs all others,TS-100,HILL-100,19,24,63,43 vs 63 (41%)
TS-100 vs all others,TS-100,HILL-200,11,21,74,32 vs 74 (30%)
TS-100 vs all others,TS-100,ONEPLUSONE-100,32,27,47,59 vs 47 (56%)
TS-100 vs all others,TS-100,ONEPLUSONE-200,21,25,60,46 vs 60 (43%)
TS-100 vs all others,TS-100,Random-100,77,29,0,106 vs 0 (100%)
TS-100 vs all others,TS-100,Random-200,77,29,0,106 vs 0 (100%)
TS-100 vs all others,TS-100,TS-200,15,28,63,43 vs 63 (41%)
TS-200 vs all others,TS-200,DE-100,27,18,61,45 vs 61 (42%)
TS-200 vs all others,TS-200,DE-200,22,8,76,30 vs 76 (28%)
TS-200 vs all others,TS-200,EZR-100,23,14,69,37 vs 69 (35%)
TS-200 vs all others,TS-200,EZR-200,20,9,77,29 vs 77 (27%)
TS-200 vs all others,TS-200,GA-100,25,20,61,45 vs 61 (42%)
TS-200 vs all others,TS-200,GA-200,21,15,70,36 vs 70 (34%)
TS-200 vs all others,TS-200,HILL-100,25,23,58,48 vs 58 (45%)
TS-200 vs all others,TS-200,HILL-200,19,20,67,39 vs 67 (37%)
TS-200 vs all others,TS-200,ONEPLUSONE-100,39,26,41,65 vs 41 (61%)
TS-200 vs all others,TS-200,ONEPLUSONE-200,28,25,53,53 vs 53 (50%)
TS-200 vs all others,TS-200,Random-100,78,28,0,106 vs 0 (100%)
TS-200 vs all others,TS-200,Random-200,78,28,0,106 vs 0 (100%)
TS-200 vs all others,TS-200,TS-100,63,28,15,91 vs 15 (86%)
