Dataset,Rows,PTUNE-30_mean,PTUNE-30_std,PTUNE-30_budget,PTUNE-30_runtime_mean,PTUNE-30_runtime_std,PTUNE-30_tier,PTUNE-50_mean,PTUNE-50_std,PTUNE-50_budget,PTUNE-50_runtime_mean,PTUNE-50_runtime_std,PTUNE-50_tier,PTUNE-100_mean,PTUNE-100_std,PTUNE-100_budget,PTUNE-100_runtime_mean,PTUNE-100_runtime_std,PTUNE-100_tier,PTUNE-200_mean,PTUNE-200_std,PTUNE-200_budget,PTUNE-200_runtime_mean,PTUNE-200_runtime_std,PTUNE-200_tier,SMAC-30_mean,SMAC-30_std,SMAC-30_budget,SMAC-30_runtime_mean,SMAC-30_runtime_std,SMAC-30_tier,SMAC-50_mean,SMAC-50_std,SMAC-50_budget,SMAC-50_runtime_mean,SMAC-50_runtime_std,SMAC-50_tier,SMAC-100_mean,SMAC-100_std,SMAC-100_budget,SMAC-100_runtime_mean,SMAC-100_runtime_std,SMAC-100_tier,SMAC-200_mean,SMAC-200_std,SMAC-200_budget,SMAC-200_runtime_mean,SMAC-200_runtime_std,SMAC-200_tier
7z,68640,0.013417265492403112,0.002625670421594516,30.0,6.330898129940033,0.30812325032573434,4.0,0.011946024456962596,1.1009585161057954e-05,50,25.37265899181366,3.926322201549537,3,nan,nan,nan,nan,nan,nan,nan,nan,nan,nan,nan,nan,0.009025621123826346,0.003913919614893221,30,5.868022978305817,0.2328095009541367,2,0.008663903141857776,0.004593859499238114,50,11.386288106441498,1.4857943538364011,2,0.00445870263701039,0.0050877594733819516,100,26.34924088716507,1.968957725282306,1,0.0012851152697256852,0.002378489298916658,200.0,57.42106301784516,5.34294664619153,1.0
Apache_AllMeasurements,192,0.022078957834104976,0.0008536860154642847,30.0,5.22762930393219,0.10819792658323739,1.0,0.022020743548390693,0.0008226661473570817,50,15.20591959953308,2.3730393797978557,1,0.022020743548390693,0.0008226661473570817,100.0,89.08942240476608,10.978728626311202,1.0,nan,nan,nan,nan,nan,nan,0.02644498620116271,0.008793169708074214,30,3.1988579392433167,0.09585029569492774,2,0.02284596210298425,0.0015053372571049817,50,6.067808032035828,0.4765430952759112,1,0.022080797244694386,0.0008810591192612349,100,16.877317953109742,1.6919519448503366,1,0.022037871906144056,0.0008465287360205806,200.0,28.366966247558594,4.820649146508008,1.0
BDBC,2560,0.0025907761848546753,0.0022639056209620622,30.0,4.8934743165969845,0.25442488574909855,3.0,0.0015838391943043852,0.001382115982272799,50,15.809334933757782,3.31879345018737,2,0.00029295226054923,0.0004368149407843888,100.0,147.74875631332398,27.06694267983103,1.0,nan,nan,nan,nan,nan,nan,0.00256743356146715,0.0015525109782191183,30,4.5257133603096005,0.29533133512312926,3,0.001730071481399035,0.0012626527898052852,50,8.112392902374268,0.9140695678172972,2,0.00114457286108167,0.001008791392301129,100,22.430172824859618,2.5707474588929813,1,0.00019606980547873,2.0953529998951774e-05,200.0,52.77992069721222,4.3698318427319025,1.0
FFM-1000-200-0.50-SAT-1,10000,0.5681831839149404,0.0015853501258161126,30.0,24.731900417804717,0.12756892099416423,2.0,0.5681831839149404,0.0015853501258161126,50,68.15623017549515,2.03445555355993,2,nan,nan,nan,nan,nan,nan,nan,nan,nan,nan,nan,nan,0.30267084513601544,0.03402718577091397,30,37.618927359580994,2.3790545014928837,1,0.28293688520540894,0.03470734478267635,50,70.49069608449936,4.876317233651326,1,0.2533114638261593,0.019786839372961045,100,196.96922031641006,9.202394427951175,1,nan,nan,nan,nan,nan,nan
FFM-125-25-0.50-SAT-1,10000,0.5661495825770126,0.0012260307928800805,30.0,8.342437672615052,0.7661589563470219,2.0,0.5661495825770126,0.0012260307928800805,50,27.34551578760147,3.634891061113803,2,nan,nan,nan,nan,nan,nan,nan,nan,nan,nan,nan,nan,0.25340224653261456,0.03463543011891613,30,9.92514466047287,1.434312358827531,1,0.24828928630823768,0.034557686170445086,50,16.28632310628891,1.9036743051388794,1,0.22530274001712608,0.01203984651316804,100,41.55535098314285,4.177385445994461,1,0.21565873332752844,0.0035942143622061944,200.0,98.0516352891922,8.517376745147708,1.0
FFM-250-50-0.50-SAT-1,10000,0.5098235751097558,0.00010570254693229253,30.0,14.466949307918549,0.09566228764757428,2.0,0.5098235751097558,0.00010570254693229253,50,18.21176941394806,0.2166150562556178,2,0.5098235751097558,0.00010570254693229253,100.0,72.44773697853088,62.9676882618025,2.0,nan,nan,nan,nan,nan,nan,0.38756786883817396,0.024443552659727887,30,12.99647523164749,1.0979808851750854,1,0.3626771704170224,0.017807986799332962,50,21.58001790046692,1.8014110593434804,1,0.34776231732357654,0.0076364601399072606,100,58.73597778081894,6.328168071809854,1,0.3460669649968289,0.008715034098697016,200.0,176.56922776699065,7.809653689582858,1.0
FFM-500-100-0.50-SAT-1,10000,0.4835135210931649,0.00011340257123521822,30.0,15.05359810590744,0.2334258372847442,2.0,0.4835135210931649,0.00011340257123521822,50,28.464878618717194,4.584795989659354,2,nan,nan,nan,nan,nan,nan,nan,nan,nan,nan,nan,nan,0.34104706991634737,0.03361115626479766,30,13.780352210998535,2.4716533051129557,1,0.3119325540752072,0.027406752485144743,50,21.102408909797667,2.0464196053104367,1,0.27919168320364196,0.010932670223987319,100,93.72102879285812,3.732791406776821,1,nan,nan,nan,nan,nan,nan
FM-500-100-0.25-SAT-1,10000,0.4242116538389927,0.0036678699308819547,30.0,12.057677483558654,0.34588908310020294,2.0,0.4242116538389927,0.0036678699308819547,50,61.62300037145614,11.386447437313553,2,nan,nan,nan,nan,nan,nan,nan,nan,nan,nan,nan,nan,0.3559410732078176,0.01769791526627795,30,13.212249171733855,1.7355632335070212,1,0.3421783485918096,0.01440564096065702,50,22.19373197555542,2.668016030254514,1,0.3271631016041374,0.007851206290452039,100,64.78995656967163,4.33691012959854,1,0.3273122051377727,0.007074599735864427,200.0,157.7706278681755,8.95394294188586,1.0
FM-500-100-0.50-SAT-1,10000,0.45751884983198304,0.0012122252197722513,30.0,10.571536421775818,0.11564643097819632,2.0,0.45751884983198304,0.0012122252197722513,50,50.092896902561186,6.635869156901128,2,nan,nan,nan,nan,nan,nan,nan,nan,nan,nan,nan,nan,0.34954526307517897,0.031187234137262532,30,12.857652127742767,1.7182905599721854,1,0.3268038244520995,0.02275736730686508,50,23.382897222042082,4.739234374848883,1,0.30002365329556413,0.025543189126359715,100,59.53810957670212,4.071072769154367,1,0.27319713143780605,0.016405091084074015,200.0,155.9225802063942,9.557174824226902,1.0
FM-500-100-0.75-SAT-1,10000,0.4947655938896438,0.0004069066372685299,30.0,10.312449419498444,0.13068739540491067,2.0,0.4947655938896438,0.0004069066372685299,50,20.5975634932518,2.1602615651099386,2,nan,nan,nan,nan,nan,nan,nan,nan,nan,nan,nan,nan,0.30367684087024455,0.039065973424494076,30,12.191957902908324,1.2101660348859593,1,0.26747425760143656,0.018716808951535515,50,22.7516197681427,2.3341822672837873,1,0.25671076824150274,0.017387602362368377,100,59.83051869869232,4.691790625247145,1,0.25583003957794564,0.013517806525544705,200.0,145.83150398731232,8.757425636164218,1.0
FM-500-100-1.00-SAT-1,10000,0.5867558757806289,4.042064523143016e-05,30.0,10.388498139381408,0.16606006858208566,2.0,0.5867558757806289,4.042064523143016e-05,50,19.966856729984283,0.1202577287144477,2,nan,nan,nan,nan,nan,nan,nan,nan,nan,nan,nan,nan,0.33294798892800564,0.025950750412558742,30,14.594623267650604,1.5030881365710753,1,0.31590342673189287,0.018850349933412017,50,23.307770466804506,1.680186127483278,1,0.30132418786594134,0.008909285817955742,100,58.359280622005464,4.356025223499385,1,0.29516381060709085,0.005362469214773547,200.0,151.97020889520644,6.158539779521359,1.0
HSMGP_num,3456,0.003894337037650014,0.002382569437657274,30.0,5.461399018764496,0.12303053193436808,1.0,0.0018914812237766352,0.001062901915630723,50,23.34214254617691,3.756700505922925,1,nan,nan,nan,nan,nan,nan,nan,nan,nan,nan,nan,nan,0.0073482112289595045,0.003706479572301455,30,6.577225613594055,0.5990582559502556,2,0.00563509568197891,0.007327869143641153,50,10.37231024503708,1.0369952600940133,2,0.0015133227394227553,0.0005920318936861317,100,21.9691859126091,2.7486519633371183,1,0.001377957664175985,0.0011195857823493953,200.0,52.256677293777464,3.8060770575397895,1.0
HSQLDB,864,0.0021624716800531553,0.0007829610448900412,30.0,5.6530921220779415,0.12200742555483893,1.0,0.001718569603734015,3.4017684674784184e-05,50,21.034364938735962,2.948356526026563,1,0.0017140167393190349,3.6047579682720935e-05,100.0,175.93342702388765,9.733166567979975,1.0,nan,nan,nan,nan,nan,nan,0.0031739057489947103,0.0014621743281838739,30,5.731168437004089,0.6635993528705014,2,0.001786663549718515,0.0002144355530378048,50,9.643673276901245,0.7633708124148646,1,0.0016033042253096,3.790896096311017e-05,100,19.03869535923004,3.2557897101109727,1,0.0015916033030820853,3.3980525803120285e-05,200.0,39.09399999380112,5.549561785396554,1.0
Health-ClosedIssues0000,10000,0.48656346773555115,0.003466650466619136,30.0,2.0640605807304384,0.29559663374824696,2.0,0.48626824239298266,0.003383008140340495,50,5.9342618703842165,0.7416986983379501,2,0.48626824239298266,0.003383008140340495,100.0,55.07014940977096,7.33671257920189,2.0,nan,nan,nan,nan,nan,nan,0.17058903737783396,0.022393951131005823,30,3.080491065979004,0.42329176288063913,1,0.1544236350170508,0.0120891055764696,50,6.540978860855103,0.9836960540752222,1,0.1454312608262588,0.01199100625243599,100,15.047409391403198,2.302858858551674,1,0.14397188389152177,0.011751897617176066,200.0,25.225161409378053,6.518521644042359,1.0
Health-ClosedIssues0001,10000,0.6968606677384799,0.000614984305438293,30.0,2.1619011521339417,0.2917954552874218,2.0,0.696825741281735,0.0006186649446379101,50,7.5218980550765995,1.131408406576199,2,0.6967940243328724,0.0005848118834246481,100.0,59.12576178312302,6.848730159282908,2.0,nan,nan,nan,nan,nan,nan,0.45305544290498884,0.012765567060440195,30,3.790018630027771,0.32742616784006107,1,0.4427206698134586,0.022960166969776312,50,6.626630711555481,0.5457850717709373,1,0.44055841426453,0.02399285060124318,100,15.215540325641632,2.319858256663752,1,0.4189916478970007,0.03394167847529032,200.0,28.50409542322159,8.000234505239376,1.0
Health-ClosedIssues0002,10000,0.18040955472443446,1.6895061133507964e-16,30.0,3.014794611930847,0.20417106794826168,4.0,0.18040955472443446,1.6895061133507964e-16,50,5.752024900913239,0.2688953108025934,4,0.18040955472443446,1.6895061133507964e-16,100.0,16.404353392124175,0.0384992661338445,4.0,0.18040955472443446,1.6895061133507964e-16,200.0,33.88940329551697,0.22588561612682453,4.0,0.17492800999836178,0.02366478962927079,30,3.852646327018738,0.5269939643371016,3,0.16680833306274057,0.03271013717413874,50,5.943232810497284,1.0160976166051585,2,0.11625902315086192,0.0514909672908649,100,16.08186866044998,2.593372375880887,1,0.08893147802426767,0.037919871834648775,200.0,30.56919593811035,6.1474858924544655,1.0
Health-ClosedIssues0003,10000,0.3499457829390984,0.0035149757206128685,30.0,3.08147269487381,0.21105172787814966,2.0,0.3494534836207271,0.002846863570139639,50,11.706273245811463,1.8822889325828787,2,0.3494453487806272,0.0028403568172275726,100.0,77.33724837303161,18.10811117421046,2.0,nan,nan,nan,nan,nan,nan,0.195177013918833,0.04431140741673079,30,4.271694207191468,0.4479834476317766,1,0.1677160870455143,0.03891588932130139,50,6.678052175045013,0.6900194198524293,1,0.15364775736371233,0.030107360514489603,100,17.032131481170655,1.923757308039856,1,0.1504417947134012,0.025691855465654282,200.0,31.721633267402648,6.158440129436264,1.0
Health-ClosedIssues0004,10000,0.276902084380595,0.005066343675029114,30.0,3.063101029396057,0.21188245558591187,1.0,0.276902084380595,0.005066343675029114,50,11.300487971305847,2.5534253179838804,1,0.27484582389207257,0.003362929615894543,100.0,120.11891652345658,23.673612379847157,1.0,nan,nan,nan,nan,nan,nan,0.2863374826075807,0.01042506589532772,30,4.626224112510681,0.4742479238299042,2,0.2776048141936085,0.009429413309243717,50,8.51135823726654,1.2186874197155428,1,0.272801491146577,0.007229685518267887,100,17.5035080075264,3.197550095774853,1,0.27042737513284953,0.008470226178474401,200.0,34.930506837368014,7.481069030492917,1.0
Health-ClosedIssues0005,10000,0.2403267098428123,0.0009838534322254382,30.0,3.309316670894623,0.2630693489297587,3.0,0.2403267098428123,0.0009838534322254382,50,11.707563173770904,1.7479064530465254,3,0.24005965637046928,0.0007756715776004739,100.0,78.92162798643112,9.414116257252441,3.0,nan,nan,nan,nan,nan,nan,0.2387306442196721,0.005795595128662092,30,3.989080023765564,0.5348269483641426,3,0.23617712284872017,0.006863423415121572,50,9.384062504768371,1.0806087700929883,2,0.23345172971157502,0.0067816529478420895,100,19.246842312812806,3.1939441351587425,1,0.2292274211490275,0.006352922040068033,200.0,35.18345829248428,7.5196076317041864,1.0
Health-ClosedIssues0006,10000,0.20164641538883482,0.009923184777713293,30.0,3.220507037639618,0.2661607943813807,3.0,0.19896705900128928,0.008030080580987385,50,11.885315787792205,1.6518510451877748,3,0.1956476441507187,0.0040451746815250355,100.0,84.4184266448021,10.534646291129823,2.0,nan,nan,nan,nan,nan,nan,0.10972874530182883,0.016499857553240932,30,5.672409975528717,0.5928884344353812,1,0.10485230377146135,0.010227717312120025,50,10.16732577085495,1.2808920800412706,1,0.09882490922460259,0.010813846010550208,100,18.411842226982117,3.3786753638632074,1,0.09076814535613462,0.014489338007001586,200.0,34.95813726186752,7.392648249565547,1.0
Health-ClosedIssues0007,10000,0.4090597340094947,0.012804834938606242,30.0,4.20484733581543,0.01870094380815179,2.0,0.40753591706529707,0.0108840173759628,50,20.68099241256714,2.5173841342645256,2,0.4053377495963388,0.009459932687695597,100.0,95.51917694807052,19.689991372303194,2.0,nan,nan,nan,nan,nan,nan,0.4759733225709134,0.0941833850101576,30,5.486719369888306,0.49144981562817897,3,0.40658260158904785,0.0773622316883987,50,11.05333856344223,1.1996107776513087,2,0.3594551346393239,0.06483065763064265,100,25.23447299003601,2.2578146013897085,1,0.3227903215776223,0.034506280119481175,200.0,46.75666166543961,3.824090316940074,1.0
Health-ClosedIssues0008,10000,0.5722689291250491,0.005312785709925878,30.0,5.698521769046783,0.0895005990402033,2.0,0.5704594430229838,0.005155520270828484,50,20.824397790431977,2.8516075327782597,2,0.5693607872264054,0.00481307882013404,100.0,148.30031517744064,22.50894387746626,2.0,nan,nan,nan,nan,nan,nan,0.29215973271532,0.05092956380840962,30,5.326886868476867,0.5010803306445721,1,0.2698875289063942,0.03724431042689601,50,10.058438766002656,1.018133821094993,1,0.2570474950619709,0.030198183102862118,100,25.274834787845613,1.9410929483372312,1,0.24092083791619165,0.014914710219910131,200.0,45.822957038879395,4.363970279976964,1.0
Health-ClosedIssues0009,10000,0.46330009158842167,0.0003753386518276421,30.0,5.313319659233093,0.1198670982577807,2.0,0.463283572484404,0.0003443416971137064,50,20.824786448478697,2.61952916280769,2,0.46326312750307064,0.00032813889309861027,100.0,161.6069620847702,23.925951952093474,2.0,nan,nan,nan,nan,nan,nan,0.32683474920986044,0.07083057603369397,30,5.256659281253815,0.42814241971238237,1,0.2826771512611519,0.049663187856570985,50,9.378034245967864,1.0434138539604685,1,0.2657566341762317,0.0479224663736573,100,21.90512263774872,2.2145060575448543,1,0.23867923359816579,0.009576428160116307,200.0,44.77832911014557,4.114113467894149,1.0
Health-ClosedIssues0010,10000,0.48978907195269006,0.00243710718972462,30.0,5.2117714285850525,0.13181311613206786,3.0,0.48952915645809253,0.0023740246908264162,50,20.64191105365753,3.5115789031951103,3,0.48932652548257183,0.0023731145980630344,100.0,163.43602526187897,14.31910557201791,3.0,nan,nan,nan,nan,nan,nan,0.48194697865661346,0.006392265560159643,30,4.8877766013145445,0.43025796507586217,2,0.480639727898075,0.007152178043414932,50,8.952867543697357,1.1108728321050645,2,0.47147805032982354,0.009190357237210794,100,21.144359815120698,2.221873743339353,1,0.466092217054592,0.00958165742705987,200.0,44.065387952327725,5.128811891385789,1.0
Health-ClosedIssues0011,10000,0.057431291058192724,0.01045816210624917,30.0,4.672989046573639,0.25744369040852094,2.0,0.05659999505526042,0.010677177076107252,50,17.993365013599394,3.061407984626289,2,0.05659999505526042,0.010677177076107252,100.0,128.84829226732253,22.101776532463106,2.0,nan,nan,nan,nan,nan,nan,0.02696550992919581,0.026886007555061046,30,4.491642165184021,0.46561108222546843,1,0.01920542598562381,0.02608625107980847,50,17.940895116329195,1.3726796911578194,1,0.004068016044017895,0.006960253939265764,100,20.59467006921768,2.579955263986386,1,0.0023269787154478303,0.0061954276855597625,200.0,36.79263453483581,4.792564362062101,1.0
Health-ClosedPRs0000,10000,0.0,0.0,30.0,4.552655565738678,0.24138675706651697,1.0,0.0,0.0,50,8.068537437915802,0.4738757617667601,1,0.0,0.0,100.0,18.850166535377504,0.7710170004610922,1.0,0.0,0.0,200.0,38.832298445701596,1.6921931500281422,1.0,0.0,0.0,30,4.023287379741669,0.5425908952094955,1,0.0,0.0,50,7.68355963230133,1.0416847166228613,1,0.0,0.0,100,19.063914930820467,2.6237744190342784,1,0.0,0.0,200.0,35.22536514997482,4.488741489082557,1.0
Health-ClosedPRs0002,10000,0.02112422895040175,1.9059202359400131e-16,30.0,4.235906767845154,0.4209678943315055,3.0,0.02112422895040175,1.9059202359400131e-16,50,8.410452330112458,0.5860921431156431,3,0.02112422895040175,1.9059202359400131e-16,100.0,21.934025394916535,0.570165894029888,3.0,0.02112422895040175,1.9059202359400131e-16,200.0,37.174346280097964,1.704771322164449,3.0,0.021096542354763482,0.00011453903330245893,30,4.551448321342468,0.6298053863391442,3,0.020784463910868224,0.0006390758630551448,50,7.546447670459747,1.089486425595951,2,0.020178411754139508,0.0008819086268035055,100,17.77962120771408,2.298785657862578,1,0.02007796430732477,0.0008803153433115123,200.0,37.34859807491303,5.120454092330186,1.0
Health-ClosedPRs0003,10000,0.0830934160358904,1.4957003969734873e-16,30.0,4.732409679889679,0.29638002762335197,3.0,0.0830934160358904,1.4957003969734873e-16,50,9.126676166057587,0.4708152117320393,3,0.0830934160358904,1.4957003969734873e-16,100.0,18.4212748169899,0.9027772865408531,3.0,0.0830934160358904,1.4957003969734873e-16,200.0,40.3123983502388,1.7376989665952935,3.0,0.083064398309853,0.00012977121594345744,30,4.261550772190094,0.5467242178106274,2,0.08304721881638054,0.0001636612897247222,50,8.0590771317482,1.1055080528784231,2,0.08249661413685476,0.0007479565928585053,100,18.396261358261107,2.435637011420646,1,0.08246420132170461,0.000832047872141108,200.0,37.36668659448624,4.169213821394527,1.0
Health-ClosedPRs0004,10000,0.2930757409657322,0.004597537205220533,30.0,4.738033092021942,0.29878541939149456,1.0,0.2930757409657322,0.004597537205220533,50,16.124809777736665,2.3715345723248027,1,nan,nan,nan,nan,nan,nan,nan,nan,nan,nan,nan,nan,0.3237017767925444,0.06861095802604673,30,5.429679048061371,0.6256896912973477,2,0.30244772526325525,0.033994952161301696,50,8.443996596336365,1.165707265638378,1,0.29166432994954616,0.03646740527870864,100,19.903754436969756,2.756494320296796,1,0.2806280566379677,0.005686748511593477,200.0,38.79978835582733,5.128202477255433,1.0
Health-ClosedPRs0005,10000,8.222359467803247e-05,0.0002588473942653186,30.0,5.309148418903351,0.1254196727654323,1.0,8.222359467803247e-05,0.0002588473942653186,50,17.663521146774293,2.7365269168986193,1,3.0964721869641906e-05,0.00012734120653606662,100.0,92.07262225151062,21.77134682994671,1.0,nan,nan,nan,nan,nan,nan,0.001340562116072121,0.004034395616073244,30,4.493973839282989,0.562781419008538,2,0.0006343199768692207,0.001953947627300637,50,8.325497364997863,1.1588129819793889,2,0.00023960307365559507,0.0007988615518879327,100,18.976876819133757,2.2401482416305813,1,0.0,0.0,200.0,36.144532561302185,5.684000626531754,1.0
Health-ClosedPRs0006,10000,0.06514472209675512,0.010216350227669828,30.0,4.367620921134948,0.2705724312900219,1.0,0.06498124742237962,0.010251907499226718,50,16.23261425495148,1.9223332583013222,1,0.064637505329427,0.009976894627626477,100.0,142.087881731987,17.098205577506164,1.0,nan,nan,nan,nan,nan,nan,0.2975003644082965,0.15922333914150036,30,4.580322778224945,0.6496651404701003,3,0.17449903960502763,0.1455577533692808,50,8.437441229820251,1.1355390672883057,2,0.12321067872851713,0.09217684991299616,100,18.822875380516052,2.353269403978591,1,0.0656293515719919,0.07239869619014482,200.0,38.54686051607132,4.665758183080562,1.0
Health-ClosedPRs0007,10000,0.09781530153022673,0.015124446133567374,30.0,4.176488208770752,0.34431703349609977,3.0,0.09781530153022673,0.015124446133567374,50,14.138037371635438,2.040108824730863,3,0.09708728906643496,0.014931839210005038,100.0,105.38585053682327,17.09382568308597,3.0,nan,nan,nan,nan,nan,nan,0.08114809757737977,0.04931932989130895,30,4.440011000633239,0.5147327756351083,2,0.0561937412270566,0.03841492026189634,50,10.079298913478851,1.154273956470469,1,0.026456200645978655,0.01822185700955806,100,18.946680986881255,2.5407333491124686,1,0.017799045087127076,0.029313737516806396,200.0,36.06936948299408,5.180529593087302,1.0
Health-ClosedPRs0008,10000,0.5787038565715402,0.005401643420772969,30.0,4.118573987483979,0.3691713520295298,2.0,0.5780017051999515,0.004594755309587192,50,14.466565263271331,1.9681244545667695,2,0.5766004641362189,0.0010818305177123146,100.0,109.14789794683456,14.468761097258195,2.0,nan,nan,nan,nan,nan,nan,0.6400246510032422,0.08878240004736168,30,5.212337481975555,0.5713519443015977,3,0.5827976454327378,0.11389622086999478,50,6.888637232780456,1.1224703400432066,2,0.5293693638860644,0.13017514092728133,100,19.766622030735014,3.3287870829792223,2,0.36380117429315006,0.20663110799730974,200.0,33.789453864097595,7.632097325202544,1.0
Health-ClosedPRs0009,10000,0.6676283604201798,0.0060502815328672705,30.0,4.025120091438294,0.04405237273485265,2.0,0.6671299379699102,0.005570675139615102,50,12.916652464866639,1.863603907384837,2,0.6659235596705404,0.004878141623155044,100.0,102.65911062955857,20.539017094413417,2.0,nan,nan,nan,nan,nan,nan,0.5327853217186651,0.15634203103482236,30,3.694566822052002,0.503382032063566,1,0.5073746781792706,0.16339899288269688,50,7.342130076885224,0.9883912848195804,1,0.47209464223088826,0.16219294367345163,100,14.846194851398469,2.0091709945796783,1,0.38970828918408096,0.1512761800273559,200.0,29.372008287906645,7.208247116657762,1.0
Health-ClosedPRs0010,10000,0.5735974307143481,0.0025701235061345697,30.0,2.183021080493927,0.36256175968619603,2.0,0.5733884172898224,0.0021734132144207888,50,7.37618488073349,0.9819472922014371,2,0.5732247686775495,0.002131313201497691,100.0,85.73786622285843,9.04932279914261,2.0,nan,nan,nan,nan,nan,nan,0.42924753659871523,0.10527235456479699,30,4.011850249767304,0.5448999705543577,1,0.36874257168684915,0.11840479540202323,50,7.11643352508545,1.1199844728056296,1,0.284689234273289,0.0681012429462361,100,15.358136630058288,2.2566936385503475,1,0.24303231590784397,0.04635856821737142,200.0,27.550702810287476,7.620994968755095,1.0
Health-ClosedPRs0011,10000,nan,nan,nan,nan,nan,nan,0.0,0.0,50,3.811462366580963,0.3776372241879665,1,0.0,0.0,100.0,10.474806475639344,0.544144669970238,1.0,0.0,0.0,200.0,22.94754844903946,0.8496860659201312,1.0,0.0,0.0,30,3.4455277919769287,0.34085415638375915,1,0.0,0.0,50,6.259992289543152,0.9485309941040387,1,0.0,0.0,100,14.666358828544617,2.120647987733252,1,0.0,0.0,200.0,25.598368978500368,7.565451737591265,1.0
Health-Commits0000,10000,0.3190499378424731,0.0026027848628316632,30.0,2.209215021133423,0.28284351848400535,2.0,0.3189514900768815,0.0025548697223269786,50,7.176073968410492,1.0449308797382806,2,0.3189514900768815,0.0025548697223269786,100.0,57.61421411037445,9.639115386827108,2.0,nan,nan,nan,nan,nan,nan,0.18350053134832084,0.05757888450866977,30,3.699045944213867,0.41981819250660984,1,0.18517328551250667,0.059445477891663545,50,7.538359081745147,0.9927515336835514,1,0.14128375440890534,0.05221256692560032,100,15.142926490306854,3.08008315707053,1,0.11985836138656233,0.04730582880308294,200.0,27.192173552513122,7.624235434402472,1.0
Health-Commits0001,10000,0.16497080425555066,2.1141425780193116e-05,30.0,2.202476143836975,0.29394105283127353,3.0,0.16497080425555066,2.1141425780193116e-05,50,7.133940207958221,0.9276873689079996,3,0.16497080425555066,2.1141425780193116e-05,100.0,47.18377959728241,13.17175599701015,3.0,nan,nan,nan,nan,nan,nan,0.16495795125887355,3.2713245618273788e-06,30,3.559454083442688,0.43002883828952126,2,0.16495721976846392,3.2512020012094713e-16,50,6.5551252365112305,0.9424635234142191,2,0.16495149897766542,2.5584154220259783e-05,100,14.567101764678956,1.919555448716435,2,0.16461348732293074,0.0011073463933880278,200.0,26.027818393707275,7.019988823160453,1.0
Health-Commits0002,10000,0.5023842458646144,1.9564080230449994e-16,30.0,2.149149441719055,0.3006809966791426,4.0,0.5023842458646144,1.9564080230449994e-16,50,3.822530508041382,0.3822395879132728,4,0.5023842458646144,1.9564080230449994e-16,100.0,8.259701430797577,0.39030983592519697,4.0,0.5023842458646144,1.9564080230449994e-16,200.0,22.932723617553712,12.280575979182446,4.0,0.4732744666161068,0.06968082420876108,30,4.055561292171478,0.6135802306092616,3,0.42872460037372245,0.10757227412777284,50,6.927295935153961,0.9157086873616475,2,0.3410651499571339,0.13683950955839833,100,15.363542866706847,1.9389672469880228,1,0.2549185221862955,0.1072403295240084,200.0,25.966891753673554,6.4577338386075285,1.0
Health-Commits0003,10000,0.34594868481831703,0.00545781734703339,30.0,2.174108052253723,0.40102430275346385,3.0,0.3452504196483689,0.0049191276151084725,50,7.291001760959626,0.8117217593546742,3,0.3452504196483689,0.0049191276151084725,100.0,120.81769288778305,19.11455555772688,3.0,nan,nan,nan,nan,nan,nan,0.354235442975151,0.04539234324062218,30,4.683537757396698,0.5358970322936493,3,0.3334569994184379,0.03344202153614834,50,8.522471511363984,1.0125856332431833,2,0.3054335311329225,0.031873462069610475,100,16.823015367984773,1.7463553972191876,1,0.29096243334999106,0.03304722574769255,200.0,31.376788127422333,7.1169212135728745,1.0
Health-Commits0004,10000,0.22318637984050174,0.003754653566027556,30.0,2.3323734998703003,0.2809032320170044,2.0,0.22318637984050174,0.003754653566027556,50,7.7037610650062565,1.0905923253773966,2,0.22250566211659523,0.0038274354633328752,100.0,49.81291091442108,11.685494328102836,2.0,nan,nan,nan,nan,nan,nan,0.22501108705326184,0.003432823435917584,30,4.8719367504119875,0.5354025129872465,2,0.2239514133992866,0.006540171014596752,50,8.551316905021668,0.8972330163990606,2,0.21912990569270302,0.011027707366532174,100,17.23382431268692,3.391337078348558,1,0.21593059484250277,0.01069161925558833,200.0,31.37098467350006,7.850735426198661,1.0
Health-Commits0005,10000,0.28397496743685224,0.017055601352293004,30.0,3.070331335067749,0.21170851790812387,2.0,0.28310705271937436,0.017222489196897336,50,10.746018624305725,2.0644565013771663,2,0.28308633322841864,0.017200426921471588,100.0,106.33104974031448,16.143306990653535,2.0,nan,nan,nan,nan,nan,nan,0.20780954842992921,0.03174283185682231,30,4.857391941547394,0.5346841431080266,1,0.1944463189826258,0.021904738356511418,50,9.34137338399887,1.1089991332273657,1,0.18396053468883605,0.02233487001789111,100,17.23681992292404,3.2585512157683603,1,0.17136145964886454,0.01824302859650596,200.0,33.25465086698532,7.223260918559972,1.0
Health-Commits0006,10000,0.7670116354736182,0.003344245426411992,30.0,3.0953064918518067,0.22321614669216946,2.0,0.7658889813555153,0.002865935119189208,50,10.086766350269318,2.3897686654133627,2,0.7654172836156683,0.002624098324218937,100.0,49.91478852033615,17.27490096461621,2.0,nan,nan,nan,nan,nan,nan,0.2779651707079472,0.02731006770776079,30,5.418460893630981,0.9554469669129133,1,0.26935418804724753,0.026849665702299096,50,9.445990943908692,1.1836803209374094,1,0.25398553656557954,0.0206656255514391,100,18.232949030399322,3.668240166136461,1,0.24238643049865366,0.01888051905054625,200.0,33.93084124326706,7.390922091069992,1.0
Health-Commits0007,10000,0.23929464346671883,0.02163139886107779,30.0,3.0920366644859314,0.202522126267408,2.0,0.23803704168595283,0.021500097494020987,50,11.606889736652374,1.8776893018416254,2,0.23757372097355342,0.021671740729577893,100.0,83.39519736766815,11.794477795665115,2.0,nan,nan,nan,nan,nan,nan,0.21617859150676028,0.02551013611646982,30,6.216485166549683,0.7642863895414959,1,0.20374594310184135,0.01887184848894726,50,10.25214124917984,0.7099779308348473,1,0.20617699373750886,0.02645669798882507,100,21.620715844631196,2.5963176853291836,1,0.19148664431908094,0.01565394766169324,200.0,44.88661361932755,3.924661035393601,1.0
Health-Commits0008,10000,0.4155317712638604,0.005638683817585364,30.0,3.28107990026474,0.2949841641550696,3.0,0.4155315941681737,0.005638613187392825,50,11.514831256866454,1.7261199016240423,3,0.4154841123838179,0.005645783554058512,100.0,105.50825732946396,12.735010293116016,3.0,nan,nan,nan,nan,nan,nan,0.387842947634886,0.019026511950321755,30,6.8479550123214725,0.5873841993737902,2,0.37292822576276535,0.029898046369642294,50,10.559098839759827,1.0060958462991505,2,0.3319673877919784,0.03619183822414158,100,23.175931906700136,2.2044590721471513,1,0.3195691897157808,0.04069643725447329,200.0,48.100124990940095,3.3484852434680277,1.0
Health-Commits0009,10000,0.26978106871436186,0.001820359062880808,30.0,3.1723652243614198,0.267621852441992,2.0,0.26975609595811145,0.0017938416188856357,50,15.909492647647857,3.0220586259732247,2,0.26975609595811145,0.0017938416188856357,100.0,96.5125530719757,9.371733446803017,2.0,nan,nan,nan,nan,nan,nan,0.13604812952879802,0.007800677790053246,30,6.078211390972138,0.6936484312049453,1,0.1334449144972396,0.007185852342289675,50,10.239479637145996,0.8631780372387401,1,0.1284676000342299,0.0071356580582651674,100,22.878776466846467,2.234245551755078,1,0.12739664204955964,0.008410061828305077,200.0,42.41363000869751,4.707485731866429,1.0
Health-Commits0010,10000,0.3260108408389448,0.0023080778525682096,30.0,2.3176337480545044,0.30439329508473456,2.0,0.3260108408389448,0.0023080778525682096,50,20.512662720680236,3.1794121568459355,2,0.3260108408389448,0.0023080778525682096,100.0,140.5048842906952,24.99477038108549,2.0,nan,nan,nan,nan,nan,nan,0.29711057648332756,0.01977353219736631,30,5.601269376277924,0.6094894977039642,1,0.28909507288591396,0.013933743712969057,50,9.347694754600525,1.0033500593915587,1,0.27954694513054024,0.007959408720631098,100,21.365057837963104,2.5586892089856357,1,0.2730968684352202,0.010414595616695204,200.0,41.63389362096787,5.482868531135291,1.0
Health-Commits0011,10000,0.07507281487205655,0.010423549307952433,30.0,5.743104112148285,0.05098682089563855,2.0,0.07507281487205655,0.010423549307952433,50,19.398241794109346,1.8106416284722526,2,0.07507281487205655,0.010423549307952433,100.0,158.22540093660353,17.14840430766539,2.0,nan,nan,nan,nan,nan,nan,0.015196096199374662,0.014626049971271853,30,5.6304569959640505,0.718478915393004,1,0.005642481930609825,0.008466875734682739,50,8.511163473129272,0.8629050325629698,1,0.0030381226576132354,0.00576921486007762,100,21.787624752521516,2.39331520913112,1,0.00203331124257247,0.0038122280630096543,200.0,39.18787717819214,5.26680271730222,1.0
LLVM,1024,0.05766105517799772,0.03761802589800842,30.0,4.652990734577179,0.2734135714079574,2.0,0.04391161166210859,0.003871836978118702,50,13.170076286792755,2.0433020385330734,1,0.041196875384639224,0.0015341348868427565,100.0,107.57145247459411,14.866875138809636,1.0,nan,nan,nan,nan,nan,nan,0.04714651249789399,0.005787928184248511,30,4.1049619793891905,0.43650146188909494,1,0.04553632266769728,0.003723802707321645,50,5.9261863231658936,0.8641480437399133,1,0.04321689253632792,0.003029474691319947,100,15.189312744140626,1.8306118303743537,1,0.04209809711181233,0.0023427163496213916,200.0,21.541530823707582,5.941062728606823,1.0
PostgreSQL,19008,0.2781571861544925,0.005541163761313208,30.0,3.8665490984916686,0.04938257161290169,2.0,0.2781571861544925,0.005541163761313208,50,17.568671500682832,2.8408621721537313,2,0.2781571861544925,0.005541163761313208,100.0,120.58665648698806,15.160014178376306,2.0,nan,nan,nan,nan,nan,nan,0.019881126615170483,0.00026349442275967673,30,4.104596376419067,0.7890441045331161,1,0.019770732440713992,0.00024220523308341054,50,6.637933242321014,0.882655531938098,1,0.01968615606525624,0.0002409202490190079,100,18.355117297172548,3.546016778976144,1,0.01962017971197052,0.000227919673039558,200.0,31.409806609153748,7.090876712872771,1.0
SQL_AllMeasurements,4653,0.3047307979552822,0.044908359072698856,30.0,5.535405969619751,0.342996329752909,3.0,0.2536296279921404,0.02907448417269788,50,10.759135031700135,2.1908853093612635,1,0.2175544155592229,0.013565307709120388,100.0,84.51061559915543,9.466118527152805,1.0,nan,nan,nan,nan,nan,nan,0.29225310019080925,0.03829757271578506,30,8.335066437721252,0.8504330166831643,3,0.2671367516306352,0.04658013436804482,50,13.462813532352447,1.8379411973760418,2,0.233507363014281,0.030621074594845248,100,26.05755046606064,5.146470781067564,1,0.20780650444493642,0.019654214269652772,200.0,55.65424255132675,8.668130522290072,1.0
SS-A,1343,0.045332743843316495,0.0011128036212557115,30.0,4.217889428138733,0.28685002072771,1.0,0.04512170815794335,0.0012256643021961073,50,7.497388696670532,0.9306922122494052,1,0.04511719341728478,0.0012333207873101934,100.0,55.09364875555038,4.171739702629543,1.0,nan,nan,nan,nan,nan,nan,0.2823193694881692,0.2672669498761672,30,4.172342669963837,0.7071539871429628,2,0.16762771816656066,0.2320200947654102,50,6.754123938083649,0.8962922476131423,2,0.040805459394607675,0.020725251213033088,100,13.631473958492279,2.6161472630604528,1,0.027735316637163398,0.0034520515720957686,200.0,23.838323426246642,5.6970745137483965,1.0
SS-B,206,0.14085722706045758,0.005369451525828735,30.0,2.1922316670417787,0.3094503506063808,1.0,0.13960520343982272,0.004531638006554295,50,5.795882785320282,0.94370799363494,1,0.1392168229306371,0.004465868077373593,100.0,37.75334639549256,6.874824892380507,1.0,nan,nan,nan,nan,nan,nan,0.1561190509629957,0.038531070527566394,30,4.375009369850159,0.8722098067965026,2,0.14337986501043565,0.01113524122353151,50,6.8372165083885195,1.087280559617818,1,0.1394552357159732,0.004588174697622775,100,12.405870819091797,2.3077056259001125,1,0.13962720065168804,0.004635600954451888,200.0,24.222676753997803,5.736845461319824,1.0
SS-C,1512,0.08227174030908888,0.00714872166851889,30.0,3.8875448942184447,0.01192126131319724,1.0,0.07639333711506151,0.011563841979257906,50,9.303775441646575,1.2696875610892195,1,0.06189115147700305,0.005435539603532718,100.0,76.35387184619904,15.87842763112531,1.0,nan,nan,nan,nan,nan,nan,0.4923217002342583,0.18557743683068495,30,4.81059467792511,0.5725037096994584,3,0.39119725721263005,0.20493841267049123,50,7.485076093673706,1.4848718839696085,3,0.2861039564913286,0.19246462790912722,100,14.47755229473114,3.025574351699546,2,0.10915008040605396,0.07424341732090595,200.0,24.66551580429077,7.159092947579252,1.0
SS-D,196,0.5498142493434963,0.0022452000008501873,30.0,2.9835652232170107,0.23938431646516695,2.0,0.5498142493434963,0.0022452000008501873,50,9.559558606147766,1.2439592009479088,2,0.5498142493434963,0.0022452000008501873,100.0,54.64688507318497,13.884360684906651,2.0,nan,nan,nan,nan,nan,nan,0.4503602873540803,0.008807313424855715,30,5.406281352043152,0.8048172304341337,1,0.4410471096775823,0.024033409308328334,50,8.031020390987397,0.9049168815540152,1,0.4249263740003338,0.032479050979363815,100,14.882004451751708,1.953139566325823,1,0.4151211227221161,0.03216980342575142,200.0,36.03054665327072,3.2760033105262236,1.0
SS-E,756,0.49397651515221436,0.0006390411684263222,30.0,2.8972841024398805,0.20779316929127256,2.0,0.49397651515221436,0.0006390411684263222,50,9.393787741661072,1.538220220331502,2,0.49397651515221436,0.0006390411684263222,100.0,93.8573180437088,11.669346588901243,2.0,nan,nan,nan,nan,nan,nan,0.16618947089035252,0.02391910420523378,30,4.752271747589111,0.6032819790667243,1,0.16282957817640797,0.019387779376347898,50,7.623577618598938,0.8983773317916915,1,0.152717057994203,0.005406833515606733,100,14.444167041778565,2.4098287631207795,1,0.1496812371942819,0.0025685722560017,200.0,34.324292230606076,3.8715882084767332,1.0
SS-F,196,0.5583259867335963,0.0013092262622410025,30.0,2.922183430194855,0.2117030708869532,2.0,0.5583259867335963,0.0013092262622410025,50,13.620663213729859,1.8221483925684188,2,0.5583259867335963,0.0013092262622410025,100.0,75.13488900661469,10.310290332584145,2.0,nan,nan,nan,nan,nan,nan,0.4474569859135341,0.01362400099228469,30,4.582948434352875,0.5743861072838358,1,0.4452704668076515,0.015039204065715246,50,7.762075388431549,1.1009586877892479,1,0.44178639213086324,0.013166870640149313,100,15.679435086250304,2.179643906061375,1,0.4377630235832727,0.018418980106316953,200.0,32.33774030208588,3.9093244270127623,1.0
SS-G,196,0.5582125674833098,0.0014212890657255709,30.0,3.057973051071167,0.3045277925800647,2.0,0.5582125674833098,0.0014212890657255709,50,10.521801483631133,0.9660710092687376,2,0.5582125674833098,0.0014212890657255709,100.0,63.0148943066597,12.757404581259708,2.0,nan,nan,nan,nan,nan,nan,0.4461416874043911,0.011603952651078987,30,4.474402487277985,0.5087264824020028,1,0.4447634315451513,0.012268758283671324,50,7.704847347736359,0.952868778406491,1,0.44463370935309465,0.01176027891350591,100,16.28221490383148,2.0654314608053332,1,0.43796373789642395,0.020434907694331057,200.0,30.462855315208436,4.3709010368352255,1.0
SS-H,259,0.45980275754178485,0.0039559680041055655,30.0,1.9759084939956666,0.2934809678492497,3.0,0.45934653731468494,0.0036747095413188677,50,9.75306087732315,1.6381492555967092,3,0.4593169220444294,0.00365329833291672,100.0,63.28562250137329,18.646618003776908,3.0,0.4593169220444294,0.00365329833291672,200.0,167.35409911870957,104.18984702080103,3.0,0.391492088626484,0.17291690339800483,30,4.611262488365173,0.738288983011835,2,0.2921161798141558,0.07546000973581861,50,5.634272861480713,1.1286297521942699,1,0.2411109066529203,0.0028836627023392674,100,15.146133029460907,2.127921006921491,1,0.24102563517214123,0.002736447042339975,200.0,27.34728925228119,4.207156524541057,1.0
SS-I,1080,0.2558122058393285,0.0004480632152056244,30.0,4.153555810451508,0.09856196050109213,2.0,0.2558122058393285,0.0004480632152056244,50,6.197590482234955,0.9074576813813852,2,0.2558122058393285,0.0004480632152056244,100.0,40.95035380125046,10.250422297947827,2.0,0.2558122058393285,0.0004480632152056244,200.0,78.29126456975936,42.51662715505818,2.0,0.07910408932978111,0.09792439594079466,30,5.129808712005615,0.6887329368674212,1,0.07879253836438632,0.09513959658774121,50,8.47120326757431,1.3702185919950596,1,0.024221999358476146,0.05218662010156466,100,16.636122274398804,2.5710117599960207,1,0.01201953160569193,0.001161410700322552,200.0,33.366911351680756,4.75797900008599,1.0
SS-J,3840,0.5905709839441778,0.0016228567421969033,30.0,5.523469913005829,0.043418815919525594,3.0,0.5895766909746304,0.0021074933072353173,50,8.211849391460419,1.426812377493526,3,0.5877158471643098,0.001340531396406851,100.0,125.96390436887741,42.52567642100921,2.0,nan,nan,nan,nan,nan,nan,0.07220367348703417,0.003892655405749791,30,5.436482405662536,0.6128705321537721,1,0.07258428027330308,0.00397302051026441,50,8.5888756275177,1.1011628055150762,1,0.06973950863752389,0.003367828411403825,100,19.233571350574493,2.7873616551283984,1,0.0681414970563464,0.003595404700712736,200.0,40.29015440940857,4.964988300415748,1.0
SS-K,2880,0.0851275169725643,0.003930744054051278,30.0,3.1148590326309202,0.22783427691710567,2.0,0.0851275169725643,0.003930744054051278,50,22.28969227075577,2.7024030199230133,2,nan,nan,nan,nan,nan,nan,nan,nan,nan,nan,nan,nan,0.09317841909808515,0.03567303463400198,30,5.95401177406311,0.6767662915337168,2,0.079996437749659,0.026410073864618137,50,8.796830034255981,1.1209279460671464,2,0.07156931823578669,0.017262480938275013,100,17.91027612686157,2.5035372375093745,1,0.06507369210518509,0.002835355683641,200.0,37.46666238307953,4.187581308396374,1.0
SS-L,1023,0.173309053764443,0.005177996657880949,30.0,5.289794409275055,0.021127612259783504,1.0,0.1694448920228352,0.0015744936952871837,50,16.51457349061966,1.6942080136444044,1,0.16897986817940383,0.0008550037470601166,100.0,138.2019930243492,16.659158289269218,1.0,nan,nan,nan,nan,nan,nan,0.20909662762251124,0.07327161749510457,30,4.698170614242554,0.8463989789277729,2,0.17436807530032766,0.004083049878072005,50,7.692365384101867,1.1726223821098336,1,0.1707018077746511,0.0030421880553986713,100,15.013380205631256,2.3308379228889615,1,0.169878187741782,0.0022329862141601394,200.0,32.325112426280974,4.021775139421856,1.0
SS-M,864,0.004180822885949886,0.0004828376967605542,30.0,5.898281037807465,0.07045666445152292,2.0,0.0037709351502760702,0.0003300056269848269,50,18.190390622615816,2.2230587249538085,1,0.0033705190011085948,0.00010093726216651896,100.0,145.96553511619567,20.020159551553537,1.0,nan,nan,nan,nan,nan,nan,0.00486168994685493,0.0013536148566361088,30,5.9113470077514645,1.0495589269159822,2,0.004555400290736066,0.0016304737724437707,50,9.108965992927551,1.1590245532635994,2,0.0035038407052223794,0.0003861492300853769,100,23.23439438343048,2.146750862004471,1,0.003368855345030465,8.216787612320223e-05,200.0,40.788995039463046,5.295193066602391,1.0
SS-N,53662,0.24224241920409137,0.01390548101255163,30.0,4.83740781545639,0.08989855759436524,2.0,0.2348103018251828,0.011617889191859921,50,22.134047853946687,2.222749990569214,2,nan,nan,nan,nan,nan,nan,nan,nan,nan,nan,nan,nan,0.14955924170220844,0.0129254395645691,30,8.74712837934494,1.1008367174447944,1,0.13855531755090084,0.01243039924738222,50,13.986693954467773,1.4250606234355663,1,0.12034916057135887,0.015204038956813985,100,32.58939249515534,3.4171577941083173,1,0.11808439313690862,0.01596543429954265,200.0,73.48081003427505,4.465395379870693,1.0
SS-O,972,0.2737929114457652,0.0034783229057470753,30.0,4.375613915920257,0.1009361734366282,2.0,0.2737929114457652,0.0034783229057470753,50,17.368206107616423,2.2817320134378223,2,0.2737929114457652,0.0034783229057470753,100.0,164.61315323114394,20.99568139684247,2.0,nan,nan,nan,nan,nan,nan,0.19236030706271784,0.010506194260003949,30,5.436647260189057,0.7449300246649566,1,0.18749736554206056,0.01037878660380972,50,8.849236047267913,1.1294949130535905,1,0.18319682316484004,0.005828089576195634,100,18.321339225769044,3.0183244935807645,1,0.18114571724971543,0.003291784687966309,200.0,38.773081195354465,4.604777128377991,1.0
SS-P,1023,0.173309053764443,0.005177996657880949,30.0,4.845513045787811,0.23784918972986233,1.0,0.1694448920228352,0.0015744936952871837,50,14.67175817489624,1.5830197254594358,1,0.16897986817940383,0.0008550037470601166,100.0,118.65290923118592,15.636920451396849,1.0,nan,nan,nan,nan,nan,nan,0.19770928429169535,0.06156980563089995,30,3.5708405137062074,0.7652436508241678,2,0.17353164280413816,0.005024840642920208,50,6.190704166889191,1.346091665605127,1,0.17071497278653305,0.0032646532324175476,100,15.191893923282624,2.1054349331157582,1,0.16979133170162675,0.0017714965349601465,200.0,20.47784972190857,6.029582600555235,1.0
SS-Q,2736,0.06445020175473808,0.0008176435504522616,30.0,4.826627624034882,0.12861752136300703,2.0,0.06431667294774787,0.0006405299169102227,50,11.49501874446869,1.569073455008641,2,0.06427679610595963,0.0005510423088747411,100.0,123.3153645992279,15.64491062094545,2.0,nan,nan,nan,nan,nan,nan,0.060196451447140774,0.0014352961451546402,30,4.544285321235657,0.5589560416983027,1,0.05977496394154538,0.0016014192152039228,50,7.013751459121704,1.1126186004268437,1,0.05923784517726677,0.0012443877829985516,100,13.626113057136536,2.9687208649761265,1,0.05775052276583416,0.0005492457868587293,200.0,25.77995345592499,6.608775506641275,1.0
SS-R,3008,0.3646486527000746,0.009004893210830724,30.0,5.5562779903411865,0.07527876222941103,3.0,0.3613838903760441,5.545557834753956e-05,50,15.087845873832702,1.8530271042376005,2,0.3613838903760441,5.545557834753956e-05,100.0,89.33372020721436,13.146600913303404,2.0,nan,nan,nan,nan,nan,nan,0.18025322526499948,0.018664398553101466,30,4.925942587852478,0.7619115226845471,1,0.17328235550152835,0.008008076340478329,50,7.247882914543152,1.1359574696682317,1,0.1710355855676776,0.006697628109454308,100,13.490423679351807,3.759752373242029,1,0.1699085092369449,0.007118297240069496,200.0,38.43153014183044,5.459577707214494,1.0
SS-S,3840,0.03493280858635745,5.401138882739633e-05,30.0,4.122903645038605,0.05547991571973576,1.0,0.03493280858635745,5.401138882739633e-05,50,13.064433825016021,1.5999978245093809,1,0.03492294901840195,7.418619558274676e-05,100.0,67.32607305049896,33.95428490108551,1.0,nan,nan,nan,nan,nan,nan,0.061939526127754205,0.03720359532816267,30,4.239006149768829,0.7085047831793105,2,0.03759006725047831,0.02849296244781814,50,6.667358756065369,0.897770768920995,1,0.018830118866310426,0.019224124316384938,100,12.885828578472138,3.1429954616927596,1,0.01939175022410458,0.02190172540578605,200.0,22.47727781534195,6.34503340606142,1.0
SS-T,5184,0.037138708063039504,0.00023513901606734742,30.0,4.577681148052216,0.09717772658074239,2.0,0.03713379778647008,0.00023086837618315433,50,16.95387898683548,2.844129704576399,2,0.03713379778647008,0.00023086837618315433,100.0,89.75924752950668,9.528288537993884,2.0,nan,nan,nan,nan,nan,nan,0.04210755435153585,0.021564185623897898,30,6.028405869007111,0.7211465919592891,2,0.03561226686038217,0.02149770958423472,50,10.283178639411926,0.8671644083673207,2,0.024922575037345324,0.016283225782970798,100,12.41329300403595,3.24404836002892,1,0.017075558090012148,0.0034044032266112895,200.0,23.640232849121094,6.29788308524228,1.0
SS-U,4608,0.23214596312648322,0.0012592457946032265,30.0,4.994481372833252,0.06948633398725161,1.0,0.2310713281871485,0.00013270247506982276,50,17.898970079421996,2.3984643478194925,1,0.23100160138115652,7.359588910490529e-05,100.0,133.85904190540313,14.583841227755025,1.0,nan,nan,nan,nan,nan,nan,0.2605129278815804,0.024969443740037425,30,6.215962588787079,0.7904669006290576,2,0.2371221794759168,0.006172902733590632,50,10.169185411930084,0.9269183201905895,1,0.23133150018786447,0.0008038704406515499,100,24.405822825431823,1.8909510308298045,1,0.2309838771004839,6.235162165589913e-05,200.0,53.58719930648804,3.7661320419995783,1.0
SS-V,6840,0.0492960504464595,0.0730642994018056,30.0,3.5703531861305238,0.36820976532982075,1.0,0.02190935090616241,0.0011112390552105024,50,9.068754529953003,1.1120298372132345,1,0.021154077948973553,0.0003965811751771232,100.0,135.74186975955962,19.415945994514257,1.0,nan,nan,nan,nan,nan,nan,0.14978473511456641,0.05985389512286911,30,6.565992927551269,0.49165225870488954,3,0.14513628991183697,0.05731513909839472,50,9.817324256896972,1.0724735696910883,3,0.13470152106504502,0.06619333054045817,100,23.7166516661644,2.946233586187677,3,0.09406954256883353,0.07729570141182694,200.0,52.49680072069168,3.369381805394635,2.0
SS-W,65536,0.3193252215422115,0.021387455455751568,30.0,2.843178594112396,0.23162217706470958,2.0,0.3076387226071743,0.017098010928292096,50,15.019343268871307,1.6546180681751272,2,0.2751991091878525,0.020987165604646755,100.0,53.30616677999497,6.241570401430884,1.0,nan,nan,nan,nan,nan,nan,0.3409695061345805,0.024756744789838962,30,5.168749630451202,0.8088749566707762,3,0.3100813340902594,0.021692468738154752,50,9.671816730499268,0.9902690223080636,2,0.29531404246858667,0.018458734019288277,100,20.868417775630952,2.165793715968736,1,0.2823449808199986,0.01613990566865687,200.0,34.141833221912385,5.155324217669283,1.0
SS-X,86058,0.41619299123732095,0.019372441939258387,30.0,4.123920154571533,0.026708488376456088,4.0,0.3922067469310388,0.03627317918119154,50,9.005303394794463,1.3653390358438728,3,0.3419021228968729,0.04278851349270892,100.0,59.61965218782425,6.484701951843071,2.0,nan,nan,nan,nan,nan,nan,0.2886697377885267,0.09637486561814307,30,5.13742059469223,0.8339734316966249,1,0.23544679976714927,0.04930751202681255,50,9.473010122776031,1.1593689925341304,1,0.19869458410331134,0.029326667700627525,100,19.379330945014953,1.9956295775089248,1,0.1904347759000104,0.024484779370016547,200.0,42.240883874893186,3.2632884818524794,1.0
Scrum100k,100000,0.5713171353788933,0.0022908189996237787,30.0,4.238714444637298,0.17120458843729705,2.0,0.5712551013540891,0.0022631031500532357,50,19.381155133247375,2.79172409581853,2,0.5712551013540891,0.0022631031500532357,100.0,156.94046889543534,20.93950625198548,2.0,nan,nan,nan,nan,nan,nan,0.36741581183437316,0.023561546239323158,30,6.408542990684509,0.9965124144217181,1,0.35250974992663914,0.023873518586951296,50,10.942368757724761,3.0274624098047327,1,0.32414476664786723,0.015182570714137469,100,24.059839880466463,5.950421860334162,1,0.31579591375113886,0.012019113553391875,200.0,59.402577948570254,8.344575975673424,1.0
Scrum10k,10000,0.5859250746708253,0.0020361112300913294,30.0,4.185472691059113,0.22118969785831044,2.0,0.5859250746708253,0.0020361112300913294,50,18.043203604221343,2.9262754474662325,2,nan,nan,nan,nan,nan,nan,nan,nan,nan,nan,nan,nan,0.3328607730715702,0.0279376132416963,30,7.608556485176086,0.9567066932810457,1,0.3098126259540407,0.021503217365780928,50,12.662412166595459,1.8602262577250182,1,0.2889762033344383,0.012262387551151738,100,49.78296511173248,3.3269541102590905,1,0.2848515958818692,0.007229793928877332,200.0,63.698564887046814,11.447441970263998,1.0
Scrum1k,1000,0.5609810864791875,0.002508553266991541,30.0,4.228158891201019,0.3671801154402791,2.0,0.5609810864791875,0.002508553266991541,50,17.559349167346955,2.21164010291002,2,0.5609810864791875,0.002508553266991541,100.0,111.41370409727097,30.82736141668482,2.0,nan,nan,nan,nan,nan,nan,0.30108971094357045,0.03416745837223816,30,7.798248076438904,0.9045670136667653,1,0.279657605888233,0.029020289559284426,50,12.272038698196411,1.9327248989360912,1,0.2600085829315452,0.015168535488270626,100,22.997843301296236,6.8871203126022875,1,0.2528136048466971,0.01206928462056126,200.0,50.95874314308166,12.531741018081403,1.0
X264_AllMeasurements,1152,0.00137735467432271,0.0022295602438840685,30.0,3.223862361907959,0.21405229685119068,1.0,0.000440871509692065,7.219218039589484e-05,50,11.095743119716644,1.3252367206288729,1,0.00043446595029294506,6.900761128979478e-05,100.0,85.01025048494338,8.154756571640768,1.0,nan,nan,nan,nan,nan,nan,0.011067670909816611,0.011229366774883209,30,4.245208191871643,0.4346610229005214,2,0.00277736673544171,0.005219547834639612,50,6.818673479557037,0.5317116518422612,1,0.00044133102910228,6.895569328949861e-05,100,15.467992758750915,1.4952304658342768,1,0.00043446595029294506,6.900761128979478e-05,200.0,27.82286516427994,3.802589354038147,1.0
billing10k,10000,0.6325823635904578,0.0011431450585680408,30.0,7.796488344669342,0.43424974819555645,2.0,0.6325823635904578,0.0011431450585680408,50,15.830406212806702,1.7569426013212595,2,nan,nan,nan,nan,nan,nan,nan,nan,nan,nan,nan,nan,0.397803364747109,0.02099266456212171,30,8.309009826183319,0.8366235432635093,1,0.36620689329652295,0.012818097611725547,50,14.873671019077301,1.9584177772194375,1,0.3557235249910693,0.010278497685168786,100,35.4801263332367,4.028610928739339,1,0.3493941492209959,0.0010033793090344861,200.0,91.42678368091583,6.931410023277429,1.0
coc1000,1000,0.3476371534847673,0.011092210959105796,30.0,6.383245539665222,0.35907779770070636,3.0,0.3373660210898706,0.01149725744544034,50,19.418505716323853,2.715464220769619,2,0.32616687084543283,0.009774687017665701,100.0,130.38465950489044,8.709670105858084,1.0,nan,nan,nan,nan,nan,nan,0.3547578994395967,0.01206816189296807,30,7.7588622093200685,0.7088706931439746,3,0.3444012172579073,0.013981882435527625,50,31.73606022596359,1.1672389515716886,2,0.3288776062868163,0.011203151211250465,100,34.720308768749234,4.060813185774705,1,0.31195424252703224,0.010166982638717188,200.0,76.83625409603118,3.5822361273224046,1.0
dconvert,6764,0.05145259964999059,0.0028099983333280017,30.0,4.831684041023254,0.3433941721939127,3.0,0.04885116295444884,0.0016745653731755237,50,18.61887137889862,2.2806659737018595,2,0.04772045911346928,0.00028668747222537007,100.0,132.40540812015533,17.552775231486333,2.0,nan,nan,nan,nan,nan,nan,0.014628773547998148,0.002258525076959588,30,4.951956772804261,0.3342326370788813,1,0.01305859927199722,0.002293199126157521,50,8.921665978431701,1.0277933806797435,1,0.011417409962210549,0.0012155416256697383,100,22.222085320949553,2.9171438156356175,1,0.010962107623378322,0.0010895915154802822,200.0,44.257138311862946,6.128333417362898,1.0
deeparch,4096,0.0001849405299232917,0.0002568286369334836,30.0,4.4475181818008425,0.26906533102071456,1.0,7.111787135621075e-05,2.0172596470866733e-05,50,15.73647869825363,1.8296537975664429,1,5.560050886478929e-05,6.589073702181116e-06,100.0,119.49585067033767,12.15400623966863,1.0,nan,nan,nan,nan,nan,nan,0.014019229055221035,0.028209818296182066,30,3.9144127130508424,0.3037065402195279,2,0.001033797807689642,0.002715895227256324,50,6.0967326879501345,0.7764265970045479,1,5.8317599106904085e-05,1.6212106135872355e-05,100,16.881591820716856,2.3565569232659764,1,5.1908076637174896e-05,3.7094456894588742e-06,200.0,35.40953475236893,5.292360259604469,1.0
exastencils,86058,0.21139685258988083,0.0009247330846089658,30.0,4.210629916191101,0.32613829208467393,3.0,0.21110524504222927,9.315761746885742e-05,50,17.521429693698884,3.0223970872057757,2,0.21107573431473797,6.361346867178473e-06,100.0,142.6017259001732,14.08674567721351,2.0,nan,nan,nan,nan,nan,nan,0.044737229278809555,0.01343279664263335,30,4.393511319160462,0.3585835018552481,1,0.040156924580026766,0.015531963612865648,50,8.18415653705597,1.071754051268636,1,0.03012933777776903,0.019372492286055875,100,20.66765601634979,2.553771356519042,1,0.023066850373200623,0.02089888894289563,200.0,41.028641724586485,5.457065441560281,1.0
javagc,166975,0.00054307674310019,6.979176223279166e-05,30.0,6.537521457672119,0.1645851075749128,1.0,0.00054208193546455,7.000879815323653e-05,50,22.484749972820282,4.29171243456891,1,nan,nan,nan,nan,nan,nan,nan,nan,nan,nan,nan,nan,0.0009487002928182302,0.0003775782541665547,30,12.033056640625,1.3255770991578792,2,0.0006588711462880398,0.00028873956214643404,50,23.412660813331605,1.9941043532317013,1,0.00041999711433793,2.815543635579439e-05,100,58.90653086900711,5.214206046782246,1,0.000388490583885045,5.538349386213319e-06,200.0,96.3225954413414,5.956237959902372,1.0
nasa93dem,93,inf,nan,30.0,0.37469916343688964,0.00896985551076987,5.0,inf,nan,50,0.3770128726959229,0.00453060638214628,5,inf,nan,100.0,0.46140376329421995,0.008691844676308456,5.0,inf,nan,200.0,0.3669817090034485,0.0051065511834483745,5.0,0.4603323548736615,0.0069970569353485145,30,6.419772100448609,0.6730116315811403,4,0.4572648380303733,0.00983944273975531,50,10.602313768863677,1.1631821295222229,3,0.4504168834440338,0.004431188358921811,100,23.50302428007126,2.69706229509273,2,0.4477554370738913,0.003973676942297135,200.0,46.758189904689786,6.303584466890858,1.0
pom3a,20000,0.17637380887126602,0.014403423561355625,30.0,5.195070898532867,0.1928383020991908,3.0,0.1599577142896155,0.014362466807941877,50,23.18672616481781,1.6896463181117094,2,0.14304449428849272,0.015088306795202107,100.0,132.4551679968834,17.225990166022907,1.0,nan,nan,nan,nan,nan,nan,0.17606699342789028,0.02373227394697259,30,7.102701544761658,0.5978803674083703,3,0.16202013176227165,0.02093837999873926,50,11.873443818092346,1.280950676045599,2,0.13923208835619807,0.015138886155658077,100,26.80870404243469,3.5790686127348845,1,0.11375125028215871,0.013238819824495745,200.0,64.10343831777573,4.8740771199465245,1.0
pom3b,20000,0.1771162355139777,0.016108192331607468,30.0,4.877495419979096,0.2772320917942833,3.0,0.16043221961663237,0.015885000596794752,50,18.34735941886902,2.0721328850200873,2,0.13833807956780375,0.013228749795834339,100.0,151.64789118766785,11.595088789567397,1.0,nan,nan,nan,nan,nan,nan,0.18483841446832927,0.024917859514881097,30,7.085191464424133,0.7678040563680149,3,0.163394710615431,0.025604490211586756,50,11.444038808345795,1.1131546908803485,2,0.13734139106527773,0.014901933333396851,100,25.133128809928895,2.9236176375294702,1,0.12255323406289734,0.016739203337577734,200.0,50.40756845474243,5.705736722139,1.0
pom3c,20000,0.31387154068164735,0.025930896381075836,30.0,4.772758424282074,0.31680483265301473,3.0,0.29035195735699393,0.028542487947604223,50,22.86363431215286,2.038137176605988,2,0.26525276865780917,0.014800218987177515,100.0,140.16393294334412,11.70344076844111,1.0,nan,nan,nan,nan,nan,nan,0.32109224486372484,0.02186913646395918,30,7.118179535865783,0.8745904183251481,3,0.29710053957353744,0.020868965521991693,50,11.433707308769225,1.228461213666114,2,0.26593005691094607,0.017557433709310143,100,25.855080795288085,3.0751313711294985,1,0.24062175036315608,0.018008503125387532,200.0,50.6032091498375,5.487059063456086,1.0
pom3d,500,0.19595618747305427,0.014886012947629165,30.0,3.2346463561058045,0.2854799600577918,3.0,0.18067593156616804,0.016442985303823068,50,19.029606556892396,2.0416671990543307,2,0.16032043449450475,0.012354617148551886,100.0,149.80668276548386,17.963335690360466,1.0,nan,nan,nan,nan,nan,nan,0.2017332211726847,0.018107883465427,30,7.052054619789123,0.7800597696713039,3,0.1800646394523717,0.015833059110137507,50,11.689525520801544,1.1042180301789435,2,0.15874015418229107,0.018637069840763534,100,31.959035956859587,2.6513260007061947,1,0.13966710811952526,0.014231161648618875,200.0,49.6397903084755,5.1746844348166645,1.0
redis,4400,0.5728892566641801,0.016116469335899566,30.0,3.039305794239044,0.2685386730461713,3.0,0.5646041142703796,0.015583279691553,50,16.521046149730683,3.0380072562157743,3,0.5556531369612048,0.012390060017435315,100.0,115.82746223211288,23.701233414080235,2.0,nan,nan,nan,nan,nan,nan,0.47141903719218076,0.020109232697943943,30,5.426997244358063,0.6610215861142572,1,0.46115756778611444,0.026272856747124325,50,10.547636580467223,1.4960692619246023,1,0.43539182477569194,0.025551878049019698,100,17.992240214347838,4.154071988327857,1,0.4112803032204025,0.021645855188260104,200.0,28.611922883987425,8.789968479115723,1.0
rs-6d-c3_obj1,3840,0.04939869749470003,7.638919195748484e-05,30.0,3.854382407665253,0.3162977719669654,2.0,0.049384745037590744,0.00010495041490443285,50,8.80412722826004,1.3003703101052102,2,0.049384745037590744,0.00010495041490443285,100.0,47.82672958374023,29.585761119001628,2.0,0.049384745037590744,0.00010495041490443285,200.0,168.3386648416519,137.47550100270377,2.0,0.03295353100319191,0.07786927809457844,30,4.308654356002807,0.8851795725475033,2,0.005221595812509298,0.018023923874449618,50,7.112179327011108,1.0622247428435998,1,0.003457393687248892,0.010052134433552283,100,14.04855511188507,3.2310169225593905,1,0.000990839650174657,0.0007049039493338895,200.0,25.626148450374604,7.547654577544069,1.0
rs-6d-c3_obj2,3840,0.0005831768330678249,6.318567389317996e-05,30.0,2.0462268352508546,0.3131247479980573,2.0,0.000574518739868915,7.069981127308016e-05,50,5.403969538211823,0.7218640317338858,2,0.0005575028317304049,8.10617591489465e-05,100.0,30.451314389705658,18.732545441532096,2.0,0.00047118914728444495,7.06595342698796e-05,200.0,77.4118745803833,36.83315563370018,2.0,0.0008145367096708932,0.0010017780175166349,30,5.047165405750275,0.7495631808614681,2,0.000582966763507529,0.0009099126403512301,50,7.1236055254936215,0.9494110269724927,2,0.0005147563178294237,0.000925334319245732,100,14.518564808368684,2.9203273942088743,2,0.00011920959065284535,0.00042336253625948516,200.0,25.446266651153564,7.945949909471668,1.0
sol-6d-c2-obj1,2866,0.1356674679167003,0.061835711497817095,30.0,2.056862735748291,0.30264868097984177,2.0,0.12001014838700678,0.0467084558736137,50,7.685775375366211,1.4727503076208919,2,0.10586542038682227,0.0508685175672656,100.0,53.150869250297546,10.204653941001895,2.0,nan,nan,nan,nan,nan,nan,0.01437500162677346,0.000286876471744366,30,4.051814484596252,0.6295618840216494,1,0.014255593150633272,0.00023222704930838165,50,7.643030989170074,0.9759527037640238,1,0.014215443361220109,0.0002156406559495198,100,14.239573514461517,2.3783599685764067,1,0.014078982306334828,9.879844746793026e-05,200.0,30.470089721679688,3.4763267262953774,1.0
storm,1557,0.07864916051531654,0.00025782929551723845,30.0,2.6011234521865845,0.22493971510829355,2.0,0.07864916051531654,0.00025782929551723845,50,8.88274018764496,1.2356262969713125,2,0.07864916051531654,0.00025782929551723845,100.0,68.01003730297089,7.958308867028665,2.0,nan,nan,nan,nan,nan,nan,9.29499953181574e-05,3.52152732880009e-05,30,6.521813833713532,0.7420480401862929,1,6.909189196686318e-05,2.0920588423756395e-05,50,12.113240683078766,1.2148372633734423,1,6.373680734147074e-05,1.8136138367783333e-05,100,31.16684470176697,1.9432700856374905,1,6.332147647495682e-05,3.3789964645122385e-05,200.0,55.576305341720584,4.917134532257311,1.0
wc+rs-3d-c4-obj1,196,0.013345152571774923,0.004346658578273381,30.0,1.88287855386734,0.2706007596130736,1.0,0.009158574959237449,0.006105754150920289,50,5.065353417396546,0.7594119479236443,1,0.008549840195206205,0.006073022827121032,100.0,34.28625316619873,12.050924327564376,1.0,0.00677418692460612,0.005592193687883449,200.0,98.46129695177078,53.27275191943199,1.0,0.08418922273112235,0.035377483874992774,30,4.345345580577851,0.6152252847214805,3,0.07476122204370612,0.0018377444002120888,50,5.681039083003998,0.9835489307934974,2,0.08208727268020603,0.03583185305510243,100,12.731974875926971,1.7114723215234502,3,0.07044917586338087,0.015865380034680833,200.0,27.31188784837723,2.452076831742231,2.0
wc+sol-3d-c4-obj1,196,0.01066028746856124,0.004436594502406283,30.0,1.8773032665252685,0.26984040109101143,1.0,inf,nan,50,5.478841114044189,1.487926115135725,1,0.00525262772908841,0.005065199109125903,100.0,32.14551455974579,11.28176307375938,1.0,0.002017886226692225,5.245234484573818e-05,200.0,96.74659819602967,22.796714145681115,1.0,0.09397611062786693,0.06656530181154305,30,3.6723751425743103,0.6393213164916112,1,0.0807703332637336,0.06035237143360749,50,6.165556991100312,0.8361495432942168,1,0.06460036565911134,0.002288852906706229,100,13.149799978733062,1.6182781380080205,1,0.060984250082948145,0.013984759574280603,200.0,25.561976528167726,2.4439879257893193,1.0
wc+wc-3d-c4-obj1,196,0.012711937385524643,0.004872245244512777,30.0,1.9466065049171448,0.2879200556289932,1.0,0.01093414612976695,0.005802506844602279,50,10.242944598197937,0.9806473750991722,1,0.00917258116543527,0.006081848697115647,100.0,29.133945548534392,10.329027482938288,1.0,0.0050254458201017035,0.004373502720046232,200.0,164.4279605984688,87.47105230277656,1.0,0.12411902523365433,0.0513782192840316,30,3.6045700788497923,0.6104992855361842,3,0.11390674157759798,0.03956637010396298,50,5.661226069927215,0.8137603438944845,3,0.0860271302146847,0.011491316599509886,100,13.291343832015992,1.2632857864852005,2,0.07154953386496764,0.03007360430667652,200.0,30.966476035118102,2.0967809703708844,2.0
wc-6d-c1-obj1,2880,0.19268083413024722,0.07858666630827171,30.0,2.008208084106445,0.33681155045224925,2.0,0.1570728241268074,0.04780494380845751,50,7.597660744190216,1.4681408696790725,2,0.10920159945889538,0.06564535337135873,100.0,54.245225727558136,7.483186739326804,1.0,nan,nan,nan,nan,nan,nan,0.11832755017679977,0.03435348710114676,30,5.270005416870117,0.7556867933912917,1,0.1208381276941208,0.03799543500319345,50,7.189863121509552,0.7731111661755323,1,0.10438931465374993,0.03485808187177753,100,19.869648683071137,1.599473748880208,1,0.09132969141843092,0.027785885032818983,200.0,36.48955059051514,2.8559801499238713,1.0
x264,53662,0.3906640156763758,0.015904276807903104,30.0,3.2346994161605833,0.10453246327461231,3.0,0.38652271218742495,0.01655190041634568,50,13.569906187057494,1.9872930407696086,3,0.37701551457202165,0.010380281964124896,100.0,107.02555854320526,13.419445698216352,2.0,nan,nan,nan,nan,nan,nan,0.20444165750899157,0.0196741677924597,30,7.844433939456939,0.3456108556770108,1,0.19279084086550188,0.016777966890706226,50,13.341157209873199,0.6529262211035219,1,0.17260034497728677,0.024340695603541403,100,34.02037626504898,2.0208614449447038,1,0.14378100127714355,0.02307050409262808,200.0,68.8155399441719,4.260432656183251,1.0
xomo_flight,10000,0.03284710276251439,0.0021809110948685637,30.0,4.9068315625190735,0.07089405044331941,1.0,0.0308205326735783,0.0015565833276622032,50,10.213083469867707,1.7063002562226204,1,0.029166923397705585,0.0010299833224684711,100.0,115.03051559925079,11.474785217192517,1.0,nan,nan,nan,nan,nan,nan,0.049665397655890925,0.02150160952546551,30,10.260483145713806,0.6376456542848897,2,0.03346541599908374,0.010724065507112303,50,10.904103410243987,2.225152554953714,1,0.02396480821170325,0.005180736220581656,100,44.01810336112976,2.601443853119756,1,0.017497368809266115,0.0013611236121228558,200.0,95.44106327295303,4.6289609409237915,1.0
xomo_ground,10000,0.04156151052951543,0.0037337648223509374,30.0,3.986340844631195,0.2935978397140475,1.0,0.039338184413313326,0.002594325372174684,50,18.108183991909026,2.0123679750540697,1,0.035708751999333495,0.002290935975721416,100.0,127.71873440742493,8.219299797944336,1.0,nan,nan,nan,nan,nan,nan,0.07421851015990019,0.03159131924178321,30,6.424706614017486,1.3626924112087628,2,0.046108807319914576,0.010076702124730438,50,11.077357268333435,1.5850987164305412,1,0.03095073204586003,0.0051356177651132,100,23.26204996109009,3.8191653572927575,1,0.021064670376289257,0.003512466059587523,200.0,62.992529809474945,4.7796259981526745,1.0
xomo_osp,10000,0.029588471751349377,0.001976323417574737,30.0,6.903105974197388,0.19206078146969577,1.0,0.027921506132788838,0.0016692441645346217,50,28.58053879737854,3.6239793051834743,1,0.02629198733719811,0.0014114225158289417,100.0,152.66095827817918,21.845506016121345,1.0,nan,nan,nan,nan,nan,nan,0.04893844997531012,0.016320880019416083,30,11.940052163600921,0.7440253269863218,2,0.03511706145855853,0.009618400414092357,50,25.097079491615297,0.4810203333185336,1,0.02403195391997039,0.0029091626757640223,100,23.835030210018157,2.9608454953169776,1,0.01820925878084743,0.0028399569064057164,200.0,52.9931461930275,4.935623298293902,1.0
xomo_osp2,10000,0.19309023304278597,0.0130742259136377,30.0,6.995394933223724,0.05397309371482327,3.0,0.1843755444234021,0.011849129687811086,50,10.458452188968659,1.798512007437381,3,nan,nan,nan,nan,nan,nan,nan,nan,nan,nan,nan,nan,0.1901448097961759,0.026447137359993246,30,12.12268363237381,0.5850234046627232,3,0.1722552100479779,0.013651024679068377,50,14.482344019412995,1.1912510340342684,2,0.1380907713615688,0.01059446861340717,100,23.66743860244751,3.0018776106357286,1,0.12461280800557317,0.006280790643763744,200.0,47.13108184337616,5.60647383143723,1.0
