Dataset,Rows,SA-30_mean,SA-30_std,SA-30_budget,SA-30_runtime_mean,SA-30_runtime_std,SA-30_tier,SA-50_mean,SA-50_std,SA-50_budget,SA-50_runtime_mean,SA-50_runtime_std,SA-50_tier,SA-100_mean,SA-100_std,SA-100_budget,SA-100_runtime_mean,SA-100_runtime_std,SA-100_tier,SA-200_mean,SA-200_std,SA-200_budget,SA-200_runtime_mean,SA-200_runtime_std,SA-200_tier,ILS-30_mean,ILS-30_std,ILS-30_budget,ILS-30_runtime_mean,ILS-30_runtime_std,ILS-30_tier,ILS-50_mean,ILS-50_std,ILS-50_budget,ILS-50_runtime_mean,ILS-50_runtime_std,ILS-50_tier,ILS-100_mean,ILS-100_std,ILS-100_budget,ILS-100_runtime_mean,ILS-100_runtime_std,ILS-100_tier,ILS-200_mean,ILS-200_std,ILS-200_budget,ILS-200_runtime_mean,ILS-200_runtime_std,ILS-200_tier
7z,68640,0.03618708707501241,0.038431108918327954,30,0.20335601568222042,0.004743054807840836,2,0.028999058593930805,0.03463098744667088,50,0.3451532006263733,0.006467137265160092,2,0.015822497887113634,0.022853115979180005,100,0.6423478364944458,0.010538172546994823,1,0.00740837001498428,0.017850432048605556,200,1.2921664237976074,0.01987568000858596,1,0.03125077587113,0.03434394291174739,30,0.1943025708198547,0.009820130294236675,2,0.026519555066496926,0.029979223344502166,50,0.29553215503692626,0.010995297549133651,2,0.014779055490829621,0.016988933276418334,100,0.6477238893508911,0.01339230174383383,1,0.00697833973829836,0.006961325349627103,200,1.2053574919700623,0.021338432585372474,1
Apache_AllMeasurements,192,0.03212509008692833,0.016470106560058623,30,0.16691391468048092,0.011231526170409267,2,0.024857655524622508,0.01006031300743119,50,0.26207761764526366,0.018555043208378943,1,0.022147022894045014,0.0008757709356318812,100,0.46754940748214724,0.02293267008353705,1,0.022020743548390693,0.0008226661473570817,200,0.7016413807868958,0.038207583078253365,1,0.02797751549548381,0.014323191489742405,30,0.16041381359100343,0.0072368593425123275,2,0.024627830786810124,0.010305029137727737,50,0.23697302341461177,0.015686395827779184,1,0.02207000611452826,0.0008598718035119674,100,0.4199709057807922,0.02714570893416281,1,0.022020743548390693,0.0008226661473570817,200,0.6833064556121826,0.04528819513061327,1
BDBC,2560,0.00369211685467229,0.0027306922639923,30,0.15907794237136835,0.0033662699501010715,2,0.001610987690933615,0.0012825443079516382,50,0.3299620270729065,0.0024935870162099702,1,0.0009537492151711352,0.0009443196196772479,100,0.646704626083374,0.005859481279383009,1,0.000339748550814145,0.00023176779105317386,200,1.0850773215293885,0.018030804196814097,1,0.002628264721992975,0.001838897719605424,30,0.15710012912750243,0.004894189606165737,2,0.0018822827172831301,0.001291007896061017,50,0.25496343374252317,0.00826149116083244,1,0.0009424959954919248,0.0009384804284689846,100,0.5286332249641419,0.009790654736642888,1,0.000488257925211255,0.0006455214571979931,200,1.261450755596161,0.018944120150357922,1
FFM-1000-200-0.50-SAT-1,10000,0.3318559222541931,0.03018021314183271,30,0.2582289338111877,0.013440694038551474,2,0.316513684842041,0.022893496890273955,50,0.46292920112609864,0.03768652740832,2,0.2785942456335093,0.029460026863991448,100,0.8060211539268494,0.00928283344808545,1,0.24376779172867447,0.016029710701574478,200,1.7022209882736206,0.10951629906317056,1,0.31178995619108596,0.04106952570959676,30,0.42385087013244627,0.014665613500481638,2,0.2878380378287441,0.026981209323958012,50,0.41606205701828003,0.023988267907313926,1,0.2631269353852784,0.02445061058563901,100,1.4413244128227234,0.11434393654551356,1,0.25247019594981257,0.018630713886211125,200,2.6860084772109984,0.03374723501494104,1
FFM-125-25-0.50-SAT-1,10000,0.2929227582548728,0.04789159314919874,30,0.30324262380599976,0.0019692518378538904,3,0.2742037366903873,0.038960163965227376,50,0.5099739193916321,0.003186353314068651,2,0.23740511632505984,0.023925282870724887,100,1.0534042954444884,0.04546912177151098,1,0.2179339995540933,0.0076141673203716795,200,1.5030272841453551,0.21659138538092085,1,0.25751251455716295,0.039630769041465584,30,0.30103532075881956,0.004054492313889366,2,0.23827086654724758,0.020401178221433565,50,0.5161796092987061,0.0072018696275225145,1,0.22538350084854888,0.01545246329754102,100,1.0124275803565979,0.04196297832891185,1,0.21923145003269728,0.01007471969774962,200,1.479545772075653,0.22458178044968147,1
FFM-250-50-0.50-SAT-1,10000,0.4012717586915332,0.03460400574511632,30,0.21384091377258296,0.0031103193231018693,2,0.389634668175206,0.02805717688638713,50,0.5389869689941407,0.00992436252240064,2,0.3606231105759771,0.01348960097040405,100,0.7065695285797119,0.009441923432964362,1,0.3465850899665722,0.007329715361928736,200,1.3853197932243346,0.04995738926237042,1,0.38112975112347536,0.02703086253814867,30,0.2048219799995422,0.007589379615132951,2,0.36515722606579215,0.015525272059724452,50,0.5065871238708496,0.014082907391936716,1,0.361157311313211,0.014761462647699767,100,0.708704674243927,0.10101585440414454,1,0.3546036245769649,0.008005649837828793,200,3.827712595462799,0.14093372641089388,1
FFM-500-100-0.50-SAT-1,10000,0.3964170060152863,0.042057441149739506,30,0.2786348819732666,0.014026084224819099,3,0.37903701000502144,0.03158100523737657,50,0.45870060920715333,0.016966180281594846,3,0.3278586364116235,0.030596867714969042,100,0.8373400449752808,0.020653724664195953,1,0.28906980087769585,0.02065949969244757,200,1.523511254787445,0.026454821386792355,1,0.3692205751017223,0.05049507266955459,30,0.639547061920166,0.019348105091964062,3,0.3455632206871144,0.038700310986726244,50,1.0251780152320862,0.03367936509735411,2,0.31366125980989995,0.027864079826655324,100,0.7671536326408386,0.020029198841820545,1,0.2941835731978644,0.016227514224425494,200,1.4936945676803588,0.021123176121501424,1
FM-500-100-0.25-SAT-1,10000,0.3896790835321687,0.027064426540118553,30,0.24221796989440914,0.013687841270269693,3,0.3723472660031312,0.026183839388991423,50,0.41626954078674316,0.008560416019208978,2,0.3537029557392767,0.01811759789495312,100,0.7545228123664856,0.006022831913231802,1,0.3284450298503291,0.007942449950490166,200,1.5103658795356751,0.01060623413840134,1,0.3715314336949382,0.027816219371704434,30,0.2476403951644897,0.004879969227827721,2,0.3561621786752577,0.01954619855518082,50,0.4175854563713074,0.011042397637009819,1,0.34074925845485066,0.015784562023967955,100,0.7453240275382995,0.00981904600761704,1,0.33054461197142077,0.009064083238406209,200,1.4967109560966492,0.008332398017132208,1
FM-500-100-0.50-SAT-1,10000,0.3601859776478801,0.03945974586800488,30,0.45459718704223634,0.0025742573441445266,2,0.35238810496976775,0.031206299335068514,50,0.6239607214927674,0.007087820440019174,2,0.3199410778139543,0.021559960042364067,100,0.8573183417320251,0.03705113800459203,1,0.2967722242183378,0.01417095619646984,200,2.9599992632865906,0.01989578341437453,1,0.3646965650906163,0.03671309258374311,30,0.2233332514762878,0.004456810176427201,2,0.3449352645804857,0.0329405151318406,50,0.372997522354126,0.006566375871956217,2,0.30798994485762954,0.02104813747842807,100,0.7803711056709289,0.009975163046433434,1,0.299331184127232,0.01893904622548572,200,1.945267629623413,0.2517508969957356,1
FM-500-100-0.75-SAT-1,10000,0.36827285296868134,0.052117221264241384,30,0.3745999574661255,0.006231723521598038,3,0.331116120723953,0.03089674780296438,50,0.6192389130592346,0.009349769478273718,2,0.2946592126856248,0.02249661816254178,100,1.2371696949005127,0.0214007937889492,1,0.25545189642248733,0.011244587629326893,200,2.548140251636505,0.08682211616413216,1,0.3132776544464311,0.04309607432379354,30,0.22420977354049682,0.009851733244594556,2,0.30214323013676714,0.039281676305067174,50,0.9744276762008667,0.035440671472972085,1,0.27486128111988056,0.018665169593276867,100,0.8781586408615112,0.03641003191184396,1,0.2644850386158494,0.011935778682927159,200,1.4473514676094055,0.02782806812970709,1
FM-500-100-1.00-SAT-1,10000,0.35992556857918434,0.025982658061005887,30,0.3683666706085205,0.0030960744536000775,3,0.34474381175946806,0.02513384222680344,50,0.6148290753364563,0.007474025398791328,2,0.3197905631903436,0.014065881765658143,100,1.2635265827178954,0.017444341112088837,1,0.298227157560149,0.007669717187683533,200,2.4075767517089846,0.044204064168796166,1,0.33352746963044944,0.02703506944200935,30,0.4500330567359924,0.009104459308641222,2,0.3136236716974109,0.01742876714013851,50,0.7600884556770324,0.10794290229637452,1,0.3032733629668898,0.011290356688128608,100,0.830174720287323,0.03575104809757426,1,0.2977446379621733,0.005872821838206599,200,1.6975151300430298,0.08347064994529171,1
HSMGP_num,3456,0.037475612417878765,0.01963561654139693,30,0.14383542537689203,0.0025072885325030814,2,0.03426926100752102,0.018849525898186295,50,0.2539446115493774,0.004704348854313874,2,0.028236403466289455,0.018340045886859106,100,0.5143723845481872,0.0035235024830784383,2,0.020686836789308792,0.015930216153604917,200,1.1596113324165345,0.0162379506500533,1,0.03903427250004492,0.01629761294751435,30,0.13671309947967525,0.005940283275888853,2,0.034152041303611214,0.013847190162122894,50,0.2411733388900757,0.005677325300980533,2,0.02587566976112383,0.014092360268931242,100,0.48008636236190794,0.011808353394331074,1,0.013114364685070759,0.012900741525129362,200,0.8666669249534606,0.10569189990933049,1
HSQLDB,864,0.007436577357374724,0.007438238040436788,30,0.2071123361587524,0.004468608579159483,2,0.003745103918447349,0.0013383359629826656,50,0.23517661094665526,0.005177436841673406,1,0.00278509126418861,0.0011809745050569511,100,0.5177653789520263,0.004045888597309925,1,0.0016593017134699153,7.315518760384161e-05,200,0.9112501978874207,0.017651441367115158,1,0.005406755913387731,0.010775431480375554,30,0.15650488138198848,0.006121552158489517,2,0.0029195487120019198,0.0014559136823946391,50,0.2505056619644165,0.006828916987218707,1,0.00212352141413641,0.0008588629829495654,100,0.44821680784225465,0.009581447303702,1,0.0017468747116163156,0.00040378672324201055,200,0.8264176249504089,0.1067909400635033,1
Health-ClosedIssues0000,10000,0.6822962484876345,0.22084225887163134,30,0.4109529733657837,0.029766539218740753,2,0.6509800027317211,0.23704221810425066,50,0.6903761506080628,0.03889768427492304,2,0.6088495710973186,0.2773659454573141,100,1.1575952649116517,0.14678908826747888,2,0.47469052906911513,0.3294873193879569,200,2.160702073574066,0.2258028446405953,1,0.5998793771948534,0.26796595878026114,30,0.3973628044128418,0.02848328008212643,2,0.5230160546009126,0.30849905259196625,50,0.6786670923233032,0.0447992149040574,1,0.42869797628762873,0.3200071611941802,100,1.1026044964790345,0.145188008013898,1,0.4088983825783911,0.3285174965038885,200,3.179410219192505,0.15240723294520378,1
Health-ClosedIssues0001,10000,0.46846606443222766,0.01652167254415641,30,0.4135420560836792,0.023537039728877763,2,0.46476355904025535,0.014611419509005477,50,0.7904615283012391,0.043122405395547285,2,0.45985816129281953,0.012365092464138076,100,1.5258653998374938,0.08955242086926091,2,0.44207582202224066,0.02440204910027703,200,2.0442205905914306,0.24811153372575676,1,0.4613871306995816,0.016201920685092422,30,0.39589978456497193,0.030743034878428305,2,0.4510551642410032,0.020361549715786985,50,0.6598143100738525,0.042728073665569154,1,0.4451191967340048,0.025057984089711074,100,1.0610045671463013,0.1423250029951354,1,0.43705139469665966,0.030041031248203027,200,2.6714178562164306,0.21173328431430988,1
Health-ClosedIssues0002,10000,0.18040955472443404,1.2294679573034025e-15,30,0.46869640350341796,0.03453210159241445,1,0.17447259055103254,0.023678405880253894,50,0.6315634250640869,0.046556411888804126,1,0.16851353235448047,0.03178880606178477,100,1.3678381323814393,0.12478300739642562,1,0.1624503351323779,0.04005088760094173,200,2.5972644329071044,0.2527693236067851,1,0.2114716612843588,0.1389139635846678,30,0.3988935470581055,0.02630184021787294,2,0.18040955472443407,1.2312804336657292e-15,50,0.6381423354148865,0.04737983993957183,1,0.18040955472443387,1.461158640125628e-15,100,1.0744497776031494,0.13643531459572847,1,0.1804095547244337,1.6256010006047357e-15,200,2.766661834716797,0.2264576135806332,1
Health-ClosedIssues0003,10000,0.28424853209266066,0.07757879354702454,30,0.38472546339035035,0.03337931274227904,2,0.2784546912065865,0.08156255373246282,50,0.6829134345054626,0.06349129726944487,2,0.26735982520446205,0.07793387800824966,100,1.6580987453460694,0.0483691341789629,2,0.25321914715467586,0.0827025342308424,200,2.3531609535217286,0.20225029463737176,2,0.27620084023666996,0.06772541337520394,30,0.4128204584121704,0.031996318585098084,2,0.2649534874955061,0.06549492957027622,50,0.44686689376831057,0.028320529211088488,2,0.25095730163303437,0.06614839335090085,100,1.0730640292167664,0.13910456510474203,2,0.20012994625285824,0.06477671774428245,200,2.2155335187911986,0.2302881136867957,1
Health-ClosedIssues0004,10000,0.30612047567878536,0.012253423816541601,30,0.5280431032180786,0.024581479859763396,3,0.3018647524746225,0.012806436861439889,50,0.6845388531684875,0.04217263114138701,3,0.2959609301693319,0.01100728979995992,100,1.2873957991600036,0.09761448970091714,2,0.2806401909013517,0.013954057302352251,200,3.5404401540756227,0.12299111925201124,1,0.3054543834967949,0.013054088114079045,30,0.4052399039268494,0.02483402953477823,3,0.2962578515336357,0.013149206502348841,50,0.6397973775863648,0.07131479152517589,2,0.29059669424422974,0.013406498405018438,100,1.1677942156791687,0.16703748576296296,1,0.2819346393158195,0.014130758809426347,200,2.704981541633606,0.232687371250652,1
Health-ClosedIssues0005,10000,0.24286587964608636,0.0033658660707415354,30,0.4902222275733948,0.03531137270271978,2,0.24160731418341266,0.0037381130721868424,50,0.7581423640251159,0.07573640583138111,2,0.23880226588357778,0.006325823959072578,100,1.343380093574524,0.11021642944835529,1,0.23616211032056555,0.007197054894739637,200,2.705963742733002,0.20678891369325014,1,0.2435006796328157,0.006877237305231522,30,0.47073572874069214,0.033350798528242666,2,0.24116430408511708,0.008792885811132817,50,0.6891036868095398,0.03514468518100694,2,0.23757364452989077,0.007776650833920586,100,1.6668160796165465,0.07810904084924865,1,0.23470666769163104,0.007383994907895122,200,2.0811622381210326,0.2169312844265223,1
Health-ClosedIssues0006,10000,0.15419517403821797,0.05655904168704058,30,0.5355240345001221,0.027901180068383182,2,0.14346567806524596,0.047929170156406374,50,0.662839126586914,0.025729634845681096,2,0.13028820724542076,0.03168171777878521,100,1.5593694567680358,0.08337521881491565,2,0.112570379014387,0.027621922095210676,200,2.515720784664154,0.20854056842452065,1,0.13836809393188867,0.030595457187852237,30,0.54744553565979,0.04236350191980277,2,0.12867578943818928,0.027746660694209693,50,0.8734511375427246,0.051080905972687815,2,0.11500648735170915,0.017674224025127003,100,1.7644389390945434,0.1008171209975767,1,0.10660093922954017,0.010300207873187391,200,3.3452516913414003,0.1401660595805861,1
Health-ClosedIssues0007,10000,0.5896625578445068,0.032329144110000055,30,0.5679700255393982,0.05541550269759466,2,0.5810628941832499,0.04145389376971885,50,0.8641363143920898,0.05093917604084176,2,0.5556066036377577,0.06887940152937037,100,1.814559543132782,0.11729146227745677,2,0.5221652635632393,0.09108452237982376,200,3.346913230419159,0.27175058627667814,1,0.5792985999586818,0.06171841000854354,30,0.4962547540664673,0.045205132010950506,2,0.570811781153377,0.06385278316861123,50,0.7331307888031006,0.056994413709497135,2,0.5351552767490062,0.09840702903618292,100,1.6538394570350647,0.10339979107046993,1,0.502407838225844,0.11652374880507076,200,3.4589947700500487,0.20484930888171302,1
Health-ClosedIssues0008,10000,0.44773879473649736,0.10036453966343489,30,0.4078176975250244,0.0326472705283616,2,0.438665694403748,0.10945215879342615,50,0.6670327544212341,0.039274518833184745,2,0.3999967716937227,0.1202306964153357,100,1.701703131198883,0.07922969521864101,1,0.38397718328991226,0.12690821432839874,200,2.895561671257019,0.4146040441804619,1,0.4315396487913968,0.11096274566918488,30,0.42778881788253786,0.03353706967019936,2,0.39427895649982997,0.1254941868613004,50,0.8018599867820739,0.0624556723075496,1,0.36313664469229073,0.13172368281833047,100,1.3438045501708984,0.12445467273938783,1,0.32454418166644694,0.1281693232582523,200,3.4698128700256348,0.11944852726603675,1
Health-ClosedIssues0009,10000,0.4395782963042806,0.04493920710549445,30,0.505788266658783,0.03445554923671287,2,0.42618519129584326,0.06163863687944269,50,0.5979120373725891,0.03695670479656439,2,0.4149660725298022,0.06527318305397792,100,1.2069482922554016,0.139443375206222,2,0.40221934522117114,0.06687760200016843,200,2.926814079284668,0.2585980984686951,2,0.4311053018881325,0.05938228401212684,30,0.4960823655128479,0.038423806957737235,2,0.4126136685000111,0.08257101046730325,50,0.8353560566902161,0.053696091181014406,2,0.38953322121212314,0.09450750601574898,100,1.1625093698501587,0.16645890778886965,1,0.35620726429500715,0.10452081926069683,200,3.246354305744171,0.14547534630217437,1
Health-ClosedIssues0010,10000,0.4913717954968625,0.006798376610146014,30,0.49575731754302976,0.03769221689154605,3,0.49063813300510883,0.008033865775673908,50,0.7746195077896119,0.041222085221880825,3,0.48788855928573865,0.008542447516359115,100,1.770873475074768,0.08274640646534,2,0.48250618095199094,0.010887793017274862,200,3.1849472641944887,0.13421737962061256,1,0.4877835524850518,0.007716545376256462,30,0.4985537648200989,0.03572057881787797,2,0.48516255127812535,0.008163866194300207,50,0.8409752607345581,0.05990038538371777,2,0.48127896735424897,0.011511389637722408,100,1.5593839287757874,0.12034365254616142,1,0.47695294406546573,0.013449247051357851,200,3.1908856630325317,0.17433016309879518,1
Health-ClosedIssues0011,10000,0.18742828004937578,0.10278476682391072,30,0.43785756826400757,0.034229173385351135,2,0.1686727806479635,0.10827205657706544,50,0.9322021722793579,0.06983829863445742,2,0.11774136724183135,0.11226092514227588,100,1.5449314832687377,0.07816037310284726,1,0.08273829586730135,0.0906562611135191,200,3.3720363855361937,0.1966962946740117,1,0.14579240174813518,0.09754208934405159,30,0.518478512763977,0.03408848887476306,2,0.10512068599399801,0.08427165477163011,50,0.7277774572372436,0.03956489624112273,1,0.07212364346380659,0.06823718585357062,100,1.522927451133728,0.06736968550694912,1,0.04541559548163584,0.06315328103266792,200,2.418863022327423,0.1745487462222611,1
Health-ClosedPRs0000,10000,0.0,0.0,30,0.34093776941299436,0.033167061503577844,1,0.0,0.0,50,0.4904071569442749,0.03364438670073783,1,0.0,0.0,100,1.0127128124237061,0.05184943330921266,1,0.0,0.0,200,1.0430331587791444,0.1717358026391252,1,0.0,0.0,30,0.2772157311439514,0.018922206912723817,1,0.0,0.0,50,0.46793498992919924,0.03398634114071734,1,0.0,0.0,100,0.9533465266227722,0.0799348448164196,1,0.0,0.0,200,1.8538512706756591,0.09532895768094762,1
Health-ClosedPRs0002,10000,0.02112422895040175,1.9059202359400131e-16,30,0.3931859850883484,0.028159860703841678,1,0.02112422895040175,1.9059202359400131e-16,50,0.8340415596961975,0.04164330597531496,1,0.02112422895040175,1.9059202359400131e-16,100,0.8490339159965515,0.041487801763847525,1,0.021039602935538127,0.0003784590437999581,200,2.8108580112457275,0.2418688230171791,1,0.02112422895040175,1.9059202359400131e-16,30,0.517840850353241,0.032875202560161666,1,0.021123456414235537,3.454886765526663e-06,50,0.6214664936065674,0.033756454859947,1,0.021123456414235537,3.454886765526663e-06,100,1.4013762831687928,0.05065722989641958,1,0.02111611793867798,3.627354716135365e-05,200,2.8092043876647947,0.19070472783095133,1
Health-ClosedPRs0003,10000,0.08303203460358619,0.00026284346286817577,30,0.41700494289398193,0.02595653515355351,1,0.08303176005535093,0.0002628344548014889,50,0.6193572878837585,0.03369882891009432,1,0.08296307991136166,0.00033658565791652993,100,1.3131361722946167,0.050864171664645234,1,0.08293090151137913,0.0003357254326204642,200,2.7106361031532287,0.19971665484317622,1,0.08308143211089546,5.359374185123254e-05,30,0.4333693504333496,0.023579089458290115,1,0.08300785947074338,0.00033500149166965304,50,0.800937807559967,0.04739561284201404,1,0.0829760639181292,0.00036749876997756994,100,2.867797076702118,0.1947589964110144,1,0.08284802668743085,0.0005261043152881867,200,2.5661407232284548,0.18294556087834013,1
Health-ClosedPRs0004,10000,0.5817361345698661,0.11694003041241592,30,0.4905160069465637,0.029553866671274777,2,0.5572265322325297,0.12068289749894409,50,0.7861221313476563,0.035373609814078055,2,0.4877307930473161,0.14452387463902908,100,1.1832693934440612,0.048711011958931245,1,0.4289646760636684,0.1327828239354847,200,2.524756157398224,0.17108520042514103,1,0.5394983312705302,0.17352965657306535,30,0.3945336937904358,0.02906657131673162,2,0.4864604908695259,0.1695610179508821,50,0.6647836089134216,0.037574025376233056,1,0.4398340460855158,0.15226456410480102,100,0.899439787864685,0.054619802202746565,1,0.3805385612585266,0.12283979836193266,200,3.1969941020011903,0.1387266078791844,1
Health-ClosedPRs0005,10000,0.017341089069062586,0.02139088796298445,30,0.42675620317459106,0.05083075820585855,2,0.01117467227079379,0.018625113086153233,50,0.641686761379242,0.04944340709171017,2,0.006385613967642953,0.010164296163435246,100,1.433098590373993,0.09940862688453674,1,0.0019123033541801956,0.0032978247733341415,200,1.3628365039825439,0.2660314441471605,1,0.01873885666921552,0.0460683961790574,30,0.3987621426582336,0.03285562890920798,2,0.008198644454517732,0.012596457668836358,50,0.6735038161277771,0.06183447663343062,1,0.001978327315635081,0.004504986327174798,100,1.4589032173156737,0.1170071952859824,1,0.0012352133883243481,0.0040919589081267116,200,2.7885979294776915,0.214886311265082,1
Health-ClosedPRs0006,10000,0.517431222786835,0.16128248116378804,30,0.43202618360519407,0.03348311657534773,2,0.4832046069169726,0.18639528864764288,50,0.8357194662094116,0.04975151002054868,2,0.44644267382154207,0.19731286185371383,100,1.6168729543685914,0.0793607830936726,2,0.2841363345012019,0.2268340778653347,200,2.5671401023864746,0.19934669514592165,1,0.5220683605736881,0.1294886456153136,30,0.3517420649528503,0.021750426014896938,2,0.46596549215250127,0.17680120360160106,50,0.449172043800354,0.03588690673547161,2,0.3664268360923165,0.22497037533374967,100,1.1799071669578551,0.050072635233519264,1,0.2292551564549196,0.21074900136437377,200,2.363990545272827,0.16425188043516126,1
Health-ClosedPRs0007,10000,0.33824775969021464,0.13053452963768483,30,0.3730253934860229,0.028438554874653514,2,0.30879607981079826,0.10689541150098773,50,0.5726427555084228,0.032420019419097466,2,0.21755667859314673,0.1342421965711441,100,1.206624948978424,0.06779768653947747,1,0.17343012511963796,0.12761490349611584,200,2.28740770816803,0.1461102030055834,1,0.23158956935649838,0.15109886715020038,30,0.26574360132217406,0.017846805602443738,1,0.20374584471847396,0.14651792476707654,50,0.6466391086578369,0.03880790025690871,1,0.1375939376722296,0.12954501777076838,100,1.342941677570343,0.11053836132857531,1,0.08715808338386326,0.11570808843523042,200,2.348047339916229,0.1680195137492287,1
Health-ClosedPRs0008,10000,0.7627653431984428,0.11042801210778581,30,0.3366739511489868,0.02418901862489665,2,0.7549399445366386,0.1185323859990043,50,0.649879515171051,0.04309719552915676,2,0.6650258371659062,0.16077357450773985,100,1.315422236919403,0.08396522574453387,1,0.5906668932803408,0.18781049653014598,200,2.088944160938263,0.17669415519633283,1,0.7610672062117465,0.124516362051504,30,0.4869533181190491,0.05274671880097496,2,0.7366728002931487,0.13088877246558472,50,0.6719834923744201,0.04471001905161122,2,0.694375015104505,0.14000546829243266,100,0.8717404007911682,0.0568330828087285,2,0.6088529783565289,0.18995986006691176,200,2.0904881596565246,0.20551496584174206,1
Health-ClosedPRs0009,10000,0.6449534698022231,0.08647093100607196,30,0.36440829038619993,0.027655057940706686,2,0.640052687046698,0.08523974298861743,50,0.6398388862609863,0.03988334028709242,2,0.633475281619343,0.08531383348106707,100,0.8605241894721984,0.04161378961723466,2,0.6075241320205373,0.1183637470003722,200,2.1858096361160277,0.13929054261845086,2,0.6505751258367973,0.06948340500951729,30,0.4323683500289917,0.029573032548437662,2,0.6421315163704446,0.07069453582059292,50,0.6606344938278198,0.0409475861154362,2,0.6121672510512117,0.10888864807139094,100,1.2630015850067138,0.09032139596489305,2,0.5467501837236838,0.1533120898620221,200,2.3003929615020753,0.22979245565633005,1
Health-ClosedPRs0010,10000,0.5475045880275375,0.0698885960793884,30,0.2615959644317627,0.020255533546914183,2,0.5463209042774209,0.07091670606842283,50,0.4469193458557129,0.028962793181700863,2,0.5354168630099978,0.08137471370104016,100,0.8917754292488098,0.052753503571549724,2,0.5039421817992937,0.12047316188889028,200,1.7074378371238708,0.07642840889994769,2,0.5421230049309476,0.07022420283259713,30,0.43812572956085205,0.04482548863391171,2,0.5346862037801371,0.07325461922225597,50,0.43497821092605593,0.028756276519474364,2,0.483071169816003,0.1287472072749663,100,1.301931881904602,0.08396269785182404,1,0.4332003394197793,0.1444694142190629,200,1.7453083515167236,0.11191392939672624,1
Health-ClosedPRs0011,10000,0.0,0.0,30,0.42614240646362306,0.03347078885357917,1,0.0,0.0,50,0.44493780136108396,0.021327702378056798,1,0.0,0.0,100,0.8742027640342712,0.04847513137290029,1,0.0,0.0,200,3.367140018939972,0.11687609497478765,1,8.01875373874e-06,3.586095690930646e-05,30,0.4852303385734558,0.032888190663776,1,0.0,0.0,50,0.4429283499717712,0.022847050066577515,1,0.0,0.0,100,0.8883933186531067,0.03491806549054359,1,0.0,0.0,200,1.3749178171157836,0.27084694381219215,1
Health-Commits0000,10000,0.7705344889646522,0.27713688291245375,30,0.4485996961593628,0.027020360559545025,2,0.7575555091165043,0.2934055649762444,50,0.44201616048812864,0.021642366482194066,2,0.6205277306645456,0.35069746683577885,100,1.005146038532257,0.061158735612718,2,0.5478073228461919,0.38775643991126074,200,1.6700144171714784,0.2557249472485213,1,0.6403760163538976,0.33081879009345255,30,0.4041475415229797,0.026066208537982534,2,0.5458633937633224,0.3545633614823385,50,0.6417595505714416,0.03773206619722256,1,0.42917642265794453,0.3738835103261887,100,0.8648938179016114,0.048830182322756044,1,0.41491579160826186,0.3834535598341389,200,1.3470670461654664,0.23450530684045365,1
Health-Commits0001,10000,0.16507795411391565,0.00028767323213631495,30,0.496016526222229,0.03786272962286248,3,0.16497438222415145,3.5180472823176444e-05,50,1.4980244278907775,0.07809726339509102,2,0.1649587607852264,2.9387411036659534e-05,100,0.866796350479126,0.028573680724357543,2,0.16454450066255671,0.0012650920583087387,200,2.122649776935577,0.20374650783004955,1,0.16503938767068194,0.0001262860883963919,30,0.40265231132507323,0.03455713267496968,3,0.164997717350629,9.880600498902759e-05,50,0.7828661680221558,0.06702309282249845,2,0.16478061105554248,0.0008029680671340862,100,0.8585148215293884,0.04568948092092905,1,0.164575113014331,0.00113780635724939,200,6.18559193611145,0.47597251697938864,1
Health-Commits0002,10000,0.47691770951782136,0.07986555810192503,30,0.2625232458114624,0.01802899851340137,1,0.4734347452993795,0.08886537123878117,50,0.4397233009338379,0.027385845039539863,1,0.46778610751509886,0.0930553986157648,100,1.319380557537079,0.12870760479581808,1,0.44242449227951364,0.12299392415275541,200,1.3649882435798646,0.3206460732190904,1,0.5125390720316879,0.09908383182616293,30,0.27312670946121215,0.02147467633341887,1,0.47537398673857345,0.06953575749084236,50,0.43324871063232423,0.02729267371467904,1,0.4570077185447389,0.1038205267468209,100,1.1796616196632386,0.16998440263368889,1,0.41648931947597073,0.13485739427676022,200,1.7280268669128418,0.0900820084259374,1
Health-Commits0003,10000,0.44001092496909255,0.053414312277335056,30,0.2714594483375549,0.013166714423211053,2,0.4248803877124779,0.061582626164200426,50,0.49327950477600097,0.025222902470207857,2,0.41157465385891967,0.06516433261847603,100,0.9124401569366455,0.03597430940396724,2,0.3894660302342591,0.08245905760656942,200,1.756510591506958,0.19464300319741448,1,0.4288318742980632,0.06071660723951893,30,0.26805742979049685,0.020219036783396666,2,0.4089318506188696,0.06289938342083995,50,0.43414061069488524,0.03416877901111097,2,0.37806828931045244,0.06512735963210525,100,0.8996610879898072,0.05426420925865636,1,0.35301344997084133,0.07753086379160722,200,2.7500182390213013,0.25337975835100507,1
Health-Commits0004,10000,0.24178478270432735,0.059661363454252034,30,0.4902202844619751,0.03527633800818834,2,0.23601894623121042,0.034980711513567464,50,0.43857908248901367,0.027264593608752535,2,0.22691528644304113,0.004259902660106936,100,0.8659619092941284,0.04021076847859282,1,0.22430943127683892,0.003777906546302205,200,1.5437544107437133,0.28193946994963676,1,0.23268266893209008,0.02758367803352525,30,0.4118482232093811,0.02958572388849376,2,0.227871738988512,0.008650882589488488,50,0.6958932042121887,0.042567583058118634,1,0.22401473736524333,0.007673494833672907,100,1.1747573375701905,0.1680361567781359,1,0.21857088682194892,0.01097645854502369,200,1.825843584537506,0.0996336092568863,1
Health-Commits0005,10000,0.40252647016899984,0.14729391544372675,30,0.2999391436576843,0.021494137693006166,2,0.38071048881067926,0.1550140869996102,50,0.47012221813201904,0.029051200467285248,2,0.3466841906272729,0.14916321646017525,100,1.1995599031448365,0.06040204599659971,2,0.32775999293923974,0.141406773710614,200,1.615005087852478,0.1255259875675923,2,0.3663701412162891,0.14097459205664242,30,0.27572332620620726,0.02303169448185152,2,0.32941035810963804,0.14797996906871042,50,0.4317654252052307,0.02814098374702078,2,0.2758073922743816,0.12259539238432816,100,0.8763964414596558,0.050620743819191405,1,0.24715614201010183,0.11686661548699094,200,1.7311805129051208,0.24289446747351992,1
Health-Commits0006,10000,0.31920376680174634,0.02434483980542578,30,0.39207669496536257,0.030992118246010524,3,0.31560019066337797,0.024455884635918287,50,0.5986527919769287,0.040265350074845246,3,0.3063422404678574,0.023163802936208712,100,0.9511621952056885,0.04692978774507608,2,0.2885768280896879,0.028804115204225236,200,3.610404348373413,0.22150192428249896,1,0.3102482846143254,0.017567720426698415,30,0.2764156460762024,0.021606486689280082,2,0.30281071793864334,0.024900724794590084,50,0.6438825964927674,0.048544375317681084,2,0.2921249912405995,0.022609040630697384,100,1.2971474170684814,0.11739499774848133,1,0.2726216017837014,0.021603982733656,200,1.7344605088233949,0.11176116558711172,1
Health-Commits0007,10000,0.4386927251305067,0.13725789385205153,30,0.50145982503891,0.03174467912280818,3,0.41144370844564976,0.14371677234340405,50,0.6404693365097046,0.067452869950955,3,0.3823934772002052,0.14823331552908958,100,1.1717183470726014,0.04761094819924489,2,0.355745048080445,0.13682863809764484,200,2.7880862951278687,0.23235228758618312,2,0.40330684391548866,0.1334483187168286,30,0.5322274088859558,0.045277065099745425,3,0.3676811020046287,0.12023337736339793,50,0.6730943083763122,0.04906950585365287,2,0.3174636488197479,0.1076420675613444,100,0.8454124331474304,0.05278489774899905,1,0.26930725268613903,0.10443219012110667,200,1.4936477422714234,0.28055920420449537,1
Health-Commits0008,10000,0.41781972058075584,0.027504937690090655,30,0.4872198700904846,0.03332489108857524,3,0.41288838612082035,0.032583746946847354,50,0.638203763961792,0.041489137666786025,3,0.39855891707294916,0.03355677307375508,100,1.1468732595443725,0.14987127240923576,2,0.3804667516780061,0.03940890536171762,200,2.32775502204895,0.24394777270772824,1,0.40407069732508055,0.03373259108813363,30,0.29486058950424193,0.025132355314258552,2,0.3878053525771887,0.03961121068358926,50,0.6588638067245484,0.04514781122925307,1,0.374174890524361,0.04259342130447693,100,1.3609639048576354,0.07884502657124923,1,0.3502188808948945,0.03993859884922371,200,1.467914593219757,0.2982546124491409,1
Health-Commits0009,10000,0.15494303461800438,0.017966112806016742,30,0.39895564317703247,0.01923383328860971,3,0.15050403194113354,0.01607131558630189,50,0.6612444996833802,0.026581881262014537,3,0.14435150624874932,0.014465928562848408,100,1.1057939767837524,0.1423688143139527,2,0.13877607493642105,0.017265420009228837,200,2.0129374384880068,0.2355707994842359,1,0.1473050634991075,0.011922426850930447,30,0.534507441520691,0.03347007322741015,2,0.14332112728184923,0.010014212215291968,50,0.6651716709136963,0.03189746110497369,2,0.13689249229951214,0.0071738186071637535,100,1.1782641530036926,0.04791010077933765,1,0.13315411116592785,0.00814034753806486,200,2.354994809627533,0.2728032562514111,1
Health-Commits0010,10000,0.3213930823462548,0.024475032999361216,30,0.393111252784729,0.0522668090329307,3,0.315121213090705,0.01894901269824134,50,0.8507859826087951,0.04250957660761447,3,0.3084367218708807,0.021744419993873564,100,1.1427365303039552,0.16365961912672794,2,0.2965498215050676,0.02528693928348627,200,2.0509692549705507,0.1989098507405515,1,0.3183843374157719,0.022480525406191918,30,0.3923518300056458,0.029362651434521526,3,0.3110566771045611,0.02026817726829831,50,0.7424116134643555,0.08770700410032033,2,0.3016784833161165,0.022460970374145933,100,1.693930697441101,0.10241943960545627,1,0.29444638374637905,0.02259317836769253,200,2.089916932582855,0.2144441856397521,1
Health-Commits0011,10000,0.1614120108912238,0.09971456790594443,30,0.4136320471763611,0.02444315831904446,2,0.11644205038355437,0.08200429261215357,50,0.7050782442092896,0.03639485016237021,2,0.07594467954939105,0.06540546175909479,100,1.6316832423210144,0.07788052104289293,1,0.042150243667034244,0.046292094458698946,200,3.1569177508354187,0.20960988102580783,1,0.10834053459163306,0.07544739178365575,30,0.513344407081604,0.04843425379414446,2,0.0862472474633761,0.0762099639675022,50,0.6640553116798401,0.04964774395662385,1,0.06468456990947938,0.06801931961474031,100,1.540341353416443,0.13809094361225652,1,0.0475707673812623,0.06066924307228258,200,2.064094638824463,0.1973790420774597,1
LLVM,1024,0.07407528873513455,0.04687199525363479,30,0.09527525901794431,0.0028339771408299507,1,0.05150671243750128,0.009790979957663778,50,0.3711980104446411,0.01458676796332719,1,0.04434046536981204,0.0031790489647334783,100,0.30393998622894286,0.011434894301984773,1,0.04178770835383798,0.0022073352374720094,200,0.9663931846618652,0.04493373172675293,1,0.12950535551046466,0.11436656452481378,30,0.1459442853927612,0.01039832234858268,2,0.06460844214580257,0.05714909047724289,50,0.1494951486587524,0.007246587854414672,1,0.04335556881172155,0.003873353400492404,100,0.4992011785507202,0.03002842045573717,1,0.041496050935582916,0.001851052875864106,200,0.796142303943634,0.03630715577423802,1
PostgreSQL,19008,0.020316389448545732,0.00046491512939135623,30,0.09846719503402705,0.0019858481525076993,2,0.020051895217431354,0.00031904145435008495,50,0.2527405142784119,0.005671856903978878,1,0.019906165869702685,0.0002476673115305359,100,0.42162437438964845,0.009084776397304324,1,0.019802475456699165,0.0002221527704661379,200,1.1863941550254822,0.03365419506049884,1,0.020341940284738225,0.000656212134844839,30,0.16609386205673216,0.01033648327509536,2,0.020093017453265374,0.0004347709425938092,50,0.1621627569198608,0.008104810386725983,1,0.019924690062271187,0.0002882530489562522,100,0.5707353830337525,0.01969441137625385,1,0.01986034195450935,0.00021270011996236485,200,0.9029605031013489,0.03056775918763272,1
SQL_AllMeasurements,4653,0.2996221596515871,0.04112436034466713,30,0.15759882926940913,0.0027491240043210695,3,0.28728218657678095,0.03954770541332447,50,0.17167350053787228,0.001919424393191123,2,0.2445890442544659,0.02082269775500855,100,0.5267865180969238,0.01015011796138218,1,0.2138905573322892,0.015953263220796068,200,1.1857119917869567,0.0054148425880065085,1,0.30742697504517974,0.03969561634729815,30,0.09908843040466304,0.0007424830762600906,3,0.2780319400049588,0.038806931354470886,50,0.23821862936019894,0.002606842621394373,2,0.25099137214867817,0.031232244883789898,100,0.5282366394996643,0.0056983293459247335,1,0.23577073213743321,0.023961906778275453,200,0.6997857093811035,0.008254373920861277,1
SS-A,1343,0.6428760226860686,0.20991346424766727,30,0.20189472436904904,0.02861009752524155,2,0.5947907883712001,0.2299815337938148,50,0.36610344648361204,0.04069391502472253,2,0.5467229342862678,0.23940414445468453,100,0.5590754628181458,0.049876548772683264,2,0.2921998918285153,0.2960670550526182,200,1.297167146205902,0.13944993643473882,1,0.6269127304852338,0.21421241665944865,30,0.19806871414184568,0.02744253720380093,2,0.5831112882259148,0.22538112428727902,50,0.32877267599105836,0.04326104626939126,2,0.3774240537707521,0.31904598357004627,100,0.6419239521026612,0.04725860235630603,1,0.29529798677206565,0.31878717386201827,200,1.0500080704689025,0.1629067190739998,1
SS-B,206,0.5034039207074847,0.20036845421020064,30,0.17232192754745482,0.021438406419039026,3,0.45914786202664093,0.17437600810783166,50,0.2837392330169678,0.03408409511818145,3,0.32398074714851804,0.12823534661463776,100,0.5784858584403991,0.0655312177700229,1,0.21011126434843538,0.1188513513887117,200,0.8334394693374634,0.12858711798778225,1,0.3709640200580647,0.1894911064785536,30,0.1620883226394653,0.03009485217135647,2,0.30777501033869054,0.17840953111114144,50,0.22711056470870972,0.04409761278342749,1,0.21699004167372143,0.14077175522008673,100,0.4194979786872864,0.08065969427652545,1,0.1875724729869497,0.11370464942241489,200,0.42207648754119875,0.08751835216684203,1
SS-C,1512,0.6509715027758427,0.2414474693336891,30,0.22684302330017087,0.03146048911850105,2,0.6355886305792936,0.2340716025953235,50,0.3365728139877319,0.05099140135333408,2,0.6128188600413921,0.22645237287603412,100,0.6503166556358337,0.09444844040550603,2,0.41563458599264624,0.3039835374189599,200,1.138382077217102,0.2589395197037711,1,0.620053286428813,0.24591072743842582,30,0.19529215097427363,0.02542323602743261,2,0.5828064322473849,0.2666653324747097,50,0.2979532480239868,0.04000591966660055,2,0.561712078590703,0.2813306328316331,100,0.6298814415931702,0.08631665051230988,2,0.4362107348391354,0.31983849738352804,200,1.053714895248413,0.15417314029235937,1
SS-D,196,0.4701000641115461,0.034837665812697524,30,0.22012809514999385,0.030182650892874734,2,0.4588963360264149,0.025980882524224997,50,0.32528760433197024,0.029749768690182206,1,0.4550462369912475,0.02260686448290487,100,0.6394069194793701,0.04221186645444873,1,0.4474240564211943,0.0206826857658548,200,1.3048619985580445,0.06518370376376639,1,0.4672267768384503,0.021076058819682452,30,0.20604228973388666,0.019168442911112506,2,0.46559189910762633,0.02149367854499861,50,0.32085046768188474,0.023550441016417695,2,0.4579904057569785,0.012496561529707755,100,0.6449242949485778,0.04871317578276256,1,0.45344424387325405,0.019343433649108593,200,1.1683191418647767,0.18935563916744327,1
SS-E,756,0.27292304190663097,0.056024067656856164,30,0.2710559248924255,0.01931384425319806,2,0.25365662313336446,0.06185016115955095,50,0.4948872566223145,0.028226751865165205,2,0.2002614705550521,0.06220611917936886,100,0.9348371505737305,0.051027944306382425,1,0.176505746770741,0.04430640028092624,200,1.353585135936737,0.16929053180899287,1,0.26081260414501706,0.0663430433814892,30,0.26600382328033445,0.030149760519772216,2,0.2194315892155183,0.07304107804111641,50,0.3607784271240234,0.04434612211843357,1,0.17892030580830798,0.0511029515135312,100,0.546621298789978,0.047589896062696695,1,0.16478448071681234,0.035987113293441536,200,1.621687388420105,0.1547288619956678,1
SS-F,196,0.49101487766445545,0.055660264666270734,30,0.21609864234924311,0.02641120835070665,2,0.47278435345924513,0.030743870000312343,50,0.3801255106925964,0.027375833208566916,2,0.4577829038933223,0.026707807692603343,100,0.9845612287521363,0.04812306385344557,1,0.4386873105994852,0.027991871513740725,200,1.2336520314216615,0.19734468661762178,1,0.46153388255791805,0.023464477962419843,30,0.27488412857055666,0.02846096951156352,1,0.4573574164800941,0.022966975065107493,50,0.3719371557235718,0.03714681336217397,1,0.4475270889633204,0.021114096367521096,100,0.7932756066322326,0.07028747409765061,1,0.4413364238530197,0.023523242239236436,200,1.2613726735115052,0.17238122600795353,1
SS-G,196,0.4898743953267143,0.06315129969029701,30,0.46489050388336184,0.06668687536025096,2,0.47397295096211867,0.0428551784474293,50,0.47171989679336546,0.04978082213699939,2,0.4534897596860975,0.015110524847206016,100,0.49793391227722167,0.036719734839971,1,0.44504010031087915,0.016451040578293254,200,1.3997741103172303,0.17851507375132603,1,0.46220887965420243,0.018062300348847656,30,0.16687294244766232,0.01803562942681031,1,0.45452887023824695,0.02025145428966464,50,0.23092396259307857,0.025231411340618678,1,0.4495946856400176,0.015693503693352966,100,0.6101132988929748,0.077933395801392,1,0.44154934259673784,0.019872350919369626,200,0.8630666971206665,0.09277066665012665,1
SS-H,259,0.8006593058770062,0.15955701932446503,30,0.3074456453323364,0.03011145784821433,2,0.7494732641562931,0.21264607801469257,50,0.45955605506896974,0.07513794491735669,2,0.6257035405770126,0.2701254441864691,100,0.7202818393707275,0.11667513879507156,1,0.47131505528920387,0.29344669099072507,200,0.8777177810668946,0.21126559466742367,1,0.7759176027590294,0.17980826958251925,30,0.13772490024566647,0.014384576900112049,2,0.7129514281803503,0.216704043347179,50,0.42810802459716796,0.04485968666288892,2,0.6053703957729002,0.26392080802385603,100,0.4194958209991455,0.05671354596307597,1,0.4817578639018524,0.2918577800218922,200,1.372015130519867,0.1595667824570645,1
SS-I,1080,0.21049220473233965,0.12175203220000753,30,0.18428125381469723,0.014119217959925762,2,0.1787827219394894,0.1167091354518456,50,0.2946285605430603,0.019212392351920925,1,0.11877177260080632,0.10708320676727064,100,0.6029759764671325,0.027108887667446596,1,0.10182520632760986,0.09620531305781066,200,1.0256154775619506,0.19489756507045555,1,0.26370881930568996,0.08194191662185028,30,0.2829606056213379,0.025908344889282335,2,0.2404121476026959,0.08948815431665896,50,0.2732182741165161,0.019341358093186854,2,0.17445554355462714,0.11655085007164437,100,0.5180063962936401,0.03074238129135005,1,0.1548079313966528,0.12293919555207526,200,2.1850963950157167,0.1441806594933062,1
SS-J,3840,0.202185464148375,0.12015476637570471,30,0.1942281365394592,0.006963158832076363,2,0.18531447995716158,0.1175899181297757,50,0.4343038320541382,0.01571850296067213,2,0.16844226704323167,0.11220371065734323,100,0.6433181524276733,0.01616829272333387,2,0.11164875339386696,0.08380087928384447,200,1.2529021859169007,0.024427098179771522,1,0.19329152430981378,0.13132414484027655,30,0.1959452748298645,0.011519633311157986,2,0.17130473585575906,0.11666473804641513,50,0.3140407562255859,0.010331265549770407,2,0.1444706878752591,0.10649876789711177,100,0.9238418459892273,0.03275244090977571,1,0.12998459522321654,0.1020384100029906,200,2.3929914474487304,0.06755555294158866,1
SS-K,2880,0.16830614747302403,0.10345618245744587,30,0.36470828056335447,0.015528472041542328,2,0.1537230513271612,0.08040853012363085,50,0.492775022983551,0.017640864060283708,2,0.13816246886874373,0.07701045188546414,100,0.9091952681541443,0.02366896138642473,2,0.10542806879600938,0.052750320694355854,200,1.2564584612846375,0.028371844610634907,1,0.1731726159640274,0.11216807086382463,30,0.16294689178466792,0.01647541584787371,2,0.1519619363203736,0.09878944569482749,50,0.2799387097358704,0.01663380591890193,2,0.1273729336702404,0.07067416584484679,100,1.0214059233665467,0.05198055186132637,1,0.09749542163928938,0.033098894809833315,200,2.0398524522781374,0.08212017778843039,1
SS-L,1023,0.24076984013576488,0.10807470779020739,30,0.21165587902069088,0.005529767882218109,2,0.19013160674953794,0.0459838112984652,50,0.33138902187347413,0.009884474387923102,1,0.17349255485238307,0.003960884610774506,100,0.6657304644584656,0.019330342879551852,1,0.16942946504311646,0.0013320214215334638,200,1.082203495502472,0.04742810928630582,1,0.20796524288750096,0.07783745528390637,30,0.18867310285568234,0.011575470898821398,2,0.18455378396917282,0.04998174651454867,50,0.3036908745765686,0.018040765296461623,1,0.17152421135186352,0.0025488706770662407,100,0.5717687010765076,0.03250005491036836,1,0.16982667343385183,0.0017800457283835792,200,1.0874995231628417,0.053116244209366746,1
SS-M,864,0.011515007330196048,0.01082343807061812,30,0.4595744490623474,0.0076840778351438665,2,0.009099263578231421,0.008208257574433523,50,0.5496330022811889,0.010331133179229275,2,0.00460961821917561,0.0006217202950062102,100,1.0266350269317628,0.021737432178800163,1,0.003658946906834365,0.0002866873541333116,200,1.457382321357727,0.2508156078051278,1,0.010664966244758826,0.021483303889603015,30,0.28563121557235716,0.010138306732059038,2,0.004799749880262051,0.0017515620809888562,50,0.4784361243247986,0.012712341757722817,1,0.0038611265601094904,0.000524515604176544,100,1.5485244989395142,0.07279962123728241,1,0.00358169870614027,0.00026703105293913906,200,3.0379805684089662,0.21505069784320088,1
SS-N,53662,0.22969852803343063,0.09364604066571977,30,0.21173983812332148,0.003812809680174392,2,0.21692481514873846,0.07890785550930689,50,0.5021234035491944,0.03955930479141871,2,0.1811392382546417,0.0517311823130353,100,0.6727815389633178,0.0063429050751098665,1,0.1593170685186228,0.03950870349081482,200,0.9816942811012268,0.15721870025172477,1,0.21794903696794163,0.07845515630286963,30,0.35510685443878176,0.016070387108383325,2,0.2004905803531912,0.06760311875579175,50,0.7735863924026489,0.031936767010996625,2,0.17402095522152278,0.06278960502178275,100,1.1296224236488341,0.056745067833474064,1,0.14152189524182862,0.028120191983417777,200,1.7361191749572753,0.12327382202755016,1
SS-O,972,0.21162054084196327,0.035986584570082004,30,0.36775497198104856,0.016052917115490065,2,0.20258019422712903,0.02283484686220723,50,0.3456775784492493,0.006325151841390113,1,0.19700058244124782,0.007366240667545009,100,0.9898154616355896,0.05660796621587085,1,0.1947782674494209,0.00779296780785649,200,2.518028426170349,0.04176685604154404,1,0.21756243328506092,0.04183368104580661,30,0.281587016582489,0.012842995703900685,2,0.20886622087854895,0.03447439295268792,50,0.48432457447052,0.0186250010938825,2,0.19346063130830415,0.008665197576638962,100,0.6278872609138488,0.022704155592571454,1,0.19273309742284367,0.00808133327577924,200,2.2626867651939393,0.07609817219222968,1
SS-P,1023,0.24076984013576488,0.10807470779020739,30,0.3887150168418884,0.014803131744747337,2,0.19013160674953794,0.0459838112984652,50,0.34178202152252196,0.014351692270285203,1,0.17349255485238307,0.003960884610774506,100,0.8405149459838868,0.01935366611445456,1,0.16942946504311646,0.0013320214215334638,200,0.8985822677612305,0.1718917155820423,1,0.20796524288750096,0.07783745528390637,30,0.1850351572036743,0.011815931788230278,2,0.18455378396917282,0.04998174651454867,50,0.4464796185493469,0.04510348918943597,1,0.17152421135186352,0.0025488706770662407,100,0.5597837209701538,0.031083540026300805,1,0.16982667343385183,0.0017800457283835792,200,1.055126953125,0.04980923660831124,1
SS-Q,2736,0.0780381928545558,0.03394998710055693,30,0.4424580574035645,0.010530222197112051,2,0.062076327045116994,0.0024707498379553695,50,0.48767911195755004,0.010250561659966292,1,0.06036724942912088,0.002242770990563962,100,1.3319089531898498,0.1683808707182754,1,0.05829691526193651,0.0009730664599606826,200,2.293748438358307,0.2111449387248859,1,0.06701285591286782,0.024247343383441373,30,0.27090131044387816,0.01773653066893251,1,0.06607228321290641,0.0244546327525242,50,0.7026981234550476,0.03605631465962053,1,0.059343818891096724,0.0010578203087204436,100,1.4530411958694458,0.10654026112384972,1,0.05872270108910053,0.0008650388070848893,200,2.4984009146690367,0.10576428102902666,1
SS-R,3008,0.20385181786934736,0.047057002407284526,30,0.26592856645584106,0.010449271826317516,2,0.18624178406040587,0.0217906429169827,50,0.49950342178344725,0.03651758529712812,1,0.17596663210575364,0.007486994642551229,100,0.8822787880897522,0.01768021416614527,1,0.17355127671930048,0.009029862241217436,200,1.6374463081359862,0.2037323072188956,1,0.20097975805554294,0.02858390389373522,30,0.26840890645980836,0.014964375743595994,2,0.1862713235375813,0.018951565173378537,50,0.3078378915786743,0.0160168978886025,1,0.1756427767855133,0.012885339533629537,100,0.7979318737983704,0.026542779142139226,1,0.17283503239843692,0.007871355124287476,200,1.5390466332435608,0.06819994749140001,1
SS-S,3840,0.23377322187269325,0.14414496307732005,30,0.2817011117935181,0.011361258549923014,2,0.22818501862912316,0.14598692270930078,50,0.4765303015708923,0.017512628955626178,2,0.19843615703951661,0.1435289880336995,100,0.846609365940094,0.023287504814678173,2,0.15435368644943318,0.1378896123142799,200,1.5304823875427247,0.142542014311956,1,0.2168694066364676,0.13819472433967903,30,0.2835326433181763,0.012763259110274665,2,0.1768345296574571,0.12700786037645279,50,0.311528754234314,0.014043312103448242,1,0.15692783061102755,0.1227930758205806,100,0.9209593176841736,0.0374047551619844,1,0.13560418448201564,0.11855515762803388,200,1.8701231718063354,0.16756532136012092,1
SS-T,5184,0.1030620550857205,0.06489254104036454,30,0.30179381370544434,0.008978717246326045,2,0.0716005609796123,0.045572236829666476,50,0.6566951274871826,0.01859744494054119,2,0.03290785885006571,0.018759242797469516,100,1.2537681341171265,0.03395623425375111,1,0.02165173680820448,0.009502178270796639,200,2.160912573337555,0.18903203391266152,1,0.07388058405059257,0.07060807276303169,30,0.2788585424423218,0.012400227181159384,2,0.05131289630874858,0.03256753442134543,50,0.4602046012878418,0.027264517342072147,1,0.0355545765325935,0.024381027126505257,100,0.9066841721534729,0.03578015858080058,1,0.02224364018247752,0.007086737449004468,200,1.7138354539871217,0.20937034511107877,1
SS-U,4608,0.28387405276900013,0.042019858656267825,30,0.4189522624015808,0.012798694736530315,3,0.2631021981143358,0.01675890657078882,50,0.6550042986869812,0.0067946235346019665,2,0.240871535157091,0.007439478109204914,100,0.8633947968482971,0.11144502921961882,1,0.23236911455059697,0.0015752145913428756,200,1.6094277858734132,0.1653006071565855,1,0.2562906014940533,0.03133972859556057,30,0.29152976274490355,0.008157423136647997,2,0.2436459650559287,0.019094157138061757,50,0.6350725293159485,0.010045714851648171,1,0.23467032150845935,0.004640255670618576,100,0.9661548614501954,0.013314728291107795,1,0.2327604682875502,0.003002480263737821,200,2.4246565461158753,0.09588551521506498,1
SS-V,6840,0.17124870011610527,0.05277858784514156,30,0.30365262031555174,0.003394880311628972,2,0.16706980495803653,0.050801784696135194,50,0.6267531871795654,0.004866760701858562,2,0.14636698275071808,0.058182063079054325,100,1.4655983448028564,0.07242456139994685,1,0.14261841653590007,0.06199769963782965,200,2.712610328197479,0.02748701064762892,1,0.17610144078401463,0.07852691946482002,30,0.2688171863555908,0.005734264207661221,2,0.16036543784135446,0.05800725160694855,50,0.4648999810218811,0.05947888346464425,2,0.1501176765721343,0.055914754614688575,100,1.404408371448517,0.0776705727716073,1,0.13783219292711987,0.06751287775228801,200,2.6598796367645265,0.08541055557787793,1
SS-W,65536,0.3534989656650763,0.026382210367785253,30,0.3959074139595032,0.006405968957463631,3,0.34337677133858807,0.024669509942918545,50,0.4118699789047241,0.0431452104175066,3,0.31180390403317243,0.018460221606747335,100,1.229219377040863,0.02613436382323036,1,0.2866465284746941,0.014941538532318426,200,1.7228885293006897,0.05744473638762902,1,0.32958549535936077,0.02668277309408234,30,0.346381413936615,0.02740327840602276,2,0.31054405721055844,0.025621996518056526,50,0.6523345112800598,0.011382407385505857,1,0.2994577652330551,0.02012641709088079,100,0.9726238965988159,0.08627175689277097,1,0.2910229748267987,0.01766695089062361,200,1.6471792340278626,0.15554336110427153,1
SS-X,86058,0.3331158008474755,0.09329199477875037,30,0.4008092522621155,0.01917181710225449,2,0.2620573968263101,0.07414618711511581,50,0.5528271913528442,0.03599173658030474,1,0.2251337431778114,0.04200039924455021,100,1.3040897250175476,0.0258376227307251,1,0.2106009817455401,0.02060167948964145,200,2.3379547238349914,0.06177855892089862,1,0.28410267079974083,0.081194164430863,30,0.3301112174987793,0.013932989951957617,2,0.256428635401126,0.06528874305237137,50,0.4515152335166931,0.017714898561241324,1,0.22777759775560727,0.032723856808764155,100,1.0548170328140258,0.06258459633623731,1,0.21843844927754055,0.01118544493894872,200,2.2369452118873596,0.0661734614111761,1
Scrum100k,100000,0.3916788133042206,0.029702155198427276,30,0.4848306655883789,0.039011386494831046,3,0.3855183875092562,0.023009051618225248,50,0.35273768901824953,0.0042501284690006115,3,0.35976432845633094,0.030181878540455016,100,1.6423726797103881,0.13263054129114046,2,0.3239440998352633,0.015483142669479047,200,3.327984130382538,0.232625930117618,1,0.3838368877776487,0.0354741223380142,30,0.490466833114624,0.09867914859628091,3,0.3632255056393719,0.02875727643383529,50,1.0026291489601136,0.02046531159660133,2,0.34135321541059416,0.023635355184291523,100,0.6947786569595337,0.007273920884648317,1,0.3259683315744925,0.01334165910931333,200,1.3942192196846008,0.01727714501637813,1
Scrum10k,10000,0.36601673079983255,0.03427722205046529,30,0.304113495349884,0.005937922820783383,3,0.34380374635348754,0.03159029948980925,50,0.803650164604187,0.05248449050703287,2,0.30538448661174045,0.021098264453037134,100,1.7607282757759095,0.1476280470114908,1,0.2880473369632451,0.009282762750380225,200,3.764759933948517,0.10191233387451668,1,0.3460851282963367,0.042416665191864225,30,0.4880827069282532,0.014403076031940066,2,0.32422338102490744,0.03315420456497993,50,0.8127707242965698,0.07954535291040996,2,0.2996633008094659,0.01785504075244742,100,1.0160063743591308,0.01580974210432587,1,0.28785229888664804,0.008508892469699271,200,1.4814831495285035,0.22847421271570434,1
Scrum1k,1000,0.33311479262585586,0.03565517742345947,30,0.631641960144043,0.04413751004167734,3,0.3168174923307172,0.030695596456316917,50,0.6319309830665588,0.08470245787398581,3,0.2879481045188813,0.021398775535847576,100,1.9560974478721618,0.06412638144393855,1,0.2541630095625231,0.011981757259768498,200,3.6353055477142333,0.09712587523953624,1,0.3178082003042758,0.03854733170855852,30,0.5260660767555236,0.026214057826652336,3,0.2967940246233701,0.023939388357428724,50,0.7934246301651001,0.019677587824786943,2,0.2731192352246113,0.022727067623076656,100,1.3717976212501526,0.025995449967693304,1,0.2584425899275674,0.014799040386833088,200,1.438103973865509,0.25177467261262404,1
X264_AllMeasurements,1152,0.03388120019427178,0.02774122692492726,30,0.09950158596038813,0.0013152226311034286,2,0.019143474224899145,0.014138290907071615,50,0.29213926792144773,0.01726556969314053,2,0.0072236683251440835,0.00806654995593304,100,0.4778184175491333,0.008839208246810068,1,0.00062606085450333,0.0007298365446657581,200,0.8897751569747925,0.019901544598960274,1,0.02237424152819286,0.036616249258496034,30,0.09470289945602414,0.0033815832304998077,2,0.012399117408764785,0.019464432370218405,50,0.20779103040695185,0.008275678232706684,1,0.002485394309426345,0.004698453072434107,100,0.5511059880256652,0.014777173785265371,1,0.00046192673845466497,0.00010535870142233473,200,0.8364465355873107,0.017517083860172228,1
billing10k,10000,0.4147244405318527,0.030492546326354435,30,0.6140600085258484,0.0067428027402292425,3,0.4009497920042403,0.025973706480325234,50,0.8234175682067871,0.04360558222932036,2,0.3735582376926919,0.014594427542250524,100,1.675132405757904,0.12528549325512262,1,0.35516824518231316,0.009689554590940093,200,3.26566059589386,0.17202109706589241,1,0.38791317509250967,0.023632362189411286,30,0.5889707207679749,0.022533139384083203,2,0.3770557956529155,0.019357985422759585,50,0.799821960926056,0.05219247445945604,1,0.3693016125086391,0.017042907389900108,100,1.4640637040138245,0.05658919488862859,1,0.35816181712952744,0.008717639335837473,200,3.713256824016571,0.08278979632538783,1
coc1000,1000,0.37592718752641463,0.02160915254236998,30,0.8950859665870666,0.03646525064167333,3,0.36921586777259446,0.0155067782444426,50,1.2609431147575378,0.04465263411545951,3,0.35235860331580515,0.013230960006819286,100,2.6234763264656067,0.25866332752463816,2,0.3114200927036401,0.011282179953715235,200,4.867009854316711,0.380858950888903,1,0.38043896777268743,0.028689883448458967,30,0.43809261322021487,0.037454752218015086,3,0.3693345195249762,0.028646183515473305,50,1.7830512166023254,0.15778072944197077,3,0.3553138426907964,0.021274546096541943,100,1.63279070854187,0.08930345253497017,2,0.3401908008549187,0.015659186886183042,200,3.9141865015029906,0.19435188710067372,1
dataset120,5160,0.3412941914090811,0.06653297925770531,30,0.1836579799652099,0.002731099542981552,2,0.3151958140919538,0.05276076415262492,50,0.23397216796874995,0.004734246527022475,2,0.2665235515913825,0.04611678997505588,100,1.143351185321808,0.07668214952466448,1,0.2061333714284082,0.03408750897800931,200,0.9691847443580628,0.01138842235275014,1,0.32696690292958674,0.07648915134051566,30,0.1850659012794494,0.0038701486614110643,2,0.3049632675127161,0.05286608645075702,50,0.2536808252334595,0.004091821384316776,2,0.26412436717694077,0.03176589868622913,100,0.5650979518890381,0.01711823198074985,1,0.24191621743194885,0.028106895706289995,200,1.0419685125350953,0.011584462819643754,1
dataset600,5160,0.3147044259457862,0.10234365709588888,30,0.14087314605712886,0.004100838339568556,3,0.26492260210120117,0.036451794307634275,50,0.23341652154922482,0.006207897728230705,2,0.24004937606253404,0.03792350174957535,100,0.46831531524658204,0.007137411079592174,1,0.1891990800758409,0.0390985489877624,200,0.9236744284629822,0.01269266380747283,1,0.27599929792322403,0.044364241443200995,30,0.1429294943809509,0.002817263354743313,2,0.262515665930217,0.04220772513002663,50,0.24171979427337642,0.004255114107726746,2,0.23343322582689066,0.0275887963465333,100,0.4814109206199646,0.009059521787121438,1,0.2101034989820981,0.035256840047373804,200,0.9585076212882996,0.017455764989321148,1
dconvert,6764,0.042882276747663726,0.029588349749450436,30,0.13723150491714473,0.0021432490606980072,2,0.033831661345154376,0.020011483066310988,50,0.22084429264068603,0.00288764200907876,1,0.02978845790227625,0.01913849419357628,100,0.4516404390335083,0.007242393100729581,1,0.027876434174834142,0.01880539502688538,200,0.9237192153930665,0.008867664030193475,1,0.0474273063784265,0.04246350960033196,30,0.1386532425880432,0.0035956515526746717,2,0.03418118430362338,0.0263141395462459,50,0.22139487266540522,0.004482409727869534,1,0.027940257970314648,0.01964443589593917,100,0.461888325214386,0.008060291564636952,1,0.024491918552172143,0.01850019536464234,200,0.890171480178833,0.012919250565266969,1
deeparch,4096,0.028548971484099107,0.0448208698186216,30,0.12898710966110224,0.0021749838056032197,2,0.012196769127322264,0.02718939284829995,50,0.25224578380584717,0.005833497928725438,1,0.0005724100691744838,0.002012291490839762,100,0.45322266817092893,0.009488960166428868,1,6.411480887445945e-05,1.8488515362014897e-05,200,0.792290985584259,0.020825241036784493,1,0.035495985753724174,0.04252112244297735,30,0.12643748521804807,0.00434028749300739,2,0.007498983744417301,0.020805460675389048,50,0.2314341306686401,0.007230940662849333,1,0.0006236184811021626,0.0019295532173007504,100,0.41142457723617554,0.011517852992700587,1,7.395417255944182e-05,5.655493060674742e-05,200,0.8352646350860595,0.020635151102152357,1
exastencils,86058,0.06175222915907502,0.020886512328547914,30,0.09997678995132443,0.002706993912363742,2,0.059358420618752364,0.02004061023715667,50,0.16941035985946656,0.004312278952743342,2,0.052959609193204846,0.015545354849463367,100,0.5045830130577087,0.010941221890700346,1,0.04595765873843362,0.01316858780294965,200,0.9398484706878663,0.12369727749958306,1,0.07349967046359013,0.038528795055375854,30,0.14324085712432857,0.010783395036020122,2,0.052424047838722766,0.020248889972950566,50,0.22882509231567377,0.010603181235759155,1,0.0449025227546913,0.01639580826709316,100,0.4176099538803101,0.045433035607600016,1,0.04260944950298205,0.015320405870027178,200,1.0072587966918944,0.05590988852720187,1
javagc,166975,0.010862783050499347,0.010144043026148266,30,0.16843733787536616,0.11897872106070255,2,0.009142695524101166,0.007958805586635653,50,0.24327695369720453,0.015805077409775645,2,0.008542851797877307,0.007910372383127287,100,0.48333148956298827,0.04908267287231863,2,0.005633127273249409,0.005505213047315732,200,1.003691065311432,0.12329760929929766,1,0.009391065967347699,0.008498854200667842,30,0.14863122701644899,0.015879813136862944,2,0.00805848917721853,0.007566821999454196,50,0.20824543237686152,0.008261487636915104,2,0.00630955332759255,0.007505931590870118,100,0.5114238739013672,0.1500922361126488,1,0.004654097380312314,0.005219017067007855,200,1.2965519189834596,0.1306214590108994,1
nasa93dem,93,0.4800007126183082,0.012605637526628924,30,0.5810405969619751,0.0022670243150327224,2,0.4748952813668823,0.009011787950335566,50,0.9738184809684753,0.005816026096129624,2,0.46457083303519625,0.00853427570467176,100,1.310547947883606,0.1583153196024004,1,0.4490004642698714,0.00491738450418137,200,4.116175508499145,0.20734372884190952,1,0.47240064836327395,0.01539986540108868,30,0.5026669144630432,0.015411916623953033,2,0.4624360654414669,0.008914610638521244,50,0.8576456069946289,0.04877510502267504,1,0.454099999474778,0.005892982978552203,100,1.0049378395080566,0.021187646716168303,1,0.45088088702082363,0.004773451535732325,200,4.019863760471344,0.036985766949775886,1
pom3a,20000,0.2837165230597131,0.06384919327387478,30,0.4995631217956543,0.04156204181645993,3,0.269028761136923,0.05587543891089767,50,0.8931915163993835,0.036384143492000566,3,0.22594908015572016,0.052505048694782425,100,0.9795475840568543,0.07899012672832105,2,0.1545369859719202,0.03943742261456789,200,1.5130144476890564,0.249981570808798,1,0.27868266942441455,0.06313210361194745,30,0.7137449145317077,0.06586586790790011,3,0.2482525366936395,0.061565058220914286,50,0.5500254273414612,0.026961113392491243,2,0.2043525781919775,0.05056758243673466,100,1.4660250067710876,0.11235158704639694,1,0.15991935099852767,0.019584749590652744,200,3.2570779085159303,0.17423151146707808,1
pom3b,20000,0.29107816357686467,0.05310519089088461,30,0.3042394995689392,0.019366445698438282,3,0.2776860622797449,0.04817111126968048,50,0.7424765825271606,0.042188912226263205,3,0.24435968726596374,0.050697104750399465,100,1.512366282939911,0.09669582949517672,2,0.16697160991060844,0.042182163045828454,200,2.5144490122795107,0.2727034865512423,1,0.27723400230274875,0.06073379560484942,30,0.3112800598144531,0.006798200484224636,3,0.24869482447308283,0.06054034657449401,50,1.0442393660545348,0.03209615714190776,2,0.20691003626289312,0.046665230634230774,100,1.6966169118881225,0.08038257287508861,1,0.171369824835243,0.036124089268475115,200,4.295716857910156,0.13887967107323473,1
pom3c,20000,0.40915537879574115,0.06333981070907524,30,0.33460179567337034,0.014556318638176718,2,0.39798987508052264,0.06279676035388805,50,0.8974965333938598,0.08037039026138641,2,0.3816720133884139,0.05298811997926675,100,1.2869213700294495,0.12524044661257164,2,0.29879735394227347,0.037012881931092034,200,2.649526906013489,0.18118541723471843,1,0.40849493505975143,0.037153732835114354,30,0.30251905918121336,0.012120232259942756,2,0.39103581414753563,0.03632985021597535,50,0.4931881546974182,0.012440000375212071,2,0.35462635272859677,0.038952957249572304,100,1.9260126590728759,0.05923779418873851,1,0.3143556968530762,0.03876460866524585,200,3.925555098056793,0.12119651083970052,1
pom3d,500,0.2743362724161539,0.05161396245723163,30,0.2981900691986084,0.0038133995157592763,3,0.2608843263990284,0.03402563977390051,50,0.6711335182189941,0.011038939182272523,3,0.22843318959474282,0.0452055456895764,100,1.3260079264640807,0.16630996047590568,2,0.15916659868960287,0.02774989684533623,200,2.9982826709747314,0.32159549366376755,1,0.2536824530168066,0.04676987366797858,30,0.29629653692245483,0.004638884701108885,3,0.22648043253623826,0.03325702474531219,50,0.6971796035766602,0.012246242240423429,2,0.20000416272824656,0.034319488001105146,100,1.9293925642967225,0.034938478161091094,1,0.1681252184882593,0.0251874012801689,200,1.505104649066925,0.2370876490769671,1
redis,4400,0.5087311619964319,0.033180517186017104,30,0.1990182518959045,0.0101124627172419,3,0.505666290745591,0.03227334230347252,50,0.2988329529762268,0.00763129585617046,3,0.4946420618155668,0.02860774736650422,100,0.5947053909301758,0.016309847049508594,2,0.45868480596653427,0.032643215844364186,200,1.157249116897583,0.028160998757496936,1,0.5016039738637876,0.02710398322567932,30,0.09242167472839351,0.005645743846717918,3,0.4888932505585185,0.02381780809784566,50,0.21772701740264888,0.013293895535305182,2,0.47123282676726747,0.031438338698985616,100,0.5589842796325684,0.034228842643343575,1,0.4564860010090731,0.03305877294949732,200,1.129961371421814,0.04289222937388108,1
rs-6d-c3_obj1,3840,0.2760524567957659,0.24494386915771052,30,0.09512212276458737,0.006194617152965168,2,0.2499418624830009,0.2298256916425171,50,0.16077126264572142,0.0073394089008996235,2,0.21391516223319162,0.2088782920192435,100,0.33624404668807983,0.012476534109421794,2,0.1258084894905573,0.18603255783768854,200,1.1183901309967041,0.02879117869599327,1,0.250964368370237,0.23622689457283133,30,0.19490693807601925,0.014055993775549785,2,0.19709547200947639,0.20736309362334351,50,0.23723850250244136,0.009208264230703634,2,0.14785310891346543,0.1845798690934077,100,0.5506619215011597,0.022509521241081135,1,0.10401131682677545,0.14997200769755842,200,1.0485873699188233,0.04686934327074397,1
rs-6d-c3_obj2,3840,0.00635675669527083,0.004989229106794796,30,0.1544316172599792,0.007014169332845877,2,0.005891304380213531,0.00488469844217749,50,0.23700929880142207,0.006774571740225408,2,0.004883350102764274,0.004933411063447052,100,0.3144684314727783,0.006613493196453187,2,0.003750945179695293,0.004601345397747524,200,1.1045854449272157,0.02863889030344994,1,0.0054148722366416215,0.004458317390900506,30,0.15348688364028926,0.009496877883365054,2,0.005095002027109238,0.0046994696374128815,50,0.33480613231658934,0.02021818700676924,2,0.004137463084844773,0.004114290885212394,100,0.30583618879318236,0.011521653684224429,1,0.0035076333415719847,0.0038610319619760236,200,0.6150692343711853,0.028121157789124742,1
sol-6d-c2-obj1,2866,0.023031372811071586,0.009494506984233266,30,0.14316030740737912,0.006209562159121616,2,0.02187297510810212,0.008147468645157599,50,0.28627954721450805,0.011717335982053123,2,0.0201073184815545,0.007614430060487657,100,0.3118897318840027,0.00892401645180825,2,0.017732510486920185,0.005238873812180216,200,1.00124990940094,0.0293421362313442,1,0.01983540759000107,0.008548422336651243,30,0.16031893491744992,0.0093624737738752,2,0.019016786275786283,0.007844157773679467,50,0.21640582084655757,0.012137946817172384,1,0.017138611891115606,0.006070128136172227,100,0.575423800945282,0.022468595910735734,1,0.015580099035950848,0.0021117276336856763,200,1.1139692187309265,0.04636001235663059,1
storm,1557,0.017827578392186585,0.051926837700349934,30,0.14751183986663813,0.004394195783041866,2,0.017515116701152432,0.0515564760883169,50,0.2854703664779663,0.007186317264907908,2,0.016558724016215994,0.05093552758925553,100,0.5351594805717468,0.0166636196117423,2,0.002300283314391527,0.00518321913038268,200,1.1854283690452576,0.04075135200839201,1,0.026583612760617263,0.06413182380988627,30,0.16832121610641476,0.007569664406032836,2,0.02579265797425963,0.06438588267700936,50,0.27747756242752075,0.010452373326714405,2,0.023980769461117636,0.059912097768809104,100,0.31501643657684325,0.006598408998106694,2,0.0016146763642833667,0.004351777847675349,200,1.1271624207496642,0.027649592947532692,1
wc+rs-3d-c4-obj1,196,0.2537130281785558,0.1610240121373035,30,0.07234903573989863,0.010108990427153415,2,0.24047371735697864,0.15640007298235142,50,0.12335395812988278,0.01748749245159151,2,0.16167832364846602,0.11729713113013443,100,0.36916494369506836,0.053809091659468324,1,0.13372493733593252,0.11407984326604619,200,0.7087391018867493,0.1355201388534646,1,0.1961170200914591,0.1253391797989271,30,0.10205775499343868,0.01555201766421622,2,0.16723946140817503,0.12341245403998694,50,0.1850491642951965,0.026442569211741963,1,0.13339357876876146,0.1185723897957412,100,0.3325871467590332,0.04821597205365022,1,0.07526454125660653,0.07965845200628432,200,0.597919762134552,0.08717560696951616,1
wc+sol-3d-c4-obj1,196,0.2536294288677504,0.1528669876269035,30,0.10804049968719479,0.017143401269372336,2,0.22352242113136386,0.11303113864405451,50,0.19177643060684202,0.03027046291899619,2,0.17345780568662023,0.12186008155189551,100,0.3457515835762024,0.04957718626369108,1,0.13014527158238948,0.12154678000954157,200,0.6752331137657166,0.13251007238667328,1,0.19286512223085156,0.13384752609913406,30,0.11133569478988643,0.016966486421824956,2,0.1626265111106942,0.12990419582316032,50,0.20339599847793574,0.03120251157456873,1,0.13726503463643222,0.11889699571380384,100,0.20963760614395138,0.03464068392824083,1,0.10247141930975534,0.10418577009472277,200,0.6283377051353455,0.09130969567414503,1
wc+wc-3d-c4-obj1,196,0.24708265055792927,0.15174135237671318,30,0.10719799995422359,0.018174911955639864,2,0.22381529738956654,0.15430827008026107,50,0.11773128509521483,0.01846249264414041,2,0.1813510272998659,0.11844866227470255,100,0.4098220467567444,0.06587647655505781,2,0.13041757452577654,0.11536165730229445,200,0.6043151497840882,0.1275023649830918,1,0.19910680963327004,0.11393751235269031,30,0.10827621221542354,0.016786749848822224,2,0.18297990977548714,0.11691469941676783,50,0.15276678800582882,0.020672931406767046,2,0.14025009248900255,0.12417874027530591,100,0.20997226238250727,0.028274180274986967,1,0.08572438248396294,0.10001559776167429,200,0.40558884143829343,0.06013662692510794,1
wc-6d-c1-obj1,2880,0.25442728325913133,0.18403551171537916,30,0.1419876098632812,0.00680294132889085,2,0.2162744511530697,0.1694989802462324,50,0.14926306009292598,0.006364048345260379,2,0.15050101818180958,0.13905241846947405,100,0.4678757071495056,0.016800314418683255,1,0.11981513343159422,0.09901914695537442,200,1.198223853111267,0.038929531700997555,1,0.21922790938323305,0.1807380935523298,30,0.12072556018829342,0.013540667388926463,2,0.20404053732949884,0.17250841965142652,50,0.19473210573196412,0.016258050554875236,2,0.1285716010007676,0.11862370102018079,100,0.521630871295929,0.032949165704834485,1,0.10424815697084515,0.08621342363756125,200,0.7913122415542603,0.05440777581437002,1
x264,53662,0.31837671712476767,0.13125821724991948,30,0.15685077905654904,0.002786486778931284,2,0.3031943600030057,0.11076935339309306,50,0.311688232421875,0.01356239857571777,2,0.2523902008489963,0.05898536511645451,100,0.6562514662742615,0.02525561140527867,1,0.207631212718722,0.055653463781278875,200,0.8214250087738038,0.11759929479061054,1,0.29215346973429723,0.08935454860916542,30,0.1521569013595581,0.006944503719855002,2,0.2704159011076587,0.08302495321864485,50,0.2318599462509155,0.009021406301015463,2,0.23951796563447197,0.07140741889451477,100,0.32337619066238404,0.00614564940069248,1,0.19732992875226812,0.042873168102051856,200,0.8633301854133606,0.011927038898928244,1
xomo_flight,10000,0.17451657459900033,0.08266727624078998,30,0.37825827598571776,0.06201579564017871,3,0.164265113546691,0.08195800489605003,50,1.199313509464264,0.03506226410756864,3,0.13462917470881133,0.08380240916778454,100,2.410800850391388,0.036617307670939604,2,0.045816598979974435,0.0393864889601268,200,3.889358651638031,0.25159651775014735,1,0.18654917561724832,0.09620033481433535,30,0.5337149977684021,0.008152069285556543,3,0.17398505441976522,0.08814963035019703,50,0.8828941702842712,0.0237713411379299,3,0.13235680673362588,0.08241889726346056,100,1.3830253839492799,0.025341945228512,2,0.0641782608011433,0.06189877886843941,200,3.5355077743530274,0.08545076660573782,1
xomo_ground,10000,0.2002444149799957,0.09593634033129876,30,0.3812776803970337,0.050662402106014894,3,0.17388729275365133,0.09823183582787506,50,0.9834073066711426,0.08383197474407117,3,0.13289298960398382,0.09712602617257736,100,1.8308271408081054,0.06431465013766854,2,0.045840415843646024,0.03603499378672986,200,3.444873034954071,0.12594773736495046,1,0.193976139192434,0.09220043086534943,30,0.5352720379829407,0.0038966499819732994,3,0.17081484380218892,0.09370503187079683,50,0.9287675499916077,0.10880166571085668,3,0.12690853362374838,0.09469309658226949,100,1.604457926750183,0.15535760041671898,2,0.06941298865343233,0.06535172888439648,200,3.2894049525260924,0.3010386538909182,1
xomo_osp,10000,0.16560034619372843,0.08094843950202636,30,0.5435299277305603,0.024125011160489863,2,0.15753311587678648,0.07934788905338094,50,0.9194709420204162,0.057636656120340315,2,0.12625730325438478,0.07002711280938183,100,1.8421336889266968,0.18022053994345671,2,0.04626531510323088,0.04203651594641397,200,3.7096095442771913,0.2826268751124419,1,0.16421788971720477,0.08722561532856925,30,0.4140562891960144,0.0037449625514897915,2,0.14760197214479748,0.08181136462883194,50,0.8694677352905273,0.027213760673784053,2,0.10167848417890546,0.07277564811752733,100,1.3526281356811523,0.01950720744993568,1,0.060304406559598026,0.05327478086207168,200,3.253577244281769,0.23301344196618096,1
xomo_osp2,10000,0.3462803036235196,0.10765195755949931,30,0.5943440079689026,0.006527309620150883,3,0.3347327193077757,0.1088531866880917,50,0.8896475672721863,0.02704228436686926,3,0.27318943741147356,0.07732060541283013,100,1.760290515422821,0.0156432630152509,2,0.173827995106055,0.044054830391789285,200,3.496782994270325,0.021082781949723763,1,0.34562829785133536,0.08571223942415156,30,0.4984136581420898,0.007967552097123983,3,0.306089392895495,0.08163105935095881,50,0.8764760732650757,0.013823378020518255,2,0.24509546436105759,0.07267474376606782,100,1.7038307905197143,0.17812477627058856,1,0.17725490807377683,0.04113584424326595,200,3.681236410140991,0.0814521282100372,1
