Dataset,Rows,GA-30_mean,GA-30_std,GA-30_budget,GA-30_runtime_mean,GA-30_runtime_std,GA-30_tier,GA-50_mean,GA-50_std,GA-50_budget,GA-50_runtime_mean,GA-50_runtime_std,GA-50_tier,GA-100_mean,GA-100_std,GA-100_budget,GA-100_runtime_mean,GA-100_runtime_std,GA-100_tier,GA-200_mean,GA-200_std,GA-200_budget,GA-200_runtime_mean,GA-200_runtime_std,GA-200_tier,ONEPLUSONE-30_mean,ONEPLUSONE-30_std,ONEPLUSONE-30_budget,ONEPLUSONE-30_runtime_mean,ONEPLUSONE-30_runtime_std,ONEPLUSONE-30_tier,ONEPLUSONE-50_mean,ONEPLUSONE-50_std,ONEPLUSONE-50_budget,ONEPLUSONE-50_runtime_mean,ONEPLUSONE-50_runtime_std,ONEPLUSONE-50_tier,ONEPLUSONE-100_mean,ONEPLUSONE-100_std,ONEPLUSONE-100_budget,ONEPLUSONE-100_runtime_mean,ONEPLUSONE-100_runtime_std,ONEPLUSONE-100_tier,ONEPLUSONE-200_mean,ONEPLUSONE-200_std,ONEPLUSONE-200_budget,ONEPLUSONE-200_runtime_mean,ONEPLUSONE-200_runtime_std,ONEPLUSONE-200_tier
7z,68640,0.009021514399967236,0.0049536437302998455,30,0.18314170837402338,0.012442748802068835,2,0.0064489929607616115,0.005090363962138267,50,0.2716403007507324,0.020155882458210785,1,0.004171292681449309,0.005002559853508617,100,0.5380192399024963,0.044007800003078655,1,0.0023668250373782103,0.0039043189294458835,200,0.8896599650382996,0.07552176702670896,1,0.01772713604035369,0.015483912280875896,30.0,0.2097204208374023,0.0031816422520802657,3.0,0.012354357232209715,0.004121524739586698,50,0.3317727565765381,0.0037469885606078944,2,0.01124453874098087,0.0036757114982484893,100,0.6333720922470093,0.007420406513420594,2,0.00957360912879537,0.003753287582256041,200,1.363023614883423,0.016989899877527186,2
Apache_AllMeasurements,192,0.02709469834019464,0.009704584475666649,30,0.13748918771743773,0.012375509275577862,1,0.023329903647550783,0.005011065817027752,50,0.18794338703155514,0.020989027889570088,1,0.022037482966380122,0.0007942291766449405,100,0.26442139148712157,0.028893774522885687,1,0.022020743548390693,0.0008226661473570817,200,0.3838364124298096,0.04050996065021704,1,0.09086083993513366,0.0627202831482885,30.0,0.025875306129455523,0.0031509947838295575,2.0,0.07367354176782967,0.04926891589022371,50,0.03466469049453731,0.004295618211779989,2,0.061629632337512494,0.03560799300840833,100,0.060804784297943074,0.005809254714433143,2,0.03982118360329747,0.021370215564313698,200,0.1254268050193786,0.006097478972461591,1
BDBC,2560,0.0029834210098978247,0.0015264574445427387,30,0.1580180168151855,0.0064703049695351,1,0.0021350007288892152,0.001293369661865449,50,0.23156582117080687,0.008506116025862936,1,0.00093860247118594,0.0009246732242376937,100,0.5290862321853638,0.021325718426552263,1,0.0003943542631523,0.00059316234079954,200,1.0696311473846436,0.04869544124242301,1,0.016530819645306647,0.01206928614004075,30.0,0.02283270359039301,0.0006885760804877348,2.0,0.010339190490734482,0.007070152095261817,50,0.03176696300506589,0.0006032515923090898,2,0.00547454814878565,0.003930271700776468,100,0.07029961347579952,0.0011890407174922155,1,0.003124498233851535,0.001585259935003063,200,0.12887049913406368,0.0010733521076445687,1
FFM-1000-200-0.50-SAT-1,10000,0.3208463845888205,0.03448957739485814,30,0.4357151985168457,0.0158264272581308,1,0.2938252157170581,0.021386327714936433,50,0.6390008568763733,0.02924205892603328,1,0.2527983906725157,0.02102670592316847,100,1.251048457622528,0.08703000030101797,1,0.23761891912940922,0.007369616262227389,200,2.003082799911499,0.13883161464339386,1,0.414127729811464,0.04975356681184809,30.0,0.10769090652465815,0.005105422483614522,3.0,0.39573663276568627,0.04644409272475193,50,0.11744325160980221,0.0025947128722622675,3,0.37538001615213046,0.036470442381941956,100,0.1967747092247009,0.002045466577730795,2,0.3606384778853159,0.030755093097566515,200,0.3748261570930481,0.005095701365412882,2
FFM-125-25-0.50-SAT-1,10000,0.25077797920403216,0.027753347361913,30,0.3074555039405823,0.004462603682850774,1,0.23329061059742182,0.01996187517457197,50,0.5045304656028747,0.0070605220753379066,1,0.21581920906927152,0.004118173280536217,100,0.8350055575370788,0.1499689558821283,1,0.21316971723160977,0.004158220904728472,200,1.440350592136383,0.22959049874845439,1,0.3743248097136288,0.061636936607180566,30.0,0.044768083095550484,0.0008806369603491697,3.0,0.3528663352842134,0.05664236402872716,50,0.0669667840003967,0.0014591600508415267,3,0.3265335266112702,0.0453876016938553,100,0.20683910846710205,0.00578979368342719,2,0.31042088801169543,0.02720798574651118,200,0.21800091266632077,0.0014349256721109635,2
FFM-250-50-0.50-SAT-1,10000,0.38927122096578776,0.025657306070596495,30,0.5401210188865662,0.031257202966062866,1,0.3659449403127329,0.021907280331651898,50,0.3223717451095581,0.025367102656560787,1,0.34759012807387485,0.009839902737315933,100,0.5562885046005249,0.031229350072356603,1,0.3421271010680026,0.002587603800378906,200,0.9923334121704102,0.07062478945539537,1,0.4532787322193029,0.03850661169775135,30.0,0.03260698318481442,0.0004013138915094013,3.0,0.43539002367696245,0.0346797895876956,50,0.1139803886413574,0.009532193045019396,3,0.4171767658159517,0.036190890681049546,100,0.09213192462921141,0.03628540170712453,2,0.40195621793205405,0.025491305280613212,200,0.16853828430175777,0.002398908577897469,2
FFM-500-100-0.50-SAT-1,10000,0.3551227876496121,0.03568353556267761,30,0.5336000084877014,0.04602048083984539,1,0.3223612164799533,0.029559165999235158,50,0.3776816725730896,0.031588893800033886,1,0.28956076380768364,0.0206828766167963,100,0.7347076535224915,0.0568837030643161,1,0.2747575512150523,0.012632075310843585,200,1.3016345858573914,0.038230680392722184,1,0.4561509127476426,0.05848035200629947,30.0,0.038165414333343445,0.001339907898199091,3.0,0.4432987304715524,0.06076678707067177,50,0.05406128168106076,0.0004263528863486843,3,0.42795353751200615,0.054867675668552496,100,0.24983515739440917,0.009484516701128435,2,0.40520858627645795,0.040232345121302394,200,0.18338187932968136,0.0008981665033410595,2
FM-500-100-0.25-SAT-1,10000,0.35813320082705535,0.02193159592345305,30,0.5664219737052918,0.03394007066916904,1,0.33931803729603305,0.014783282747848018,50,0.37916812896728513,0.006690475967026835,1,0.3273082436042901,0.007184237465123456,100,0.7090908288955688,0.014068383472438585,1,0.3217532408863576,0.004182744466987407,200,1.4105603456497193,0.038634271971962404,1,0.43511026422647686,0.034109996179318036,30.0,0.035518324375152545,0.0002586726248656911,3.0,0.418955113993228,0.03439300433817481,50,0.054426622390747026,0.00032484104272492183,3,0.4048003496319449,0.028387988128796636,100,0.09887200593948361,0.002462667236703383,2,0.39029477941076873,0.024138592663333285,200,0.18901029825210566,0.002515007156459665,2
FM-500-100-0.50-SAT-1,10000,0.3577000265875545,0.03284405273908659,30,0.21960279941558833,0.004661960763041601,1,0.33677329088858715,0.024943345361421152,50,0.4447993278503418,0.041717151886915604,1,0.3050995107284983,0.013592995303022146,100,0.7480790138244628,0.026083000702174456,1,0.28491976640905836,0.020101892810989824,200,1.319897198677063,0.060910771069983265,1,0.43922854858329413,0.037629918203651254,30.0,0.04145337343215936,0.0017903392651937486,3.0,0.4194070124925987,0.03685676895036719,50,0.054098057746887175,0.00042451715401915405,3,0.40759281431540434,0.03155759358836458,100,0.09760271310806272,0.001228808043117442,2,0.39143202363164115,0.032472884028060145,200,0.1818355560302734,0.0007834262374319862,2
FM-500-100-0.75-SAT-1,10000,0.33542553879669057,0.04223291513587533,30,0.25279511213302613,0.011596341231546448,2,0.2958916971240175,0.033018840711154074,50,0.32868162393569944,0.01650087661513019,1,0.25848694834228986,0.015152833813275325,100,0.5908232212066651,0.024733345311876112,1,0.24760485636782698,0.002896709531187095,200,1.0251818776130677,0.04968750856976994,1,0.40730253703804725,0.041589324895458746,30.0,0.03444519042968745,0.0003499043351871611,4.0,0.399127798018403,0.03416003841809073,50,0.05351600646972652,0.000706866651797306,4,0.3814913244575836,0.040852839927736855,100,0.09243825674057005,0.0003989920742020636,3,0.36328083738547673,0.03212081516150427,200,0.22214838266372677,0.005958586052631112,2
FM-500-100-1.00-SAT-1,10000,0.3359516771845698,0.021905060461704855,30,0.23034532070159908,0.01184557935366412,1,0.3105402739789877,0.014476012348995175,50,0.6679219126701355,0.036104129476442495,1,0.2995285772354405,0.010993335171488032,100,0.6453234672546386,0.040766506033659757,1,0.29332443874990777,0.00451624508282782,200,1.217857265472412,0.07890255756266012,1,0.4187865858236711,0.050535994214204856,30.0,0.07046418190002439,0.0005918102033513691,3.0,0.3996318100793112,0.0403957377372223,50,0.11409721374511714,0.009602925518983417,3,0.3790807653646414,0.024234658439339377,100,0.09807120561599728,0.0022615002236437876,2,0.37179538612521235,0.017908363948420783,200,0.19630273580551147,0.005902700404473064,2
HSMGP_num,3456,0.013874995026512304,0.008526314358695322,30,0.14846624135971065,0.010480087553176925,1,0.009375125723927185,0.006891650686634714,50,0.2218836665153503,0.013455765580672747,1,0.006331517064942729,0.0060251375704669236,100,0.5425211429595947,0.038579132832584,1,0.0030756067825664446,0.004882125813081075,200,0.6862286806106568,0.09167855972227883,1,0.042130578522254866,0.01930781383397599,30.0,0.09987118244171139,0.001427443053379378,3.0,0.03329508654434499,0.015612775719430016,50,0.3245009660720825,0.016172927758201262,2,0.025103925615745204,0.014951854452782552,100,0.6207355499267578,0.0036640750119033057,2,0.01873116879012685,0.011294665603327652,200,0.8519786834716797,0.11327415201107735,1
HSQLDB,864,0.00613465189938858,0.008161686317355062,30,0.15176988840103145,0.013524463895206193,1,0.002973649607652175,0.002414996286952596,50,0.22215580940246576,0.013762504992858221,1,0.0017510793485907554,0.0004784748252001508,100,0.410249924659729,0.022413150575756182,1,0.00159315508973498,3.49567960056484e-05,200,0.6476086616516114,0.10833531006545982,1,0.020429095622050107,0.01584910601935427,30.0,0.021817636489868102,0.0011178531824522582,3.0,0.013732792841545294,0.011087305246248598,50,0.030884420871734576,0.001102764061144346,2,0.010777234785661779,0.008684497526783866,100,0.05077995061874384,0.0014357185678670087,2,0.005481506162711475,0.0054827201505921516,200,0.09631360769271846,0.001955353984456177,1
Health-ClosedIssues0000,10000,0.2588198978739998,0.1320836464885602,30,0.36187076568603516,0.02520378888943645,1,0.22752210629659841,0.1278340680375969,50,0.48989189863204957,0.06192521844072543,1,0.19219972406314406,0.09044029609492961,100,0.6917223930358887,0.08342274259798599,1,0.16047794848542157,0.04331941611130413,200,1.227154541015625,0.19257512444133204,1,0.39239758120031254,0.30003486900078497,30.0,0.44717293977737427,0.0039711697335946955,2.0,0.3297439466477055,0.2852327778385138,50,0.7640974521636963,0.017894757515681835,2,0.2612624954999611,0.23710036035877216,100,1.3392159938812256,0.007048297414734989,1,0.22320362540259228,0.1741624102092255,200,2.3690534114837645,0.20535688833184956,1
Health-ClosedIssues0001,10000,0.45565836292528655,0.013926539512743042,30,0.3724873423576355,0.033984364345689466,2,0.4527338969751174,0.01523564403901987,50,0.4818058371543884,0.05710950701840426,2,0.44847415381852773,0.014470009412601018,100,0.7281455397605896,0.08531349891510892,1,0.4452134759242362,0.01852806614882667,200,0.9914820671081543,0.18792054998266397,1,0.46250080158538803,0.011546799848135853,30.0,0.451663613319397,0.0073243402949612155,3.0,0.4529576520023963,0.018618329946142837,50,0.7412181615829467,0.004177130352211054,2,0.4469675189783147,0.02092012560220053,100,1.2551098108291625,0.15036812373472325,1,0.44614551199746133,0.020565369832284863,200,3.658580219745636,0.08566588407798735,1
Health-ClosedIssues0002,10000,0.17417322464732898,0.021881627647392984,30,0.37493215799331664,0.030299734092888563,1,0.16906768507980874,0.03054676894584777,50,0.5466165661811828,0.0572798613631606,1,0.1674466332962649,0.031122855801134535,100,0.774833369255066,0.1598423216174127,1,0.1644391708768713,0.033117982447363935,200,1.2265480518341065,0.30940441016287645,1,0.16976786088568405,0.032762489467610206,30.0,0.44056991338729856,0.005022830601342027,1.0,0.16976786088568405,0.032762489467610206,50,0.8613890647888184,0.07422045506417338,1,0.16460081038488703,0.038329526527313876,100,1.207357931137085,0.13337160831462305,1,0.15606368464708836,0.04285251872622236,200,2.349620008468628,0.1785168756601111,1
Health-ClosedIssues0003,10000,0.23982146947901586,0.040154186592414334,30,0.424686861038208,0.056666807357490946,2,0.22890868268945025,0.04257796678565227,50,0.5211819410324097,0.06461910217694801,1,0.20728513788458675,0.05192693889205292,100,0.7785302877426148,0.08473562274120697,1,0.2000564155534724,0.055203830006184125,200,1.1954952836036683,0.1311991257068031,1,0.2681149087387702,0.051629500851064235,30.0,0.40425771474838257,0.01925598646573167,3.0,0.25605266839560326,0.05000218748219461,50,0.7075291991233825,0.012059041506520114,3,0.2421734013667573,0.042222199736005966,100,1.5144141912460327,0.1353464977373803,2,0.22146515310152717,0.03515637902938911,200,2.8728686213493346,0.28209036033241025,1
Health-ClosedIssues0004,10000,0.2925302350081319,0.009015577515896912,30,0.33629956245422366,0.03725051916148048,1,0.29012099096427296,0.009532158324533415,50,0.5094651699066162,0.059387758302064546,1,0.28618979412801615,0.009342939416435842,100,0.7133351564407349,0.07728988324434939,1,0.28143518214327495,0.010084062251438937,200,1.1876645922660827,0.1258595849614424,1,0.3048266277300773,0.011233660257793961,30.0,0.5500890612602234,0.04647299339531962,3.0,0.3011500773719207,0.011090287882395683,50,0.6764901995658874,0.006435419353291091,3,0.2967962371712452,0.010444177713358172,100,1.2989588975906372,0.011630397666612433,2,0.2941006605937465,0.008802824469885537,200,2.896047079563141,0.25051709428616165,1
Health-ClosedIssues0005,10000,0.2405946151174115,0.004340563463358004,30,0.3385114908218384,0.029190960043620578,2,0.2385119676410244,0.005727504559291126,50,0.4917960286140442,0.06986272216513482,1,0.23618321729955918,0.007166833543916878,100,0.6849908351898193,0.07225565363511913,1,0.23389443658641623,0.00813628714603755,200,1.525670337677002,0.1578288325086669,1,0.24459797782508302,0.0024630059118757206,30.0,0.44446300268173217,0.0033871746549130116,3.0,0.24419271237248674,0.0022838171324791362,50,0.7810958504676819,0.009808069449218046,3,0.2431322135603733,0.0027512074797471455,100,1.2878016114234925,0.008305567580104466,3,0.2411038645415488,0.004581373410671099,200,2.757470405101776,0.235428226025171,2
Health-ClosedIssues0006,10000,0.11858097434637387,0.011751263053169198,30,0.3858893394470215,0.03226314309956979,2,0.11401550386672014,0.01051763124457369,50,0.5241938829421997,0.05867004579923783,1,0.10541411476166496,0.011952451437197458,100,0.673925232887268,0.07664069915203806,1,0.1021737448486627,0.01222479280750642,200,1.333925712108612,0.17394009952522316,1,0.1301671438734626,0.023015033909477872,30.0,0.6339717030525207,0.016065379859842726,2.0,0.12362018941531283,0.015393138882816133,50,0.7739185929298401,0.011950683832424876,2,0.11182072064582724,0.009529674825550885,100,1.4903780341148376,0.11305593035239662,1,0.10669047929542845,0.012292663866932523,200,2.8137315273284913,0.24095954002545575,1
Health-ClosedIssues0007,10000,0.5457349928129811,0.06420998094848367,30,0.32729804515838623,0.024321321011336532,2,0.524212352639156,0.08330999209418076,50,0.5699422240257264,0.057773146558409774,1,0.5034454948278959,0.09225264108503776,100,0.6647488117218018,0.085757959545254,1,0.48213263746395063,0.1018743664321455,200,1.5289925932884216,0.2515403543559516,1,0.5955258017837026,0.013200186319085606,30.0,0.4633789658546448,0.0027001804085230677,3.0,0.5883978266854781,0.019252429937584224,50,0.7634783983230591,0.0110664176461755,3,0.565641641509092,0.04338365993917432,100,1.3204979658126832,0.15073757389865303,2,0.559443969351028,0.04293880756316814,200,2.5324762940406798,0.22158790796557334,2
Health-ClosedIssues0008,10000,0.3113649753841637,0.07142041706605931,30,0.4834609627723694,0.04592404054165092,1,0.29070535489275245,0.06605766910801815,50,0.5918234586715698,0.062067125662191316,1,0.27525221981585973,0.0645465054105221,100,0.8618613243103027,0.09234522452560522,1,0.2690132363277674,0.06398064976795596,200,1.4884711146354674,0.1619109414721112,1,0.3882871035406007,0.11098773913883794,30.0,0.4752020359039307,0.029985543008373444,2.0,0.3694915031398802,0.10863654880214631,50,0.905545973777771,0.008737301083992103,2,0.33150526465632474,0.0927165683542439,100,1.0516370296478272,0.01160579167152652,2,0.2945465877484067,0.04579331856647779,200,3.9776915669441224,0.13686662177914366,1
Health-ClosedIssues0009,10000,0.38078045774294644,0.06948734764838918,30,0.4655707120895386,0.04372343324725625,2,0.3657319327003529,0.07013128513917376,50,0.6443840980529785,0.08829143621826892,2,0.35340132380264505,0.07339504214101462,100,1.0143664240837098,0.1256067979269361,2,0.32741012457463187,0.07053390372911941,200,1.4776697874069213,0.22073299295464432,1,0.3962425750834009,0.0692288566045094,30.0,0.5128263831138611,0.014164725083238322,2.0,0.35983258310172117,0.08345233739777183,50,0.9593010902404785,0.0066855987741874295,2,0.34166967113625235,0.08174219464093835,100,2.0393112182617186,0.01649717007542331,1,0.3220403337732718,0.07545618171623224,200,3.873957574367523,0.054296124879687546,1
Health-ClosedIssues0010,10000,0.4855770545685688,0.007079004401235799,30,0.4736698269844055,0.051580463330164056,2,0.4822927584491513,0.009967633791100031,50,0.6751392483711243,0.08836075279050394,1,0.47806902211143,0.010460738700287962,100,0.778400993347168,0.07818651597643989,1,0.4762059198295997,0.010873533699643795,200,1.5286200642585754,0.15569515331457515,1,0.49202201328961326,0.007986510509502831,30.0,0.626831591129303,0.022291767542179618,3.0,0.4895057384150835,0.0070232359393860785,50,0.9412220358848572,0.005840249062145515,3,0.4887833575112371,0.006580197685245227,100,1.9427852392196656,0.007065043461676182,3,0.4862896157439649,0.005689852946571929,200,3.7878212332725525,0.017678494419582427,2
Health-ClosedIssues0011,10000,0.05692358489770409,0.05751394282410382,30,0.3984596848487854,0.03455929352203897,1,0.047240113737716305,0.057661567564920954,50,0.6031873226165771,0.06126417716312134,1,0.030191913157581723,0.03547944605933221,100,0.9187061786651611,0.09999260744872787,1,0.021900747296331534,0.034232494655788225,200,1.3623638510704041,0.13699271163287322,1,0.20317306060211618,0.10792300244969368,30.0,0.3104604005813599,0.0024706496551125715,2.0,0.15228303982076813,0.11655031607514721,50,0.513315224647522,0.005671610625314026,2,0.08103522881074046,0.053873358788676086,100,1.9452417969703675,0.04924821291139161,1,0.06685641544431424,0.04506054307459319,200,3.8247292280197143,0.09139139914666078,1
Health-ClosedPRs0000,10000,0.0,0.0,30,0.30722029209136964,0.02295798486093568,1,0.0,0.0,50,0.537055778503418,0.03641687276997553,1,0.0,0.0,100,0.6324253559112549,0.11176191513756499,1,0.0,0.0,200,1.5574162483215332,0.11948060262208375,1,0.0,0.0,30.0,0.29920837879180906,0.0015571630074574017,1.0,0.0,0.0,50,0.6110100626945496,0.003310947088832429,1,0.0,0.0,100,1.1650746941566468,0.00372394373758268,1,0.0,0.0,200,2.692228078842163,0.0666577775234565,1
Health-ClosedPRs0002,10000,0.02112422895040175,1.9059202359400131e-16,30,0.40278284549713134,0.03380318377063775,1,0.02112422895040175,1.9059202359400131e-16,50,0.6014116644859314,0.05100262169632658,1,0.02112422895040175,1.9059202359400131e-16,100,1.0989955425262452,0.09259869899237261,1,0.02112422895040175,1.9059202359400131e-16,200,1.838417410850525,0.19666580863135297,1,0.026234549198898015,0.02305025311610128,30.0,0.4931262254714966,0.00886611274623202,1.0,0.021082708005954683,0.00018568730854727085,50,0.7918598055839539,0.01063604480783893,1,0.02105707032129263,0.0002130364747330458,100,1.6877622127532959,0.07282076081477233,1,0.020980733777320175,0.0003887633406308992,200,3.289360558986664,0.17161381997359007,1
Health-ClosedPRs0003,10000,0.08308326937186843,4.53772609952458e-05,30,0.41014963388442993,0.039814481621795884,1,0.08308326937186843,4.53772609952458e-05,50,0.5883273363113404,0.06131571950106655,1,0.083060942499445,0.0001452260699227354,100,1.1306310892105103,0.1759025706622295,1,0.08305548708011541,0.00014563506010637135,200,1.427949321269989,0.2725720129952648,1,0.08310127157346604,3.513103203846026e-05,30.0,0.6043924689292908,0.003122545268385112,1.0,0.08309341603589027,1.7467336633972114e-16,50,0.9901994347572327,0.01586547471980586,1,0.08307102184422799,0.00010014986971597969,100,1.2497558832168578,0.15498405904861406,1,0.08307102184422796,0.00010014986971597478,200,1.8765312910079956,0.26159046255179746,1
Health-ClosedPRs0004,10000,0.45448345207971175,0.14061321658989973,30,0.4425928592681885,0.042604161890672114,1,0.4187102244274345,0.1231654837280652,50,0.5879401564598083,0.0657653193095747,1,0.3805519965546347,0.12383792375669742,100,0.7003317713737488,0.1132369922194632,1,0.36903727084700666,0.11851237791307284,200,1.0956770300865173,0.15727573118469998,1,0.5950727574203107,0.12939874195849901,30.0,0.5418385028839111,0.021632910895245848,2.0,0.5576805538926134,0.1388640526316874,50,0.7848991513252258,0.013290320081381615,2,0.43677439539756513,0.12603238956172985,100,1.6411295533180237,0.08562196053994388,1,0.40985863510610854,0.09839008385468805,200,3.379013442993164,0.19416283038484847,1
Health-ClosedPRs0005,10000,0.00323215985515165,0.004815842210698839,30,0.46730221509933473,0.04149083269804078,1,0.0020671604998551882,0.004388337041470428,50,0.56456059217453,0.08775864923027275,1,0.001130268499831722,0.0026851280133024353,100,0.8195247888565064,0.11926713400635595,1,0.00079831620415775,0.001871587031700258,200,1.375444734096527,0.1803762639315084,1,0.020747544522945218,0.021078970087511008,30.0,0.575919246673584,0.02604910634852504,2.0,0.017322857392157363,0.02020104619902332,50,0.8989229321479797,0.02589586792269903,2,0.008702770478906583,0.013876686110711228,100,1.4359399557113648,0.018875529826471157,1,0.0031141240344065776,0.003671738380338417,200,2.9392090797424317,0.11944765938935084,1
Health-ClosedPRs0006,10000,0.4173123216823596,0.14271341616364472,30,0.38938751220703127,0.03333486929519147,1,0.373164668935595,0.1787315256716238,50,0.4487565040588379,0.05462934115555678,1,0.31841910350866426,0.19763994857855363,100,0.6953772902488708,0.10296566420849877,1,0.255924739939029,0.18277843302337107,200,1.1706446051597594,0.19617919207887233,1,0.5349152132207899,0.0956436278836234,30.0,0.43027193546295167,0.013252377111555334,2.0,0.4986360756653753,0.13730699660583362,50,0.69156973361969,0.021058902238848452,2,0.40552926779888576,0.16519333539899783,100,1.4774044394493102,0.014086516618063014,1,0.3716185114765108,0.1469682434712193,200,3.662136161327362,0.07816467157964933,1
Health-ClosedPRs0007,10000,0.16089479793300382,0.11693647407004715,30,0.36205599308013914,0.03563557587132347,1,0.1420375642979245,0.11853285779538666,50,0.3354195594787598,0.04595620503525435,1,0.12070258560627334,0.11267828673300503,100,0.5028701305389405,0.07382177612708868,1,0.10126049163178852,0.10769385211860917,200,1.3867536425590514,0.18434527315794613,1,0.3157284695886201,0.13466415339395368,30.0,0.4227375626564026,0.010408325287517827,2.0,0.2654275049344696,0.14817849132888988,50,0.498585844039917,0.0077713329138651395,2,0.18612338882704532,0.1198227680951487,100,1.3897778153419496,0.026164145190216315,1,0.1482168146123642,0.10477729269283048,200,2.7148586750030517,0.15031406314671458,1
Health-ClosedPRs0008,10000,0.6804556814035181,0.11672683480134415,30,0.35084607601165774,0.04527806258325649,2,0.6475438981529955,0.10316882173383857,50,0.5024765133857727,0.06781581891341174,2,0.5695723056201712,0.17492344152143532,100,0.812368643283844,0.10687465441857899,1,0.5062660369824811,0.2017599982627211,200,1.0165672063827516,0.15017129901923387,1,0.7367349978183217,0.12302469181876396,30.0,0.31711325645446775,0.018157726475079253,3.0,0.6959699902119442,0.12318325403722569,50,0.8504608154296875,0.03486485910462478,3,0.6661586377725147,0.12471067268867005,100,1.372264301776886,0.051275309338967415,2,0.6367977049688163,0.11117338825334734,200,2.7638718485832214,0.1863791695194061,2
Health-ClosedPRs0009,10000,0.5804387788965306,0.13402141071668136,30,0.36656365394592283,0.025433190541023897,2,0.5599624906135323,0.1454042159800407,50,0.4933371663093567,0.050974357131568046,2,0.5164829062130264,0.16042776833685418,100,0.6976747632026672,0.06272771435896907,1,0.49033866625274225,0.1704976542823112,200,0.7775445342063904,0.08930217667775625,1,0.6268665627776404,0.09566424563472074,30.0,0.5115943789482117,0.0117436391520738,2.0,0.5687385866154006,0.1441293281758512,50,0.8595587015151978,0.03287976935741259,2,0.5237498837074283,0.15560397463510578,100,1.2143970131874084,0.1313152566679455,1,0.48910127143394755,0.1315528067663015,200,3.768064248561859,0.15880359714453743,1
Health-ClosedPRs0010,10000,0.46179728081748916,0.10349040098520479,30,0.3683691143989563,0.0350601899293827,2,0.44474877548428776,0.11480857937526254,50,0.521983802318573,0.07592541912433855,2,0.4072130411426844,0.13257997912483352,100,0.7225274801254272,0.10155644851428468,1,0.3851992412210279,0.1381041559249868,200,1.302058219909668,0.24019442492615178,1,0.49880355277821237,0.10518355624569953,30.0,0.44592554569244386,0.002932823884092229,2.0,0.4817745249757321,0.11316915777393143,50,0.7242490530014039,0.11777028414283795,2,0.4565507612087275,0.11529346411525854,100,1.648918616771698,0.06462158214817738,2,0.4313341092832942,0.10642514829895514,200,2.414090871810913,0.2160190529486789,1
Health-ClosedPRs0011,10000,0.0,0.0,30,0.339924693107605,0.023962502037355532,1,0.0,0.0,50,0.6055276274681092,0.050282892664561214,1,0.0,0.0,100,0.9427435874938965,0.13046574209902603,1,0.0,0.0,200,1.6604655742645265,0.2509362504644289,1,0.00148827148569741,0.00665575242198803,30.0,0.2997381329536438,0.001511213564085257,1.0,0.0,0.0,50,0.5051731109619141,0.0023089597278784166,1,0.0,0.0,100,1.8487574577331543,0.0864896267282327,1,0.0,0.0,200,1.5398890137672425,0.2667090751872675,1
Health-Commits0000,10000,0.2607784692978585,0.10041754553847601,30,0.34169195890426635,0.027399745895720938,1,0.24964546801210674,0.0962676896876049,50,0.44949541091918943,0.05258113760317919,1,0.20636539995987505,0.0806337083765342,100,0.5176278233528138,0.06402439705070553,1,0.16248456703071304,0.073698974076075,200,1.2185954332351685,0.14899912688950248,1,0.5058979046318932,0.3370728580475953,30.0,0.3961210012435913,0.007888134501129839,2.0,0.3852074958986999,0.2795375137445027,50,1.066865360736847,0.03645881630081974,2,0.27548529587022946,0.1679142203026051,100,1.6162166833877563,0.05964731967335368,1,0.21123091913152642,0.047176926193382825,200,1.5997165441513062,0.25407299823346835,1
Health-Commits0001,10000,0.16494817947313994,0.00011703318580429014,30,0.36868287324905397,0.029029479718378732,1,0.16473614980632226,0.0008768793557572816,50,0.33631694316864014,0.03307891004594283,1,0.1647349623083564,0.0008765543139278962,100,0.5250827074050903,0.04583949803626815,1,0.16473496230835638,0.0008765543139278896,200,0.8017682194709778,0.10448993008149308,1,0.16834998082701605,0.01416319372472567,30.0,0.34637677669525146,0.014271228769738974,2.0,0.16580142676894954,0.002949019234621792,50,0.6714063167572022,0.004017764303536549,1,0.1649883109589853,0.0002540323814367996,100,1.0273815393447876,0.007286845391710658,1,0.16493954421821141,0.00013646993209610422,200,1.573031771183014,0.28645393421472376,1
Health-Commits0002,10000,0.47883846542375147,0.0731319591675455,30,0.2596988081932068,0.01973432996375715,2,0.4659127964542066,0.0887722544377039,50,0.5261744976043701,0.053736738770429726,2,0.45785603058639734,0.1038059534874523,100,0.8874703407287597,0.12356356212414459,2,0.4497044959990598,0.11011997112517057,200,1.6813711404800415,0.31713112104890506,2,0.477229025825598,0.0773950468648795,30.0,0.29946871995925906,0.003808414233936122,2.0,0.4682114462794907,0.0844912533398376,50,0.508849561214447,0.005624352453048363,2,0.4304856130348698,0.11371454072548,100,1.5334878325462342,0.12275276075651322,1,0.42227980260025816,0.11319183065002292,200,2.768948531150818,0.32422437921509734,1
Health-Commits0003,10000,0.3783903721957213,0.04963193848923369,30,0.25525790452957153,0.020378403025711627,2,0.3663683747809095,0.0459428191052568,50,0.34374178647994996,0.03772747636652223,2,0.32698543631374727,0.05294265244815842,100,0.7740649461746216,0.1016222152016387,1,0.3085258616910855,0.05226025655061915,200,1.0575012922286988,0.11414868348914615,1,0.4238826841026513,0.04134502994406206,30.0,0.5000810503959656,0.006666215660387811,3.0,0.40473685900910494,0.03966087878000797,50,0.5238504767417907,0.0044312465649616935,3,0.3849751971058723,0.04078569194975665,100,1.002161169052124,0.01662405778070559,2,0.3664978879721135,0.03038251746634388,200,2.350684976577759,0.2039719685297935,2
Health-Commits0004,10000,0.22576106968639062,0.002092712201975418,30,0.40503391027450564,0.042800894102203155,1,0.22558683257038545,0.0020643618116724218,50,0.669797158241272,0.086259575332243,1,0.22535082258177605,0.002066525973465553,100,0.49072039127349854,0.054162069578628874,1,0.22520182919849613,0.0021376605229991835,200,0.7866684913635253,0.07919543592704972,1,0.2286313357090901,0.0070266097187866704,30.0,0.49107019901275634,0.004610290079390018,2.0,0.22616118815582933,0.003150884375351191,50,0.534254503250122,0.003518658146004124,1,0.2256086429396753,0.0034911975193370527,100,1.2438999891281128,0.15256142347656657,1,0.22548768528278096,0.0034370061875716473,200,1.626929271221161,0.3183959127636458,1
Health-Commits0005,10000,0.23338975304580858,0.08141796640234387,30,0.38888121843338014,0.03773180166445852,1,0.1954841507856639,0.022251349867720236,50,0.5227438926696777,0.07889640799426817,1,0.1856713555075556,0.02227856552439087,100,0.7948144555091858,0.11017821908036209,1,0.177852771936997,0.020526893358183328,200,1.1384329080581665,0.1276696728073492,1,0.3379070204953788,0.12026293476437598,30.0,0.3066041350364685,0.003236359277969951,2.0,0.3061613607305088,0.09981267029567162,50,0.5583760857582092,0.01231308351348445,2,0.26842666035976814,0.08852507232691904,100,1.046045732498169,0.008461093884653804,2,0.2314854754149442,0.056777045606033194,200,1.8829109907150268,0.26462902443072833,1
Health-Commits0006,10000,0.29682116794387825,0.015061114957638644,30,0.3523368716239929,0.03768865256799353,3,0.29179653253579424,0.016263668231630404,50,0.36629310846328733,0.05474503235896985,2,0.2808691937953892,0.025058047360923517,100,0.5292418956756592,0.06418177532361864,1,0.27177720857708226,0.025725735422261052,200,0.7964710116386413,0.07771069262572558,1,0.3033647478295923,0.02061743647075552,30.0,0.3096373677253723,0.0013154360594965773,3.0,0.29932470455190024,0.019513551810594203,50,0.49938535690307617,0.006058145244548902,3,0.2908886490523251,0.021035712712927066,100,1.0355003118515014,0.006681087934255418,2,0.2852869580016374,0.020139277927479066,200,4.163943946361542,0.07663761703662345,1
Health-Commits0007,10000,0.2523585919146403,0.07616110876051048,30,0.2546120762825012,0.021072313898469475,1,0.24358954647451272,0.07031000902454225,50,0.6256483435630799,0.07693057261021705,1,0.2253614741845646,0.06273579847756895,100,0.9430348753929139,0.13669232061545186,1,0.21885095909951469,0.06322328766189136,200,0.7833952903747559,0.08928388467935862,1,0.31801626005211736,0.13033084404415152,30.0,0.31355772018432615,0.0037298596235784396,2.0,0.2732584596270441,0.10866295938464485,50,0.5046947360038757,0.004065192138577144,2,0.22649461113055333,0.03830781833783927,100,1.0007418036460876,0.006587755103464096,1,0.21875654115556623,0.028522083035712825,200,2.8645995974540712,0.36322921545595377,1
Health-Commits0008,10000,0.38868108796184037,0.024964753049949426,30,0.49957784414291384,0.052887909352774265,2,0.37723940524668065,0.03041261861626211,50,0.5464376211166382,0.07252236493339187,1,0.3665742053236539,0.032671661905915174,100,0.502273416519165,0.060600480678599064,1,0.3604753339656681,0.03601839340067042,200,0.7437828660011292,0.10243961249278125,1,0.40201740973262445,0.03675433039400623,30.0,0.4431466817855835,0.00513546430477752,2.0,0.38714149978446627,0.040021428512608405,50,0.6799350380897522,0.01656336662225856,2,0.37796902591037024,0.037145061993480846,100,1.0721246004104614,0.018797617611047385,1,0.37522478693081707,0.03515096128704451,200,2.4231557607650758,0.19359472174225484,1
Health-Commits0009,10000,0.13840237108808492,0.005371115520022319,30,0.38547390699386597,0.032454851947416985,2,0.1355348272326382,0.005819817984468303,50,0.3724146127700806,0.044104848180740334,1,0.13175851148290632,0.0070241869315977225,100,0.916047191619873,0.07776888843726941,1,0.12964767174006997,0.00712013908025235,200,0.8189296841621398,0.06812130398300505,1,0.14744516026177618,0.01164527399094179,30.0,0.46325887441635133,0.02986898545190505,3.0,0.14276872541705948,0.009272086184731665,50,0.7431037306785584,0.19577536243753324,2,0.1392215168073019,0.010992993886494388,100,2.132571589946747,0.08987935740230933,2,0.13600396358669242,0.007200912068276962,200,4.102873086929321,0.02755912716678177,1
Health-Commits0010,10000,0.3077262957047731,0.021287655691731133,30,0.5201280951499939,0.04653951198989069,2,0.3031816680300709,0.02203605072984415,50,0.4808863639831543,0.058676929640822745,1,0.29989653747779244,0.02363627158423397,100,0.7894100546836853,0.08049407575243271,1,0.29548170117831957,0.024864654609899832,200,1.4048534750938415,0.17572964228150412,1,0.31992122371036047,0.022271146249847187,30.0,0.4930391192436218,0.010955013041517794,2.0,0.3150867795410177,0.019530375098515386,50,0.7790226459503173,0.0414963872740784,2,0.30901937206910846,0.020057155213254012,100,1.3946545839309692,0.17565735072043848,2,0.2976309200751234,0.015155091266353104,200,2.5337871432304384,0.2276428453900036,1
Health-Commits0011,10000,0.060133200569216186,0.06624195112683705,30,0.36357357501983645,0.039872417956370754,1,0.050249722349688275,0.05909885325900729,50,0.4987256288528442,0.07713090072098197,1,0.034069053322253344,0.04749362245346199,100,0.7376489400863647,0.09300709671675242,1,0.025568368403176955,0.0356781669133888,200,1.0762908935546875,0.11145857163051723,1,0.18665577399020622,0.09150627892586738,30.0,0.5410227298736572,0.024768665951123994,2.0,0.1446289692992841,0.10798728342964649,50,0.7476195573806763,0.05447961844098849,2,0.06465998296161157,0.07035513195816125,100,0.9967056155204773,0.008864041543482635,1,0.048536076127874125,0.04290000713079547,200,1.6970037579536439,0.34419875301593283,1
LLVM,1024,0.07245909534433033,0.06361230490132404,30,0.15367277860641476,0.01535452704414182,1,0.04711786518839344,0.005931852388250579,50,0.16624416112899779,0.017618691833777473,1,0.04217794454095022,0.002386951913822074,100,0.2985353708267212,0.028284254928897336,1,0.04144539584028979,0.0018629333878763226,200,0.28767675161361694,0.023912769446996492,1,0.2215133403234173,0.1408734861803147,30.0,0.02042180299758907,0.00026515174437591376,2.0,0.18822004484751795,0.11830729026546506,50,0.03154802322387692,0.0026988845188645975,2,0.14624731144459688,0.08017071578503449,100,0.04969198703765865,0.0031566415583602777,2,0.109284619921688,0.07329727561024342,200,0.10694196224212642,0.005662642006155296,1
PostgreSQL,19008,0.02013332293921762,0.0004882107822447666,30,0.1711315274238586,0.013616690454942206,1,0.019890122100750408,0.0003239249894318183,50,0.24408749341964717,0.02448107092751096,1,0.019843250824910737,0.0003341769782926831,100,0.21274969577789302,0.028861671875861306,1,0.019815857744543527,0.00032855056504973263,200,0.6671245932579041,0.09148183008800335,1,0.021413557972529904,0.0010750728930730234,30.0,0.22544418573379513,0.015989137895440354,2.0,0.021006069647869507,0.000738171228996764,50,0.2533866047859192,0.006471725890761095,2,0.020514794235463756,0.0005184974930518645,100,0.6437719583511352,0.004193930909294271,1,0.02026121360275471,0.00041756690317971235,200,0.6777360081672669,0.017215020787259526,1
SQL_AllMeasurements,4653,0.2958715628595297,0.05235270479822296,30,0.13923026323318477,0.0030500946617375013,1,0.2654479725650333,0.04593131017564234,50,0.16609539985656735,0.001819309955436146,1,0.2356709333278638,0.034077198431809085,100,0.6262569069862366,0.0072272819587970785,1,0.2090703413346376,0.01747456569083641,200,1.3303794145584107,0.007919188199954979,1,0.3991948626660633,0.06594837371647777,30.0,0.026871705055236766,0.00038660818922601483,3.0,0.3663947127070908,0.055783929858169795,50,0.03632187843322749,0.0018841511763238036,3,0.34649689741728046,0.034974400435677955,100,0.06940013170242305,0.0023417178201450076,2,0.31497050381155745,0.03865401899119544,200,0.14595156908035273,0.004978186602978278,2
SS-A,1343,0.4470021728226155,0.2410302394587213,30,0.18026871681213374,0.02450152465528913,2,0.44353096482911997,0.24523540308942893,50,0.47382029294967654,0.0559604681870216,2,0.43591288309633314,0.253910660812596,100,0.30521851778030396,0.03379910225438197,2,0.4043531348029969,0.26660664614696156,200,0.5057499289512635,0.061136711949327384,2,0.43373610772032567,0.3051934757400804,30.0,0.2479523658752441,0.011676356495209254,2.0,0.3762533241657974,0.31849285736037575,50,0.4446692824363708,0.02387600887868143,2,0.284577157790173,0.30180410166238236,100,0.9662572741508484,0.09149649754922018,1,0.1787960929839148,0.25540032079698466,200,1.3360989689826965,0.20873713892066603,1
SS-B,206,0.2523878380549205,0.0951791299637478,30,0.12918224334716794,0.018341804895722017,2,0.23325010610459146,0.09845406085427288,50,0.19096685647964476,0.029533745585608385,2,0.1839769319995072,0.06374634174520273,100,0.24874491691589357,0.04901570547291501,1,0.15063411361572307,0.021520663034422318,200,0.42885431051254275,0.10363609475885349,1,0.2724658252289835,0.15448820762722856,30.0,0.2917005181312561,0.056181708942992896,2.0,0.1837543489415099,0.10276048029469681,50,0.25227305889129636,0.04903154137616502,1,0.15652429364115777,0.0646599660078,100,0.5336320519447326,0.10255386163852609,1,0.13947165029245356,0.004404146962280284,200,0.836188805103302,0.19665458347639306,1
SS-C,1512,0.5157347292513601,0.2127387277253219,30,0.13182853460311889,0.014043932360783452,2,0.42611684565910374,0.2684194612568428,50,0.22723511457443238,0.023671111473647692,2,0.3345015254412397,0.289301481558401,100,0.3455704808235168,0.044802472088190166,1,0.30851545500859806,0.29196849305903927,200,0.27245631217956545,0.040605879890519524,1,0.4779192248534138,0.319865675011648,30.0,0.3044732570648193,0.031892580458398954,2.0,0.3953521067909556,0.3360322412841073,50,0.45400550365448,0.044929856818968814,2,0.33882584697367246,0.3000807220967869,100,0.8819479465484619,0.13834475380830127,1,0.18345624141374178,0.20294080392429556,200,1.0548837661743165,0.1971349032362602,1
SS-D,196,0.4510422692758592,0.009187260214517106,30,0.1639505863189697,0.015046224725882235,2,0.450852997206864,0.009047969776194958,50,0.20987721681594845,0.024478242243840393,2,0.4506404098568876,0.008984450483723082,100,0.29931843280792236,0.0357705060064824,2,0.4493742374434165,0.013495628843631771,200,0.4100960612297058,0.049964639888143106,2,0.45174807875827055,0.011942867475440943,30.0,0.1967190504074096,0.008965546587107952,2.0,0.4500958899782785,0.015581913823500883,50,0.48820831775665285,0.022077525388317042,2,0.44392939591501646,0.024603595274603884,100,0.9610310554504394,0.09004500126803104,2,0.4323114411661506,0.029966053304171823,200,1.6999236583709716,0.08773546198027972,1
SS-E,756,0.1842578676167461,0.04310842691414772,30,0.17143887281417844,0.026337779766896715,1,0.17612771991416556,0.040145979512803555,50,0.20159833431243893,0.03152202153408409,1,0.17048859509195058,0.036031576204962244,100,0.32806156873703,0.05117583456734802,1,0.15681101496989577,0.010909333534058914,200,0.5699116349220276,0.07004859637115636,1,0.2181956123202443,0.07568292401809232,30.0,0.22980502843856807,0.011346198320616023,2.0,0.1962267992387076,0.06842214937534931,50,0.7114694595336915,0.06248921733801384,2,0.17585638030079087,0.055216618210473745,100,0.6192966222763061,0.043676115701057915,1,0.17336501604075258,0.053339051401064846,200,1.7588985323905946,0.17155723855118346,1
SS-F,196,0.44607142153283597,0.01897006288828123,30,0.18564532995223995,0.021165040810596922,2,0.44600450267099667,0.018851640282161904,50,0.19775644540786738,0.02778158096280902,2,0.44410058989133105,0.01840724968515377,100,0.26939462423324584,0.03258512653443246,2,0.442300565454911,0.020695683087367966,200,0.46715894937515257,0.057489342194604,2,0.4543223136929167,0.02163676979183596,30.0,0.19749549627304072,0.007983665793802322,3.0,0.45161153198060866,0.01870665650953193,50,0.34530723094940186,0.011528696915012952,3,0.44210166667336515,0.02495861105371319,100,0.8958318114280701,0.09544856960302554,2,0.43160040237957753,0.025002482083460096,200,1.0640051245689393,0.22403635903873703,1
SS-G,196,0.4469692081575921,0.018786937550069462,30,0.16132290363311763,0.022382126298273144,1,0.4454296329833203,0.016604646556308993,50,0.23581163883209225,0.03497305738366874,1,0.44437766753168767,0.016053492214892502,100,0.38800802230834963,0.05532072320837549,1,0.4432311145934619,0.018727440432697116,200,0.4107197403907776,0.047569116884708586,1,0.4540739312075236,0.023523869121766832,30.0,0.1925952076911926,0.007466522592935259,2.0,0.4496796732667375,0.0203776624757472,50,0.32104724645614624,0.013307841474333192,2,0.44621796831500926,0.013612640990953374,100,1.013611114025116,0.08714747184100907,1,0.4422027351787162,0.017977557025688675,200,1.8486148715019226,0.14012346210617255,1
SS-H,259,0.5682151294800042,0.16297782347185544,30,0.1897943258285522,0.027285540337797398,2,0.5299812660669497,0.19705787819098533,50,0.2440139889717102,0.039888729083329535,2,0.41735096560535406,0.21920248360229586,100,0.3973452687263489,0.06447260833441903,1,0.31253836810068736,0.16592226778557526,200,0.42998204231262205,0.08452881196971096,1,0.571241335012033,0.21926999151013243,30.0,0.18925906419754024,0.01966866550746271,2.0,0.5115798965534918,0.23253535028303668,50,0.28424596786499023,0.026692401094693723,2,0.43980525320391506,0.2043643636118602,100,1.033281648159027,0.08666866714769832,1,0.3926600455843851,0.17016746304433752,200,1.1413068175315857,0.12737773137865752,1
SS-I,1080,0.12649593482497717,0.11579670957909047,30,0.16054915189743038,0.013054353144231553,1,0.10633415631033234,0.11386113752688443,50,0.22789664268493653,0.03035667276234878,1,0.09507351227970902,0.11139165305137966,100,0.5454272031784058,0.06915906807273525,1,0.09492247451277076,0.11138215104978891,200,0.9624838471412659,0.12754079876280902,1,0.2176743296160995,0.10628006826672191,30.0,0.3262881517410278,0.008606652184581952,2.0,0.20301995831576938,0.10987047207378861,50,0.3293323516845703,0.0036114031352041933,2,0.19059217064105977,0.09902224895917341,100,0.7342895984649658,0.04184653443456489,2,0.10614795781798694,0.08878965264981399,200,2.5950718998908995,0.10223296436523743,1
SS-J,3840,0.09125563300930507,0.046041011351562994,30,0.17265840768814084,0.012885423467812303,1,0.0842686976305114,0.034617103999133834,50,0.25453479290008546,0.022487839847872372,1,0.0747265722787104,0.004717534945183038,100,0.41407859325408936,0.037551606025971664,1,0.07437235237476354,0.004517049967593939,200,0.7672723650932312,0.07760949675306962,1,0.12760028897251466,0.08076445402196213,30.0,0.19986169338226314,0.0019332230805777751,2.0,0.11967243507060552,0.08328687820130583,50,0.3420014619827271,0.0027455212023606897,2,0.09167636052844268,0.05171473845392664,100,1.01693913936615,0.014324290651436585,1,0.07785642070856538,0.00790299997911682,200,1.4227020859718322,0.014373390071092364,1
SS-K,2880,0.11935520810482628,0.049644882493763136,30,0.16650699377059935,0.017471830735690613,2,0.11091544242231792,0.0529114441563098,50,0.24221509695053095,0.02730109866846391,1,0.1044404081717853,0.0521750071707786,100,0.37451082468032837,0.048746245493337,1,0.09233684162809538,0.032247401302979366,200,1.1632026433944702,0.16300088067108784,1,0.1347014144409177,0.07086982668210033,30.0,0.3745535731315613,0.020530137327726385,2.0,0.11887856010639108,0.06357294165740575,50,0.39795392751693726,0.030162887370597923,2,0.10129736750523788,0.026878356094259495,100,1.1827271699905395,0.05698677353107455,1,0.09756170568637404,0.027127694771789522,200,1.8898492932319642,0.0792948549526514,1
SS-L,1023,0.19935584285117883,0.0611412555145964,30,0.16953631639480587,0.015040495724726734,1,0.175254119711153,0.006380058903556985,50,0.3632437944412231,0.03532340787470607,1,0.17040399849620685,0.002369962287618877,100,0.3941378593444824,0.04174929989683011,1,0.16943209167917148,0.00134152618839352,200,1.031738269329071,0.09814141058030716,1,0.4423197472839777,0.14112341089723637,30.0,0.028138530254363976,0.0003294094913988222,3.0,0.38407145448265323,0.14463787523836477,50,0.04084558486938472,0.002962340018997849,3,0.31741704599616644,0.12907929453320952,100,0.10340456962585447,0.004597868410546768,2,0.2513991281845789,0.11215782779639465,200,0.2080567598342895,0.00568345871764258,1
SS-M,864,0.006737944027396821,0.003119640098277362,30,0.289224648475647,0.016344714319045998,1,0.004338880216551045,0.0007243659171247906,50,0.45151978731155396,0.02438047986594672,1,0.00374987279578069,0.0003788166356803582,100,0.859848141670227,0.04586650145711259,1,0.00343766558335806,0.00014860689475345115,200,1.2813666701316833,0.29858839689095257,1,0.04188036639154858,0.030464144870445783,30.0,0.07735978364944454,0.00040327590246773247,3.0,0.028466663443463203,0.021856125815475597,50,0.06296867132186885,0.0008218185266624006,2,0.022951428718856748,0.019086279020722373,100,0.10335975885391231,0.0006821021834089689,2,0.011139527308856974,0.012334979695498191,200,0.43263815641403197,0.01265307077331102,1
SS-N,53662,0.16276290466272705,0.02394385815273357,30,0.1943796634674072,0.00914534431404766,1,0.15641943299823308,0.01996233310313532,50,0.36809598207473754,0.02495441469993067,1,0.13976047273743525,0.016476835457730633,100,0.6556843757629395,0.024642804274870773,1,0.13336883466044486,0.018302667602970574,200,1.299950325489044,0.036353263032112726,1,0.18805314945753093,0.04374934450935782,30.0,0.26777822971343995,0.03504485543761793,2.0,0.17451220400057507,0.028897620540329304,50,0.35738195180892945,0.0030786428318772606,2,0.16086713052483106,0.023928101816315085,100,0.6969502091407775,0.006607960806160788,1,0.15438225247671084,0.019655470935535962,200,1.4344682335853576,0.03929245449339768,1
SS-O,972,0.20091250913883832,0.029956228066144598,30,0.18856859207153318,0.011325537084645867,1,0.19826597618577274,0.03072965875225198,50,0.3947836995124817,0.029673454367107152,1,0.19657281284212133,0.031283701063009026,100,0.7182798504829406,0.07428325899117233,1,0.19145649475187748,0.02372001795735299,200,1.2900646686553956,0.11669515376535038,1,0.25834109927594323,0.056208071967751856,30.0,0.2966361403465271,0.007269573339740772,3.0,0.23487838038563508,0.04653556447493747,50,0.5606977343559265,0.008710504494380643,2,0.22173262411624822,0.03659260810920675,100,0.8642348170280456,0.009232223884432955,2,0.19873762688339439,0.010189262486273476,200,2.032166314125061,0.12944587981785463,1
SS-P,1023,0.19935584285117883,0.0611412555145964,30,0.25545421838760374,0.020984003928138175,1,0.175254119711153,0.006380058903556985,50,0.2748376727104187,0.029762645126772482,1,0.17040399849620685,0.002369962287618877,100,0.377402663230896,0.03998716382913829,1,0.16943209167917148,0.00134152618839352,200,0.8189235806465149,0.0787291149831507,1,0.4423197472839777,0.14112341089723637,30.0,0.048660826683044396,0.0004092362266028255,3.0,0.38407145448265323,0.14463787523836477,50,0.07467751502990719,0.005478736053725978,3,0.31741704599616644,0.12907929453320952,100,0.10894594192504878,0.004951704522639569,2,0.2513991281845789,0.11215782779639465,200,0.13811985254287715,0.003388676114540547,1
SS-Q,2736,0.07477363374541227,0.03172346240648503,30,0.2903793454170227,0.021507890225486753,1,0.06757263058557765,0.02153003546967075,50,0.44098677635192873,0.0423559171112478,1,0.06237506546123449,0.01576056561065248,100,1.426466429233551,0.135377755394749,1,0.05837246172967002,0.0012468542705882356,200,1.7375558376312257,0.1559370109573125,1,0.11779996477978613,0.046526342773008024,30.0,0.2749559164047241,0.02551340903920842,2.0,0.09995739381504623,0.044764848169571034,50,0.5329927802085876,0.03477880264635577,2,0.08752003685095547,0.0365909838222811,100,0.935594129562378,0.04903144978840522,2,0.06421909756617136,0.003059524814789096,200,1.2449870109558105,0.15701152047887493,1
SS-R,3008,0.1872162849920173,0.02464959406677788,30,0.2586821675300598,0.013726824511291286,1,0.1782283869206078,0.016293379519399204,50,0.4082684636116028,0.020399391059916155,1,0.17306038353006514,0.008528197873767272,100,0.560994279384613,0.04261863288737939,1,0.17251108931221928,0.008109462978508248,200,0.8864607572555542,0.06272288305073843,1,0.2764863354702153,0.09755219574207011,30.0,0.2712975025177002,0.030357568332654964,2.0,0.24731982127795113,0.07610472833038995,50,0.20346908569335934,0.024075019809026408,2,0.20980124619114043,0.031059500252508122,100,0.27840337753295896,0.028076838438992113,1,0.1952068592931015,0.022602149160924182,200,0.4651313304901123,0.03350910067097485,1
SS-S,3840,0.12337098819783765,0.06370975332193862,30,0.22980053424835206,0.019571662444082084,1,0.10504692802466305,0.07920825567917684,50,0.3735787034034729,0.043165124633754146,1,0.09662832314981247,0.07669129593606923,100,0.6245424628257752,0.08188592612203541,1,0.08630241487676882,0.07335064615143747,200,1.0304745435714722,0.12215506948132304,1,0.1858276097148313,0.13148268396812912,30.0,0.29758371114730836,0.0014413292091202843,2.0,0.14704335920637063,0.12020025607918439,50,0.49720736742019656,0.0018406171599173703,2,0.07651910522947625,0.07868553753261442,100,0.9751361727714538,0.08401984395756433,1,0.07500641432996741,0.07725210708488243,200,1.607604968547821,0.16741803961928964,1
SS-T,5184,0.04833709202333889,0.029384912438844505,30,0.2158791899681091,0.013629834426036953,1,0.03712269468437218,0.021981081846117984,50,0.43195300102233886,0.031067080414109053,1,0.024368881147948822,0.014488327337462723,100,0.6804270505905151,0.06051692807913385,1,0.02104617773422387,0.01332211259003915,200,1.2769373416900636,0.15112345334268015,1,0.11519066749484419,0.06055610931076246,30.0,0.21132078170776364,0.023428767912541275,3.0,0.10811631927795362,0.06142134796506503,50,0.3691013097763062,0.035094242403165145,3,0.0805302873127757,0.031141874072226756,100,0.6023210167884827,0.04952968252899277,2,0.05866322377065385,0.017974942442673017,200,0.8368834972381591,0.06060995768909209,1
SS-U,4608,0.2528658197510055,0.01990510898227567,30,0.3226519227027893,0.022419294303738745,1,0.2443482166609173,0.012508096829515307,50,0.317246675491333,0.012160813421626282,1,0.2359001209210228,0.006765194022688933,100,0.9789875626564026,0.08875820083680569,1,0.23122422515497315,0.0006355918614985168,200,1.4858668804168702,0.11453942424510585,1,0.3506985332820336,0.07511939276112435,30.0,0.05162312984466548,0.004791923289606253,2.0,0.31932215477277354,0.04734823951405434,50,0.061381590366363495,0.0006079275773419212,2,0.2823176947343815,0.02713519765218849,100,0.06981271505355831,0.0007244680821385376,1,0.2673471144394154,0.022516333716669217,200,0.20971908569335934,0.0023168649193477955,1
SS-V,6840,0.17401278391948213,0.035206890619835444,30,0.3732725501060486,0.014196733141695443,1,0.1605473305122106,0.04429325502520942,50,0.6364100933074951,0.021842905327395527,1,0.157099060470097,0.046499620602827633,100,0.8534373283386231,0.04667279996120828,1,0.15544314326924222,0.046853321896736466,200,2.119922196865082,0.09102954583208023,1,0.26620602964941875,0.08196095284605466,30.0,0.3856817603111267,0.0030586332095088927,2.0,0.2442656804982552,0.07362589368585448,50,0.6806904315948487,0.004459416242906254,2,0.19655428523626794,0.028925235783094957,100,1.0516442775726318,0.010703584313739236,1,0.1847514497711347,0.01979700341768851,200,2.5687868356704713,0.010229366228879265,1
SS-W,65536,0.32738124866868495,0.014356514174544286,30,0.2877942085266113,0.011299811686613247,1,0.3070353181500871,0.018218954394125107,50,0.4029913187026978,0.025121525830797284,1,0.28803515438285415,0.01588915668321742,100,0.5750653386116028,0.04753250560032991,1,0.27456463997019587,0.011586630650465177,200,1.2384522199630736,0.15404751329723837,1,0.3924644121650641,0.03932190740389221,30.0,0.04897254705429074,0.003234716789192561,3.0,0.38527543855325785,0.02785892400714585,50,0.05599876642227168,0.002082213454665103,3,0.37576502552252705,0.02596889969485232,100,0.09857336282730098,0.007849367704335681,3,0.35991978062476093,0.023397325704200576,200,0.28084650039672854,0.003637194368644706,2
SS-X,86058,0.2749362641575945,0.0764209460327559,30,0.25175408124923704,0.01216921091380738,1,0.2426086913138496,0.048165779854024364,50,0.32214070558547975,0.020286317975363184,1,0.2250608917454441,0.011393561626853961,100,0.9921570897102356,0.09331289633419469,1,0.21997462634079973,0.011029155649254939,200,1.631941032409668,0.1322261380593837,1,0.4672624375765168,0.0913535606573327,30.0,0.21015025377273555,0.0018719916018547324,3.0,0.4346683156427438,0.09745674205173013,50,0.5211052298545837,0.04856995085373119,3,0.39930689943335895,0.10393686849777335,100,0.9314664602279663,0.0718661107505273,2,0.3551287770975596,0.10379338728748666,200,1.395087766647339,0.03077872128806968,2
Scrum100k,100000,0.37266632374763536,0.021889860661325193,30,0.6379225134849549,0.1392420363064235,1,0.35535382285013106,0.01943833868799123,50,0.7434856653213501,0.07055198531752066,1,0.325200660485192,0.00990257213427253,100,0.8173660159111023,0.08621862113780178,1,0.30878278069747295,0.004171838534634012,200,3.4943647027015685,0.17704763902878734,1,0.45491091272211354,0.03561015090645609,30.0,0.0657169699668884,0.0036491946657235346,4.0,0.4385107100310529,0.03302007970705535,50,0.08355456590652462,0.005006227095257922,3,0.4326513966411226,0.029036946255700097,100,0.16844841241836545,0.009498143570930075,3,0.4034546468770791,0.024009028902403765,200,0.29077050685882566,0.026164860258721206,2
Scrum10k,10000,0.3429834749094544,0.03034499147400096,30,0.2997076988220215,0.0094491724832769,1,0.31219939992087675,0.027170632914140975,50,0.49292216300964353,0.0166577064901664,1,0.28845557964102353,0.011916702332720729,100,1.6455927848815919,0.09154884882804669,1,0.2803105332481525,0.0015630515786690374,200,1.5913144946098328,0.2527010729963177,1,0.42289164656306966,0.045268578278392035,30.0,0.08308457136154172,0.0030760273296353115,3.0,0.40400957720861613,0.04149237322996763,50,0.1053488731384277,0.00886713133475589,3,0.3812071211391211,0.034955676086615727,100,0.12070931196212764,0.032286745201068376,2,0.3586456466701069,0.0247552260268025,200,0.3314117074012756,0.006837788209098754,2
Scrum1k,1000,0.29876007907026786,0.030458763579697047,30,0.2995896816253662,0.010360039123962472,1,0.28159826065634264,0.019167161457914837,50,0.829620110988617,0.05144295267348023,1,0.26144412468759504,0.012745119794248784,100,0.9424840092658997,0.1374690743555683,1,0.2506632163884436,0.011163926489655186,200,2.365158975124359,0.2130186813685629,1,0.3988732382934927,0.05242120612949777,30.0,0.0824952125549316,0.0034030039656957837,3.0,0.3928107819097015,0.05060797276115795,50,0.06734371185302732,0.0006229666432345987,3,0.36800614974514956,0.053040598516056324,100,0.15546207427978515,0.0022278223446507276,2,0.3454907245299237,0.04055699068631817,200,0.30831643342971804,0.013156722858453202,2
X264_AllMeasurements,1152,0.018301795078685207,0.01960514215281813,30,0.09284987449645991,0.004521137926913886,1,0.007504963650979771,0.013142103078492237,50,0.2842783570289612,0.020711036368659425,1,0.0006204177763069851,0.0007804189762060705,100,0.3916907787322998,0.029592561893792276,1,0.00043452549336907504,6.889903577779681e-05,200,0.5759326219558716,0.047830921913467654,1,0.18358189290100335,0.09759934133177184,30.0,0.019209325313568067,0.001134871563608985,3.0,0.09513485714765678,0.05502912915838873,50,0.03516200780868526,0.0013876088172409692,2,0.0881468993579316,0.05616916113953216,100,0.0723430752754211,0.0012409885759559621,2,0.04401412905153186,0.03836070148793126,200,0.14059636592864985,0.0018866915099556682,1
billing10k,10000,0.3870174657496646,0.01693527615760617,30,0.4434794545173645,0.02189682416972074,1,0.3742143779637003,0.014226800407273227,50,0.7151324033737183,0.037735273470243164,1,0.3576244302900785,0.008663917332955436,100,1.2977422714233398,0.08206033045452556,1,0.35098576335609316,0.006047167490146252,200,2.922267699241638,0.20907455366934297,1,0.45798682069005253,0.04132080520012212,30.0,0.06857774257659909,0.0018986076535406357,3.0,0.4425124568725235,0.03415626591876255,50,0.10174268484115596,0.0016622937848612194,3,0.429897878351796,0.03265906910485468,100,0.16847105026245113,0.0020436327803656845,2,0.411587567755186,0.022688422091402954,200,0.4441001296043396,0.057303291233916066,2
coc1000,1000,0.35605302248728476,0.011859280937168433,30,0.706506073474884,0.0478063986365846,3,0.34281616934428205,0.012332379112874091,50,1.4349602818489076,0.0786446188504675,2,0.3221872308703709,0.014092888973789835,100,2.940494418144226,0.17560436142991354,1,0.3054806835470455,0.017049527777480394,200,4.539839732646942,0.4303398835796134,1,0.37011867191721987,0.01830642169947412,30.0,0.7201611638069153,0.007554960629150624,4.0,0.3602546682266211,0.02049377930284482,50,1.5768133521080017,0.044047585010918426,3,0.35581459895210876,0.018534714122270753,100,2.619044744968414,0.19707366756955938,3,0.3499675549938872,0.016633796828478792,200,6.1302000999450685,0.1661965977350394,2
dataset120,5160,0.2993729599036584,0.03803861793402116,30,0.13105115890502925,0.007244228067854649,3,0.275148308084889,0.04847535180479853,50,0.26409469842910765,0.021201456371697777,2,0.24252875992471581,0.03824695303523193,100,0.43303622007369996,0.033723612114793716,1,0.21110337385245476,0.0334045164779561,200,1.6901721835136414,0.1694978553524389,1,0.3176566530079398,0.08311105095305113,30.0,0.14410036802291865,0.004191419097540048,3.0,0.28404418884778804,0.05364787359131909,50,0.3011837720870972,0.002975074332273556,2,0.24665185432365194,0.029096899506961236,100,0.5792788147926331,0.017365835319384706,1,0.21742944974701944,0.029242346745040643,200,2.340500223636627,0.1515692641704414,1
dataset600,5160,0.27886794456510994,0.033440653487744776,30,0.12479538917541502,0.0069346299873840255,2,0.26023727700962607,0.03516227140545729,50,0.20207601785659784,0.013276665348855809,2,0.23368793235917845,0.02948951509761075,100,0.38591150045394895,0.01814780795139477,1,0.19964825114041446,0.037599179023653326,200,0.7008617043495178,0.03496884220958221,1,0.2739105032783264,0.0676464916927297,30.0,0.13257350921630856,0.0025723966656630215,2.0,0.24170546732163603,0.043539200948301555,50,0.22028994560241694,0.0026682739194993227,1,0.2211509583502153,0.035013557019661926,100,0.4473661780357361,0.00419565839462612,1,0.19889014245558362,0.031576690462695796,200,0.9631150484085083,0.012182876182838913,1
dconvert,6764,0.015374255355459842,0.0023438224131287918,30,0.12968744039535518,0.004823834656481008,1,0.013413336204924445,0.0021791871841793445,50,0.21020376682281489,0.007907862744358236,1,0.011420865905418996,0.0013462638518894952,100,0.40345536470413207,0.012192586840079284,1,0.010715549071731912,0.0003936629737708842,200,0.7864028692245484,0.03190369598121488,1,0.05529186796154186,0.06597914913544299,30.0,0.09400423765182492,0.014061689853364595,2.0,0.048529586956458176,0.0634421762373895,50,0.14874013662338254,0.013827570775195962,2,0.027654453396740424,0.019236638820114626,100,0.2613324046134949,0.01863448538225865,1,0.020450414417104636,0.013302882437260362,200,0.3665428400039673,0.020793604667617805,1
deeparch,4096,0.014428649903158777,0.02803678491516054,30,0.11829229593276973,0.007126586958493453,1,0.010509358056546835,0.02404837460759181,50,0.175644838809967,0.014476308199447393,1,8.244343988448432e-05,8.368309273392898e-05,100,0.3274977087974548,0.026079972526031416,1,5.461241015718263e-05,1.1575158928987018e-05,200,0.4917470574378967,0.05862472532985604,1,0.09629615437938688,0.08617316042199254,30.0,0.01804107427597041,0.0008487050776066523,2.0,0.06933324117006655,0.07450701905989832,50,0.029650402069091746,0.0010628173359113714,2,0.04420710416004392,0.06224149149370428,100,0.045159196853637645,0.0007361013619841707,2,0.01550716780633849,0.028796024367186514,200,0.09205579757690427,0.001587716079229474,1
exastencils,86058,0.041936030132001034,0.014547114634086606,30,0.14410685300827025,0.006970536812870552,1,0.04009829350940019,0.015973344723441422,50,0.24477173089981075,0.016599753473575243,1,0.03797542281302953,0.01627012673998211,100,0.3999274134635925,0.0381261904662183,1,0.03686672653948868,0.016381130561125945,200,0.7305698990821838,0.07491470554402832,1,0.0612762154485237,0.02108911612055125,30.0,0.1576433777809143,0.0013222069926083102,3.0,0.06093593280881202,0.021262835443772603,50,0.26034127473831176,0.006544633356547647,3,0.05759351900023957,0.019218312637239148,100,0.5625365257263184,0.21588965000652693,3,0.04988963899608759,0.013479404039326605,200,1.078432273864746,0.05402520913046606,2
javagc,166975,0.0028058240873084245,0.0035820036658331766,30,0.1223859071731567,0.0035851743897614076,1,0.002294839679974275,0.003384050760729148,50,0.28249508142471313,0.022684364384875023,1,0.001852925545368405,0.0031226449094409617,100,0.4013471007347107,0.07160701410546332,1,0.001345259558525575,0.0026546015781976264,200,0.9797250032424927,0.29803465597178175,1,0.00831729722577678,0.0075044199836507225,30.0,0.1174748301506042,0.001352717949897114,2.0,0.00740012655282221,0.006534606114893916,50,0.19831060171127318,0.0016379913972060175,2,0.00531699719506583,0.005730757108404258,100,0.2510377883911133,0.07510497608821794,2,0.0025207848151550354,0.0025379482948304525,200,0.8816332221031189,0.10393624561624125,1
nasa93dem,93,0.46794152822885715,0.0107787434104322,30,0.3762615084648132,0.01686674119817312,2,0.4593590909200965,0.00995181699441072,50,0.9236971855163574,0.04140367664692288,1,0.4528114721772491,0.00773522471644405,100,1.4738556504249574,0.0885830584079603,1,0.4478218480198014,0.004741755119478676,200,2.0975653171539306,0.2253838569008367,1,0.4847910438397113,0.013842287474673563,30.0,0.151232361793518,0.021254314887757832,3.0,0.471592352173898,0.01752859689490671,50,0.3760063648223877,0.045112058084087824,2,0.460746773288372,0.010936274163275573,100,0.8764547944068909,0.09029668418760989,1,0.45017795273148725,0.005849897554066757,200,1.357817780971527,0.1491223586854904,1
pom3a,20000,0.19594443687877752,0.023202477617960262,30,0.43522276878356936,0.024043322576943506,3,0.17928625474548576,0.024075940196120308,50,0.5877028703689575,0.034122877772825105,2,0.15687457063606036,0.017978675006489385,100,0.8080983400344849,0.043690955315622115,1,0.13541296656306276,0.01933017086913962,200,1.7475394010543823,0.18316841398315306,1,0.2102423171126858,0.036299700691095685,30.0,0.33453662395477296,0.007485387503279939,3.0,0.18489600437194614,0.02560637634877305,50,0.7966570258140564,0.043595235620046864,2,0.16993281576937494,0.027354196575507708,100,1.3787333607673644,0.15174089949365105,1,0.15647148809294234,0.02216429523048225,200,2.3568616032600405,0.18519305640496625,1
pom3b,20000,0.19350342151988698,0.024133168437194034,30,0.4445880651473999,0.01760916502093124,2,0.17965992577485124,0.02504693378338008,50,0.45474801063537595,0.024760607461884934,2,0.15983607088901358,0.018364971381787387,100,0.8342601418495178,0.04571911154878372,1,0.13695457958417198,0.018761809533276084,200,1.7657875061035155,0.17174537141252583,1,0.2148957295073533,0.04223080153243692,30.0,0.4951451182365417,0.028795193097485367,3.0,0.19398180301555745,0.03644059500402716,50,0.6570036053657532,0.08684626280080214,2,0.17392561552746202,0.03709116709306481,100,1.3441590666770935,0.1411155658068253,1,0.16124435516408617,0.021146384433035622,200,1.4726300597190858,0.2288670663140474,1
pom3c,20000,0.33373428183630516,0.027706550256667115,30,0.5051400065422058,0.02770351415992925,2,0.31587333981740195,0.02616038503088473,50,0.6917734622955323,0.07751739286024588,2,0.2943643095177434,0.025444948996841892,100,1.379444992542267,0.1088919009417031,1,0.27357036477723684,0.028430191656805374,200,1.5268805503845215,0.11965826040603317,1,0.35606362121619256,0.03902849334777051,30.0,0.4034224510192871,0.006335472028093632,3.0,0.32837176662562895,0.03575008657965057,50,1.117721438407898,0.06054386752824936,2,0.3043944348646569,0.0340974751240646,100,1.199911117553711,0.05877686333589802,1,0.29271370398913593,0.03328455935084798,200,3.61606787443161,0.04854503038575385,1
pom3d,500,0.2018725364855055,0.0172183556935238,30,0.5248191237449646,0.02245034689867823,3,0.18643896459234252,0.01638191606242621,50,0.8404322385787963,0.052272756818375746,2,0.17076468574209594,0.018229586049827714,100,0.7929681897163391,0.04353289391705128,1,0.1522139461352166,0.015907806894589215,200,2.966376578807831,0.15693744600772316,1,0.21722381606363914,0.03873567799323517,30.0,0.4613240480422974,0.0068696449133157774,3.0,0.20233951562779423,0.03779123847197338,50,0.9553484439849853,0.005121132222883084,3,0.18657943029997587,0.028219303930765223,100,1.9464832663536071,0.022498860152359242,2,0.17441036847747232,0.023039894131920962,200,2.682382011413574,0.12962356845251236,1
redis,4400,0.4671906430798809,0.024535920146868773,30,0.17216517925262448,0.015699792827917294,1,0.45331381516961217,0.027528380483037674,50,0.1440577387809753,0.014958964402056785,1,0.4379149020971044,0.02613405343055364,100,0.34034794569015503,0.03243350560792229,1,0.4169669818886191,0.025154467436211685,200,0.7198809742927551,0.06287967074836068,1,0.5064185906157268,0.021721232426701032,30.0,0.19648798704147336,0.004243868050967727,3.0,0.49993269196788886,0.017720624411450066,50,0.3230291724205017,0.007819105758346951,3,0.4943741262313959,0.013362890887917032,100,0.3349943161010742,0.003270601954674838,2,0.4895743556671416,0.013763405004987487,200,1.2709845900535583,0.033949388682182544,2
rs-6d-c3_obj1,3840,0.08824431274613403,0.10943984555540384,30,0.15301556587219234,0.01219515313857672,1,0.07011739948673755,0.10644696209145989,50,0.25848448276519775,0.022309359430470098,1,0.06666170727219553,0.10359521718021963,100,0.31450204849243163,0.03426361835657405,1,0.05438356763933573,0.08729460460013669,200,0.5464790105819702,0.059855954352368214,1,0.1314034077171787,0.1929698021443058,30.0,0.18137884140014643,0.0014890434841639203,2.0,0.07351035818391785,0.12448014962399268,50,0.16951785087585444,0.0011138140349335973,1,0.05246613342290475,0.11031840661045209,100,0.7024991154670716,0.014443789943339586,1,0.05004622802498657,0.10766562887848226,200,0.8368991613388062,0.10961261791248174,1
rs-6d-c3_obj2,3840,0.0017726178678047003,0.0012316462721014003,30,0.12692496776580806,0.009826297106942876,1,0.0016811688324376226,0.0013138473026346451,50,0.22986307144165036,0.020547721925904414,1,0.0014770841922563884,0.0013718995345493252,100,0.20837864875793452,0.020005195669345038,1,0.0010412287872965228,0.0013016596460440554,200,0.3684414863586426,0.040210742142747856,1,0.003124848658426734,0.004094644767139971,30.0,0.10410714149475093,0.0008794077850486761,2.0,0.002047702415685324,0.003850915730534769,50,0.2842021703720093,0.009746462679416748,1,0.001889291418383819,0.0036052808599853375,100,0.3421351075172424,0.004645538278167949,1,0.001082040393765814,0.002926807779068132,200,1.417331612110138,0.07253604189004441,1
sol-6d-c2-obj1,2866,0.015039299307877039,0.0011937540973063286,30,0.12916095256805415,0.007831743104569234,1,0.014727630442825022,0.0010902020541854616,50,0.12443476915359493,0.011500375997933842,1,0.014627107758318044,0.0010465721604383576,100,0.20500224828720087,0.020212304580705862,1,0.014571673016040001,0.0010402779754004597,200,0.5485084295272827,0.03710379931599533,1,0.016751569450355424,0.0048997807462107116,30.0,0.15777170658111567,0.0026114784961968544,2.0,0.01619490686244697,0.003283820873465422,50,0.5449810862541199,0.009507336177254723,2,0.01491471191576777,0.0009399302160104732,100,0.3260190010070801,0.0034918392985894384,1,0.014451200303848399,0.00036141818733424384,200,1.0059124827384949,0.05887332609264134,1
storm,1557,0.0001416601066246283,0.00014460350604647915,30,0.09456062316894528,0.0055405197805421654,1,0.00010731208807127737,5.091698975727427e-05,50,0.19733425378799438,0.015524578637040348,1,9.551828016591235e-05,3.9377901638231456e-05,100,0.4668750524520874,0.03008392287230149,1,9.188178757372435e-05,3.763309844813382e-05,200,0.8894736051559449,0.0506868631586164,1,0.005360511207251142,0.019412666819143293,30.0,0.10096399784088131,0.00104181907005044,2.0,0.0009751210916916338,0.003251348182382903,50,0.32583879232406615,0.004868611987977347,1,0.00016337373272115046,8.128657849472067e-05,100,0.32837207317352296,0.001853964748431896,1,0.00012206961407865132,4.1343266447038485e-05,200,0.6238672733306885,0.06273414401064278,1
wc+rs-3d-c4-obj1,196,0.1330007665235816,0.09812262208698883,30,0.10005173683166499,0.012422249452678811,2,0.1258944448354697,0.1046904356535538,50,0.15036857128143305,0.020228742543934863,2,0.09254904760726838,0.10360715252757854,100,0.17606589794158933,0.026113212455991054,2,0.08090313269272409,0.09962292338902587,200,0.2725202441215515,0.051063846590483866,2,0.08961817089428904,0.10673608811253962,30.0,0.09241521358489987,0.006128649556581221,2.0,0.017192322652445923,0.026484925754543618,50,0.22648540735244746,0.01851635543318529,1,0.00452732751195712,0.003472409067598443,100,0.5209006309509278,0.04931841024204831,1,0.0035107388520838846,0.002136961283187617,200,0.7740670323371888,0.05851678566487949,1
wc+sol-3d-c4-obj1,196,0.131274215680301,0.10449122395062135,30,0.10782986879348751,0.010465455722177055,2,0.12822686278116266,0.1073713718593047,50,0.2673535466194153,0.03694835364025575,2,0.0948929489394942,0.10417467576388256,100,0.13104593753814694,0.022417284256403686,2,0.06265952091455633,0.08578413727892395,200,0.1454006195068359,0.02514964345014614,1,0.1163942470161929,0.163781549906482,30.0,0.18478374481201168,0.009444061425228717,2.0,0.03273614354409676,0.07648488250803372,50,0.319695782661438,0.024425718299650376,1,0.0038802535631638256,0.0037494821702188474,100,0.4119232177734375,0.03652249059374781,1,0.0024471677741230505,0.0020621533659232216,200,0.899571168422699,0.09851016813085803,1
wc+wc-3d-c4-obj1,196,0.1580181510250216,0.09163360274479047,30,0.09300245046615599,0.010035960834216963,2,0.1325815451592619,0.10331780891768276,50,0.07483996152877806,0.009185010861655414,2,0.11395904610215302,0.10891273681672775,100,0.14679982662200924,0.022943816627704457,2,0.10722330719095426,0.10426204446753001,200,0.21858335733413692,0.04333257175477254,2,0.1370868448352712,0.12007640051683362,30.0,0.3484338283538818,0.023036945171392785,2.0,0.06350142240086039,0.09757647601976667,50,0.15348957777023312,0.01096016928707506,1,0.005132474858191914,0.004115546463430787,100,0.28299862146377563,0.025112683978935717,1,0.00354575586811897,0.0022603594932726206,200,0.7565040230751038,0.07467005297695577,1
wc-6d-c1-obj1,2880,0.16058218201138152,0.046492744632441935,30,0.1515624642372131,0.01130320066422015,2,0.14278596366712018,0.05377686551855091,50,0.1195475578308105,0.011903470003017136,2,0.1281722701687184,0.041160809450183126,100,0.2550962924957275,0.02940794640430359,2,0.12544960647200504,0.04203223259812716,200,0.675912344455719,0.091499673695497,2,0.14380792323285946,0.13984854843839056,30.0,0.20399076938629146,0.0037211786597347364,2.0,0.08829866874125329,0.09490809418139545,50,0.2947117447853088,0.001460727753391004,1,0.06583910079447783,0.08382821464689919,100,0.3352853894233704,0.002377275092631918,1,0.047141873896640346,0.051254705444507054,200,1.226019299030304,0.008593290952236998,1
x264,53662,0.22762336154829454,0.02956224006914176,30,0.1295262813568115,0.004026434125697006,2,0.21450935248600134,0.0288871816827991,50,0.16150259971618647,0.007260528571407122,2,0.1995812094553128,0.0283716430447044,100,0.3203885078430176,0.010282580220634063,1,0.18813011724498452,0.027094332086790362,200,0.7374344587326049,0.07346633768901148,1,0.23053225161913318,0.05723785105075579,30.0,0.10148881673812862,0.0007387075199350446,2.0,0.2108420696300684,0.040083301113042744,50,0.26288318634033203,0.0031888146016336365,2,0.19273871897910852,0.03471383868567084,100,0.5157164812088013,0.006198199920860219,1,0.17893416440083815,0.03544712568612639,200,1.0905881524085999,0.011322212001557683,1
xomo_flight,10000,0.07222680243032575,0.03856854695491153,30,0.7242513537406922,0.022106342573317606,2,0.04296182596922868,0.01939948074524018,50,0.9320753455162049,0.02000890699943379,1,0.03273480301332791,0.007167511785248225,100,2.4739883065223696,0.030589220793401997,1,0.025795164479476395,0.005317890705599845,200,1.953276026248932,0.251849310222989,1,nan,nan,nan,nan,nan,nan,0.029961403210121924,0.006713009583991896,50,1.2167393207550048,0.01681727378320891,1,0.024280426389432612,0.005209169509636975,100,1.3652764081954956,0.006188878332424132,1,0.021331714271792764,0.0029095458708405415,200,3.1113727569580076,0.21152573940556824,1
xomo_ground,10000,0.08102329710149997,0.040433479316096525,30,0.4498335957527161,0.021762671740482218,2,0.055890765160773626,0.028929891059027785,50,1.0207656979560853,0.022900832325841333,1,0.04706081785123177,0.024651926985791998,100,1.9847635269165038,0.052132135372718914,1,0.03276873668855711,0.01117721662709221,200,4.638095128536224,0.17484192901693696,1,0.07322807602480061,0.050995932431961676,30.0,0.7813843131065369,0.007822099338643437,2.0,0.04808379620788,0.028195119957543015,50,0.694455599784851,0.007841416767794573,1,0.03717072661675414,0.011475145623963484,100,1.8977909326553344,0.08342713284190773,1,0.03254720678693747,0.006825287265439604,200,1.9080015182495118,0.2833084095358612,1
xomo_osp,10000,0.06682133993561559,0.032455569654798816,30,0.5827976942062378,0.01308972617013144,2,0.0453832828888325,0.024675071051371674,50,1.1164080262184144,0.024281733057654357,1,0.034563151113236316,0.017407577635400483,100,1.2983320236206055,0.023575434614133955,1,0.023896192455435013,0.003931078405747105,200,3.518763506412506,0.08255711117855116,1,0.06101228886539587,0.04117890581438566,30.0,0.6594346404075623,0.022255011678752126,2.0,0.04257585958109244,0.02536662660455426,50,1.3468451142311095,0.005996512121201664,1,0.03529814865520751,0.024772618575038163,100,2.076608383655548,0.026780029474338954,1,0.03129740054217876,0.023971687193579165,200,3.482450580596924,0.11674876833011226,1
xomo_osp2,10000,0.20180916053727826,0.033451836343732874,30,0.5099634885787964,0.014826257456751653,2,0.18893482187566546,0.033434260708105706,50,0.8765662670135498,0.022856937753538593,2,0.1670247984741885,0.02602434025919745,100,1.650740671157837,0.05622392466161234,1,0.14447870351017683,0.019034051921665587,200,4.646705198287964,0.280582012709254,1,0.24596944874322463,0.08074724478521021,30.0,0.6123033046722413,0.001992109417603368,3.0,0.1728800974662577,0.03851642794992006,50,0.8562406659126282,0.014968512180293587,1,0.14056999552441568,0.02072362873533252,100,1.771021020412445,0.01706739771712687,1,0.1265702964608737,0.009047654309558567,200,3.380180525779724,0.2823028694489257,1
