Dataset,Rows,TS-30_mean,TS-30_std,TS-30_budget,TS-30_runtime_mean,TS-30_runtime_std,TS-30_tier,TS-50_mean,TS-50_std,TS-50_budget,TS-50_runtime_mean,TS-50_runtime_std,TS-50_tier,TS-100_mean,TS-100_std,TS-100_budget,TS-100_runtime_mean,TS-100_runtime_std,TS-100_tier,TS-200_mean,TS-200_std,TS-200_budget,TS-200_runtime_mean,TS-200_runtime_std,TS-200_tier,HILL-30_mean,HILL-30_std,HILL-30_budget,HILL-30_runtime_mean,HILL-30_runtime_std,HILL-30_tier,HILL-50_mean,HILL-50_std,HILL-50_budget,HILL-50_runtime_mean,HILL-50_runtime_std,HILL-50_tier,HILL-100_mean,HILL-100_std,HILL-100_budget,HILL-100_runtime_mean,HILL-100_runtime_std,HILL-100_tier,HILL-200_mean,HILL-200_std,HILL-200_budget,HILL-200_runtime_mean,HILL-200_runtime_std,HILL-200_tier
7z,68640,0.02358863250310075,0.026378378844606865,30.0,0.18885197639465331,0.005033153316623921,1.0,0.02174382796344993,0.02588607361294645,50,0.3321207284927368,0.00853637855257162,1,0.012898473311918901,0.017258528045997146,100,0.6649626851081848,0.012587148249733152,1,0.008415451127706065,0.007080292227552825,200,1.3073880434036256,0.03471091061314646,1,0.035837529922078074,0.03728166325772578,30,0.13573800325393673,0.017141055013494666,2,0.031159988653305326,0.036760991979839404,50,0.22125452756881708,0.01711001702836043,2,0.019508570342233706,0.026868071479074832,100,0.3799236536026001,0.038460576133095795,1,0.0158994272799582,0.02295166353487579,200,0.6285104870796203,0.06735914955405398,1
Apache_AllMeasurements,192,0.02916692397575623,0.017058453903882612,30.0,0.1583100914955139,0.011841950257904743,1.0,0.02223062549514762,0.0010064009405496071,50,0.23546171188354487,0.017951505399317755,1,0.022079682132954276,0.0008660071921179725,100,0.44220685958862305,0.02057724639044944,1,0.022020743548390693,0.0008226661473570817,200,0.6544271826744079,0.033811588167909475,1,0.04108010830980456,0.03899020812397057,30,0.09003757238388058,0.014710270598150058,2,0.02581538830994723,0.011219516681800604,50,0.14026809930801393,0.01852098957650325,1,0.022020743548390693,0.0008226661473570817,100,0.22293242216110226,0.03308167466002421,1,0.022020743548390693,0.0008226661473570817,200,0.2713825225830078,0.03544957239633791,1
BDBC,2560,0.0028488819518176604,0.0016939402802369115,30.0,0.16250936985015865,0.005577241823989533,2.0,0.0016855160957063749,0.0011716703840685516,50,0.2526730179786682,0.005610045230089563,1,0.00041037054818518,0.0004294138458931701,100,0.5305193901062012,0.010567035760842917,1,0.00024848175711157,0.00013471065030409217,200,1.2639401316642762,0.012541815143372992,1,0.0027806228577027404,0.0019027063579523315,30,0.12847923040390014,0.0123879874436748,2,0.0015185021854873548,0.0012635325780730531,50,0.19917111396789547,0.013692080012129706,1,0.0012187198862434001,0.000984433153395427,100,0.43675646781921384,0.030274921417190025,1,0.0009678765384782599,0.0009677136817638986,200,0.8679541349411011,0.08004414227369447,1
FFM-1000-200-0.50-SAT-1,10000,0.3121279072323543,0.044033802961684895,30.0,0.2656076192855835,0.004834577779463733,3.0,0.2836890711356176,0.028259674410664126,50,0.45048166513442994,0.01918486998580913,2,0.26589001852965993,0.020943031406873598,100,1.625693106651306,0.0535907090059585,1,0.24691524158173644,0.01300747208705628,200,1.7108981013298035,0.07081756790278525,1,0.33118324570832847,0.0444146608290683,30,0.1930392503738403,0.020804953959634033,3,0.28707817942971037,0.03838699716733336,50,0.3170810341835022,0.02333898542962929,2,0.25198470299000203,0.018541795422987655,100,1.1011614680290223,0.09148305935694862,1,0.23535626028201997,0.0025466178789480126,200,1.0704511404037476,0.11015788209128126,1
FFM-125-25-0.50-SAT-1,10000,0.2688279445192666,0.03687972460918409,30.0,0.3073256492614746,0.0014073225759480793,2.0,0.238999202712052,0.025257705369852532,50,0.5166365265846252,0.00251859994261071,1,0.2254710656258943,0.01648526092874271,100,1.0522743821144105,0.0361362861431551,1,0.2159108050021709,0.008517841012079653,200,1.4956228733062744,0.19991876104102285,1,0.25553530066275776,0.04169640918211154,30,0.2873725056648254,0.013066851495211194,2,0.22774076322537667,0.01552765724771265,50,0.46724299192428587,0.017422111404830947,1,0.21581028400547683,0.0054861233853545615,100,0.7521165609359741,0.13705426436310636,1,0.2114696286192828,0.0036082849091400417,200,1.322186040878296,0.180502644902126,1
FFM-250-50-0.50-SAT-1,10000,0.38089993665186506,0.023447163342088816,30.0,0.21521742343902583,0.004322341398260364,2.0,0.36286414840729425,0.010482881881571322,50,0.3573944687843323,0.007228177043605572,1,0.35497455742010053,0.008995475003004285,100,0.7126262068748475,0.012360637810981795,1,0.3473882969139572,0.007432782324397576,200,3.9942614793777467,0.14318173927965452,1,0.3928959352878023,0.03975543211875326,30,0.15964604616165157,0.018375727794234874,2,0.3647091445453315,0.02005864035204564,50,0.25769810676574706,0.021732790038056646,1,0.3501188594196695,0.00938565481867479,100,1.258537769317627,0.14222272273102043,1,0.34367033567494876,0.0063449630209744525,200,0.8370816469192505,0.08209581000699541,1
FFM-500-100-0.50-SAT-1,10000,0.37067363852214663,0.043838445933600555,30.0,0.23830893039703366,0.0030246054264296577,3.0,0.33733894815920873,0.03209974702222371,50,0.39749462604522706,0.004711113353452768,2,0.30189900116272056,0.02336665385830855,100,0.7896178960800171,0.039692411968371206,1,0.28379547940716066,0.01409031825699021,200,4.246273255348205,0.18109339230996627,1,0.3699341528507388,0.05597074585518524,30,0.19489282369613642,0.014209372375631416,3,0.3272753808629059,0.03789216086015619,50,0.3145274519920349,0.02094056552407946,2,0.2867676048995283,0.021869627279689215,100,0.645179009437561,0.03820140848135919,1,0.27575031185347254,0.010942748677606282,200,3.1690598368644713,0.18854756327147504,1
FM-500-100-0.25-SAT-1,10000,0.3668062565061885,0.03245539683245661,30.0,0.2516839623451233,0.004449909535083212,2.0,0.3449536156626085,0.01862617307358455,50,0.39050381183624266,0.002308650197473601,1,0.33241866568128864,0.007898713941554359,100,0.7779011726379395,0.00616412303795421,1,0.3273898396308697,0.006387349715751135,200,4.3896474719047545,0.1463225018123769,1,0.3716328732988823,0.030766930891961912,30,0.2145808100700378,0.012979265137921425,2,0.34475590845458376,0.01733597642103284,50,0.3358438968658447,0.017594841774725166,1,0.32602530462062285,0.009922223148337187,100,1.7445981621742248,0.08404040701509775,1,0.31824205893860535,0.002799862675001764,200,1.3568606972694397,0.06366360454586042,1
FM-500-100-0.50-SAT-1,10000,0.3507695185152116,0.031505230278484786,30.0,0.2822591304779053,0.007048101012843501,3.0,0.33176058231487454,0.023033925054276164,50,0.39077234268188477,0.0042142051383501685,2,0.31707187749565197,0.01704618152657665,100,0.9822817802429199,0.0912202952341244,1,0.3049417601424443,0.01109653944605403,200,1.5713937997817993,0.014727332068090319,1,0.34732232685423575,0.03266715086070988,30,0.1988442778587341,0.014371994604113794,3,0.33088277303011193,0.031952463611390904,50,0.39967072010040283,0.023287353487941045,2,0.3026913641800944,0.024423985925769623,100,0.7832722306251526,0.06497945283499247,1,0.27659671136984254,0.017426051091852645,200,1.186835026741028,0.06643629654274952,1
FM-500-100-0.75-SAT-1,10000,0.31942879405390723,0.03979337536667301,30.0,0.2464216589927673,0.00859926130639673,3.0,0.2973822757585928,0.03181291305291517,50,0.9725151419639587,0.06631201654152279,2,0.2638443727754451,0.019483406522800086,100,0.7738743424415588,0.014543493361100352,1,0.25296245189290006,0.010066025674890646,200,1.5131442666053772,0.06031949930945795,1,0.3349915637766919,0.04487747448243839,30,0.17021046876907348,0.01885433692561755,3,0.29042087020517554,0.02767452687733965,50,0.298212993144989,0.023509368398056917,2,0.26329409850894725,0.014795114555338336,100,1.4336918115615844,0.13527902249940024,1,0.24790171752354725,0.006446016128870644,200,0.9167568564414978,0.06830647843385593,1
FM-500-100-1.00-SAT-1,10000,0.33997525129600187,0.028343258653002953,30.0,0.4593821167945862,0.010559129956109836,3.0,0.3160167915234153,0.01758217927782,50,0.6377459287643432,0.010607165663376722,2,0.29857392547605416,0.006162719985274657,100,1.5183405518531798,0.024850109937018014,1,0.29493791416273846,0.0051905669936825214,200,1.7140750885009766,0.0942378912028793,1,0.3294994814987582,0.03115166151637316,30,0.34722461700439455,0.03493728787574719,3,0.3128976391883248,0.021470420146844662,50,0.4707951545715332,0.04148951798005893,2,0.2986477389661747,0.008734479672502399,100,0.5578354954719543,0.046437345491769866,1,0.29531041631281074,0.007214603660567923,200,1.8966700077056884,0.27571327935526996,1
HSMGP_num,3456,0.03397231033102932,0.013318100099051464,30.0,0.14875687360763545,0.005073759922079798,2.0,0.030416778743619043,0.013457689417996533,50,0.1631489515304565,0.0046005067509715895,2,0.02357749349346138,0.014421987263401596,100,0.3309277415275574,0.006085498235950215,1,0.011161720068832714,0.010600542678698237,200,0.8066357254981995,0.09893309590243753,1,0.04089633088115635,0.01893315054884333,30,0.06683979034423825,0.011394468359942553,3,0.033240672485067256,0.012206462384948106,50,0.14803800582885743,0.01717991596549619,2,0.026979863786302592,0.011247059574863511,100,0.2903696894645691,0.027544757086134415,2,0.018615991531577024,0.011147639803899472,200,0.5173676252365113,0.04834793824680673,1
HSQLDB,864,0.005992281326805299,0.007924688919894111,30.0,0.14392492771148677,0.004435601350783691,2.0,0.0037108315123366743,0.004725328557883863,50,0.24309239387512202,0.004509869996226168,2,0.001788401260927305,0.00043635568960223624,100,0.5998957514762878,0.010843997143795489,1,0.0016356018921395853,7.228729085558016e-05,200,0.8135952115058899,0.10268466527183576,1,0.0037415359565652596,0.0018105688700357462,30,0.07609536647796626,0.00918325191873991,2,0.0025575605825605007,0.0014306847914984137,50,0.12651606798171994,0.011829472317305492,1,0.001728256440589955,0.00042034683371011016,100,0.22770251035690303,0.021040280340713674,1,0.0015925831116721852,3.496433372741391e-05,200,0.6536447405815125,0.07730240284369927,1
Health-ClosedIssues0000,10000,0.6295484150552464,0.2608777707669894,30.0,0.3959389328956604,0.01997455067558393,2.0,0.6015774262002489,0.26196494466048686,50,0.6502517223358154,0.03304193822130254,2,0.46575260604788316,0.3194559217076561,100,1.1045273184776305,0.154082891251808,1,0.4121782499048475,0.32863602364427114,200,2.0585883975028993,0.191160136847813,1,0.6817465364745765,0.2209646191400687,30,0.17680408954620358,0.040332878971398305,2,0.6473363341628653,0.2642217055943571,50,0.2759742856025696,0.04531501932242977,2,0.6008421884816653,0.2977456302323677,100,0.5094543695449829,0.06484074013844439,2,0.5481877079487294,0.31717385769724304,200,0.9519673585891724,0.1335453198210585,2
Health-ClosedIssues0001,10000,0.46561882721415315,0.016550684548585902,30.0,0.39788362979888914,0.021943502675282094,2.0,0.45507612850013696,0.016869788331539293,50,0.6521552205085754,0.030067771319569118,1,0.4436521284432762,0.02349913346851995,100,1.097208309173584,0.13277835366016422,1,0.4352029887726789,0.030958798049816258,200,3.124493861198425,0.15603667927089232,1,0.47605321929565864,0.017866902095833692,30,0.21014444828033446,0.04803565147232278,3,0.46390090616252105,0.013845645837725521,50,0.2575959324836731,0.04165394408730647,2,0.4548583096090602,0.008472946654367259,100,0.5389459729194641,0.06032221102554234,1,0.4464379138095181,0.014911271657084137,200,0.8519387245178223,0.16575615174426966,1
Health-ClosedIssues0002,10000,0.17485269857381577,0.024709555547526418,30.0,0.4112309098243713,0.022185219907151943,1.0,0.1748217895155606,0.024847783020389206,50,0.6743188977241517,0.034414712822439984,1,0.16772784107045782,0.03329143209794106,100,1.0953187942504883,0.15681931408073524,1,0.15965433753269567,0.03933855541649607,200,2.432864081859589,0.2352168001469892,1,0.24668680901335308,0.19071756505585072,30,0.16815583705902096,0.04003924098701319,2,0.18455514883492777,0.018539660476374325,50,0.25988084077835083,0.045671452158785555,1,0.18423712367473216,0.017201659364469567,100,0.4583568572998047,0.05314094072937686,1,0.17947182849271132,0.015923282610166914,200,0.8058324694633484,0.13833495818495473,1
Health-ClosedIssues0003,10000,0.287629548022059,0.0628652495716019,30.0,0.42539448738098146,0.017380405187661728,2.0,0.2783457036881124,0.0671631436175345,50,0.7026154518127441,0.02304614455181776,2,0.2511141853406903,0.06584457723218183,100,1.1235811829566955,0.16023769607514338,1,0.21949440535153175,0.07162945201055315,200,2.279530239105225,0.2487526657846454,1,0.29883337655286235,0.05873800989358607,30,0.18416594266891476,0.04118816793318789,2,0.28785942579577606,0.06159881782846055,50,0.37304034233093264,0.06870315502339794,2,0.2702106557121274,0.06702612393197188,100,0.5470237493515014,0.06318612782423566,2,0.2541362303705968,0.07645287433596445,200,1.0414026498794555,0.14456997020797377,1
Health-ClosedIssues0004,10000,0.3011791836518417,0.011067890434943209,30.0,0.4104233503341675,0.033974271760070736,2.0,0.29611076699165084,0.011901329561406583,50,0.6922251343727112,0.03157733330989333,2,0.2875134322610174,0.01271795255747607,100,1.6919534921646118,0.0781854699942373,1,0.2823918960224509,0.013124901125800247,200,2.267952048778534,0.10768728809143999,1,0.3089115667259917,0.012387693169219869,30,0.153061830997467,0.03564191689416277,3,0.30254179482554816,0.013176374998360966,50,0.3963852286338806,0.069825231747661,2,0.2965880279335837,0.01624642352309751,100,0.7141369938850403,0.09097637956897338,2,0.2901369305791691,0.01633360901228329,200,0.8944070935249329,0.10540877832009421,1
Health-ClosedIssues0005,10000,0.24359749414572002,0.010893970582050817,30.0,0.5247343897819519,0.024119219697096444,1.0,0.23953918639080532,0.005553765896611903,50,0.6817590236663819,0.03743857555174107,1,0.23655151691751164,0.008076375500498927,100,1.196435308456421,0.12819158099153682,1,0.23375074976526528,0.008292840910793374,200,3.0850833296775817,0.09588221385654445,1,0.25408606924272636,0.029453370899719552,30,0.15617753267288204,0.03513603229392879,2,0.24235814790749138,0.004516719354435078,50,0.28342045545578004,0.0540853455251405,1,0.2385193344410929,0.0073140474308746335,100,0.5494195103645325,0.07579501495890241,1,0.23657061185027253,0.00820170820309907,200,1.0098372101783752,0.22011863428661071,1
Health-ClosedIssues0006,10000,0.13741762891092923,0.0341238042856833,30.0,0.4000439167022705,0.019582149878499273,2.0,0.1264174441619591,0.03162069679405671,50,0.6833082795143127,0.06789236333733564,1,0.11512134137526527,0.030412175940542917,100,1.1503251791000366,0.060688731074180886,1,0.11053275493817502,0.030612621308421815,200,2.433638882637024,0.21911887498277524,1,0.16173890625805268,0.05238428270840996,30,0.1792113065719604,0.041772785777919826,2,0.1446448290658211,0.04429783433452572,50,0.24385325908660885,0.0447921766511239,2,0.13504422881707945,0.04532036210788384,100,0.46116491556167605,0.05869156412843399,2,0.11622786941431644,0.03774810223971527,200,1.0325138211250304,0.1425084103727224,1
Health-ClosedIssues0007,10000,0.5898686469208809,0.02107670380633194,30.0,0.4730093955993652,0.035276464151652066,3.0,0.5719484199552671,0.0473893761788259,50,1.0283953428268433,0.06295389582931708,2,0.5226487894060933,0.09919749744108794,100,1.834235668182373,0.08315120733694549,1,0.4759418986816872,0.12380594570614216,200,2.890367269515991,0.3020260405724786,1,0.5995844492339144,0.019757851879437988,30,0.21634924411773676,0.05000250510190391,3,0.5929602633154172,0.021155632076893003,50,0.35555567741394045,0.0670000320571915,3,0.5773491933482798,0.04790909749341293,100,0.5295917749404907,0.09418968505245154,2,0.551951868250123,0.09156733363101525,200,1.0250697255134582,0.14674069557752947,2
Health-ClosedIssues0008,10000,0.45024055170789534,0.11216231893626012,30.0,0.546125864982605,0.028086794372121124,2.0,0.4204158738204885,0.11551175531592944,50,0.7005920767784118,0.04215811091677567,2,0.3635012875647814,0.1320692277851564,100,1.3556623458862305,0.10658000245021017,1,0.33141943419413605,0.1305829706877564,200,2.8223938941955566,0.19834666411037458,1,0.4647508487244888,0.11085625778186003,30,0.2324017763137817,0.051700555581028346,2,0.45130930456395574,0.11006140203939953,50,0.4024664402008057,0.06502059564271055,2,0.41773173221901505,0.12194283065036658,100,0.6971861243247985,0.07511692478110954,2,0.40762811021787365,0.1282459896520719,200,1.3697592735290527,0.16487541598085284,2
Health-ClosedIssues0009,10000,0.42374627007331817,0.06766366512461369,30.0,0.5170037269592285,0.02403317464100293,2.0,0.41425514376158795,0.07998346629599229,50,0.8572513937950135,0.05003971447434327,1,0.4016307734579209,0.08153664420105035,100,1.8900062441825867,0.17997188636892542,1,0.3889863181196125,0.08283672981747735,200,3.0237758636474608,0.2847758149009584,1,0.4401406225573429,0.04429206368473107,30,0.22847698926925655,0.04908400410538104,2,0.43098932424871145,0.057924067246065886,50,0.35082775354385376,0.0582389136909599,2,0.4256643273250768,0.06447870495222086,100,0.6889714479446412,0.08653776745536161,2,0.40862764763627374,0.07991118162178307,200,1.3328534841537476,0.14707744580914348,1
Health-ClosedIssues0010,10000,0.48960032618431243,0.005995500477072769,30.0,0.509471321105957,0.023109503923929787,3.0,0.4861020061077294,0.007227906341491313,50,0.8055105805397034,0.034861511296181466,2,0.4806985395186798,0.009892430095604893,100,1.7920066714286804,0.067679484121569,1,0.47420869847922786,0.012620157889341456,200,3.866352045536041,0.17719259960007316,1,0.49291820101325295,0.013441557735978339,30,0.22188891172409053,0.052006180155860476,3,0.4868683574750509,0.009756166610561414,50,0.32750667333602906,0.06038056310839189,2,0.4841326215899245,0.010481053818375509,100,0.6219485759735107,0.07815721103615629,2,0.48244969741838295,0.010860401033954772,200,1.213087522983551,0.15453774773239853,1
Health-ClosedIssues0011,10000,0.1402629293760938,0.10895086691316368,30.0,0.5237903475761414,0.03224721910609881,2.0,0.10233915667695462,0.08849755944402989,50,0.8450314998626709,0.043185771166422145,1,0.06984499062999362,0.06966545498002119,100,1.5658769488334656,0.06556476939681258,1,0.04541505396058832,0.051642976216849525,200,2.1051201462745666,0.19716433472369457,1,0.24007934557103705,0.23324150382300216,30,0.18468430042266842,0.0408454717580601,3,0.15670700094610407,0.10790272516862434,50,0.3452697038650513,0.06170013402788606,2,0.09526588348323223,0.07656716223579811,100,0.7430567383766175,0.0938008318777474,1,0.080622102709245,0.07212634692010018,200,1.0617450594902038,0.11152622542092513,1
Health-ClosedPRs0000,10000,0.0,0.0,30.0,0.26825478076934817,0.012199417309607686,1.0,0.0,0.0,50,0.46357648372650145,0.02177855912762923,1,0.0,0.0,100,1.2497156381607055,0.0673368006624867,1,0.0,0.0,200,2.001007413864136,0.13692760619233552,1,0.0,0.0,30,0.12377610206603999,0.030713678731549725,1,0.0,0.0,50,0.17409771680831904,0.030502989772625368,1,0.0,0.0,100,0.34074718952178956,0.04229886002079379,1,0.0,0.0,200,0.553719961643219,0.06758004828585285,1
Health-ClosedPRs0002,10000,0.021039602935538127,0.0003784590437999581,30.0,0.9419538736343384,0.0533528637205342,1.0,0.021039602935538127,0.0003784590437999581,50,0.6775986790657044,0.038147464664423036,1,0.021003599682731865,0.000403412433422701,100,1.4721888542175292,0.10855392183953196,1,0.02087999313265509,0.0005971988869701449,200,2.8213212370872496,0.17694989072172648,1,0.09811514381181052,0.2369730982485832,30,0.2041180968284607,0.04645174766077038,1,0.02112422895040175,1.9059202359400131e-16,50,0.26319706439971924,0.048131537429734174,1,0.02112422895040175,1.9059202359400131e-16,100,0.6016968488693237,0.07927661217370922,1,0.02112422895040175,1.9059202359400131e-16,200,0.8798158645629883,0.10166191219811926,1
Health-ClosedPRs0003,10000,0.08307943187924896,6.253904971617812e-05,30.0,0.4265834212303162,0.02088354243952444,1.0,0.08301522337265657,0.00034968822066448215,50,0.7997879266738892,0.031300892173513215,1,0.08300961347690014,0.0003747764371806081,100,1.477075982093811,0.10839047519953417,1,0.0829799929532967,0.0004147173433102458,200,3.8773307323455812,0.21883445709027394,1,0.15376487371271136,0.21752215725819918,30,0.2348186612129211,0.05349626843554349,2,0.0830887372564864,2.092413759757673e-05,50,0.18010751008987427,0.03473191582623801,1,0.08308873725648638,2.092413759757069e-05,100,0.4765831470489502,0.056413636924824886,1,0.08308873725648638,2.092413759757069e-05,200,0.8844640493392945,0.11743195771170342,1
Health-ClosedPRs0004,10000,0.5550719019578298,0.13005037059093388,30.0,0.3983659267425537,0.021373091356890875,2.0,0.5075976493619885,0.13251657949186502,50,0.777922785282135,0.06369612284268512,2,0.4396617712610234,0.14679985508593957,100,1.276141059398651,0.07932797569096094,1,0.3716242052613611,0.12082189092727541,200,3.1194326996803285,0.23863399904987947,1,0.6287862772404629,0.15582681992305808,30,0.22154430150985713,0.05168758406459728,3,0.5667030486737309,0.12954081410390675,50,0.289835786819458,0.05538262718040651,2,0.47823033105994994,0.15958105280456553,100,0.6424203872680664,0.08293953635555375,1,0.446428767467869,0.14970487697074988,200,0.9585096120834351,0.0991069085385386,1
Health-ClosedPRs0005,10000,0.017147837481998322,0.05246196397231816,30.0,0.4840352773666382,0.025399801882828203,1.0,0.004969488820763422,0.010999093726592846,50,0.4319731593132019,0.020424585978438645,1,0.00216696708137418,0.004658060461225543,100,1.2562345027923585,0.05410501139090234,1,0.00045670395860277223,0.0012285574047937854,200,2.684136247634888,0.22381198387636314,1,0.09451233372737229,0.23654710641442775,30,0.15057458877563473,0.03447927890378747,2,0.013295134276173997,0.02608645012951056,50,0.24557753801345825,0.04411580791777048,1,0.0035833950764273246,0.0065645692982642745,100,0.4971544623374939,0.05673777832043826,1,0.0009623593909483866,0.0016299578703456545,200,0.9944222807884217,0.14680727257088805,1
Health-ClosedPRs0006,10000,0.507239000659184,0.1309062636505204,30.0,0.4112225890159607,0.020513522688768795,3.0,0.47773562324146035,0.16284446804339148,50,0.6443867564201355,0.033979536322024655,2,0.3534654272215714,0.20819808943428383,100,1.5543054699897767,0.07196305525655627,1,0.26568016208396766,0.24394083685143214,200,2.6446173429489135,0.13926613951966785,1,0.5463337137438058,0.10477784235097352,30,0.23938804864883423,0.05356316992144905,3,0.5140460654654829,0.13194231909945947,50,0.18675941228866572,0.03446228578101968,3,0.4300490463550715,0.19443358868434357,100,0.46735295057296755,0.052190914327326136,2,0.3769383877537186,0.21974493562481945,200,0.8818660020828247,0.1047014981511313,1
Health-ClosedPRs0007,10000,0.29076469505952474,0.13587636564969996,30.0,0.3689642310142517,0.015775103735596995,2.0,0.23045997384998268,0.14369873991436996,50,0.6535292387008667,0.034119761575546644,1,0.15782098456831453,0.13188395164610267,100,1.2031891703605653,0.0646700364660867,1,0.11130711557166229,0.12535889077441437,200,2.44067804813385,0.18462706116907335,1,0.36785899387917514,0.15558855290646187,30,0.1905966281890869,0.046524237716201636,2,0.3140118167093203,0.1540884330918847,50,0.26889013051986693,0.04841251744897444,2,0.23494252888252332,0.14259487479965932,100,0.7293327450752258,0.10562567822022448,1,0.19876440907152088,0.14330411905622373,200,0.8912151455879211,0.11378629813899684,1
Health-ClosedPRs0008,10000,0.7246545108167475,0.16229654219325043,30.0,0.2704958200454712,0.010284679795698432,2.0,0.6837971556924195,0.16837599072229217,50,0.6299597740173339,0.027646320424273823,2,0.6316604180915465,0.16282091444786279,100,1.184983777999878,0.05482026662309648,1,0.5574279137466254,0.15105814855248564,200,2.3569955229759216,0.17159604400403683,1,0.809421214929829,0.09492914023310674,30,0.17068766355514525,0.037255814591552236,3,0.7965224381730288,0.09520490625050074,50,0.18838921785354612,0.03419198773141928,3,0.7631747702845225,0.11261338363034658,100,0.6425744891166687,0.10211755186771684,3,0.7080820889109728,0.16852313486129997,200,0.9078740239143371,0.15965055389136915,2
Health-ClosedPRs0009,10000,0.6432018905170614,0.08353356912715143,30.0,0.2708306789398193,0.009466182235469321,2.0,0.6276124721442196,0.09918874542757293,50,0.804716956615448,0.05095318315453447,2,0.6083939083511795,0.12015561361408117,100,1.1761142373085023,0.06420081275780275,1,0.6013610698481029,0.1284870880399076,200,2.8771737217903137,0.2514679509954509,1,0.6645939904581631,0.09184064706269253,30,0.1688876628875732,0.037622687058418966,2,0.642350783559005,0.08431858730075951,50,0.27375380992889403,0.04882299934840573,2,0.6270470924465905,0.09140831031547596,100,0.49442116022109983,0.054538409120311306,2,0.5849731923762603,0.13796619480303926,200,0.9399829864501953,0.09530642235473809,1
Health-ClosedPRs0010,10000,0.5409913651394651,0.07072711716650684,30.0,0.4101004958152771,0.019432627533269024,2.0,0.5258733527121016,0.08110500558422314,50,0.7172120094299317,0.04006358164189412,2,0.4981490432333491,0.1177781984890458,100,1.237144899368286,0.07687765050754432,1,0.4514325392931302,0.14628180006018918,200,2.0802145481109617,0.2888269090327411,1,0.5501324990142927,0.06729807280803009,30,0.19996902942657466,0.047854875008643945,2,0.5446411048938956,0.06518644194749133,50,0.2778643250465393,0.04899408275717409,2,0.5312379742537645,0.08232258064141412,100,0.5726244330406189,0.08838346508497415,2,0.5066560961154221,0.11044841717565979,200,0.6462938904762268,0.0775348437358422,1
Health-ClosedPRs0011,10000,0.0,0.0,30.0,0.39246495962142947,0.0176645180227485,1.0,0.0,0.0,50,0.4452847480773926,0.018984824992598615,1,0.0,0.0,100,1.2447426319122314,0.16504885171641062,1,0.0,0.0,200,1.4996949076652526,0.30780645124377404,1,0.09325530547977687,0.2478944341937801,30,0.2263845562934875,0.05183348825308407,1,0.01366996882400709,0.06113395908156542,50,0.3308375239372253,0.05766604872336197,1,0.01361247429295393,0.06087683572202674,100,0.5189467906951905,0.06626667982303529,1,0.009461437376695235,0.04231283427829565,200,0.5404948472976685,0.06949968457626,1
Health-Commits0000,10000,0.6797416629685706,0.30681815043357547,30.0,0.27021045684814454,0.014180798119571254,2.0,0.6343774742495379,0.3354099615542501,50,0.7305357813835144,0.03931467871503247,2,0.5228236146422814,0.3733392913279228,100,0.9036262154579162,0.04347290256194339,1,0.4888524376462823,0.4032218277859256,200,3.3200770258903503,0.15259210625377517,1,0.7384997957325204,0.29373006930291756,30,0.1161211490631103,0.025459646005669665,2,0.7249758879008903,0.3133875759038636,50,0.1906018733978271,0.031857517644662145,2,0.6771945537702619,0.3446046518047628,100,0.5751147150993348,0.06690862671634053,2,0.6118566925432585,0.3718321754764692,200,1.09459707736969,0.1308338312042174,2
Health-Commits0001,10000,0.16503357432165863,0.000219718210741729,30.0,0.2701737642288208,0.011767571310321188,1.0,0.16478490265994664,0.0007895440724807612,50,0.4425760269165039,0.020821988001458687,1,0.16477001339683278,0.000845903497381762,100,0.8702115535736084,0.04585290602643332,1,0.16436684049193923,0.0014552435571719624,200,1.4954889059066772,0.28552813075871475,1,0.2657703063917946,0.24577329650121743,30,0.11796406507492063,0.02754948681785141,2,0.19597369400335746,0.1369102679945239,50,0.17840378284454342,0.029657291731975795,1,0.1955969669950057,0.13699101836621924,100,0.5573923230171204,0.07745215026234759,1,0.19388386524570578,0.12936195001290401,200,0.9109458088874817,0.1388705171996271,1
Health-Commits0002,10000,0.4806679967003914,0.06973226116461066,30.0,0.26489791870117185,0.010219178922233988,2.0,0.474695683640771,0.08558474204270124,50,0.4462414622306824,0.026442701810251493,2,0.4722191507665142,0.09011322170847191,100,1.1815923690795898,0.15950264195061312,2,0.403238782850133,0.13890403161396864,200,1.6599360346794128,0.10114218836297313,1,0.5275639914496087,0.13974645284193699,30,0.1759390354156494,0.038800672926319356,3,0.4884319260315893,0.06232397921427194,50,0.26090445518493655,0.04301905807348162,2,0.4872365660975538,0.06766978869396333,100,0.3092306137084961,0.033354974925325076,2,0.47352290618182363,0.08889430971259828,200,0.776347815990448,0.10844989372351103,2
Health-Commits0003,10000,0.4280977001416888,0.05729902452567538,30.0,0.2722740054130554,0.011625643605763111,3.0,0.391074186107444,0.07026483589430563,50,0.4450823307037354,0.026468655444015728,2,0.3470874658419405,0.07006865482971507,100,1.2973082900047301,0.12195498312794462,1,0.3209086627153344,0.07773593034393006,200,1.38384770154953,0.2753620021116929,1,0.4465478473640866,0.06476831745260295,30,0.1211005568504333,0.027333844468979948,3,0.4326015017490324,0.0594322935465423,50,0.20445870161056515,0.038214161026904586,3,0.4045700120542598,0.06508162349723763,100,0.35991625785827636,0.03777868722177756,2,0.3731520668066683,0.07081237414277751,200,0.8582840442657471,0.10605380102844929,1
Health-Commits0004,10000,0.24144932551713166,0.06759580768278933,30.0,0.421559202671051,0.021473812689725588,1.0,0.22778087917838138,0.010501755296131753,50,0.46143213510513303,0.02025258782705539,1,0.22489801685778127,0.003033457780629781,100,0.9093565702438354,0.027056158097144154,1,0.22299391582982495,0.00771528467224259,200,1.8998820781707764,0.08548816757757524,1,0.23043580938056601,0.00854338123707997,30,0.22729911804199215,0.051950644756931806,1,0.22846497223671453,0.006980025822087368,50,0.18700418472290034,0.03591572124310029,1,0.22666914111638228,0.0027713122975537015,100,0.364172101020813,0.04997068120027725,1,0.22615269145291955,0.002123803371783542,200,1.1271946668624877,0.15580707048407083,1
Health-Commits0005,10000,0.36316709068936437,0.14604925215577685,30.0,0.2702375888824463,0.011800070042335844,2.0,0.3308542214180258,0.14567310207341028,50,0.7899300694465637,0.06654575753969326,1,0.27166189188855505,0.134187321122659,100,1.079612410068512,0.15293250909571604,1,0.22461512112575416,0.11979652648762502,200,1.6054201245307922,0.3007067957412052,1,0.44979351046779914,0.1383383165567933,30,0.21830911636352535,0.04903430779186778,2,0.39260593462025745,0.13725435507868045,50,0.26087613105773927,0.04722782030580824,2,0.32938788749283343,0.1432399569869502,100,0.4751031160354614,0.05096014368079432,1,0.29701109427418276,0.14718374948428323,200,0.9678924441337585,0.11330731093075459,1
Health-Commits0006,10000,0.3111205965982284,0.023355407372195998,30.0,0.26841259002685547,0.014403430985665482,2.0,0.3037520929479082,0.021230508390412732,50,0.4417638063430786,0.023207223438139378,2,0.29286785518504366,0.020978476518693587,100,0.8771968603134155,0.04237845490759596,1,0.2807630695656,0.02804888207443273,200,2.0675932645797728,0.1978515009555819,1,0.32780335060603744,0.021269307476589068,30,0.2118581414222717,0.04699027588221976,3,0.31914280737077916,0.020479675945245808,50,0.2838297486305237,0.050182159301040835,3,0.31046784453400217,0.02306508614407106,100,0.35577993392944335,0.04175294184992044,2,0.30247340060361555,0.02636883412006021,200,0.6989235281944275,0.08200891896016414,2
Health-Commits0007,10000,0.4277912989352456,0.1315266134061577,30.0,0.4135961413383484,0.024708275394990514,2.0,0.38360338551965223,0.14054601024886326,50,0.4393215298652649,0.02483983803252113,2,0.3096811451369903,0.10951782365492248,100,1.796454381942749,0.09943512211208821,1,0.29070436137111716,0.11489729656511324,200,1.720019805431366,0.10711354348322341,1,0.44366749547055945,0.14124942893936757,30,0.17737269401550287,0.04038174314191547,2,0.4044338377787885,0.12997426535226325,50,0.20095982551574706,0.0358103602217215,2,0.36025790438493843,0.13299817785001034,100,0.5308344841003418,0.0753256162607717,1,0.32292464041804914,0.11730605330901822,200,1.1928088426589967,0.16860526577224763,1
Health-Commits0008,10000,0.40990084782385183,0.026165157692468792,30.0,0.5141464114189148,0.022510158591502766,3.0,0.39729145930378196,0.021788411234340027,50,0.7175504326820373,0.05923602160103217,2,0.3837327407835373,0.02126541350696077,100,0.9969799160957337,0.06640735780726414,1,0.3596398297141118,0.04097337252493184,200,3.2929331421852113,0.26241886490040955,1,0.4222862675604834,0.026249752719005565,30,0.1180449247360229,0.025277708743576596,3,0.41017242690850064,0.02797189475770228,50,0.18600668907165524,0.029107493962470393,3,0.38783741419662815,0.03426218310721983,100,0.6825618147850037,0.078858196611002,1,0.37573366880930303,0.03746713380093988,200,0.7331061720848083,0.11125223214851772,1
Health-Commits0009,10000,0.15358411958955256,0.03588616916142322,30.0,0.35703052282333375,0.019790609132946398,2.0,0.14509000720207596,0.012568736397349274,50,0.774125874042511,0.07814679087553623,1,0.13917110299237692,0.007520209888490509,100,0.8997765779495239,0.04204144466981196,1,0.13509973333693095,0.007898727509179826,200,2.3969537377357484,0.10769200286318627,1,0.15335392730160785,0.016386419997594052,30,0.24483375549316405,0.053354862689916654,2,0.1474255541668704,0.011964546298761687,50,0.26028372049331666,0.044380884387484644,2,0.1438655287998998,0.00963091314703226,100,0.3558205246925354,0.048435199920264155,1,0.13979400464402392,0.007360757825451434,200,0.6409633994102478,0.08765571444529131,1
Health-Commits0010,10000,0.3158605748445186,0.02542054925681494,30.0,0.4156460762023926,0.02202952083405912,2.0,0.3071460333643675,0.022463508725706252,50,0.7499861717224121,0.06561519083365504,1,0.29736016531437465,0.02458144864017615,100,1.1286891102790833,0.16115915054795804,1,0.29330667802589555,0.027228097389176257,200,2.1281902194023132,0.19519494844176835,1,0.34137846335531924,0.05424745124222081,30,0.1838068127632141,0.04156719499011924,3,0.3233762186096646,0.022872444488771824,50,0.2790788531303406,0.050835509000700004,2,0.3171436940675948,0.023560394774483687,100,0.5112604975700379,0.05942615699529921,2,0.3131837576965228,0.025488865717697044,200,0.6595769047737121,0.10327351117519531,2
Health-Commits0011,10000,0.12285525188996174,0.09215931848363025,30.0,0.39732513427734373,0.01771100472315146,2.0,0.08923218432684597,0.0774979784607033,50,0.8571890830993653,0.04007465027199832,1,0.055365601165466426,0.06008489354877445,100,1.1239013075828552,0.14263687209539347,1,0.030731253558755268,0.047694262261481865,200,2.038890528678894,0.17600330289065252,1,0.20432062459807554,0.18500674458026578,30,0.23017981052398678,0.050965641935253964,3,0.12703614461530652,0.08873077156215071,50,0.1997190117835998,0.03638549903332474,2,0.08141332746197924,0.07086230648956203,100,0.3489961624145508,0.04068973092722122,1,0.060443606308178174,0.05632637544206229,200,0.6808904767036438,0.0877004998825786,1
LLVM,1024,0.06762595790526912,0.04336825161938698,30.0,0.13441579341888424,0.008963407167984428,1.0,0.04556316506335904,0.006823687993325981,50,0.2213366031646728,0.010186693398304072,1,0.043015875324334214,0.002963045036820943,100,0.43508890867233274,0.020631296929255846,1,0.0416825773625295,0.001674975542045315,200,0.7944545149803162,0.0365164153582841,1,0.10622436652965372,0.09998141254600236,30,0.07787338495254512,0.01062671743135542,2,0.061697137022126744,0.06408982853640834,50,0.13858298063278193,0.01488271941876809,1,0.043499363416712525,0.004559013711351943,100,0.158549427986145,0.01845048653865435,1,0.041849451652262996,0.0026849311977059417,200,0.4588505744934082,0.03929605856752966,1
PostgreSQL,19008,0.020193096079813448,0.00041168426916549414,30.0,0.14614276885986324,0.0074858567133697,2.0,0.01994370430533735,0.0003208453926574389,50,0.2819891571998596,0.014384344767728662,1,0.019900084405511477,0.0002889796835816125,100,0.3113520860671997,0.011037457224964293,1,0.019818163688956232,0.00020559795292780428,200,1.2771857857704163,0.03812732143389765,1,0.020648197582598116,0.000785886157006872,30,0.05237687826156612,0.008618955144934803,3,0.020300120082280364,0.0005500075129692662,50,0.11797676086425776,0.013575121884322139,2,0.02004868753186542,0.000263868664623141,100,0.2340409398078918,0.023658492094954617,1,0.019962990175480703,0.00023722514660957762,200,0.22710735797882076,0.020630057907956554,1
SQL_AllMeasurements,4653,0.31552803657728573,0.04574797043615404,30.0,0.142703628540039,0.001812209469941241,3.0,0.2826024697466752,0.04104330785303204,50,0.3001325011253357,0.004538200050587347,2,0.24738792210897795,0.03205653444803388,100,0.5210837244987487,0.03657914503854939,1,0.23373578721262417,0.02835247322851039,200,0.9411685109138489,0.007154225184791425,1,0.29549695541281185,0.0440828889185258,30,0.10292974710464473,0.0025043260655863964,2,0.26458726307603897,0.04084537552480043,50,0.31077185869216917,0.00860990490677449,1,0.23666827508648466,0.04419950280984604,100,0.5341314554214478,0.01382378018826482,1,0.21945494199391963,0.04356500170724875,200,2.2295629024505614,0.12474566614162014,1
SS-A,1343,0.57453891220086,0.24628202960266501,30.0,0.1425534844398498,0.02068654574926479,2.0,0.539237335719353,0.2790816335330276,50,0.41211471557617185,0.05116398646327908,2,0.45336826764126653,0.3261958309964148,100,0.6084674596786499,0.069209559441865,1,0.3231265995072745,0.3214325867249581,200,0.8056681632995606,0.08395416323225813,1,0.7185303782773536,0.18617051665955914,30,0.04823129177093503,0.01786700542677618,3,0.6922155810534292,0.19459406104830299,50,0.07140272855758664,0.02216142200735554,3,0.6121058691709153,0.24868698412675602,100,0.18863281011581418,0.03725339834195314,2,0.5597985595461905,0.2923644200988915,200,0.3763260364532471,0.05123813093107324,2
SS-B,206,0.43952739774915683,0.21919944231444893,30.0,0.14373686313629147,0.030936382675701066,3.0,0.33633445467791634,0.2125208210839041,50,0.15556133985519405,0.029710199696547958,2,0.24048387939593593,0.13899970713888657,100,0.3748561263084412,0.054840658684683775,1,0.18847940119718104,0.1142295143369283,200,0.7571746826171875,0.10680249724000719,1,0.5027569800969816,0.216244284463689,30,0.04805861711502071,0.018043637001302036,3,0.4410293332319963,0.23397489149559983,50,0.0776697993278503,0.023891117352363846,3,0.39623241010827215,0.22504093298129554,100,0.11990020275115962,0.029150617701933366,2,0.3440752976302902,0.2095661114210411,200,0.17879627943038937,0.05243109129189937,2
SS-C,1512,0.639277439838728,0.22083642297408462,30.0,0.13404654264450072,0.02347156131230488,2.0,0.6308645653218223,0.2188088956367363,50,0.34407838582992556,0.05720258199902577,2,0.5021714828385277,0.29878932508279016,100,0.6235861420631409,0.09051310160401324,1,0.33923854493602235,0.3114364940643674,200,0.9853702664375306,0.16616071587517178,1,0.6985304710730957,0.18394316906493136,30,0.08341333866119381,0.02931122406014659,2,0.6923771239125831,0.18484567417472825,50,0.11433206796646116,0.029351734559685212,2,0.6633107053201399,0.22077689923018037,100,0.17300136089324947,0.03089491035555376,2,0.6526082528740179,0.23857286530077204,200,0.29419214725494386,0.05850993749853215,2
SS-D,196,0.47323897718346936,0.037024732797134814,30.0,0.19628195762634276,0.015801966762016017,2.0,0.467815286865444,0.022758619702337522,50,0.22505493164062496,0.02201112690815755,1,0.45887146244919536,0.018614214055063992,100,0.573096776008606,0.05674976958702264,1,0.45194755163673417,0.015961321667822347,200,1.3793777227401733,0.15562040353054946,1,0.4911665287648301,0.05469483446293086,30,0.07844039201736445,0.027332171887866786,2,0.47859699566902714,0.021785814169990113,50,0.09432495832443233,0.027211214251969287,2,0.4719765255157705,0.02197238560254877,100,0.15729255676269527,0.026345158446383722,2,0.4633893832944153,0.026522882706847446,200,0.2871424198150635,0.05093730187661558,1
SS-E,756,0.26426295920174775,0.06992907100399126,30.0,0.2043468832969665,0.02226308651040924,2.0,0.24288233603214282,0.0748284130423543,50,0.4186155080795288,0.03573207132282644,1,0.22290314742063533,0.08098953341120606,100,0.5957010149955749,0.04297282967982075,1,0.2088731036215583,0.0816779384110433,200,1.1674789547920228,0.07494835613728122,1,0.31134895686266656,0.04923294161866766,30,0.05927748680114743,0.019584840742570313,3,0.2835625818459758,0.06269597536848052,50,0.10371173620223995,0.02818388312076574,2,0.2689130631489901,0.07189095031933782,100,0.22476558685302733,0.036073751981159946,2,0.24046433305916998,0.07873686473872513,200,0.32321197986602784,0.06067867416846361,1
SS-F,196,0.4802245371443449,0.04662565396587473,30.0,0.13202980756759639,0.011183205400232907,2.0,0.4611863893517665,0.012059087302481418,50,0.227750027179718,0.02280888457184339,1,0.4534244060021878,0.016102226866708882,100,0.6600197792053223,0.05049565358568273,1,0.4490416341862768,0.01639488750173355,200,1.097209131717682,0.14232819200987423,1,0.4916973603431945,0.06592817595967128,30,0.07522102594375606,0.02701519833829698,2,0.4735468377174098,0.02418998816678221,50,0.06675962209701534,0.019030315007106294,2,0.46518288805794467,0.02198088379533457,100,0.12234191894531248,0.01946255063542784,1,0.45690607900610436,0.019857240728967683,200,0.32636102437973025,0.06177823221268245,1
SS-G,196,0.4747235445637542,0.050044804777119485,30.0,0.19930661916732784,0.017256473090978462,2.0,0.4587985964110568,0.013934929312969685,50,0.34160164594650266,0.033566421594935086,1,0.4528935060691165,0.015424089884420934,100,0.45480722188949585,0.041214439467191805,1,0.4471280757636927,0.014042859360291692,200,0.8560697436332703,0.06123396966393207,1,0.4887030702300824,0.07310705680960279,30,0.04373298883438106,0.015313988480777668,2,0.47211668968041787,0.028136000922712026,50,0.07040252685546873,0.019832510838669826,2,0.4662094350198161,0.025604136634907067,100,0.11866778135299678,0.01963400898317546,2,0.45794815788500876,0.02536537950828095,200,0.3537232518196106,0.07213733298728542,1
SS-H,259,0.7828117869710506,0.15063716268002225,30.0,0.20028519630432123,0.026147577014626215,2.0,0.7621185962751353,0.15057903736637993,50,0.20855826139450073,0.02470500013123764,2,0.5857738979317586,0.21470456923681813,100,0.4029784083366394,0.06289258537039272,1,0.36975533412501727,0.18285952255819837,200,1.2755800843238831,0.21039289435133607,1,0.8276940172380927,0.11984231513635275,30,0.05243546962738034,0.014127941868824382,3,0.8227420233792826,0.12064767347062835,50,0.07529082298278805,0.016176162629369814,3,0.8073837340583815,0.12550388204632165,100,0.19287379980087277,0.04513767388665261,3,0.7590078080703213,0.19636373402494112,200,0.20183731317520137,0.05805081974210306,2
SS-I,1080,0.2608412156510439,0.09342861117459199,30.0,0.2590003848075867,0.025860796871720132,2.0,0.225109632673297,0.10931423285055236,50,0.34492374658584596,0.030014519193009376,2,0.18058031257408808,0.11698247354356749,100,0.5262516140937805,0.03350461683572176,1,0.13945054847863309,0.12036818031031778,200,1.862445890903473,0.11580218690600312,1,0.30865919203432857,0.15597073989247687,30,0.06883342266082762,0.012173298132116888,3,0.27691879600664826,0.10982545832197402,50,0.10811704397201534,0.0175167846200355,3,0.25819662993477455,0.0912660081172593,100,0.18638128042221064,0.018527403848067146,2,0.23572759604711627,0.09667914208260844,200,0.529547142982483,0.05916884399770343,2
SS-J,3840,0.17630657427113325,0.11424193291682025,30.0,0.21448096036911007,0.011621183353295927,1.0,0.15748174633399817,0.11081554452589437,50,0.48665422201156616,0.015323648734514557,1,0.14371524621094214,0.10733744106029294,100,0.6322149276733399,0.014525559890746614,1,0.12016296170298717,0.09318336941167157,200,2.5021026849746706,0.07419123763138875,1,0.2654002643660074,0.18887442089959616,30,0.0909175038337707,0.014589419091822374,2,0.19576087153257787,0.12906570979493048,50,0.15356602668762204,0.022727796297452987,1,0.1642763932313546,0.11317540965248749,100,0.536479115486145,0.07515615240764761,1,0.15998046398042165,0.11461994327037428,200,0.5270223498344422,0.056514965800645155,1
SS-K,2880,0.16410648106034073,0.1111340772796949,30.0,0.2868812680244446,0.022174565885920147,1.0,0.1508071544814521,0.10719604784431665,50,0.2850404143333435,0.018650457735281723,1,0.12040199989510558,0.07204740413990238,100,0.5752226352691651,0.02456398121022636,1,0.09375157473530446,0.03236671851361173,200,1.4776304721832276,0.19674655481626052,1,0.2686104895320047,0.18242491575612174,30,0.08276050090789791,0.014664147233854553,2,0.21554443763582026,0.16582980104635534,50,0.12632284164428706,0.02328262324379022,2,0.17788697895902247,0.15226608195131378,100,0.2348382830619812,0.034815722768197985,1,0.147500830712388,0.10390511623492213,200,0.6299428462982177,0.07859358183839396,1
SS-L,1023,0.19269255166754748,0.062010178451516344,30.0,0.2487226843833923,0.015724033904763016,1.0,0.17520006158077617,0.0038171914604202516,50,0.3126865983009338,0.014051471206701574,1,0.17151760340610045,0.0034248029374543847,100,0.5865906119346619,0.023958244117502733,1,0.16986886184173858,0.0015713129408140222,200,1.0600860118865967,0.04888759321110675,1,0.272493813766026,0.14400156050487428,30,0.19464812278747554,0.02736997925390372,2,0.1980852087222782,0.08233087776349102,50,0.18670008182525633,0.023892318266106737,1,0.17056385998365525,0.0021929916370721507,100,0.2998141527175903,0.037954735851695585,1,0.16962500329965396,0.0014554832170880787,200,0.6668211817741394,0.07786460427612875,1
SS-M,864,0.011577829683351077,0.015680438446441996,30.0,0.3138403058052063,0.008229427494868423,2.0,0.006123216140397545,0.007139522270374394,50,0.5781103491783142,0.06492141258667908,1,0.0038587056976509154,0.00040016858424274593,100,0.8783405542373657,0.1539331729159991,1,0.0036142024822325494,0.00020897610371019144,200,3.860356891155243,0.03967716795060678,1,0.0052298536671299654,0.001865434347846339,30,0.2226095557212829,0.02446203217582832,1,0.004166906580766081,0.0006085468641582921,50,0.3748603343963623,0.03216494107680849,1,0.0036812857333074905,0.0005406678587016432,100,1.2761298060417174,0.11603702332620734,1,0.00340768343858996,0.00020345366692538507,200,1.225037693977356,0.09904717189954679,1
SS-N,53662,0.21577818832497747,0.06864197383151313,30.0,0.2025428056716919,0.005121302147289189,2.0,0.18708087669295206,0.053687377073376,50,0.470029354095459,0.05911067205704393,2,0.15899623252857448,0.04657197123836479,100,0.7822562098503113,0.06856704838822111,1,0.14075959098390692,0.028062329259146233,200,1.2387379288673401,0.13545024205993023,1,0.21262784620755681,0.060198397069477654,30,0.29552762508392333,0.03865623067091559,2,0.19849439213721468,0.052502302963288346,50,0.28143848180770875,0.01914633998658592,2,0.17274482689273485,0.039647504290713474,100,1.0905731081962586,0.05139233444772939,1,0.15677945026062845,0.039405696688879645,200,1.601854383945465,0.18498064903318526,1
SS-O,972,0.21495893225417784,0.03698692229813182,30.0,0.19449958801269526,0.00968495728608093,2.0,0.20792680090252466,0.03437247828671323,50,0.6139140009880066,0.033188543632579746,1,0.1931857191517106,0.007879068559343762,100,0.9108102917671204,0.028465907249466304,1,0.19022772255668902,0.008302312295499934,200,1.9697224736213683,0.17932349186285607,1,0.24131476775998154,0.05627517902536148,30,0.1672944188117981,0.01765943323218521,3,0.21635638702685855,0.03612695861116857,50,0.33404468297958373,0.026738741857426206,2,0.2009257261679826,0.021064052718102286,100,0.501523244380951,0.05025023232984772,1,0.19836455259314806,0.022062541331696814,200,0.8756244301795959,0.08591702173077348,1
SS-P,1023,0.19269255166754748,0.062010178451516344,30.0,0.257009482383728,0.01591116380717771,1.0,0.17520006158077617,0.0038171914604202516,50,0.32369800806045534,0.02014358643264863,1,0.17151760340610045,0.0034248029374543847,100,0.6070409655570984,0.04985992769924346,1,0.16986886184173858,0.0015713129408140222,200,1.039429259300232,0.04768852310242338,1,0.272493813766026,0.14400156050487428,30,0.11477649211883541,0.015431217596744625,2,0.1980852087222782,0.08233087776349102,50,0.2482474684715271,0.02844303863445708,1,0.17056385998365525,0.0021929916370721507,100,0.32053629159927366,0.042367341290571695,1,0.16962500329965396,0.0014554832170880787,200,0.42939467430114747,0.050212582160472946,1
SS-Q,2736,0.06594859241768308,0.016602180323209134,30.0,0.37897697687149046,0.019029808579433236,1.0,0.06457430461210341,0.016661025974973737,50,0.6394822716712951,0.03140646269682704,1,0.05963380558913436,0.0021200657579805464,100,0.9426778554916382,0.03365762249250821,1,0.058406400229259435,0.001176193381341533,200,2.986336827278137,0.26024203194085666,1,0.08770668772033442,0.04019210643156788,30,0.2601407885551453,0.04279524777742901,2,0.07711786767489685,0.03437882899838604,50,0.42164055109024046,0.0600458313826138,2,0.0631634959228188,0.016444717627381835,100,0.868875527381897,0.11468888187344609,1,0.05858641055243933,0.0011486481072500558,200,1.1691670417785645,0.256668611621858,1
SS-R,3008,0.18287562089017997,0.01895075122516025,30.0,0.2145831704139709,0.02269214462578031,1.0,0.17731391906526842,0.009252413952734429,50,0.32630473375320435,0.013788815098733611,1,0.17382311523000804,0.008526387451792726,100,1.1260876178741455,0.09408602471167136,1,0.17131195484813816,0.008223747724600208,200,1.5129410386085511,0.16332939122938364,1,0.20661493103509515,0.053311895092535665,30,0.19426753520965573,0.028304057414417907,2,0.18365430891239976,0.021707126491996614,50,0.3086670398712158,0.028274994306836252,1,0.1750533013291075,0.009017828585686793,100,0.5244298696517944,0.05040140418411303,1,0.1745901434998383,0.009250057552844177,200,0.931206202507019,0.07473232080899184,1
SS-S,3840,0.25218889762399543,0.1280233347104708,30.0,0.2838741302490234,0.01269511756326217,2.0,0.21791592453176883,0.13514050816565235,50,0.5262935876846313,0.04400237509301937,2,0.17605820505423359,0.10924560133301536,100,0.8486270904541016,0.10010199807761923,1,0.12861774701421033,0.10233507534392164,200,2.15119811296463,0.19996196269898034,1,0.2795192624575271,0.12095423620740665,30,0.12951837778091427,0.021431662352540095,2,0.2517838613760608,0.12581932159998724,50,0.22780447006225582,0.03518034868303592,2,0.23658441633793842,0.13503547779928093,100,0.4137501358985901,0.05605268783278272,2,0.20517961109435373,0.14130450961461022,200,0.7851016521453857,0.07935136591863819,2
SS-T,5184,0.06049950955216689,0.03224227257486327,30.0,0.28086472749710084,0.01631070509965898,2.0,0.04369961185974581,0.02960728140603084,50,0.3217570066452026,0.015566859248604733,1,0.02707194387834257,0.01373164991593306,100,0.8262943744659423,0.11027172804993415,1,0.01915223219390907,0.004251728714005636,200,1.4884512662887572,0.17191521414806954,1,0.10075562867094061,0.0846330075411116,30,0.19087185859680172,0.032259532497333814,3,0.06307500606129965,0.029507717587672552,50,0.3029314160346985,0.04118561123886351,2,0.0424671702268054,0.026440508246717617,100,0.5530411243438721,0.06297258253305535,1,0.03235398450961198,0.022365334718634708,200,1.1087271213531493,0.1568220797758029,1
SS-U,4608,0.2626928484081834,0.0289334350811461,30.0,0.2051325917243957,0.0033456474180505206,2.0,0.2496094150107687,0.017649006292370237,50,0.7534345269203186,0.08196048963883973,2,0.2351952998959134,0.00552194915205396,100,0.6969855427742004,0.0073466134415249235,1,0.23160538829761262,0.001059794749122698,200,2.0055562615394593,0.18119905918271745,1,0.25980386310996684,0.0256269547741733,30,0.25128835439682007,0.01917862747191119,2,0.24416368677745687,0.014954740785286871,50,0.4129668831825256,0.02455957813708853,1,0.23377115553666647,0.0047176813990675685,100,0.5280614018440246,0.03206860463019173,1,0.23108969888281491,0.00033983637757605694,200,1.491435980796814,0.1696815085288128,1
SS-V,6840,0.16161920850093475,0.06277502953700423,30.0,0.4590098738670349,0.01251037951628325,1.0,0.15006697547746845,0.061785919397766356,50,0.5040653944015503,0.009962711174425829,1,0.13647540324167623,0.06903498291177786,100,0.6841758251190185,0.006710239060647608,1,0.12836913362739835,0.07089448475273298,200,4.275087726116181,0.2876039878167369,1,0.19790349525986484,0.08897585968336551,30,0.16225975751876826,0.009902907951441857,2,0.1538762132074427,0.08039155376411829,50,0.5082308411598205,0.03183683920177958,1,0.12955461663689485,0.0734113821534048,100,0.6663959741592407,0.048136941215463865,1,0.1285164413406739,0.07355271032289247,200,1.8372167825698853,0.1429496529220475,1
SS-W,65536,0.33235379018917854,0.03049110305021406,30.0,0.38813055753707887,0.005463687157789967,3.0,0.3168631146571787,0.026173825864403668,50,0.33576384782791135,0.009535433062260379,2,0.29870020513933404,0.02119428276646233,100,0.8595585584640503,0.01490421239491271,1,0.2881130262933219,0.018327048266289645,200,1.7326285719871521,0.043256477679947426,1,0.33941949894741275,0.031248443214176372,30,0.3015756726264954,0.021260636334815623,3,0.3169624550196718,0.02922802409485391,50,0.533090615272522,0.03627348522744084,2,0.29756306474534855,0.020943939974768667,100,0.9112861633300782,0.08083884926789936,1,0.28211410819763444,0.024131970338694013,200,1.7317648530006409,0.14226069544866424,1
SS-X,86058,0.29465220561279865,0.08947544694409913,30.0,0.34245847463607787,0.015152732728119239,2.0,0.2681034461594439,0.07135428012004626,50,0.5737451672554016,0.021172471504772864,2,0.22952082418605252,0.03482798762527817,100,0.8365619063377381,0.01726934680702075,1,0.21341120897966123,0.0171992179884704,200,2.3837687134742738,0.05304640143610964,1,0.3055065223544683,0.09250570780562646,30,0.13277922868728634,0.018972640059567406,2,0.27499746445112105,0.08116063730738331,50,0.38021681308746336,0.04379971023673785,2,0.22989685851718272,0.03213699202125994,100,0.6717222571372986,0.0713129068759143,1,0.21799775751059874,0.01074707120160911,200,0.8008863091468811,0.10500220951321786,1
Scrum100k,100000,0.3681736990770715,0.03064379017195612,30.0,0.6257318377494812,0.12923924327019465,3.0,0.3477528082930258,0.027201824503431317,50,0.7962226152420044,0.05525655277985092,2,0.33202429079784007,0.013986120918069077,100,1.3702692866325379,0.15122578823773797,1,0.3228815942958991,0.01052134423425424,200,1.4225525498390197,0.005952582280466734,1,0.3682443541965891,0.03579572106853639,30,0.4466184854507446,0.09823072268419393,3,0.3405186312579275,0.015598621664243131,50,0.5960716485977173,0.06191709472629999,1,0.32075132872376944,0.01444819147869228,100,1.147414255142212,0.096713257090642,1,0.3103515622590768,0.009063763477629064,200,2.530976152420044,0.14965457278228209,1
Scrum10k,10000,0.34361194380383847,0.030337793032446887,30.0,0.44890240430831907,0.011769826384838117,3.0,0.31581811953892663,0.02455969257637107,50,0.7365830421447754,0.049407451236033705,2,0.29779527795149163,0.016283411262157262,100,1.753946852684021,0.11952890895339542,1,0.28933055685032893,0.00909546228744195,200,3.4400776624679565,0.29619171876489714,1,0.3319449209695064,0.03437117740986494,30,0.42534626722335817,0.03262090811000657,3,0.3038755104986766,0.022658047392391526,50,0.7144116520881653,0.05577798667755262,1,0.29477868266043256,0.01890899003468997,100,0.9294272184371948,0.07121545238775552,1,0.2812862892641853,0.006204528504797359,200,2.0589779734611513,0.14548121888733376,1
Scrum1k,1000,0.29807343653739016,0.0319489369539783,30.0,0.526854681968689,0.0482878533725261,3.0,0.27547700677155695,0.019416493329446068,50,0.8199209332466125,0.0390357080248665,2,0.2607032510916618,0.013778320434852909,100,1.4103612184524537,0.1382382663370987,1,0.256442651652061,0.013081044232189034,200,3.2316444158554076,0.2166366498475025,1,0.30111700009400183,0.03853696094049627,30,0.4017841577529907,0.04927415036281718,3,0.279468171746048,0.023038511641142085,50,0.5169239044189453,0.04210714888108814,2,0.2617423178636963,0.0158897502428614,100,0.925571620464325,0.11756709029895555,1,0.24975766475746397,0.010869020905722202,200,2.0801400780677795,0.23604934948154113,1
X264_AllMeasurements,1152,0.022781025605600018,0.01894260554077055,30.0,0.15410279035568233,0.0057892091599642944,2.0,0.008662517270528074,0.01318447789879724,50,0.24572007656097408,0.008434810282933098,1,0.0026131887828926255,0.005371766549615307,100,0.31324105262756347,0.008752993370288252,1,0.0004894001142528,0.00011185872276279598,200,0.6094523787498474,0.013957425820920275,1,0.0253241720592551,0.04791625551614131,30,0.09802832603454585,0.01175014770175135,2,0.00513611183573077,0.010895874335998056,50,0.17780177593231197,0.017484780757662185,1,0.0004765379321070299,0.00014860108324011532,100,0.3105508804321289,0.02466965961701735,1,0.00043446595029294506,6.900761128979478e-05,200,0.45240795612335205,0.03737063001846361,1
billing10k,10000,0.3893678918879477,0.022055296548430928,30.0,0.6168684363365173,0.01154501273028624,2.0,0.37889065593297067,0.019938175555158807,50,0.8360231995582581,0.021923450271887687,2,0.36301242047821025,0.010357179259802401,100,1.6152424216270447,0.07540419896893766,1,0.3547839085016477,0.005317101040440206,200,3.2106614112854004,0.25927302140317454,1,0.39250916497773575,0.03095135853807903,30,0.3593801259994507,0.07248027632696262,2,0.3699629778921265,0.01386897083556349,50,0.7472831010818481,0.08024038165221817,1,0.3546459994392043,0.007850350668613743,100,1.3448378562927246,0.11574419396638934,1,0.35003954616992494,0.0025148664037541063,200,1.831230843067169,0.15162208656834913,1
coc1000,1000,0.37792566136053357,0.023500488095810707,30.0,0.5766576647758483,0.048299663023981,3.0,0.3628223502315277,0.021188390358337146,50,1.0476985573768616,0.07065074857773188,2,0.34300102521637754,0.01667523443080671,100,2.050748658180237,0.12323643950366775,1,0.32540153491293855,0.013207844985865889,200,3.6710066914558412,0.22614385768398343,1,0.3779483476128084,0.02057481905675121,30,0.3650899052619934,0.05674562113269435,3,0.36477725411646283,0.01868200761752031,50,0.6072708249092102,0.07110200451055296,2,0.3480212574871556,0.017855808152389664,100,1.3371408700942993,0.1263528143476881,1,0.332260535190969,0.012092127424835319,200,2.528926730155945,0.266166592677106,1
dataset120,5160,0.3132807961646197,0.03884522148962649,30.0,0.18155159950256344,0.0025431468254441744,2.0,0.28996061618120444,0.03320264239716295,50,0.23850351572036738,0.0032405123709464087,2,0.25777503464672585,0.03976233270259647,100,1.0626027822494506,0.03923808970163381,1,0.2122792748509661,0.04622442744995729,200,1.0349883437156677,0.01404314060613758,1,0.37594028479690234,0.1293307301038844,30,0.1041500091552734,0.01460560346939273,3,0.3161561715245539,0.08124173272032834,50,0.18837758302688595,0.019130230586966848,2,0.2682618766037883,0.05233607129868198,100,0.3350139021873474,0.0331234759907301,1,0.23664795378232886,0.036772942357036834,200,1.4039076328277589,0.11592528694926772,1
dataset600,5160,0.26778274670075364,0.035271676812513766,30.0,0.14012275934219356,0.000985172932107615,2.0,0.24487724393146415,0.03307333203612684,50,0.23008890151977535,0.0022110798815187043,1,0.21057320128809093,0.03090869312204308,100,0.4940327048301697,0.007460685186798424,1,0.1791517588105049,0.03112280623394325,200,0.929115104675293,0.006436370041196956,1,0.3218654503135754,0.10565723292139312,30,0.09005535840988155,0.012019302759838197,3,0.2709858324125565,0.032203463068218106,50,0.14799247980117794,0.015109946321544445,2,0.23309528176072297,0.04176731653893849,100,0.29968438148498533,0.023571419654418186,1,0.19839518378830492,0.041891084607102044,200,0.5548499941825866,0.04217229495748857,1
dconvert,6764,0.04471711680313757,0.02985467196397493,30.0,0.13611867427825924,0.002002780788822979,2.0,0.03607623257633911,0.02329044973695561,50,0.21776024103164668,0.002442543907054515,1,0.02749848320950799,0.018594832697090072,100,0.45490044355392456,0.0042658793939793814,1,0.022564741265074635,0.01712677758209068,200,0.9047106266021728,0.012533989161498798,1,0.05801892694263815,0.04010160710117807,30,0.11359132528305049,0.009029228113326678,2,0.03545505716672788,0.025139177018867656,50,0.18888731002807613,0.01482062562249978,1,0.029033608946242996,0.019456072178802915,100,0.35598440170288087,0.027228613329441934,1,0.026221841344648895,0.018883319615947892,200,0.6564049243927002,0.052404442060848044,1
deeparch,4096,nan,nan,nan,nan,nan,nan,0.00675188012750008,0.020396274612412158,50,0.24855000972747804,0.00861333479667709,1,0.0005144949040071708,0.002010413018803184,100,0.42904508113861084,0.011192452914198351,1,5.444560940785492e-05,6.6395729219473134e-06,200,0.8128867983818054,0.023733796209453737,1,0.04591857683076091,0.06644201083488539,30,0.0884598851203918,0.015776122657015976,2,0.01815450393879186,0.029895373550520535,50,0.1435925126075744,0.015452880012145658,1,0.0033588883026914188,0.014600684690121575,100,0.2594712018966675,0.028731588466178175,1,5.227665559967565e-05,5.015388888137607e-06,200,0.42476195096969604,0.05747955783558388,1
exastencils,86058,0.05570072499758434,0.01481352704248968,30.0,0.15017181634902949,0.007009090270084013,2.0,0.05067110649599997,0.0142522721964807,50,0.24119974374771114,0.00826498537297698,2,0.045862766246645134,0.011186814099676225,100,0.42888023853302004,0.009427414511590553,1,0.04276654639232702,0.013605806739942706,200,1.0187022805213928,0.05156275109679358,1,0.0581595933608957,0.023074619575143902,30,0.09978631734848017,0.014357068165865284,2,0.052563040379457894,0.021128496782305977,50,0.15202100276947017,0.017139861641098382,2,0.04734393391984781,0.015833447954415995,100,0.29111407995224,0.025901615900697558,1,0.04358051869503056,0.013783666611870126,200,0.5436044216156006,0.05644810416541226,1
javagc,166975,0.010389007232493214,0.00961501776162774,30.0,0.12247295379638667,0.0031793531019332073,2.0,0.00802657638473507,0.008259702094477721,50,0.20323456525802608,0.00477114546771772,2,0.006641620485600545,0.007472822505545479,100,0.4199267148971558,0.007984013836632525,1,0.00572829390661622,0.0073429139494721905,200,0.8300225257873535,0.0722191952997482,1,0.008979107611685199,0.007610782926818841,30,0.13899776935577388,0.017232994442103706,2,0.008107851484584526,0.007662961984155544,50,0.18754630088806148,0.005809257418549295,2,0.0061520929825925955,0.0075345970228245735,100,0.3838986396789551,0.07331273475533702,1,0.005435891511092224,0.00722298081450278,200,0.8065645217895507,0.16893965332932262,1
nasa93dem,93,0.46725805947018395,0.011641030104750582,30.0,0.4756139874458313,0.031203496705230323,3.0,0.45846251417125583,0.009498983561469759,50,0.4762158155441284,0.007449947296492309,2,0.4527694035680042,0.005546333073589624,100,1.4855311036109924,0.10574986835863202,1,0.4484778875770538,0.0042339342301741766,200,2.5184842228889464,0.23145661668553283,1,0.4693425602896372,0.011519951800510271,30,0.4714085102081299,0.04056410355489802,3,0.4587382370953568,0.008940985376634578,50,0.6582200050354003,0.057050523225864326,2,0.4507277379929726,0.005556477583105169,100,0.9768530249595642,0.14697344082092625,1,0.4471871926494274,0.004592713880307687,200,1.1370540738105774,0.24684472924787854,1
pom3a,20000,0.26641618945996026,0.06836331573886763,30.0,0.3939415454864502,0.007134492205678512,3.0,0.24526273011307573,0.061413450041338975,50,0.8699870228767395,0.048305594066367766,2,0.2079047854371286,0.0481852129569345,100,1.4793805003166198,0.08899795779711905,1,0.1686713950695047,0.032604420591204046,200,3.5725627064704897,0.1447945681787773,1,0.287123599636265,0.06886663737145246,30,0.19422460794448848,0.02369289898226946,3,0.2643646809237379,0.06914955135040174,50,0.4900230646133423,0.05601007279363785,3,0.23604959340051684,0.06260863137553122,100,0.7812430500984192,0.12338096927403874,2,0.19380977152329817,0.059859755839481554,200,1.4317395567893982,0.16114971452260182,1
pom3b,20000,0.27104668346881505,0.0524797684409123,30.0,0.3039580225944519,0.005156449467157039,2.0,0.25050376925593965,0.05214200568671805,50,0.789301586151123,0.03155229241254601,2,0.2122800452842072,0.04846427884396362,100,1.0136438488960267,0.013599541384911904,1,0.17700674575202163,0.04123385868199805,200,1.4447394967079163,0.20433408511182982,1,0.2888767645443153,0.061711084409500204,30,0.19272420406341548,0.024402192629323603,2,0.2682379772767717,0.05403695558220064,50,0.5785628080368042,0.05952621234736094,2,0.2305201736883197,0.050621397318478895,100,1.0906283259391785,0.08431574319790121,1,0.19422407822556265,0.05528455692521062,200,1.613126850128174,0.17910121734848847,1
pom3c,20000,0.4092295119482488,0.0510453553899728,30.0,0.6090188503265381,0.010008708280301115,3.0,0.38624907399282093,0.04347819673553883,50,0.5091585516929626,0.018825558434667353,2,0.35117473590345266,0.04538855862899853,100,1.0801650881767273,0.03395120447705701,1,0.3188435272683294,0.04230231963246035,200,1.4609736680984498,0.22822558668361445,1,0.4225914594552867,0.048762490624817086,30,0.30680606365203855,0.0409548395945631,3,0.4039079426916585,0.04909405833037055,50,0.4584723234176636,0.05370846137732085,3,0.37737135288134793,0.0437673539275405,100,0.9460734009742737,0.10165792908105509,2,0.3353933983206278,0.04527508693182465,200,1.5383203983306886,0.18150380884381195,1
pom3d,500,0.2633590666797618,0.05042372790817013,30.0,0.30539779663085936,0.0035330739493121717,3.0,0.24219678840094847,0.0433944487398261,50,0.9601845145225525,0.009622169030789794,2,0.19935767691865108,0.029883584429102973,100,1.9882451295852661,0.025977011179223693,1,0.16685128189700343,0.02527005367316423,200,3.7570621848106383,0.0657673060225773,1,0.2814226481814068,0.04926872147112281,30,0.3659224271774292,0.04667432517606157,3,0.2639884990364444,0.05016829241563331,50,0.4763624548912048,0.05045003929572686,3,0.22908414401321933,0.0489424385639472,100,1.1319665431976318,0.09691734468837125,2,0.188802570554977,0.04106258910637447,200,2.505405235290527,0.1877593098413699,1
redis,4400,0.5008623807689971,0.02859871186466925,30.0,0.09134240150451654,0.004216913321350041,3.0,0.4865367758810165,0.02787568380144387,50,0.26240288019180297,0.015334552821745711,2,0.46094191409845847,0.0321219905401562,100,0.592693281173706,0.02190427690966831,1,0.4397886651102246,0.031656572981981775,200,1.1614202022552491,0.04598848146376371,1,0.5146541344165189,0.02623394015481008,30,0.056830704212188665,0.01048057792754056,3,0.5013594301999333,0.026189880382701883,50,0.17714343070983882,0.028232452215054715,3,0.48120873751120213,0.02682509863864563,100,0.33343111276626586,0.043081004634845065,2,0.4629519806571435,0.025569765132944473,200,0.6653098106384278,0.06018102486477195,1
rs-6d-c3_obj1,3840,0.26603007470334455,0.24609624408017422,30.0,0.16495798826217647,0.006855719105792548,2.0,0.22531601486459932,0.23068316105572437,50,0.28317325115203856,0.010637371710878066,2,0.1476262382391462,0.18752937878285458,100,0.4811167359352112,0.022394540028063584,1,0.06470882746379247,0.10303485111574895,200,1.101179575920105,0.040906214396606654,1,0.3004346494172916,0.23418855118236823,30,0.08096525669097895,0.013269687416998858,2,0.2566086823483441,0.2363689962160761,50,0.07097191810607906,0.010615879919927317,2,0.23186892208696025,0.24006919025105336,100,0.32685701847076415,0.043789945855335216,2,0.20375506097488633,0.23218416239772913,200,0.25916539430618285,0.024424983477313256,2
rs-6d-c3_obj2,3840,0.0070834189185804185,0.007759431175156333,30.0,0.14871784448623654,0.005812276643226339,1.0,0.00473633408064132,0.004518577629709892,50,0.3071874976158142,0.010845086159324804,1,0.003905664402991773,0.003708842782420569,100,0.5088248014450073,0.016915642124000294,1,0.003034265600400461,0.003676946499030852,200,0.6248908996582031,0.016146644854418638,1,0.030880654243985284,0.11106759240493498,30,0.08810694217681882,0.014907548153424785,2,0.006947950294230974,0.007820376270141262,50,0.11058907508850094,0.016200264604947914,1,0.005334829133015593,0.004510208510017248,100,0.22825045585632325,0.0359544835110778,1,0.004571389206530386,0.004149515849667943,200,0.45732176303863525,0.06792490213700363,1
sol-6d-c2-obj1,2866,0.02025312323438282,0.007788755878406106,30.0,0.16012746095657343,0.011339371318471049,1.0,0.019726894380747755,0.007264117524435727,50,0.22859205007553096,0.012867705093447628,1,0.018452241557245046,0.006220066158880245,100,0.9986018061637878,0.0928455425678568,1,0.017646443988786904,0.005492579117143348,200,0.9960424661636352,0.07361912905455091,1,0.022843741921415715,0.010179999481558356,30,0.07576353549957272,0.014495539662548353,2,0.021295753056405083,0.008988333289017297,50,0.091180408000946,0.012562262372666569,2,0.019297208177467808,0.006780773983830579,100,0.24464066028594966,0.02709617193649902,1,0.019017702239668442,0.006936311128726221,200,0.36195414066314696,0.04280375414653046,1
storm,1557,0.01782194174464974,0.05204525748709624,30.0,0.18086379766464233,0.0072632769712644395,2.0,0.017547675352928806,0.051521963203286045,50,0.2834643363952637,0.0097360725147619,2,0.0056508330474481245,0.01762529003257726,100,0.32049648761749266,0.006586637774487557,1,0.004826800746888469,0.017569002496590165,200,1.184032392501831,0.03622979443206711,1,0.024661334770025425,0.06170819734477838,30,0.10542517900466916,0.01673534111055863,2,0.02456496461981081,0.06174764422058402,50,0.18613539934158324,0.024915052490709053,2,0.016046584454715695,0.05161501636799914,100,0.20427436828613277,0.017945356955870986,2,0.005623867184375304,0.017632866826554912,200,0.7266407966613769,0.06305144509838105,1
wc+rs-3d-c4-obj1,196,0.19372559935449718,0.12384860216608222,30.0,0.12961407899856564,0.013066129305859679,3.0,0.16321672270368254,0.11993420647784749,50,0.21008989810943599,0.02578022273140489,2,0.09500293612571045,0.1023360598328008,100,0.3289199471473694,0.04041475558992255,1,0.04504707098604409,0.07498538314141626,200,0.37181944847106935,0.052645452661634964,1,0.23405360426501104,0.11845984662608806,30,0.03344426155090326,0.011121024127766962,3,0.21167516604721057,0.12281542246816145,50,0.05225780010223384,0.016238604093425948,3,0.1737405685902155,0.12528469679647652,100,0.05890285968780514,0.010918337331691865,2,0.14511389687596132,0.12019379072097633,200,0.15605411529541013,0.033613970016096666,2
wc+sol-3d-c4-obj1,196,0.19647186948575274,0.12927807049630158,30.0,0.09673403501510616,0.011711956656578256,2.0,0.15601455984906415,0.12340916970081119,50,0.1857101678848266,0.025451994749335245,2,0.1004128345062639,0.11428366484112773,100,0.33132597208023074,0.048786140044047036,1,0.033585266089766024,0.07601876831328848,200,0.621030580997467,0.10273626108898863,1,0.25591407659994353,0.15627559004108968,30,0.02195330858230584,0.007603486763955149,3,0.2347984863817964,0.1621261071109591,50,0.05007456541061397,0.015904546495248535,3,0.17775945586185057,0.13503519134226705,100,0.05670055150985713,0.010208714018427559,2,0.15974962462182027,0.12572464219460092,200,0.15477821826934812,0.03168444676572389,2
wc+wc-3d-c4-obj1,196,0.206478412855797,0.11528160477154907,30.0,0.09732760190963742,0.010079997971211273,2.0,0.16446647213080293,0.1076109775405018,50,0.10532608032226558,0.012011376936730312,2,0.0990940691194904,0.09885087842695925,100,0.27824554443359373,0.040350090442138005,1,0.04257815240460756,0.07002422275033064,200,0.6033515810966492,0.09096730129019488,1,0.2682996183896264,0.1357493838789152,30,0.03463519811630244,0.01314744464093779,3,0.25700088345993854,0.14322533394910567,50,0.03298225402832025,0.010181202255370381,3,0.20151794597056147,0.10840903036504398,100,0.055820035934448196,0.011826824341464674,2,0.19930812698702582,0.10721480630311456,200,0.09312462806701656,0.02103327126489826,2
wc-6d-c1-obj1,2880,0.24374081357293947,0.17408584484441367,30.0,0.18395255804061889,0.013009974371123683,2.0,0.19176039744609102,0.163480890808211,50,0.22295575141906734,0.014366751973900816,1,0.1278962779237352,0.12890044210161022,100,0.4354610800743103,0.020671778381383267,1,0.09547573150781943,0.08808744913380855,200,0.8134091854095459,0.03702466684280983,1,0.3544941714465172,0.16183367555204214,30,0.059798979759216275,0.010333297484909658,3,0.27574588657486077,0.1867287445699184,50,0.12149758338928218,0.021509764456633877,2,0.2204850001815129,0.1804375992514556,100,0.16722491979598994,0.025004310085804473,2,0.17577616910021585,0.15769775849695575,200,0.3666660189628601,0.05193701383027411,1
x264,53662,0.2776141595093463,0.10464202438678517,30.0,0.10338211059570308,0.0016717577548495323,2.0,0.24854655311021365,0.07468640273163069,50,0.3066693186759949,0.008678739071220666,1,0.211969952944564,0.05233850935291171,100,0.44543908834457396,0.008740780479429772,1,0.1975780675091587,0.05448303240760239,200,0.9425872921943664,0.013125649644587657,1,0.3097147194228439,0.1455026203942633,30,0.11263294219970699,0.009087108685339646,2,0.285067866707466,0.09932785998406293,50,0.17905000448226926,0.011423031188356601,2,0.2397197138703008,0.07706272600261801,100,0.35618023872375487,0.018358988452040943,1,0.20884027961380697,0.06608911540381618,200,0.8144266724586486,0.04500026708595716,1
xomo_flight,10000,0.17596438408794896,0.09730383257845905,30.0,0.42203760147094727,0.011715344243075847,3.0,0.14700362197270211,0.09698455762882643,50,0.8977255940437316,0.018112966287053868,2,0.08419831148247359,0.08111077931650523,100,2.3592661738395693,0.08923564805487984,1,0.051368369353106694,0.05722687807890848,200,2.0243285059928895,0.28578103834087676,1,0.18417456856317446,0.09828762123548196,30,0.5212474346160889,0.03144523028427541,3,0.16522475818547813,0.09516211789508584,50,1.0539745211601257,0.051698132670269015,3,0.12907771823817413,0.085667993893009,100,1.830184519290924,0.06014051953783485,2,0.07549368966915213,0.06183835988267921,200,4.243020701408386,0.12272897228315564,1
xomo_ground,10000,0.17967654130527683,0.09721238127364254,30.0,0.40204391479492185,0.010578028738982257,2.0,0.15918647452386447,0.09591112884285807,50,0.9245526909828186,0.014724963639591753,2,0.1026376270928264,0.08605998648737609,100,1.3414265751838683,0.023241880492386697,1,0.06442129301991895,0.06411753394797463,200,3.969177579879761,0.1388477889750491,1,0.19928853619703166,0.09413547181737224,30,0.5031673550605774,0.029886344234605275,2,0.1845896881318691,0.09259393995793748,50,0.7625537514686584,0.037418579158377076,2,0.1502711102539412,0.0840334296850462,100,1.1877500772476197,0.03481150533711489,2,0.08468977163126812,0.07080313593156297,200,3.1684876918792724,0.11144824775699329,1
xomo_osp,10000,0.15094726030148783,0.08556725798827805,30.0,0.6111828804016113,0.014368712167233155,3.0,0.13450327411648336,0.08340395658963907,50,1.0072775602340698,0.04926166780636039,2,0.08760316551881206,0.07859764246933092,100,1.6366020441055298,0.16808895350320494,1,0.05376545084219819,0.04792918876967664,200,3.5314324140548705,0.031561368456762065,1,0.1708264132624952,0.08276310301363403,30,0.5793155670166016,0.04069120651139464,3,0.15584014453596423,0.0789082494199579,50,0.6116077423095703,0.027700630324824577,3,0.11292154079543608,0.06447510575336379,100,1.5189606904983521,0.08952988502529088,2,0.06873102944455804,0.0498518189661914,200,3.0750036001205445,0.16771173094994632,1
xomo_osp2,10000,0.3335544062999427,0.1002680264671526,30.0,0.5042465329170227,0.00547552438065754,3.0,0.30323453013638185,0.10355294309881624,50,0.9765450835227967,0.08792261162163312,2,0.2384144249265304,0.07409745481305223,100,1.7547512769699096,0.01167024826059987,1,0.1792448225822682,0.05190088822107798,200,3.5471938610076905,0.027886985157163414,1,0.36959374156774927,0.0918038335813551,30,0.5351980209350586,0.04212550681853624,3,0.33214452973706177,0.11178628230585576,50,0.7646001100540161,0.0460920724154952,3,0.27090092524529774,0.09692312178203619,100,1.5502686858177186,0.09612880380046925,2,0.1875463569243652,0.06307236608641388,200,2.6614726185798645,0.22913768558926828,1
