Dataset,Rows,DODGE-30_mean,DODGE-30_std,DODGE-30_budget,DODGE-30_runtime_mean,DODGE-30_runtime_std,DODGE-30_tier,DODGE-50_mean,DODGE-50_std,DODGE-50_budget,DODGE-50_runtime_mean,DODGE-50_runtime_std,DODGE-50_tier,DODGE-100_mean,DODGE-100_std,DODGE-100_budget,DODGE-100_runtime_mean,DODGE-100_runtime_std,DODGE-100_tier,DODGE-200_mean,DODGE-200_std,DODGE-200_budget,DODGE-200_runtime_mean,DODGE-200_runtime_std,DODGE-200_tier,RandomSearch-30_mean,RandomSearch-30_std,RandomSearch-30_budget,RandomSearch-30_runtime_mean,RandomSearch-30_runtime_std,RandomSearch-30_tier,RandomSearch-50_mean,RandomSearch-50_std,RandomSearch-50_budget,RandomSearch-50_runtime_mean,RandomSearch-50_runtime_std,RandomSearch-50_tier,RandomSearch-100_mean,RandomSearch-100_std,RandomSearch-100_budget,RandomSearch-100_runtime_mean,RandomSearch-100_runtime_std,RandomSearch-100_tier,RandomSearch-200_mean,RandomSearch-200_std,RandomSearch-200_budget,RandomSearch-200_runtime_mean,RandomSearch-200_runtime_std,RandomSearch-200_tier
7z,68640,0.00761281105164528,0.0039725952845965605,30,0.21328234672546387,0.04661949550864899,2,0.006545234473689064,0.004262160846878428,50,0.34559921026229856,0.006188812932256068,2,0.005427110627467715,0.0037259443848609445,100,0.48768541812896726,0.10863548950796337,1,0.005427110627467715,0.0037259443848609445,200,0.5340718507766724,0.11876110117792608,1,0.00761281105164528,0.0039725952845965605,30,0.20090023279190058,0.001295199106841497,2,0.006545234473689064,0.004262160846878428,50,0.32857192754745485,0.001291383848176479,2,0.004684084432433625,0.00322319310139619,100,0.6494511604309082,0.005851252041282774,1,0.0026038679635620047,0.002528592434707619,200,1.3828063130378723,0.007753418595455479,1
Apache_AllMeasurements,192,0.030386168667253223,0.01590837792751356,30,0.18014155626296993,0.007600395909683432,2,0.02270050126752335,0.0013085270139905675,50,0.27320587635040283,0.012076043657286185,1,0.022576737091884156,0.0011954691478420856,100,0.47441376447677613,0.06802743261379876,1,0.022576737091884156,0.0011954691478420856,200,0.46501253843307494,0.09687289788781998,1,0.030386168667253223,0.01590837792751356,30,0.1706544756889343,0.007466170560120653,2,0.02270050126752335,0.0013085270139905675,50,0.27439353466033933,0.01138837213993177,1,0.022576737091884156,0.0011954691478420856,100,0.5887896537780761,0.02068932974464857,1,0.022259451345223457,0.0009585583164219126,200,0.8801451206207276,0.03574335327367061,1
BDBC,2560,0.004002435413847196,0.0029485669051773976,30,0.18123025894165037,0.0019499497439063112,2,0.0026413458449089404,0.0015100020316189712,50,0.2920470595359802,0.007734468198267369,1,0.0020330937945305,0.0015429539004426082,100,0.40515812635421755,0.10785298138614746,1,0.0020330937945305,0.0015429539004426082,200,0.49757373332977295,0.14332628006476197,1,0.004002435413847196,0.0029485669051773976,30,0.1710216641426086,0.0024259187292615596,2,0.0026413458449089404,0.0015100020316189712,50,0.2897998809814453,0.0024658178117593107,1,0.00155005288367478,0.001050102865946053,100,0.6240328907966614,0.002217413259010451,1,0.0010631460152318347,0.0009428685576724245,200,1.601311445236206,0.01552232712320694,1
FFM-1000-200-0.50-SAT-1,10000,0.34442651855589895,0.03669258657814968,30,0.5342750787734986,0.03961712612315355,3,0.3294254104222328,0.026233243947529607,50,0.9266406536102295,0.12311281902835583,2,0.3057074603252999,0.024689545997240447,100,1.7057711124420165,0.11456391320718544,1,0.29281219932313,0.022321009922739877,200,3.1586636304855347,0.08799348550507245,1,0.34442651855589895,0.03669258657814968,30,0.5049423336982727,0.048120504529845995,3,0.3294254104222328,0.026233243947529607,50,0.8277503848075867,0.10623011955448834,2,0.3057074603252999,0.024689545997240447,100,1.6824837923049927,0.11470659271751589,1,0.29281219932313,0.022321009922739877,200,3.2643083572387694,0.3058710671069394,1
FFM-125-25-0.50-SAT-1,10000,0.29259447458625276,0.042442216546394476,30,0.4174623370170593,0.003781203644054259,2,0.268680045067425,0.03198808359945295,50,0.6390948295593262,0.0724523205697264,1,0.2594554020668903,0.024193969368836592,100,1.541446900367737,0.10043233189564488,1,0.24560799898831315,0.02400040819503665,200,3.139976441860199,0.18685735197693187,1,0.29259447458625276,0.042442216546394476,30,0.5530746221542359,0.03492646683646292,2,0.268680045067425,0.03198808359945295,50,0.6893859505653381,0.06101299808614346,1,0.2594554020668903,0.024193969368836592,100,1.4338131666183471,0.12711065877364108,1,0.24560799898831315,0.02400040819503665,200,2.8294880867004393,0.20903052134441077,1
FFM-250-50-0.50-SAT-1,10000,0.399555910956202,0.021609746518316434,30,0.42850546836853026,0.005843457720767658,3,0.3872521942687682,0.018434249832946555,50,0.5880829215049743,0.0033204054069167033,2,0.378644560102394,0.015666896885637212,100,1.395103967189789,0.09716742399743865,1,0.3700279316533608,0.014145575065252013,200,2.62131929397583,0.19949084324029814,1,0.399555910956202,0.021609746518316434,30,0.3962754726409912,0.04811649835160736,3,0.3872521942687682,0.018434249832946555,50,0.6002992391586304,0.0031716758793899663,2,0.378644560102394,0.015666896885637212,100,1.442174994945526,0.0678190265138348,1,0.3700279316533608,0.014145575065252013,200,2.6155651926994326,0.14716340641425138,1
FFM-500-100-0.50-SAT-1,10000,0.38760670733984215,0.03335755607141762,30,0.22668278217315674,0.0014465077265230176,3,0.36956385221527394,0.030110713560668866,50,0.4467311382293701,0.010896787533699012,2,0.35725206965775386,0.027871511418979013,100,0.7730286359786988,0.03120979761842786,1,0.3465782650361972,0.01784381214484173,200,4.081849825382233,0.07546363813911583,1,0.38760670733984215,0.03335755607141762,30,0.23305611610412594,0.006821715601789524,3,0.36956385221527394,0.030110713560668866,50,0.4117529273033142,0.010484504133170673,2,0.35725206965775386,0.027871511418979013,100,1.0153928518295288,0.04067294813170096,1,0.3465782650361972,0.01784381214484173,200,1.6502379179000854,0.03947020117977162,1
FM-500-100-0.25-SAT-1,10000,0.37943010233528285,0.025618973645748014,30,0.32966712713241575,0.0300831350326488,3,0.3684085178838649,0.018100982424279318,50,0.6584989428520203,0.020665597225949857,2,0.358148557591898,0.010627399458106139,100,2.033587169647217,0.04743235262683754,1,0.35209063659373696,0.010981830688125784,200,4.223419642448425,0.02089420667222179,1,0.37943010233528285,0.025618973645748014,30,0.2822365641593933,0.012713250470403812,3,0.3684085178838649,0.018100982424279318,50,0.4630663633346558,0.013482180708053019,2,0.358148557591898,0.010627399458106139,100,0.752273964881897,0.003913484416701893,1,0.35209063659373696,0.010981830688125784,200,1.5239185333251952,0.005948232049936735,1
FM-500-100-0.50-SAT-1,10000,0.36978387397522783,0.03358612452405695,30,0.22463055849075314,0.002173831915176472,3,0.355370482568845,0.03341803790819428,50,0.3807670116424561,0.002848165657276366,2,0.33676524480200876,0.02565999339841847,100,2.0193328499794005,0.0638335432281771,1,0.3284654190371584,0.01976696420239261,200,1.6829780459403991,0.01623074417441533,1,0.36978387397522783,0.03358612452405695,30,0.22297711372375484,0.0013957016474005193,3,0.355370482568845,0.03341803790819428,50,0.3722388744354248,0.006453544669301309,2,0.33676524480200876,0.02565999339841847,100,0.7624211311340332,0.03832639566497861,1,0.3284654190371584,0.01976696420239261,200,1.7408692598342896,0.011896756504229665,1
FM-500-100-0.75-SAT-1,10000,0.34809465255778743,0.020394572018585806,30,0.22000935077667233,0.00232001142581897,2,0.3409468323131648,0.018689276896710048,50,0.8777999639511108,0.08639216766364588,2,0.32525271847687864,0.020378375998723056,100,0.7427115082740784,0.007830026716773669,1,0.306252308121166,0.01969190274135772,200,4.928452754020691,0.050451213687372654,1,0.34809465255778743,0.020394572018585806,30,0.24511625766754147,0.0067348275811258745,2,0.3409468323131648,0.018689276896710048,50,0.3729621648788452,0.012005012996040091,2,0.32525271847687864,0.020378375998723056,100,0.7395055174827576,0.0045537287407417726,1,0.306252308121166,0.01969190274135772,200,1.6250405669212342,0.035647283124953515,1
FM-500-100-1.00-SAT-1,10000,0.35570440342300946,0.03228423990143144,30,0.22094357013702393,0.001269075681813462,3,0.3430415891365786,0.023026701290633795,50,0.4080978870391846,0.005672138091421575,2,0.3298092565625273,0.02130774480080656,100,0.8169029951095581,0.010830670324111653,1,0.31888588507843907,0.016492393775726272,200,1.4525689959526062,0.008940338824110999,1,0.35570440342300946,0.03228423990143144,30,0.22552492618560788,0.001173543397038212,3,0.3430415891365786,0.023026701290633795,50,0.37090601921081545,0.0016833384445771266,2,0.3298092565625273,0.02130774480080656,100,0.9583547592163086,0.009750728582377481,1,0.31888588507843907,0.016492393775726272,200,1.4454509496688843,0.0100742934361983,1
HSMGP_num,3456,0.013049630747440515,0.009292821183648287,30,0.14835424423217772,0.0010476135172045938,2,0.009911451452322891,0.005233969799598176,50,0.16657062768936154,0.0009349424772680339,1,0.009082541555859011,0.0034366453571208033,100,0.4320379614830017,0.08313882615167774,1,0.008737275556733216,0.0037060221663826258,200,0.282182776927948,0.06442853688534922,1,0.013049630747440515,0.009292821183648287,30,0.19454053640365596,0.0020655836577611894,2,0.009911451452322891,0.005233969799598176,50,0.1834104537963867,0.002360214496026436,1,0.00839715497450622,0.0037677914603085993,100,0.3670830249786377,0.0036764295628668405,1,0.006132104004431914,0.0031867485818880582,200,0.6707687020301819,0.0032772325537687923,1
HSQLDB,864,0.00400307965414485,0.0021196824807662843,30,0.1339848160743713,0.000867267348481122,2,0.0036075828110226096,0.002143424749922715,50,0.2652720332145691,0.008213757047363959,2,0.00347874202597265,0.002159824901287283,100,0.34394177198410036,0.07706028244546709,2,0.00347874202597265,0.002159824901287283,200,0.38134765625,0.08876152607074558,2,0.00400307965414485,0.0021196824807662843,30,0.13563860654830928,0.000740820565494924,2,0.00354161668564471,0.0021609969746569403,50,0.2850966930389404,0.006543770311530864,2,0.0027969388487336646,0.0011073420113083758,100,0.5156782388687133,0.010684376392293091,1,0.002014819065657065,0.0005529614461590598,200,0.6680694818496704,0.006951086402074393,1
Health-ClosedIssues0000,10000,0.2436035472793674,0.08124869683254071,30,0.3391117453575134,0.00569927716639152,2,0.1971589273666558,0.04340968601686768,50,0.7702356576919556,0.04469942705732518,1,0.1762449802718085,0.01737836565604451,100,1.0811391592025756,0.012604351683619482,1,0.16289964423056777,0.015677046796153483,200,1.5052219033241272,0.35217290976024973,1,0.2436035472793674,0.08124869683254071,30,0.3181367516517639,0.002193642472434185,2,0.1971589273666558,0.04340968601686768,50,0.5050782799720764,0.0030483730005228644,1,0.1762449802718085,0.01737836565604451,100,1.1322777628898621,0.010066498436576985,1,0.16190651069979456,0.015028483930107502,200,1.7298658847808839,0.26354394172901296,1
Health-ClosedIssues0001,10000,0.4534503448138981,0.021031773269409207,30,0.30488609075546264,0.0021283774768549135,2,0.4443007046898203,0.026285755972866955,50,0.7288565874099732,0.01881883900084672,1,0.44147535946766325,0.024861205975382654,100,0.995859706401825,0.06205933483037617,1,0.4378664847227095,0.023886625632148804,200,2.649219977855682,0.6839477384349741,1,0.4534503448138981,0.021031773269409207,30,0.40731579065322876,0.0016571025195102475,2,0.4443007046898203,0.026285755972866955,50,0.7484879851341247,0.006371653432547473,1,0.43980374627476343,0.024623764109980874,100,1.3928111433982848,0.17468392667134175,1,0.43399445469380665,0.025114866626182092,200,2.730592596530914,0.006522996482587438,1
Health-ClosedIssues0002,10000,0.1788156469320195,0.007005811315925642,30,0.3076286792755127,0.009834140213618345,2,0.1742429145963961,0.020737231829568294,50,0.47304763793945315,0.04608913895917829,2,0.1742429145963961,0.020737231829568294,100,0.46136907339096067,0.09170734040174856,2,0.1742429145963961,0.020737231829568294,200,0.7605258226394653,0.1757018669649269,2,0.1788156469320195,0.007005811315925642,30,0.44913448095321656,0.006114469202716146,2,0.17424291459639574,0.020737231829568176,50,0.7626664400100708,0.030877180700761262,2,0.16920274124214613,0.028554942598215186,100,1.2541535377502442,0.1634720141934868,2,0.15876852000508013,0.03960955846480239,200,2.3546847105026245,0.19369641934670703,1
Health-ClosedIssues0003,10000,0.21397280771566315,0.040386414560268445,30,0.3149153828620911,0.002811787199379436,3,0.19247584490314723,0.036260887501976966,50,0.6820285081863403,0.0027657354341364872,2,0.17094856255900365,0.02797369303225981,100,1.6874826550483704,0.13231767382010118,1,0.15739087306516197,0.013591991985186982,200,1.5135517120361328,0.33708168517171916,1,0.21397280771566315,0.040386414560268445,30,0.4511310696601868,0.006260485310838503,3,0.19247584490314723,0.036260887501976966,50,0.7460267424583436,0.007598291625535225,2,0.17094856255900365,0.02797369303225981,100,1.2298029780387878,0.13883731526133133,1,0.15660613307214297,0.013291947421334393,200,2.4198301672935485,0.20008476960635502,1
Health-ClosedIssues0004,10000,0.292052620866614,0.011274834418332188,30,0.45010714530944823,0.005807328367061832,3,0.2870530059384997,0.008469782539811831,50,0.7504102706909179,0.004992088185027534,2,0.2804625666687478,0.007928082518774532,100,1.3760023832321167,0.004766086243478981,1,0.277729851462261,0.006822749485086891,200,2.3726853728294373,0.20608861580885707,1,0.292052620866614,0.011274834418332188,30,0.4552894353866577,0.001606700236053376,3,0.2870530059384997,0.008469782539811831,50,0.6474965572357178,0.08715964140053997,2,0.2804625666687478,0.007928082518774532,100,1.2393875122070312,0.14079963287141936,1,0.2767621828363317,0.0070817035639497644,200,2.5247328758239744,0.20946691620985955,1
Health-ClosedIssues0005,10000,0.24040169914290127,0.004658361305913099,30,0.5897233247756958,0.004389089755720357,3,0.23808492129231767,0.0048390089749992034,50,0.7441448450088501,0.004168579283758865,2,0.2374768892684561,0.004801781863245757,100,1.7449917435646056,0.09782947742941797,2,0.23439538513200925,0.004907314209612417,200,2.297291934490204,0.28499809961010947,1,0.24040169914290127,0.004658361305913099,30,0.4779391407966614,0.009475388484183254,3,0.23808492129231767,0.0048390089749992034,50,0.7982797622680664,0.01529206066869052,2,0.2374768892684561,0.004801781863245757,100,1.284162735939026,0.1675231768460196,2,0.23439538513200925,0.004907314209612417,200,2.5699788212776182,0.276946956673644,1
Health-ClosedIssues0006,10000,0.12342376603815867,0.008522299168281337,30,0.5707532525062561,0.013347557358345604,3,0.11802956448020305,0.0074000705597693965,50,0.7706005334854126,0.02525586653231352,2,0.11109920642574841,0.008129921259893563,100,1.2608027935028077,0.15322162025035568,1,0.10520206099025911,0.010815396147189668,200,2.3695006370544434,0.1964793793262109,1,0.12342376603815867,0.008522299168281337,30,0.46575491428375243,0.005287718617659803,3,0.11802956448020305,0.0074000705597693965,50,0.7833224058151245,0.014296787162026309,2,0.11109920642574841,0.008129921259893563,100,1.3854548692703248,0.18274184208464006,1,0.10520206099025911,0.010815396147189668,200,3.655583345890045,0.0559326323976284,1
Health-ClosedIssues0007,10000,0.5432524381178477,0.06895079653698193,30,0.44507771730422974,0.00441275848024009,2,0.5206292713394515,0.06343229853006274,50,0.7815467715263367,0.024687455296252745,2,0.4972618039772024,0.06441269393081556,100,1.1571096062660218,0.2634114450319655,1,0.48632584785113053,0.0600367689559347,200,1.6585619449615479,0.6354831795088691,1,0.5432524381178477,0.06895079653698193,30,0.5947261929512024,0.004448636744558385,2,0.5205438405100643,0.06334087359865206,50,0.8505860328674316,0.04192296796734295,2,0.48688080039753795,0.06060144761518054,100,1.0372455835342407,0.006597164732186374,1,0.4708819258159793,0.053914678147643745,200,3.8145569443702696,0.06904444022710712,1
Health-ClosedIssues0008,10000,0.30446965780703106,0.04646613774076014,30,0.48789998292922976,0.016126985099996813,2,0.28941259865993413,0.04003387445645791,50,0.8216716885566712,0.017438882851422224,2,0.2580297076677327,0.0150904977359868,100,1.3940478324890138,0.17609288545429685,1,0.2499397716657965,0.006877590647591177,200,2.5528766393661497,0.2395883887040688,1,0.30446965780703106,0.04646613774076014,30,0.5122269630432129,0.02630063234048862,2,0.28941259865993413,0.04003387445645791,50,0.9123208403587342,0.05270360905118425,2,0.2580297076677327,0.0150904977359868,100,1.9527400612831116,0.04831074535778768,1,0.2499397716657965,0.006877590647591177,200,3.724313974380493,0.06617500875433133,1
Health-ClosedIssues0009,10000,0.3550860212074426,0.06305129452431595,30,0.5438283681869507,0.019492669438251342,3,0.3175570330270153,0.06320574925924333,50,0.7753597497940063,0.020420735662699172,2,0.280229389833594,0.03952526441155697,100,1.8911432862281798,0.21378627192639127,1,0.2712629598913115,0.03620095990457815,200,3.4971220970153807,0.5919088267054399,1,0.3550860212074426,0.06305129452431595,30,0.5545033574104309,0.022562352111222633,3,0.3175570330270153,0.06320574925924333,50,0.8561836242675781,0.05819909368729544,2,0.27429498680933195,0.024564860860867763,100,1.7034267067909241,0.11119011831988548,1,0.2653285568670493,0.015481390335169473,200,3.612485349178314,0.10760116214893378,1
Health-ClosedIssues0010,10000,0.4865438420362532,0.006426380020759076,30,0.6424094557762146,0.08400679618676282,2,0.4851347578195499,0.006368800136768565,50,1.0053972363471986,0.007755691874960078,2,0.48148219906913275,0.005334997696808986,100,1.3298752307891846,0.21518295135257115,1,0.47910672064778703,0.0059422999125934165,200,3.014139974117279,0.8928272458917088,1,0.4865438420362532,0.006426380020759076,30,0.5400368571281433,0.023211646093991397,2,0.4851347578195499,0.006368800136768565,50,0.9641515970230102,0.008559376773361145,2,0.4813195469883489,0.005197299640310448,100,1.5381240248680115,0.10494788145247139,1,0.47696551681060484,0.006492295753099485,200,3.9733144879341125,0.15900818113439913,1
Health-ClosedIssues0011,10000,0.0546849844588147,0.04890080152874415,30,0.5870203971862793,0.0035074238592016113,2,0.039720246906527326,0.049904450010927255,50,0.8495588898658752,0.04397960102696168,2,0.011266215385732956,0.00907658459076706,100,1.679505503177643,0.07313904652004549,1,0.0058259743201099605,0.004910027450153924,200,3.872699809074402,0.3506617051586926,1,0.0546849844588147,0.04890080152874415,30,0.49632505178451536,0.047793065961768334,2,0.039720246906527326,0.049904450010927255,50,0.9752446055412293,0.01175307688534189,2,0.011266215385732956,0.00907658459076706,100,2.0770878195762634,0.02647892274083936,1,0.0058259743201099605,0.004910027450153924,200,3.9375364184379578,0.01403313436949953,1
Health-ClosedPRs0000,10000,0.0,0.0,30,0.3632634401321411,0.0027184554546558787,1,0.0,0.0,50,0.5070408701896667,0.005506778095086657,1,0.0,0.0,100,0.5369062185287475,0.00595633197121448,1,0.0,0.0,200,0.49977209568023684,0.002863808087618847,1,0.0,0.0,30,0.3753471851348877,0.002050843432461905,1,0.0,0.0,50,0.604764211177826,0.0023550922068826144,1,0.0,0.0,100,1.3699339985847474,0.05015749404433305,1,0.0,0.0,200,2.2911786675453185,0.1307515585227992,1
Health-ClosedPRs0002,10000,0.021121308675497823,1.3059866396360008e-05,30,0.5415085434913636,0.006591447083051845,1,0.021115254095207456,2.9436299366661747e-05,50,0.6944104790687561,0.03568863884060665,1,0.021115254095207456,2.9436299366661747e-05,100,0.777771532535553,0.08703469365807863,1,0.021115254095207456,2.9436299366661747e-05,200,0.7554670095443725,0.08553799293214367,1,0.021121308675497823,1.3059866396360008e-05,30,0.563199782371521,0.0018404310257387015,1,0.021115254095207456,2.9436299366661747e-05,50,0.8780556797981263,0.005915739101560063,1,0.021112333820303468,3.133494686674677e-05,100,1.8266529321670533,0.016416839007161475,1,0.021018994133806125,0.000415800880932421,200,3.763297212123871,0.014530177069282372,1
Health-ClosedPRs0003,10000,0.08309179389350554,7.25444128273518e-06,30,0.5393427014350891,0.00502000044371885,2,0.08309179389350554,7.25444128273518e-06,50,0.7908268928527832,0.0851359829173842,2,0.08309179389350554,7.25444128273518e-06,100,1.8564262628555297,0.5646209562007656,2,0.08309179389350554,7.25444128273518e-06,200,0.8913568615913391,0.26673330356929315,2,0.08309179389350554,7.25444128273518e-06,30,0.503366494178772,0.00971364176525052,2,0.08309179389350554,7.25444128273518e-06,50,0.8958560943603515,0.0064641660414953275,2,0.08309179389350554,7.25444128273518e-06,100,1.8386385679244994,0.013854064162770137,2,0.08307867539038442,3.9027271983068965e-05,200,2.6886484384536744,0.007472867289928776,1
Health-ClosedPRs0004,10000,0.4155424762039079,0.10761285133012603,30,0.44855786561965943,0.0045217175037440905,2,0.3554308863101666,0.06533487151839291,50,0.9709112524986268,0.011528231385391765,1,0.33611120885282525,0.04162916165656231,100,1.5001577854156494,0.28318273246457987,1,0.3260735440450768,0.031423272705159405,200,2.2261162638664245,0.8090968681827132,1,0.4155424762039079,0.10761285133012603,30,0.46191835403442383,0.004570534726939757,2,0.3554308863101666,0.06533487151839291,50,0.9421819686889649,0.012075652902529103,1,0.33611120885282525,0.04162916165656231,100,1.8201508402824402,0.023342376913578506,1,0.3159054176821474,0.028815808298948527,200,3.4112083673477174,0.16175087777575292,1
Health-ClosedPRs0005,10000,0.002297823370419472,0.0028698827932502153,30,0.539117968082428,0.024607227458308067,2,0.0006820740688842569,0.0008614834628515406,50,0.7974143624305725,0.019334103617005945,1,0.00037452081720857407,0.0006138490049577024,100,1.3948600530624389,0.31276417129461925,1,0.00025553773625463,0.000517533607238998,200,1.7097505688667298,0.6695901882811696,1,0.002297823370419472,0.0028698827932502153,30,0.4590230107307434,0.009459253299193213,2,0.0006820740688842569,0.0008614834628515406,50,0.7656154990196228,0.019566425184454624,1,0.0002073370959672844,0.0004848815383960307,100,1.9688876152038575,0.021804278129325075,1,5.346184091912765e-06,1.5725222154034998e-05,200,2.8563884615898134,0.1968697852427287,1
Health-ClosedPRs0006,10000,0.37100729034632846,0.12058042679623816,30,0.4846227169036865,0.006333078121116082,3,0.2798952097863339,0.10605884540343133,50,0.9099355697631836,0.015962381805674122,2,0.22478321386588712,0.08542340304471044,100,1.5256325244903564,0.06314071670571457,1,0.1864492327717424,0.06796760301496244,200,2.353696572780609,0.5954696065304043,1,0.37100729034632846,0.12058042679623816,30,0.5481920957565307,0.019676870681488406,3,0.2798952097863339,0.10605884540343133,50,0.8288710355758667,0.008139991679976186,2,0.22478321386588712,0.08542340304471044,100,1.5193611145019532,0.03776815560456835,1,0.16732760460635343,0.07106660033691788,200,3.0774176597595213,0.22819716026545986,1
Health-ClosedPRs0007,10000,0.12517115086015979,0.06986684822940038,30,0.4389610767364502,0.005814038250157763,3,0.09205785052676382,0.03905860177154526,50,0.9417929649353027,0.00352430493966968,2,0.06467082196091065,0.025948984789225363,100,1.4514545321464538,0.01538882639583366,1,0.051125453694773226,0.02179861542099671,200,2.913423812389374,0.4769651339435172,1,0.12517115086015979,0.06986684822940038,30,0.49111543893814086,0.006002921888582328,3,0.09205785052676382,0.03905860177154526,50,0.7820346713066101,0.013368494914401497,2,0.06467082196091065,0.025948984789225363,100,1.6297053575515748,0.03907572813920443,1,0.04848335299099922,0.018437712156948397,200,3.0613240361213685,0.21989038003738168,1
Health-ClosedPRs0008,10000,0.6656898869329861,0.08978477018113905,30,0.46143776178359985,0.010694617252417094,2,0.6193870780140072,0.056388162127454275,50,0.7786250472068786,0.0072710802283656025,1,0.6027065262005347,0.030856301413643324,100,1.0988474011421203,0.10038263136450885,1,0.5944932407811854,0.03186164177722869,200,2.0067484855651854,0.6722182313540298,1,0.6656898869329861,0.08978477018113905,30,0.4916872262954712,0.048564218355863754,2,0.6193870780140072,0.056388162127454275,50,0.7642467141151428,0.011828193665967164,1,0.6013804982015969,0.031337707838986886,100,1.5259354948997497,0.03385368692987048,1,0.5817620742473001,0.02303049612850012,200,3.2102474570274353,0.21525821417039942,1
Health-ClosedPRs0009,10000,0.5636417330908162,0.11994995874913522,30,0.5155362963676453,0.043673171491692,3,0.5414945790497884,0.11634740515108814,50,0.749813723564148,0.006611767887348395,3,0.510404832155394,0.11157438946487198,100,1.7805112719535827,0.11904998912134279,2,0.4467723444828554,0.10719202576108221,200,2.887265133857727,0.6174682241039218,1,0.5636417330908162,0.11994995874913522,30,0.458269739151001,0.006611244051632936,3,0.5414945790497884,0.11634740515108814,50,0.9464216470718384,0.008369418239664547,3,0.4992604553848087,0.11575221622996715,100,1.5933330297470092,0.05456715822486066,2,0.42649302149384855,0.10398315435775306,200,3.6891560435295103,0.09851368192236638,1
Health-ClosedPRs0010,10000,0.4727297011511363,0.061374856842373635,30,0.5940939545631408,0.004472467758158671,2,0.4549404365281002,0.061613758722262525,50,0.843107545375824,0.015898045180921545,2,0.41895579051129184,0.04905009657334587,100,1.0115358710289002,0.003108398444820669,1,0.3892025086999172,0.0485569570484461,200,3.6601385951042174,0.2739454050880219,1,0.4727297011511363,0.061374856842373635,30,0.5977665185928345,0.0044860488717426246,2,0.4549404365281002,0.061613758722262525,50,0.7974782228469849,0.012599770434311092,2,0.41895579051129184,0.04905009657334587,100,1.5438839793205261,0.02327121108967339,1,0.3886618071474273,0.04830508480049603,200,3.7573935866355894,0.09999786153657161,1
Health-ClosedPRs0011,10000,0.0,0.0,30,0.45891451835632324,0.00671115903080471,1,0.0,0.0,50,0.42392266988754274,0.033780249782707675,1,0.0,0.0,100,0.658124840259552,0.08210141743639655,1,0.0,0.0,200,0.6824993848800659,0.08730313715318927,1,0.0,0.0,30,0.4516596794128418,0.003557072721842753,1,0.0,0.0,50,0.7123531818389892,0.005748361921352533,1,0.0,0.0,100,1.4860561728477477,0.016321957319570955,1,0.0,0.0,200,2.935316324234009,0.07861689670544546,1
Health-Commits0000,10000,0.2486454239688778,0.056883729896415026,30,0.47963289022445676,0.02098524762427256,3,0.2265318271623741,0.052055389450509755,50,0.7614651203155518,0.00837042020786515,2,0.22013590846263598,0.04949241478673432,100,1.510670816898346,0.0119501657295254,2,0.17054040293629066,0.04917816249709546,200,2.970274198055267,0.30236182338171075,1,0.2486454239688778,0.056883729896415026,30,0.4612628698348999,0.008639663273177247,3,0.2265318271623741,0.052055389450509755,50,0.76244215965271,0.009598866463149508,2,0.22013590846263598,0.04949241478673432,100,1.9492907643318176,0.06941963958302673,2,0.17054040293629066,0.04917816249709546,200,3.106244921684265,0.184112385815208,1
Health-Commits0001,10000,0.16496217525873466,1.4663096647481208e-05,30,0.44742870330810547,0.005828838220019814,3,0.16495727028645774,2.2592333665331856e-07,50,0.9115961194038391,0.03763137856396016,2,0.16495721976846384,2.0376210396350005e-16,100,0.8125197768211365,0.20370952898804273,2,0.16495721976846384,2.034634053851799e-16,200,1.1173932790756225,0.298999342495183,2,0.16496217525873466,1.4663096647481208e-05,30,1.0894797921180726,0.019112186028417997,3,0.16495727028645774,2.2592333665331856e-07,50,0.7504068970680237,0.0042985009458716816,2,0.16495721976846375,1.1637151047855192e-16,100,1.4573240518569945,0.011200265124795723,2,0.1649259941618314,0.00013024067832835624,200,3.052395451068878,0.20290891590246504,1
Health-Commits0002,10000,0.4790269947021226,0.07293861639831681,30,0.4523996114730835,0.00586644014131881,1,0.4789936933670007,0.07292754218940657,50,0.4783040761947632,0.0500929893417232,1,0.478946305927811,0.07291184957733526,100,0.8930321574211121,0.2938422029453979,1,0.478946305927811,0.07291184957733526,200,0.9516933798789978,0.3243257726509116,1,0.4790269947021226,0.07293861639831681,30,0.46109299659729003,0.0042132100983396205,1,0.4789936933670007,0.07292754218940657,50,0.7383249402046204,0.003030732550495326,1,0.47624543609190184,0.07296429469056519,100,1.483379077911377,0.08796230753412432,1,0.45001914330278503,0.09879970657347166,200,2.9127041697502136,0.2154439423224078,1
Health-Commits0003,10000,0.37248242160830036,0.03908197118598126,30,0.553684651851654,0.025271841945736027,3,0.3561103501171463,0.033903996035042246,50,0.5684041857719422,0.004493677180080335,2,0.3348919191012051,0.022754543303383952,100,1.5701996207237243,0.05556686652299209,1,0.32304280145874414,0.021035267895170708,200,2.6252312898635863,0.345608729473514,1,0.37248242160830036,0.03908197118598126,30,0.3178651690483093,0.0028614285293206997,3,0.3561103501171463,0.033903996035042246,50,0.5409024119377136,0.011027527059158809,2,0.3348919191012051,0.022754543303383952,100,1.5599486708641053,0.013013472785765966,1,0.32304280145874414,0.021035267895170708,200,2.4315489649772646,0.21208289934649827,1
Health-Commits0004,10000,0.22543534421884764,0.0022099899363566392,30,0.4750020384788513,0.007373954132604663,2,0.22497941318730516,0.002854064787828134,50,0.5094263911247253,0.009320572096994845,2,0.22301427287780534,0.005447528133370631,100,1.0080753684043884,0.004146577993734074,1,0.22172135555723216,0.005663777269945658,200,2.023657810688019,0.24380840250513983,1,0.22543534421884764,0.0022099899363566392,30,0.45021638870239256,0.0016573713792058728,2,0.22497941318730516,0.002854064787828134,50,0.5239993453025817,0.0026507347111121384,2,0.22301427287780534,0.005447528133370631,100,1.0360089898109437,0.02243988148539682,1,0.22172135555723216,0.005663777269945658,200,3.633017086982727,0.38331284029602375,1
Health-Commits0005,10000,0.208725716327814,0.021555341212820357,30,0.3283224105834961,0.004258288749540758,3,0.19470476755925584,0.018186086612380768,50,0.5225581407546998,0.004662663742845303,2,0.18718379103278432,0.012987188447460933,100,1.3775957822799683,0.004008332550349188,1,0.17748790566874578,0.016783604080138893,200,2.0551377177238463,0.14815385758379532,1,0.208725716327814,0.021555341212820357,30,0.6024044513702392,0.004979431679984279,3,0.19470476755925584,0.018186086612380768,50,0.8624102115631104,0.01223066169369759,2,0.18718379103278432,0.012987188447460933,100,1.0369563937187194,0.004858901794573804,1,0.17748790566874578,0.016783604080138893,200,3.729862833023071,0.09760612037237364,1
Health-Commits0006,10000,0.30017920992280356,0.01281400559968776,30,0.4520029664039612,0.004419840784532354,3,0.29820028017358907,0.0126862337315933,50,0.7409380912780762,0.004565910147681496,3,0.2884808234613599,0.015017235192599045,100,1.9301751732826233,0.014860690685578286,2,0.27343886765866887,0.016614091259150345,200,1.6552336812019348,0.31574542344365003,1,0.30017920992280356,0.01281400559968776,30,0.3485935926437378,0.0127795301999382,3,0.29820028017358907,0.0126862337315933,50,0.5692439556121827,0.006901749471821822,3,0.2884808234613599,0.015017235192599045,100,1.1273340463638306,0.029074721797352165,2,0.27343886765866887,0.016614091259150345,200,1.6062115669250487,0.30477013207811626,1
Health-Commits0007,10000,0.23115860683853873,0.026616379308362494,30,0.30287134647369385,0.005588562961546401,2,0.22081030612760064,0.026567017461846303,50,0.5357537031173706,0.002999473741451458,2,0.2027531979157715,0.01514059125649795,100,1.5803102612495423,0.01584820516923478,1,0.1951298948328001,0.014639685440810738,200,1.500127911567688,0.27352813822887007,1,0.23115860683853873,0.026616379308362494,30,0.33624892234802245,0.002146531457770724,2,0.22081030612760064,0.026567017461846303,50,0.5132537364959717,0.0033146446458271177,2,0.2027531979157715,0.01514059125649795,100,2.0835914850234984,0.013520683201893492,1,0.1951298948328001,0.014639685440810738,200,1.628385841846466,0.3042595806623804,1
Health-Commits0008,10000,0.3899038416412234,0.02532761378934381,30,0.3387270212173462,0.0044856636316938465,2,0.37957343450016073,0.025025347740704394,50,0.5185190677642822,0.007006691840501802,2,0.36129719729974485,0.018999974810176064,100,1.0996357560157777,0.012506424503419041,1,0.35291010921954735,0.02178629160856298,200,1.5762020707130433,0.3799765946945042,1,0.3899038416412234,0.02532761378934381,30,0.3172284960746765,0.004378220137000553,2,0.37957343450016073,0.025025347740704394,50,0.7418511748313904,0.007503162913767441,2,0.36129719729974485,0.018999974810176064,100,1.0093094468116761,0.004199343123605596,1,0.349032841491442,0.0214970753755873,200,3.31349493265152,0.262139210993735,1
Health-Commits0009,10000,0.13994713774822973,0.005118362680112246,30,0.47063279151916504,0.014452246173375271,2,0.13840227026187882,0.005259649931268638,50,0.509196937084198,0.004859594272042309,2,0.1355009552726139,0.005317917043591762,100,1.681950533390045,0.10975653093757529,1,0.13244208476719727,0.003993863236504876,200,1.718540370464325,0.3632655944679908,1,0.13994713774822973,0.005118362680112246,30,0.3094386100769043,0.00214423646396041,2,0.13840227026187882,0.005259649931268638,50,0.9465125918388366,0.006585659876812357,2,0.1355009552726139,0.005317917043591762,100,1.055266797542572,0.004294105968070354,1,0.13244208476719727,0.003993863236504876,200,2.3887128710746763,0.2115522112089699,1
Health-Commits0010,10000,0.3029837329382225,0.016479194815365958,30,0.5682676911354065,0.004919484075112312,2,0.298294455158775,0.013291033916631964,50,0.5639384031295777,0.024806145231557636,2,0.2900942009487451,0.008024497064601776,100,1.0373934745788573,0.019332041833616465,1,0.28677751358269366,0.006976481193605265,200,1.8314605593681335,0.31177230179686194,1,0.3029837329382225,0.016479194815365958,30,0.46421276330947875,0.0025901702336087575,2,0.298294455158775,0.013291033916631964,50,0.5183000206947327,0.011204556853611377,2,0.2900942009487451,0.008024497064601776,100,1.0153079748153686,0.003972927232067214,1,0.28677751358269366,0.006976481193605265,200,2.621382808685303,0.2852183102918105,1
Health-Commits0011,10000,0.042710024895647625,0.05156914900816923,30,0.29619852304458616,0.0011064665782001533,2,0.025238950955645538,0.019714355059324517,50,0.7293476462364197,0.00676366468116387,1,0.012186903572664543,0.012322101531001805,100,1.671641182899475,0.10885969933912754,1,0.010596189727723273,0.010366063141097162,200,2.83152459859848,0.6697863384093,1,0.042710024895647625,0.05156914900816923,30,0.29909334182739256,0.0017522250313812145,2,0.025238950955645538,0.019714355059324517,50,0.5507139563560486,0.009272418735027214,1,0.012186903572664543,0.012322101531001805,100,1.8352166056632995,0.03172311162052774,1,0.00817553195350949,0.00540980636761031,200,3.26191782951355,0.07084378368386333,1
LLVM,1024,0.0775843556503663,0.053625410512727616,30,0.14695563316345212,0.0027419310806498474,2,0.05542944890166659,0.009415404225284795,50,0.23843811750411986,0.004305532480483782,1,0.050662016305189905,0.007668055406443077,100,0.3750189900398254,0.06061553503158355,1,0.050662016305189905,0.007668055406443077,200,0.4017030715942383,0.13011852502399782,1,0.0775843556503663,0.053625410512727616,30,0.13188147544860834,0.002685526495000198,2,0.05542944890166659,0.009415404225284795,50,0.16384346485137935,0.0029425204094637902,1,0.04869226451381227,0.0069229066222375474,100,0.31848758459091187,0.005466350684079026,1,0.0461763854704888,0.003971143774303198,200,1.1588918089866638,0.029833766868488383,1
PostgreSQL,19008,0.020001117946144332,0.00036983206423614066,30,0.19568253755569454,0.0007366524051837746,2,0.01995468348242383,0.0003579251095848859,50,0.20272705554962153,0.005502765351466856,2,0.01995468348242383,0.0003579251095848859,100,0.21463699340820314,0.0069907764453340645,2,0.01995468348242383,0.0003579251095848859,200,0.25975611209869387,0.0073838085202497525,2,0.020001117946144332,0.00036983206423614066,30,0.10471323728561399,0.001376327428744721,2,0.01991318227501712,0.00032623403077010663,50,0.2529550313949585,0.004252732216022823,2,0.01980651203759135,0.0003009887808484901,100,0.5010348081588745,0.005316843884714062,1,0.019666270910573484,0.0002476053122236216,200,1.345398485660553,0.010349443368209093,1
SQL_AllMeasurements,4653,0.2915339128490825,0.0420354867085732,30,0.1552873134613037,0.0016810514071425812,3,0.2774561200531076,0.03297174344730498,50,0.167683732509613,0.003043760639649061,2,0.26997284964650364,0.034982533366999094,100,0.3594436883926392,0.07661257966978165,2,0.26997284964650364,0.034982533366999094,200,0.40746344327926637,0.10374195398719811,2,0.2915339128490825,0.0420354867085732,30,0.1717607736587524,0.0027396139915860773,3,0.2774561200531076,0.03297174344730498,50,0.2265367746353149,0.0012155158664298212,2,0.25978666705948417,0.03258956629043394,100,0.628716242313385,0.012842468016546914,1,0.23928752244977783,0.021482682792828046,200,0.9816488146781921,0.007140462972085158,1
SS-A,1343,0.2683921275797687,0.2441535302681266,30,0.31181519031524657,0.004435424958740697,2,0.17117444565578585,0.20185729084638634,50,0.47349181175231936,0.027099563773650404,1,0.13563973597824242,0.17657717631810632,100,0.847019374370575,0.23131143414577673,1,0.13446061277442725,0.1771336876495213,200,0.9855891346931458,0.3696280470183851,1,0.2683921275797687,0.2441535302681266,30,0.28242422342300416,0.006404772484776147,2,0.15305953089869506,0.17416329487911678,50,0.3306190848350525,0.001975769175980578,1,0.0780069767353714,0.05143276416788394,100,1.3186743021011353,0.1386017469320892,1,0.06089834970700585,0.022977056963239553,200,1.255847203731537,0.2023467880947644,1
SS-B,206,0.22822631121460235,0.0808815226959276,30,0.29789477586746216,0.004520236801532405,3,0.19478744345962512,0.05727945015702542,50,0.4885163426399231,0.0071243858419338685,2,0.1605072836462455,0.025632829659870238,100,0.965421462059021,0.06807361707447454,1,0.14529506037560805,0.006500110286507046,200,1.078420341014862,0.20914072881218082,1,0.22822631121460235,0.0808815226959276,30,0.30176362991333006,0.004803414852873227,3,0.19478744345962512,0.05727945015702542,50,0.5192752718925476,0.008763429000037863,2,0.1605072836462455,0.025632829659870238,100,0.9299882531166077,0.016509139135454248,1,0.14529506037560805,0.006500110286507046,200,1.9988698959350586,0.03505162007269583,1
SS-C,1512,0.4882238932496814,0.11859611966098518,30,0.2843010902404785,0.002280389521596024,3,0.44893023918265335,0.13070592776601173,50,0.49723067283630373,0.0181146551240089,2,0.43514602415650233,0.13476393053422392,100,1.7682562708854674,0.5188055620885874,2,0.43514602415650233,0.13476393053422392,200,0.8054005861282348,0.250646983324161,2,0.4882238932496814,0.11859611966098518,30,0.3120256304740906,0.004736437422979938,3,0.44893023918265335,0.13070592776601173,50,0.5285479068756104,0.011981640182386824,2,0.40584440628569096,0.13887321573776965,100,0.9379887104034423,0.011734359607339987,2,0.3220474518135054,0.10341063884549125,200,4.806373071670532,0.03825301560754651,1
SS-D,196,0.44287036407575187,0.020307235543293323,30,0.3771538853645325,0.0015873885314811925,2,0.4390759362914653,0.023388462824953327,50,0.6100918650627136,0.013146559407541178,2,0.4259616245978929,0.02696023392095814,100,0.9672482132911682,0.10226898070072042,1,0.4233565255692155,0.02766560719452679,200,1.2496401429176331,0.3003178711504424,1,0.44287036407575187,0.020307235543293323,30,0.29792027473449706,0.001273227103937152,2,0.4390759362914653,0.023388462824953327,50,0.6205082416534424,0.0030105241107064484,2,0.4259616245978929,0.02696023392095814,100,0.7239834547042847,0.0063576972408188135,1,0.42019571417313006,0.02692144898847376,200,2.0242913484573366,0.016909523659586017,1
SS-E,756,0.17108287205026756,0.026685110558556102,30,0.40087411403656004,0.00289617593474115,2,0.16193339197536694,0.014565586952014627,50,0.5520694494247437,0.02722844333674383,1,0.15459488995477838,0.004903378524374735,100,1.0016133189201355,0.00775143285368948,1,0.1534956926115852,0.003414527934228535,200,1.925160551071167,0.3785858220560842,1,0.17108287205026756,0.026685110558556102,30,0.19931552410125727,0.0008439616600854179,2,0.16193339197536694,0.014565586952014627,50,0.34481455087661744,0.004051349651803623,1,0.15459488995477838,0.004903378524374735,100,1.0422909617424012,0.010667511398486132,1,0.1534956926115852,0.003414527934228535,200,2.177436280250549,0.12588787802472007,1
SS-F,196,0.44376178650774734,0.021110606581908734,30,0.2954808473587036,0.0032177522340981228,2,0.4382271513372128,0.02193594653094581,50,0.5285133838653564,0.008726602327737606,2,0.42521714880729755,0.023778690853787803,100,0.8699600100517273,0.10794298399564525,1,0.42418394457176,0.02495901077767158,200,1.3882765650749207,0.35377006062888494,1,0.44376178650774734,0.021110606581908734,30,0.29040387868881223,0.0031453117044830583,2,0.4382271513372128,0.02193594653094581,50,0.5103227972984314,0.0028238958334919893,2,0.42521714880729755,0.023778690853787803,100,1.317851734161377,0.006550624750303516,1,0.42076871135063937,0.024777533688382203,200,2.2416446089744566,0.12140799478270027,1
SS-G,196,0.4413742493203462,0.017853383219226544,30,0.3087284803390503,0.002479471218943293,2,0.43834349659011274,0.019973488769408604,50,0.5048793435096741,0.0027013464676520025,2,0.42759787700927154,0.025311515824763906,100,1.0985571622848511,0.0679265382561744,1,0.42610508305672595,0.02675137553384857,200,1.4178419589996338,0.3113306002706493,1,0.4413742493203462,0.017853383219226544,30,0.35324944257736207,0.0017475685594524517,2,0.43834349659011274,0.019973488769408604,50,0.34465560913085935,0.0021254405790065707,2,0.42759787700927154,0.025311515824763906,100,0.9741803646087647,0.014212071704311801,1,0.42240137138415584,0.027027837099637995,200,2.4212031841278074,0.05973142984391288,1
SS-H,259,0.5716667981940897,0.1297222687925328,30,0.30191577672958375,0.009077259418068967,2,0.5328668195616132,0.12109090712601867,50,0.4846384167671204,0.005858566008430925,2,0.48126573402177675,0.10563306205247505,100,0.9423548698425293,0.10522131739931687,1,0.4538885994354841,0.10827488044342012,200,1.6240370512008666,0.4564387921332491,1,0.5716667981940897,0.1297222687925328,30,0.3881453275680542,0.005316188811900214,2,0.5328668195616132,0.12109090712601867,50,0.4905442237854004,0.006819817247479009,2,0.47735767936784307,0.10514968150588509,100,0.9956432342529297,0.009442547471944346,1,0.3897362228618434,0.07002239228083705,200,2.5525742053985594,0.03208582326339947,1
SS-I,1080,0.13366608400728713,0.10271419787357407,30,0.27084423303604127,0.0018688618835596249,3,0.08600296918492684,0.08110194605801017,50,0.5995803713798523,0.004823145330978288,2,0.039823069226514164,0.04350898681953737,100,0.9948507905006408,0.00552864612900941,1,0.02420594851633507,0.015026281182393667,200,0.9751454710960388,0.19606929415109514,1,0.13366608400728713,0.10271419787357407,30,0.2958851456642151,0.0036994856824117887,3,0.08600296918492684,0.08110194605801017,50,0.45502504110336306,0.0025856750691573187,2,0.039823069226514164,0.04350898681953737,100,1.376976525783539,0.00838478935614723,1,0.019733627727350028,0.012542158618287601,200,1.9362299203872682,0.013759277004004573,1
SS-J,3840,0.07894919951129688,0.0064984847266790725,30,0.3197213292121887,0.0030589537513159557,2,0.07650293256680443,0.006104813449739672,50,0.5124042987823486,0.004200742484707604,2,0.07229191122737755,0.0034033697683853964,100,0.7626808881759644,0.05243178210216701,1,0.07124083752011068,0.0034695832921269455,200,2.1065619826316833,0.6272897394135165,1,0.07894919951129688,0.0064984847266790725,30,0.2973647594451904,0.0017982871063530988,2,0.07650293256680443,0.006104813449739672,50,0.6931385278701783,0.004616721231893483,2,0.07229191122737755,0.0034033697683853964,100,1.069720208644867,0.008476854948452057,1,0.07065227582765952,0.0028996207706317545,200,1.8311405658721924,0.017680608205829486,1
SS-K,2880,0.08617487341583427,0.02004448996934231,30,0.321826708316803,0.004883141474619366,3,0.07711012898361748,0.015873475342972218,50,0.5486426949501038,0.005752039170131949,2,0.07163212978423365,0.009455658045316619,100,1.0403226494789124,0.020829285512651268,1,0.06584908801719175,0.003594667712132121,200,1.8165634632110597,0.20538236873519378,1,0.08617487341583427,0.02004448996934231,30,0.3071595311164856,0.003115637637396029,3,0.07711012898361748,0.015873475342972218,50,0.49739612340927125,0.0013311168775951134,2,0.07163212978423365,0.009455658045316619,100,1.3125929713249207,0.004893432300246597,1,0.06568335193678373,0.003455232810589285,200,1.92870374917984,0.16046151310446427,1
SS-L,1023,0.23951911117232805,0.09071262476209946,30,0.20887687206268307,0.004143115848989776,2,0.1864572406894793,0.008899256188664748,50,0.41028140783309935,0.021821560687809306,1,0.18021691389779618,0.007700557405020689,100,0.7857051849365234,0.03566461893415929,1,0.17432161787003367,0.005104081618791757,200,1.1114606022834779,0.18739909377769295,1,0.23951911117232805,0.09071262476209946,30,0.2053099513053894,0.0067908572431972835,2,0.1864572406894793,0.008899256188664748,50,0.35010395050048826,0.009006488681823337,1,0.18021691389779618,0.007700557405020689,100,0.6588448524475098,0.012697400245474298,1,0.17432161787003367,0.005104081618791757,200,2.23527615070343,0.07774763352506898,1
SS-M,864,0.006999352919758339,0.0030913591902327958,30,0.30723937749862673,0.001389623245686642,2,0.006142010774642975,0.003004463480572035,50,0.49225754737854005,0.0024914187312536766,2,0.004903540541610971,0.0017689546112412858,100,1.6978888392448426,0.07881448455059668,1,0.004520172468623596,0.0014706319313490899,200,1.4292956829071044,0.32384629782480545,1,0.006999352919758339,0.0030913591902327958,30,0.2962310791015625,0.0010801899225349623,2,0.006142010774642975,0.003004463480572035,50,0.5044654726982116,0.003065135705731897,2,0.004903540541610971,0.0017689546112412858,100,1.0290467500686646,0.08723854903944815,1,0.004173447802011031,0.00031392478851568584,200,2.7426515340805055,0.32490097626981984,1
SS-N,53662,0.15955840496646895,0.012435085642560169,30,0.3589960694313049,0.017851113012550948,2,0.15533131373809855,0.009837555466692408,50,0.3761772871017456,0.006022951912795213,2,0.152621294359031,0.007671389585180896,100,0.6856692433357239,0.002525844621201114,1,0.1487257406764757,0.005456769653898049,200,1.2566996335983276,0.16539966417512142,1,0.15955840496646895,0.012435085642560169,30,0.2203910231590271,0.003811067445885324,2,0.15533131373809855,0.009837555466692408,50,0.5742947816848755,0.032733992381721394,2,0.152621294359031,0.007671389585180896,100,0.842119836807251,0.10586874942041609,1,0.1486373251716117,0.005460098100834273,200,1.5436189651489258,0.029885662561161444,1
SS-O,972,0.19320658482554195,0.009716982380312128,30,0.20417652130126948,0.0019210038799430083,2,0.19036957867855636,0.007992121310508176,50,0.33498029708862304,0.00169503887592101,2,0.18640233480613416,0.006355546536522311,100,0.66456538438797,0.029233216879177674,1,0.18381825544543082,0.0052289650593991275,200,1.8048806548118592,0.42536194401377386,1,0.19320658482554195,0.009716982380312128,30,0.30262049436569216,0.005330249251559827,2,0.19036957867855636,0.007992121310508176,50,0.5044201254844666,0.004476099590709857,2,0.18640233480613416,0.006355546536522311,100,0.9781711101531982,0.11213835423887783,1,0.18214963331663644,0.00282451173732228,200,1.0799196600914,0.2124805266215165,1
SS-P,1023,0.23951911117232805,0.09071262476209946,30,0.28930867910385133,0.0039036400451019247,2,0.1864572406894793,0.008899256188664748,50,0.32444133758544924,0.005573022735512868,1,0.18021691389779618,0.007700557405020689,100,0.6434084892272949,0.011816598200616552,1,0.17432161787003367,0.005104081618791757,200,1.004495584964752,0.19671251501556447,1,0.23951911117232805,0.09071262476209946,30,0.20321085453033444,0.004016802222837701,2,0.1864572406894793,0.008899256188664748,50,0.35367915630340574,0.0069311960210064185,1,0.18021691389779618,0.007700557405020689,100,0.9390297293663025,0.07872039424299808,1,0.17432161787003367,0.005104081618791757,200,1.1440726161003112,0.20181455595846176,1
SS-Q,2736,0.06553146780915102,0.016349887378382666,30,0.30318228006362913,0.001645192400651233,2,0.06133596825796941,0.001983324622832447,50,0.49075993299484255,0.001877335368084661,1,0.06032341729525507,0.0010457414632843696,100,1.1268919229507446,0.009385153519747572,1,0.059973494480328904,0.0010191030742809012,200,1.546148693561554,0.29621259171162445,1,0.06553146780915102,0.016349887378382666,30,0.4879939079284668,0.0064026958479398545,2,0.06133596825796941,0.001983324622832447,50,0.9776378273963928,0.024021699565295505,1,0.06032341729525507,0.0010457414632843696,100,2.029927599430084,0.007104058328165102,1,0.059889619072224246,0.0010107901457182232,200,3.0956083059310915,0.33537638323837204,1
SS-R,3008,0.18792468295609027,0.02207376063704399,30,0.214951741695404,0.008206026124795094,2,0.18490170562671596,0.01855049291761344,50,0.6293309569358826,0.002838987690228772,2,0.17831459886450665,0.007977825328980632,100,1.2364229440689087,0.015593601036812978,1,0.17331943144608714,0.00775862183980928,200,1.4234953284263612,0.1385620089856485,1,0.18792468295609027,0.02207376063704399,30,0.21042597293853754,0.0020960911439648383,2,0.18490170562671596,0.01855049291761344,50,0.5573575496673584,0.004834040684237139,2,0.17831459886450665,0.007977825328980632,100,1.1927054524421692,0.055840263905256156,1,0.17331943144608714,0.00775862183980928,200,1.1544314622879028,0.22384320971358823,1
SS-S,3840,0.10274549547816618,0.05370727331042238,30,0.3072283864021301,0.003680723606992149,2,0.08354922161562993,0.0387141015133284,50,0.501461386680603,0.0037736550239303858,2,0.05181474638880192,0.03596791431547965,100,1.0507969975471496,0.0784941673732048,1,0.04450729538620019,0.034396592464745565,200,1.031025230884552,0.3036077976147684,1,0.10274549547816618,0.05370727331042238,30,0.21771259307861324,0.0031735084263918396,2,0.08354922161562993,0.0387141015133284,50,0.5002349019050598,0.003337953037276049,2,0.05181474638880192,0.03596791431547965,100,0.7060055136680603,0.004301961880664456,1,0.04126892275070286,0.03403317515326027,200,1.2513118028640746,0.17695766895618373,1
SS-T,5184,0.0585587227853143,0.021912774344828252,30,0.2984271883964539,0.002005217601861361,2,0.05317353513375452,0.02126000663268976,50,0.4958918571472168,0.002713755329925523,2,0.040625836786425874,0.015820501607032165,100,0.9022408246994018,0.004446610049539356,1,0.03365215933000418,0.010983007914898443,200,1.8095880627632142,0.015833084933002978,1,0.0585587227853143,0.021912774344828252,30,0.20667306184768672,0.0014313280976097182,2,0.05317353513375452,0.02126000663268976,50,0.3369316101074219,0.002369167294385861,2,0.040625836786425874,0.015820501607032165,100,1.0002878427505493,0.013404378346259377,1,0.03365215933000418,0.010983007914898443,200,2.4274375557899477,0.07553884504392161,1
SS-U,4608,0.2652660596080249,0.025427167654510113,30,0.4960457801818848,0.32316636328594367,2,0.25690269266329707,0.02247738337474947,50,0.5918953061103821,0.044660362513839834,2,0.24586449697727306,0.012574675125129274,100,1.1117390990257263,0.05220973146669177,1,0.23778048337507318,0.005797155340301562,200,2.418823003768921,0.05601722194458708,1,0.2652660596080249,0.025427167654510113,30,0.2316843509674072,0.005897595682772468,2,0.25690269266329707,0.02247738337474947,50,0.6527034163475036,0.0024177149656687638,2,0.24586449697727306,0.012574675125129274,100,0.7609337568283081,0.009358211201215463,1,0.23778048337507318,0.005797155340301562,200,2.3949612736701966,0.023118375379650082,1
SS-V,6840,0.15379871087948216,0.05209622435521021,30,0.20470573902130124,0.0010100488994199805,3,0.1524345372674689,0.05124217324293542,50,0.6796229600906372,0.0045093088588065355,3,0.13071389936992206,0.06553813414864333,100,0.9483931660652161,0.10555752364551044,2,0.09738758007322731,0.061413910379216535,200,1.7976827502250672,0.324786148593214,1,0.15379871087948216,0.05209622435521021,30,0.3968165278434753,0.0036387276827797386,3,0.1524345372674689,0.05124217324293542,50,0.6502694845199585,0.002533531521709026,3,0.13071389936992206,0.06553813414864333,100,1.187196719646454,0.0745179295135207,2,0.0902254097062701,0.05691922448636934,200,2.6601580381393433,0.05261471043537266,1
SS-W,65536,0.34119105177329356,0.02459499000231897,30,0.2754684925079346,0.034761481514970605,3,0.3290674576233288,0.025278814974577353,50,0.4344598054885864,0.0567862343154129,2,0.317833592928233,0.021174026258973872,100,1.1905641317367555,0.06274256534336854,1,0.30666902735004287,0.017822477434122064,200,1.7800034403800964,0.1936082972620149,1,0.34119105177329356,0.02459499000231897,30,0.2142910003662109,0.0027469668490008614,3,0.3290674576233288,0.025278814974577353,50,0.3436483979225159,0.0026235861689025133,2,0.317833592928233,0.021174026258973872,100,0.9968408226966858,0.0209373165054388,1,0.30666902735004287,0.017822477434122064,200,2.6028005599975588,0.05147547561262013,1
SS-X,86058,0.313612532301593,0.09304731665367064,30,0.42177233695983884,0.00777074107778453,2,0.2628921220050585,0.07003803514844353,50,0.5078067779541016,0.010266934594568435,1,0.2352280143113426,0.03794576858655767,100,0.7664558410644531,0.04885183607515906,1,0.22249881410061353,0.014094241936338901,200,2.0163081407547,0.443757527900581,1,0.313612532301593,0.09304731665367064,30,0.2796903491020203,0.0020622686500161376,2,0.2628921220050585,0.07003803514844353,50,0.4581527471542358,0.008716641297780577,1,0.2352280143113426,0.03794576858655767,100,0.9310081243515015,0.004845489443267818,1,0.21536286608947894,0.01895769175536206,200,2.005311131477356,0.08028807971320694,1
Scrum100k,100000,0.3975751586674451,0.03069815062151051,30,0.5094488739967347,0.11217810912711253,3,0.3826807453580922,0.02627602014755677,50,0.8969357371330261,0.02781377456787955,2,0.3705424713095016,0.022637195067460127,100,1.6919574022293091,0.09094616480723762,1,0.36453217871837335,0.021793112122596794,200,3.7077113509178163,0.15314566969381874,1,0.3975751586674451,0.03069815062151051,30,0.4767847180366516,0.09431263428248908,3,0.3826807453580922,0.02627602014755677,50,0.8194038271903992,0.05033648248299759,2,0.3705424713095016,0.022637195067460127,100,1.614279842376709,0.11192213756973275,1,0.36453217871837335,0.021793112122596794,200,1.547486412525177,0.09421530490945897,1
Scrum10k,10000,0.3666410417131294,0.0295487892033517,30,0.5747650027275085,0.009813441755825457,2,0.35892720736623296,0.031415968589845945,50,0.5456683039665222,0.008203479902869164,2,0.33433862705449807,0.025315202647772345,100,1.6222072839736938,0.10550478602184714,1,0.32040990125098356,0.018914273926864573,200,1.858013641834259,0.28123831124398646,1,0.3666410417131294,0.0295487892033517,30,0.49039405584335327,0.013890632489531698,2,0.35892720736623296,0.031415968589845945,50,0.6450076937675476,0.08067238381235897,2,0.33433862705449807,0.025315202647772345,100,1.199448251724243,0.09818251018283354,1,0.32040990125098356,0.018914273926864573,200,3.813230645656586,0.11879199827492508,1
Scrum1k,1000,0.33522312479779676,0.03540387714866313,30,0.44304693937301637,0.03726343263964472,3,0.31962593324618116,0.028940880132389064,50,0.5316047906875611,0.007436973717554098,2,0.3100377354635372,0.024855826987337452,100,0.8383419275283813,0.16267832852374847,1,0.29137840068125387,0.023069073663394498,200,3.65359023809433,0.15485125861135393,1,0.33522312479779676,0.03540387714866313,30,0.46648027896881106,0.03723617611815648,3,0.31962593324618116,0.028940880132389064,50,0.891897690296173,0.012839384943483202,2,0.3100377354635372,0.024855826987337452,100,1.599992609024048,0.08814288554893275,1,0.29137840068125387,0.023069073663394498,200,1.729764449596405,0.22832409828604272,1
X264_AllMeasurements,1152,0.03147087125849523,0.02476838107718512,30,0.15765635967254635,0.0038146501934290603,3,0.02055021795510311,0.014117323278386764,50,0.2620967626571655,0.008741755942252388,2,0.011194077812407938,0.010398393040660056,100,0.4624465346336365,0.04867942376046993,1,0.010043112902882883,0.01087739310804602,200,0.5588040232658387,0.09462387907810522,1,0.03147087125849523,0.02476838107718512,30,0.16252025365829464,0.0029231739900645376,3,0.02055021795510311,0.014117323278386764,50,0.26078301668167114,0.00702698379689677,2,0.011194077812407938,0.010398393040660056,100,0.4847387194633484,0.015229855009054116,1,0.0042417905143741245,0.005558035976236348,200,0.6648815631866455,0.014861505370297705,1
billing10k,10000,0.41300710683806097,0.021833777962196446,30,0.5602565884590149,0.007751010415055347,3,0.4020300885620286,0.018046503201050276,50,0.7657376170158386,0.007122693862255291,2,0.3921598283059703,0.012542743089268175,100,1.6690402984619142,0.06223580674185534,1,0.38520158945574867,0.012863801720763566,200,3.4758493185043333,0.2495797001635258,1,0.41300710683806097,0.021833777962196446,30,0.5801007270812988,0.0224646679558391,3,0.4020300885620286,0.018046503201050276,50,0.8289225459098816,0.09179385132396535,2,0.3921598283059703,0.012542743089268175,100,1.787529456615448,0.103985283427538,1,0.38520158945574867,0.012863801720763566,200,3.43067330121994,0.17971570011147883,1
coc1000,1000,0.35818498359109835,0.011156087370529814,30,0.8150740504264832,0.01293096359838973,2,0.352640663319512,0.009491487290893365,50,1.232799470424652,0.03560115100818423,1,0.3506012291579105,0.007946807521814208,100,2.8531654357910154,0.18576339977990006,1,0.3461423368380052,0.005796164649490146,200,6.271632468700409,0.15952904628194328,1,0.35818498359109835,0.011156087370529814,30,0.743672502040863,0.009633385837757694,2,0.352640663319512,0.009491487290893365,50,1.3151502370834351,0.13931790635891367,1,0.3506012291579105,0.007946807521814208,100,3.116486978530884,0.09363214549159689,1,0.3461423368380052,0.005796164649490146,200,4.880571484565735,0.45024952431175885,1
dataset120,5160,0.30641884049365664,0.02559678687169967,30,0.16373015642166136,0.0018323207626697055,2,0.30246003471610095,0.024730094473024104,50,0.24374945163726802,0.008050165221343926,2,0.297137712226499,0.02563551442381472,100,0.8990842580795289,0.20055359770554587,2,0.297137712226499,0.02563551442381472,200,0.3734993577003479,0.09296120538990213,2,0.30641884049365664,0.02559678687169967,30,0.16946942806243892,0.0023566384144606033,2,0.30246003471610095,0.024730094473024104,50,0.2779228210449219,0.004453751080514685,2,0.28879087199565145,0.02613418372564939,100,1.2491296887397767,0.025062948853679788,1,0.27308443802929105,0.019806577166398408,200,0.9712320923805237,0.02724954709697029,1
dataset600,5160,0.2883354406622789,0.02478181286363497,30,0.19243943691253657,0.001462709579991232,3,0.27147759701491314,0.022951697069081536,50,0.23856211900711055,0.003387938864946921,2,0.26706058812511013,0.022591623569632308,100,0.35509551763534547,0.0447931190853829,2,0.26706058812511013,0.022591623569632308,200,0.40720502138137815,0.05034700713128757,2,0.2883354406622789,0.02478181286363497,30,0.1597246170043945,0.006624284958876893,3,0.27147759701491314,0.022951697069081536,50,0.24558827877044673,0.0074903830172090465,2,0.25774549066129937,0.018780463189705044,100,0.5274516582489014,0.009938944206498797,1,0.23923772928460424,0.02612114250575274,200,1.0845855474472046,0.04499088742202042,1
dconvert,6764,0.016408228171663212,0.00237535243271767,30,0.16269445419311518,0.004666109504098455,2,0.015757820304997953,0.001987477346032598,50,0.26164337396621706,0.006884152043717172,2,0.015153059386380225,0.002156375047738509,100,0.4548826336860657,0.08497114606741149,1,0.015129017459184754,0.002144611157650537,200,0.4767351865768433,0.11231035643494318,1,0.016408228171663212,0.00237535243271767,30,0.15424356460571284,0.004637509863523727,2,0.015658273543187464,0.002025684647802815,50,0.25223861932754515,0.004319274949783487,2,0.01488128347851859,0.0021342788612761033,100,0.464371657371521,0.008991063440922513,1,0.01382891932000491,0.001861126466768483,200,1.00217547416687,0.007445665365811634,1
deeparch,4096,0.004808289354227773,0.007879208391121682,30,0.15268721580505368,0.002265734474919532,2,0.0029633033172536748,0.006121175066885363,50,0.25091599225997924,0.003320831309901297,2,0.0008908229717094604,0.002865218681102466,100,0.4082576632499695,0.06153297708040238,1,0.00027019784276548046,0.0003344829193485446,200,0.5178372621536255,0.10946940610163515,1,0.004808289354227773,0.007879208391121682,30,0.1472864031791687,0.001643420509066906,2,0.0029633033172536748,0.006121175066885363,50,0.24449807405471796,0.002574118748050648,2,0.0007938162091333647,0.002871720284590866,100,0.6110746383666992,0.006736398321567291,1,0.0001379785804557595,0.00011115068443081777,200,1.1339843988418579,0.013230744754349483,1
exastencils,86058,0.04629508511360739,0.012307191471881798,30,0.15336316823959345,0.0014350600516952843,2,0.04225156704970488,0.014177863836090493,50,0.23971350193023677,0.014583579968313224,2,0.04160848027797175,0.013915257380708687,100,0.2920587658882141,0.06305245200279119,2,0.04160848027797175,0.013915257380708687,200,0.292445695400238,0.06457116839846093,2,0.04629508511360739,0.012307191471881798,30,0.14897584915161127,0.0025752189205078945,2,0.04101160707672155,0.014178678411995287,50,0.2414303660392761,0.001967996353078056,2,0.0324502200723396,0.01627548370426953,100,0.5021421194076539,0.018525170493856283,1,0.02444904846993504,0.012966553998669693,200,1.0286301612854003,0.07619005374404353,1
javagc,166975,0.001904779332104455,0.000990663391456132,30,0.11936424970626827,0.001193469696733751,3,0.00150202065987772,0.0007490568994492041,50,0.24502971172332763,0.03257062768999082,2,0.0014584653810667402,0.0007760576300625014,100,0.33078000545501707,0.11554774612992467,2,0.0014584653810667402,0.0007760576300625014,200,0.2693557977676392,0.1041492176459002,2,0.001904779332104455,0.000990663391456132,30,0.1791888833045959,0.0209945235966008,3,0.001474793076230775,0.0007047769818527975,50,0.11433764696121214,0.0009448586163838188,2,0.0010961490068483403,0.0005045002845538869,100,0.42207696437835696,0.07676105033391396,1,0.000759599926174815,0.00030645790205248663,200,0.48104329109191896,0.06634741473534585,1
nasa93dem,93,0.47047880859227975,0.007214414514796246,30,0.31059701442718507,0.008001739233431266,3,0.46625427915275947,0.003665921435263521,50,0.6891256093978881,0.07669699059529723,2,0.4639936756514139,0.005116754901813034,100,1.220498549938202,0.1436057135647308,1,0.46134644935143215,0.005980430165091271,200,2.4994918942451476,0.6042543601766596,1,0.47047880859227975,0.007214414514796246,30,0.46566481590270997,0.003998492713842637,3,0.46625427915275947,0.003665921435263521,50,0.737392258644104,0.003449405629706136,2,0.4639936756514139,0.005116754901813034,100,1.6061258912086487,0.11139214582564208,1,0.46040634421749277,0.005228602241007041,200,2.4298582077026367,0.25186614351181386,1
pom3a,20000,0.19965495647739195,0.011379914908262236,30,0.49570039510726926,0.034846229253394714,4,0.19362877574170476,0.01411412574531035,50,0.7144206166267395,0.06835917175508371,3,0.18740392500460362,0.013677324588099816,100,1.2368182420730591,0.1398543935154523,2,0.17448152843037631,0.01869246622220469,200,2.374092173576355,0.1641023008301563,1,0.19965495647739195,0.011379914908262236,30,0.4528078556060791,0.004921500234475801,4,0.19362877574170476,0.01411412574531035,50,0.6724634051322937,0.08576269512068228,3,0.18740392500460362,0.013677324588099816,100,1.2211859941482544,0.13125917195926692,2,0.17448152843037631,0.01869246622220469,200,2.42184796333313,0.21779383536688143,1
pom3b,20000,0.21201380140763204,0.02266750832763828,30,0.42216830253601073,0.004095594361682379,3,0.19865840495883036,0.014803732474000913,50,0.51807199716568,0.004578275566996744,2,0.18711049329867646,0.018844572108456283,100,1.221940279006958,0.11709064818757312,1,0.1806766287913268,0.013852646343860308,200,3.005199694633484,0.04616161416167123,1,0.21201380140763204,0.02266750832763828,30,0.4852716326713562,0.03862429688519256,3,0.19865840495883036,0.014803732474000913,50,0.6755468726158143,0.08939202433366178,2,0.18711049329867646,0.018844572108456283,100,1.216902732849121,0.12332666135291664,1,0.1806766287913268,0.013852646343860308,200,2.630795454978943,0.29196948470738077,1
pom3c,20000,0.34541482775027,0.022318463829187136,30,0.4566824197769165,0.008268615845564833,2,0.3396874749645042,0.01916353733246403,50,0.8782988667488099,0.031108356155697785,2,0.32692007792020916,0.019233192216711166,100,1.3994094252586364,0.17119471002516481,1,0.31993933414415227,0.017592639725170604,200,2.6189002871513365,0.2738253447527941,1,0.34541482775027,0.022318463829187136,30,0.5776039123535156,0.00755219252438135,2,0.3396874749645042,0.01916353733246403,50,0.987876009941101,0.021518671300371262,2,0.32692007792020916,0.019233192216711166,100,1.6526329040527343,0.10640821686012082,1,0.31993933414415227,0.017592639725170604,200,2.4977834463119506,0.1791519868471514,1
pom3d,500,0.2076866986780313,0.016338572981116847,30,0.5417383193969727,0.02773032087294386,3,0.2028222208598931,0.01633613130372192,50,0.8025998473167419,0.06331483283248832,3,0.19737401372633187,0.015023140431698305,100,1.9892197489738463,0.15638637063573477,2,0.18724618581406313,0.009664000058689564,200,4.045549631118774,0.21577859315314432,1,0.2076866986780313,0.016338572981116847,30,0.4436397910118103,0.0018751679844151619,3,0.2028222208598931,0.01633613130372192,50,0.9770581483840942,0.004953418213818215,3,0.19737401372633187,0.015023140431698305,100,1.8972581028938293,0.005988535315593047,2,0.18724618581406313,0.009664000058689564,200,1.5129625797271729,0.23378132665175114,1
redis,4400,0.4761203854691526,0.02336765059034427,30,0.20164153575897212,0.003721622749252438,2,0.4704768886192482,0.020319715777567422,50,0.16915237903594965,0.01611761327006172,2,0.4695365798461083,0.01971396604625934,100,0.31349384784698486,0.07806363430710271,2,0.4695365798461083,0.01971396604625934,200,0.2687917113304138,0.07468724946869815,2,0.4761203854691526,0.02336765059034427,30,0.10129132270812986,0.00143881974128324,2,0.46629116127716735,0.018749232458156292,50,0.32878139019012453,0.0017728708558670408,2,0.46035008559913476,0.012738806725208562,100,0.6160903096199035,0.007553843840627977,1,0.45444484348936653,0.009357193970653207,200,0.8674960255622863,0.11571555964821442,1
rs-6d-c3_obj1,3840,0.005106009400454014,0.006844816911718105,30,0.10940538644790646,0.0021045905225259864,2,0.004147148431563304,0.00673935902106834,50,0.1686323642730713,0.002437183905306215,2,0.00182157045311706,0.0009463928288929949,100,0.29788296222686766,0.053221669021944404,1,0.0018214874621609901,0.0009464151075019929,200,0.6049404263496398,0.14819507501081536,1,0.005106009400454014,0.006844816911718105,30,0.17945230007171628,0.001289081044844087,2,0.004072508142313394,0.00677760024862911,50,0.32318074703216554,0.0020087510082777474,2,0.0017265636459357452,0.0010255889922187508,100,0.45134944915771485,0.0034043595161804764,1,0.001455596410968265,0.0003278192045032068,200,1.071316373348236,0.012968814710285827,1
rs-6d-c3_obj2,3840,0.0016556544288472853,0.0010348537944641929,30,0.17190638780593867,0.0068206596130519275,2,0.0012438363259100168,0.0009514142208844371,50,0.26020997762680054,0.01958042150318243,2,0.0007665248347369868,0.0006834880722351807,100,0.5160573720932007,0.09074338699389697,1,0.0007665248347369868,0.0006834880722351807,200,0.5854871034622192,0.15278086054980375,1,0.0016556544288472853,0.0010348537944641929,30,0.17923713922500606,0.0012898051334358117,2,0.0012438363259100168,0.0009514142208844371,50,0.323180627822876,0.0018666334927605677,2,0.0004890440877660118,0.00022326129119981683,100,0.8181660771369934,0.009037220256391462,1,0.00031622118885644523,0.0002272432738581565,200,0.6943928956985473,0.009780917089320428,1
sol-6d-c2-obj1,2866,0.014700875428079902,0.00044834604690939783,30,0.09834403991699214,0.00062929085087271,2,0.014586996773740262,0.0003728502638556092,50,0.30409454107284545,0.02352765017334851,2,0.014529355267388008,0.0003998738555809457,100,0.3087828516960144,0.09518073639633023,2,0.014529355267388008,0.0003998738555809457,200,0.2384787082672119,0.07718756626069263,2,0.014700875428079902,0.00044834604690939783,30,0.10426787137985227,0.0016941884642390841,2,0.014586996773740262,0.0003728502638556092,50,0.17829015254974362,0.008004230882323425,2,0.01431155762983595,0.00023754241719592498,100,0.3344359040260315,0.0019460726043176082,1,0.014231296842326546,0.00022034283772332558,200,0.9654722452163697,0.0319330837481487,1
storm,1557,0.00010986315755509774,4.6178669286006916e-05,30,0.18202822208404537,0.002484094588979562,2,8.973573509540362e-05,2.973476802646886e-05,50,0.31970704793930055,0.0035915305137418445,1,8.237541165062979e-05,2.8547122722246624e-05,100,0.4460833311080933,0.07622181949934846,1,7.77127017700261e-05,2.3162046832473127e-05,200,0.6500898599624634,0.1950070833349744,1,0.00010986315755509774,4.6178669286006916e-05,30,0.18087173700332637,0.0014799008289950596,2,8.973573509540362e-05,2.973476802646886e-05,50,0.4045496940612793,0.002640354046137198,1,7.806001529823919e-05,2.3528972398989603e-05,100,0.33971195220947265,0.004431994562865841,1,6.778674891748448e-05,1.4360531503512117e-05,200,0.8421357870101929,0.11027372801688122,1
wc+rs-3d-c4-obj1,196,0.10936148140703443,0.06471237798959777,30,0.1464732408523559,0.0036122783925597677,2,0.08493931282118031,0.03461920633054795,50,0.2446876049041748,0.007709940865153161,1,0.08483004730299608,0.034642316804505593,100,0.37011908292770385,0.08859406972872426,1,0.08483004730299608,0.034642316804505593,200,0.382203471660614,0.09161416812395304,1,0.10936148140703443,0.06471237798959777,30,0.19613287448883054,0.0024307266398843432,2,0.08493005732281557,0.03457796632049825,50,0.3128331661224365,0.0028266278640849533,1,0.0762859211406011,0.002837142661589745,100,0.49619876146316527,0.0025476474719020262,1,0.07506733228226425,0.002019649929280315,200,0.9943087339401245,0.014231338495367968,1
wc+sol-3d-c4-obj1,196,0.10355707906317975,0.07070821831308016,30,0.15517184734344483,0.0038505045416761907,2,0.07736683000103942,0.03856225990509281,50,0.30320091247558595,0.013112768360726789,1,0.07725990473760277,0.03857323741763196,100,0.32963324785232545,0.08490785448738164,1,0.07725990473760277,0.03857323741763196,200,0.32556307315826416,0.08177876826975214,1,0.10355707906317975,0.07070821831308016,30,0.14639611244201658,0.0009173099654734143,2,0.07726290856250077,0.03810014567234258,50,0.24254500865936274,0.000934747302936926,1,0.06802105079892391,0.003838050895188353,100,0.5875871896743774,0.004809711267599071,1,0.06671952102034318,0.0036358566616640125,200,1.0752035856246949,0.038024267759084324,1
wc+wc-3d-c4-obj1,196,0.15285836485304635,0.06163406912270679,30,0.15370128154754634,0.0015223585691661347,2,0.12649100293358506,0.037850169553400606,50,0.17731405496597286,0.0017766849064160739,1,0.11739492832863418,0.02327867317546928,100,0.5149823188781738,0.07601988108657967,1,0.11739492832863418,0.02327867317546928,200,0.4038362383842468,0.05982678571263107,1,0.15285836485304635,0.06163406912270679,30,0.14691090583801264,0.0010938401179702655,2,0.12649100293358506,0.037850169553400606,50,0.2948075532913208,0.006132160748504406,1,0.11548403190168537,0.02301165463607731,100,0.5161754846572876,0.01826024302001247,1,0.10921898168771489,0.011578868164786002,200,0.9409301996231079,0.10560718960830853,1
wc-6d-c1-obj1,2880,0.1365306296848086,0.033384032935250434,30,0.1752516150474548,0.00125009799631469,3,0.11310862479494169,0.030933117907290395,50,0.2943761110305786,0.0029911957045973816,2,0.09708186162587007,0.0352666857092771,100,0.5326707482337951,0.07141341617464655,1,0.09707043206373014,0.03526425637446002,200,0.33034132719039916,0.07746190121689109,1,0.1365306296848086,0.033384032935250434,30,0.14856381416320796,0.0009634529811842363,3,0.11310862479494169,0.030933117907290395,50,0.24591809511184687,0.0010867154676500893,2,0.0963812577220032,0.03465383781133724,100,0.6246956825256348,0.0026544471067419797,1,0.07112983568640152,0.04109700112516529,200,1.0061813712120056,0.008272337041562421,1
x264,53662,0.2164295196040992,0.014877175736434295,30,0.1950824856758117,0.0008251157509128665,3,0.20819542370353167,0.012056863090634449,50,0.3250414848327637,0.008965156289200747,2,0.20287710012044147,0.011052362621584454,100,0.40024288892745974,0.08935669367913146,1,0.20234885750055756,0.011127388228311951,200,0.47798948287963866,0.14952728923692055,1,0.2164295196040992,0.014877175736434295,30,0.15051476955413814,0.0009688904021719057,3,0.20819542370353167,0.012056863090634449,50,0.23401544094085688,0.002767167006002934,2,0.2001129299367766,0.01064889920821951,100,0.46725269556045534,0.007187243117416142,1,0.19430308934723037,0.008962120291039878,200,1.2167464733123778,0.012544254545457724,1
xomo_flight,10000,0.06796396414646849,0.0289448471505444,30,0.41413494348526003,0.008956402121785839,2,0.05946211180909673,0.02231520200120462,50,0.9309401631355285,0.01117232796335079,2,0.05134083254703033,0.010846301245702591,100,2.118683063983917,0.037666135287140426,1,0.047932356841799015,0.010491261027599163,200,2.608397030830383,0.27814846932067755,1,0.06796396414646849,0.0289448471505444,30,0.7666007876396179,0.006845232277592551,2,0.05946211180909673,0.02231520200120462,50,1.3776883006095886,0.011755895030695258,2,0.05134083254703033,0.010846301245702591,100,1.3423550248146057,0.007176668203877223,1,0.047932356841799015,0.010491261027599163,200,3.554029941558838,0.033779534414252924,1
xomo_ground,10000,0.08684969165599235,0.027809402399776837,30,0.6051963448524476,0.009462525658529303,2,0.08417905053604073,0.026244556221081725,50,0.9493057608604432,0.10883272741976775,2,0.07229290367665833,0.02113245708775358,100,1.8832294702529908,0.014233443235378016,1,0.062089861568210815,0.014650916034160829,200,4.081922042369842,0.04192144273564629,1,0.08684969165599235,0.027809402399776837,30,0.5956710338592529,0.004614257721909363,2,0.08417905053604073,0.026244556221081725,50,1.3160937666893004,0.012548005181435508,2,0.07229290367665833,0.02113245708775358,100,1.3973221063613892,0.010249695515953687,1,0.062089861568210815,0.014650916034160829,200,3.9781429886817934,0.040161968248392965,1
xomo_osp,10000,0.07249659340521082,0.02429297591842036,30,0.669662594795227,0.006851611715330916,2,0.06947392856460174,0.023226984920126443,50,0.9838202953338623,0.010729063408768433,2,0.05981178394264747,0.018942959111886298,100,1.5213098883628846,0.015815666316027273,1,0.050206952201719925,0.01425257438755374,200,3.8467472910881044,0.07661764958070723,1,0.07249659340521082,0.02429297591842036,30,0.5884273529052735,0.007962593326714148,2,0.06947392856460174,0.023226984920126443,50,1.0056445837020873,0.010760976708123347,2,0.05981178394264747,0.018942959111886298,100,1.4730818629264832,0.016921134503384717,1,0.050206952201719925,0.01425257438755374,200,4.190004742145538,0.05554809450149837,1
xomo_osp2,10000,0.19817127298258458,0.023660266096216857,30,0.7562660813331604,0.006209114724988191,2,0.1915343744330797,0.02172343909670707,50,0.9237850546836853,0.013918900982493302,2,0.18396559357413655,0.016762560888383123,100,1.3920310974121093,0.011607196725569131,1,0.17501564791955274,0.01281701421809165,200,3.4024966955184937,0.2912564563583616,1,0.19817127298258458,0.023660266096216857,30,0.565599513053894,0.012315059037077542,2,0.1915343744330797,0.02172343909670707,50,0.9958835482597351,0.010492275008351778,2,0.18396559357413655,0.016762560888383123,100,2.0247031688690185,0.021715031082194768,1,0.17501564791955274,0.01281701421809165,200,3.936949038505554,0.032206517992240245,1
