Dataset,Rows,EZR-30_mean,EZR-30_std,EZR-30_budget,EZR-30_runtime_mean,EZR-30_runtime_std,EZR-30_tier,EZR-50_mean,EZR-50_std,EZR-50_budget,EZR-50_runtime_mean,EZR-50_runtime_std,EZR-50_tier,EZR-100_mean,EZR-100_std,EZR-100_budget,EZR-100_runtime_mean,EZR-100_runtime_std,EZR-100_tier,EZR-200_mean,EZR-200_std,EZR-200_budget,EZR-200_runtime_mean,EZR-200_runtime_std,EZR-200_tier,SWAY-30_mean,SWAY-30_std,SWAY-30_budget,SWAY-30_runtime_mean,SWAY-30_runtime_std,SWAY-30_tier,SWAY-50_mean,SWAY-50_std,SWAY-50_budget,SWAY-50_runtime_mean,SWAY-50_runtime_std,SWAY-50_tier,SWAY-100_mean,SWAY-100_std,SWAY-100_budget,SWAY-100_runtime_mean,SWAY-100_runtime_std,SWAY-100_tier,SWAY-200_mean,SWAY-200_std,SWAY-200_budget,SWAY-200_runtime_mean,SWAY-200_runtime_std,SWAY-200_tier
7z,68640,0.0084205862012108,0.004301518889755352,30,0.22321286201477047,0.012176955629523891,2,0.0073044326726545705,0.004765007934601902,50,0.34830689430236816,0.010513827725024188,2,0.003344763554443729,0.004137570758833069,100.0,0.7728093385696411,0.030329831933243855,1.0,0.0004278129808471799,0.00027988376321676364,200,1.4998996615409852,0.10778641805374385,1,0.010042021170155391,0.004119229939241369,30,1.1048147916793822,0.124003339320356,3,0.009780862624253216,0.0041164949186806845,50,1.2168034195899964,0.07456779813426709,3,0.008540231582915966,0.004072778398406931,100,1.5323389053344727,0.05926276490469438,2,0.002886571926676415,0.0032210329902248786,200,2.345350420475006,0.07681268245995988,1
Apache_AllMeasurements,192,0.025294779683143698,0.013221561854259833,30,0.19961314201354977,0.007954036053093002,1,0.02206508878648593,0.000853773030865349,50,0.4363687515258789,0.07923832643904706,1,0.022020743548390693,0.0008226661473570817,100.0,1.3179023504257201,0.05973942764155971,1.0,0.022020743548390693,0.0008226661473570817,200,4.141569423675537,0.26013233779385175,1,0.05684181705005224,0.026504921278084452,30,0.6936403751373291,0.048347284105946395,2,0.05684181705005224,0.026504921278084452,50,0.6982269883155823,0.049270476906060366,2,0.05684181705005224,0.026504921278084452,100,0.7185513257980347,0.03944601077635891,2,0.024971915478312602,0.010635106384561818,200,1.2664006710052491,0.062070134187443705,1
BDBC,2560,0.00245176131395851,0.0019692394896363343,30,0.18861150741577143,0.01221276489620507,1,0.0011514918925888049,0.0009547449580947085,50,0.31832185983657835,0.014081957863962175,1,0.000494435781696925,0.0006005866950145281,100.0,0.7144157409667968,0.03738161135927887,1.0,0.00022395542832407003,4.411407475686552e-05,200,1.733615469932556,0.13068677560790684,1,0.0057102037218155904,0.0034482142958685937,30,1.1293963313102722,0.03545726488010956,2,0.00551093161288689,0.003427311725108173,50,1.1973788857460022,0.06111028184280623,2,0.0043681641401790705,0.0024038777896393635,100,1.8909442663192748,0.08850995031013291,2,0.0012845022448202102,0.001031977487640248,200,2.1511085391044618,0.09422165393827038,1
FFM-1000-200-0.50-SAT-1,10000,0.3109832176408992,0.028308079177678556,30,0.6451858162879944,0.0650308788716366,2,0.28601854848451913,0.021436815686644243,50,1.3740798592567445,0.19415922557703705,1,0.25075953071800544,0.01694296906231501,100.0,3.6330779671669005,0.3830062369086974,1.0,0.24354472727997178,0.012665141398980367,200,10.405868709087372,1.340082583631304,1,0.35739560436018214,0.04012681441568219,30,20.613069665431976,0.895057730306123,3,0.3572353683516819,0.03984979969532004,50,21.099117171764373,0.9947556674562431,3,0.35562630185320926,0.038090031957042275,100,22.053410744667055,0.9308674968756101,3,0.3108249415098935,0.018976048189624502,200,29.522636795043944,1.281046054633688,2
FFM-125-25-0.50-SAT-1,10000,0.2749631785334886,0.03575084521355447,30,0.25263588428497313,0.01794091766659239,1,0.247649884568148,0.029329898906616567,50,0.49351729154586793,0.06944263186000872,1,0.2218301319781018,0.009279132225153268,100.0,1.0307631969451905,0.07634567053329258,1.0,0.21598198023414997,0.0060469390449084375,200,2.1184589147567747,0.13358557702470913,1,0.33320197039868005,0.03499471740812532,30,3.0365610480308534,0.3310182568262782,2,0.32452844659104274,0.0289050252683872,50,3.340850043296814,0.15848492787090632,2,0.31891020886461197,0.0264875658562427,100,3.6629541516304016,0.2621257869084261,2,0.25421201148810857,0.026047143400000243,200,5.8758559107780455,0.24237940685031847,1
FFM-250-50-0.50-SAT-1,10000,0.37597492500084656,0.018983865489470852,30,0.2691465377807617,0.01320969728253637,1,0.36500793879522336,0.012857170476799167,50,0.4759699463844299,0.03480095426941726,1,0.3537881275503429,0.009365260290303552,100.0,1.086215329170227,0.06428106852211095,1.0,0.3452630582096135,0.006429601360481695,200,2.847389853000641,0.22611196725208588,1,0.42678927564044156,0.021140036037419666,30,2.844130074977875,0.04013901657429666,2,0.42492515764889205,0.019680387283294208,50,3.5479731917381288,0.14840685016387595,2,0.42177950619221943,0.02453470634591127,100,4.6316691637039185,0.07458963322012638,2,0.37995544064199616,0.0181140965824803,200,4.893234348297119,0.1071198617204079,1
FFM-500-100-0.50-SAT-1,10000,0.3556477121429194,0.03219613775141756,30,0.3054823040962219,0.020868129885974907,2,0.3398229197325039,0.027138615194993117,50,0.5795855402946473,0.05046878915193469,1,0.3118171997887925,0.027275932629384686,100.0,1.4236289978027343,0.19350328452072418,1.0,0.2850733825080389,0.01489292940839134,200,3.6226044654846192,0.3816339703036736,1,0.4125940563538448,0.046080760201179766,30,5.613715708255768,0.0509587902539171,3,0.4042916891639141,0.042949596933045744,50,5.781426274776459,0.04469050026518629,3,0.39213390049515795,0.0367099900574762,100,7.322800195217132,0.1548166970228412,3,0.3642969692441954,0.022057261174841032,200,8.382997024059296,0.06939678920363045,2
FM-500-100-0.25-SAT-1,10000,0.35143824647645683,0.018473325959187787,30,0.3618364453315735,0.03492302326408627,1,0.3440036144295072,0.013791236750706962,50,0.6470240712165832,0.08347330147666833,1,0.33479810620960915,0.00760670459054172,100.0,1.6272485613822938,0.2349625667968058,1.0,0.3285579740189665,0.0057710172564339355,200,4.446436071395874,0.47532363875382944,1,0.40465611689169584,0.03128781835882943,30,5.707753121852875,0.06378453647195306,2,0.40105915822838767,0.027527686550727737,50,5.937220394611359,0.06361484867105606,2,0.3966574636275267,0.024053915536375634,100,6.30842354297638,0.05826781819618085,2,0.36495167032402737,0.01363165641059787,200,8.582794976234435,0.12482026632793337,1
FM-500-100-0.50-SAT-1,10000,0.3431067359663923,0.026515627622769218,30,0.3165653824806213,0.028824022556163943,1,0.3249237175891011,0.014953933608038712,50,0.733456289768219,0.08761396814382362,1,0.3149105476847415,0.011068562405872987,100.0,1.805645728111267,0.20893740678715328,1.0,0.30439941103621193,0.009940021698673956,200,3.580571138858795,0.2440860197975407,1,0.409177030083783,0.0271875443048151,30,5.948977243900299,0.06994577320748552,2,0.4020625444505769,0.02200759521314515,50,5.7519938230514525,0.10916789113607958,2,0.39294900550130296,0.028521961996016327,100,6.026892840862274,0.052087955778635515,2,0.35288567444374447,0.025908783987727065,200,8.756604921817779,0.149619657678362,1
FM-500-100-0.75-SAT-1,10000,0.31432796142099073,0.026209455128576815,30,0.33726183176040647,0.029573206201082308,1,0.28774231496468866,0.022920117840131933,50,1.1428725957870483,0.07421639770330597,1,0.2670259635573448,0.015626630165139044,100.0,1.5175358414649964,0.17675127663443108,1.0,0.25217136788265293,0.007075697889745677,200,4.659865689277649,0.5150145114744562,1,0.3834471397745944,0.04075791942850754,30,5.327165114879608,0.06710660985758791,2,0.38301345919102253,0.040256025385824665,50,5.4313973665237425,0.03393232269458843,2,0.3794949423169264,0.036904051447380966,100,6.711917912960052,0.08028722379725751,2,0.31038331140887543,0.029832366964423897,200,8.054151320457459,0.08317633523851498,1
FM-500-100-1.00-SAT-1,10000,0.32873075947170066,0.02537302528988127,30,0.4748085021972656,0.023171229958903663,1,0.310709850498743,0.014455738208597595,50,0.8958488464355469,0.064113796748564,1,0.29734722510691275,0.0073921521447959685,100.0,2.893799889087677,0.2895167582677479,1.0,0.29206859755540476,0.002568504211164286,200,5.670822751522064,0.43605751856820096,1,0.40001372765963056,0.02854729029670223,30,5.502707552909851,0.05325949883998888,2,0.39930877696418393,0.027835764576653783,50,5.675797438621521,0.03809508812431884,2,0.3930514371903816,0.023187620583300882,100,5.8510747909545895,0.062185421932666254,2,0.33427080619712723,0.01809092692692387,200,8.490174186229705,0.06204397595680015,1
HSMGP_num,3456,0.009360983955729024,0.0048849963969331235,30,0.14355498552322382,0.003423589535429016,1,0.0065952307085379806,0.0028933971539610074,50,0.24507457017898554,0.00817413068458819,1,0.0038876183345322645,0.0013886235512317574,100.0,0.7188671827316284,0.03223653843957698,1.0,0.00268331354630088,0.0009537001516823701,200,1.3974017739295959,0.06331439764818488,1,0.022205581282221665,0.011040285662394102,30,0.755172324180603,0.07407344183489899,2,0.022060168269706713,0.01085963704044186,50,1.1970201969146728,0.06014670352944539,2,0.020804017826906235,0.010445966846872214,100,0.9613485693931579,0.13263910657638986,2,0.008259040924790604,0.0032877081050836543,200,1.4445549964904785,0.19394260260318608,1
HSQLDB,864,0.0023132417008482347,0.0008358248190488725,30,0.14455200433731075,0.0068215221593753055,1,0.00212520154976876,0.0006794363509191151,50,0.2640703797340393,0.015702574814915726,1,0.0016922008379361552,7.750282750107084e-05,100.0,0.558160126209259,0.0328418361055869,1.0,0.0016088007413008298,4.368202570009043e-05,200,1.2469638466835022,0.07558767037701923,1,0.010127539625046865,0.007748338636963416,30,1.0080477595329285,0.03602007292181728,2,0.009555826947885874,0.007874623191262205,50,1.2310200810432435,0.08651040006226628,2,0.00867025959988884,0.006613352315444141,100,1.0795122265815735,0.14978971239280428,2,0.0030036908635693903,0.0012638084433696474,200,2.314984941482544,0.08782083828816338,1
Health-ClosedIssues0000,10000,0.1854922942386426,0.030817196446781055,30,0.35265369415283204,0.022835636723112222,2,0.16692007818836954,0.020567770417081462,50,0.7085200905799866,0.0817406213805811,1,0.14835694672908875,0.00981258648572437,100.0,1.1859367489814758,0.07592361697045712,1.0,0.14098372014687993,0.004681290502791263,200,2.3457741022109984,0.03390677580049335,1,0.20803308792704506,0.03547836502143299,30,0.5369449257850647,0.03743260633251462,3,0.20803308792704506,0.03547836502143299,50,0.7852652430534363,0.05691343120956494,3,0.20803308792704506,0.03547836502143299,100,1.098897933959961,0.034327142416268996,3,0.17587895437940299,0.020896298328246122,200,2.8939395189285277,0.04322200861103247,1
Health-ClosedIssues0001,10000,0.45295331654092913,0.017252824289983936,30,0.35251606702804567,0.025693483024021004,1,0.4436145591117232,0.024083496863583492,50,0.6277548193931579,0.03488445926676207,1,0.4373317094466077,0.02620538736869666,100.0,1.1855552077293396,0.006343761757650866,1.0,0.4345011094693326,0.025157281421943328,200,2.3418216586112974,0.012811609148994532,1,0.477998894431429,0.015360618238930831,30,0.5083624720573425,0.030382120929202183,2,0.477998894431429,0.015360618238930831,50,0.83207106590271,0.044454822036831515,2,0.477998894431429,0.015360618238930831,100,1.3091108441352843,0.16696454698289787,2,0.44419262907749113,0.012538051627530172,200,2.4322282314300536,0.19617533153831762,1
Health-ClosedIssues0002,10000,0.17882779636638302,0.007008487557915416,30,0.378667950630188,0.03654641038926818,2,0.17874635694213398,0.007000203307603153,50,0.5910214304924011,0.043676585558332995,2,0.16018827865055524,0.03638877889327388,100.0,1.2258816957473755,0.07500335138218359,1.0,0.14231084594813914,0.04649413827247885,200,2.5565746426582336,0.1430076282650122,1,0.15411550188721773,0.046744559997361816,30,0.5090022921562195,0.03560012029173135,1,0.15411550188721773,0.046744559997361816,50,0.7654197216033936,0.07548229130520853,1,0.15411550188721773,0.046744559997361816,100,1.2407276391983033,0.13661680588399763,1,0.1424436756264038,0.05140410432690779,200,3.8803484439849854,0.09557507695280257,1
Health-ClosedIssues0003,10000,0.18840529519174076,0.038358596757951176,30,0.596832275390625,0.0426050427390693,1,0.17382364545281428,0.029896818800352873,50,1.0756274819374085,0.060299948044387715,1,0.14932121750753924,0.005482614141736436,100.0,1.3301778197288514,0.13654323472606905,1.0,0.14440987931521682,0.0041123475659546995,200,4.351706683635712,0.15165823874542153,1,0.2512457988875203,0.04429024759211741,30,0.5352585315704346,0.03719761899432085,3,0.22705026427571004,0.043038303546702655,50,0.848701286315918,0.02983474089182822,2,0.22547693646287809,0.04318567931928456,100,1.2668742775917052,0.13929680983725953,2,0.16595204869561608,0.022246828536978666,200,2.5052583813667297,0.23048201160332357,1
Health-ClosedIssues0004,10000,0.28819520511720587,0.011322737474601356,30,0.5803221464157104,0.04186579352582298,2,0.2803220488814542,0.007147981990958011,50,0.946501362323761,0.04222990472023305,1,0.27580900007668935,0.007657103550275125,100.0,2.023308074474335,0.05124057570495054,1.0,0.27214149242704033,0.006298608336165378,200,3.9299302816390993,0.027776478875623404,1,0.2932641620375822,0.009432104599710769,30,0.5100761771202087,0.02637052044841915,2,0.29268333634597193,0.009004991285473003,50,0.9803876399993896,0.04350674578150578,2,0.29244318323769714,0.009043070722020865,100,1.4301984310150146,0.18232448688144465,2,0.2814286664102626,0.005402479269937872,200,2.64382404088974,0.24896435306404313,1
Health-ClosedIssues0005,10000,0.24017655618732206,0.004713909364272751,30,0.5846823215484619,0.043874013416679715,2,0.23693643168421463,0.0054321586751914204,50,0.9093310832977295,0.05413032641126922,1,0.23475594693836838,0.005362351203304825,100.0,1.9337641954421998,0.04858611358470974,1.0,0.23203384793689413,0.004554122630428329,200,3.638904404640198,0.15804484637889563,1,0.2454920620599359,0.0053973411836360325,30,0.669994342327118,0.06277557116490612,3,0.2454920620599359,0.0053973411836360325,50,0.5693992018699646,0.030547354284015758,3,0.2454920620599359,0.0053973411836360325,100,1.3997546553611755,0.15224991391366433,3,0.23427935304766967,0.0052200192874345755,200,2.6579825282096863,0.21010285315559532,1
Health-ClosedIssues0006,10000,0.11704846643100401,0.0116632886752796,30,0.5111225008964538,0.06125946925125908,1,0.10986377267536726,0.01396807110920043,50,0.8261987805366516,0.055022505687676374,1,0.10198000764514148,0.009777608810064385,100.0,2.0758312940597534,0.04446216147952547,1.0,0.09579630120861896,0.011905564167814365,200,3.5689719557762145,0.1728552799004128,1,0.13112051772724714,0.014631994577976344,30,0.6925476312637329,0.05531000547281206,2,0.13112051772724714,0.014631994577976344,50,0.9184379935264587,0.05293512914815237,2,0.13112051772724714,0.014631994577976344,100,1.8118226408958436,0.17637790354247074,2,0.11088145417409863,0.011174452400180257,200,2.7976613998413087,0.048209658772814246,1
Health-ClosedIssues0007,10000,0.5310340215207048,0.0639402325482218,30,0.5042503714561463,0.0592272310549277,3,0.49072491340015506,0.060768043451968755,50,0.8666575670242309,0.09869518646643374,2,0.44128358288831404,0.05249774101058089,100.0,1.7115557074546814,0.09813599811214738,1.0,0.4192382972559646,0.0335109721541516,200,3.6375300526618957,0.1551160252312139,1,0.5312077790580417,0.05323610912481357,30,0.6781519293785095,0.0532653825015642,3,0.5312077790580417,0.05323610912481357,50,1.0810181736946105,0.040048043797440876,3,0.5312077790580417,0.05323610912481357,100,1.6836299896240234,0.10802107210144164,3,0.4826090412005195,0.042413970440347594,200,3.45619592666626,0.23622710126274765,2
Health-ClosedIssues0008,10000,0.2853411462208778,0.06538682054085408,30,0.4732944965362549,0.05230327770393239,1,0.25631735764900243,0.013787512004546183,50,0.9205079913139343,0.04817122769755558,1,0.24826384717958852,0.00808979758985091,100.0,1.5978625297546387,0.10128110579444628,1.0,0.2430333425073278,0.004560744434278786,200,3.0499614477157593,0.18466723661943585,1,0.3494339460551578,0.058371403318752485,30,0.5847482204437255,0.0681096032446191,2,0.3494339460551578,0.058371403318752485,50,1.1211193084716797,0.045754384688926814,2,0.3494339460551578,0.058371403318752485,100,1.7256062865257262,0.13952093266570142,2,0.2685150306158632,0.029441054446985884,200,3.7474549412727356,0.14083862583747317,1
Health-ClosedIssues0009,10000,0.3052427493491183,0.05860709764398778,30,0.5516818523406982,0.04965365725654347,2,0.27918587584535015,0.039358789811897416,50,0.7179885625839233,0.07058169357703115,1,0.26248554460142753,0.011543852019147857,100.0,1.821059226989746,0.03666609179504062,1.0,0.25226660194595574,0.006789822998762331,200,3.061528241634369,0.2214761810353039,1,0.3421749773108636,0.06672125983571316,30,0.6258221745491028,0.06502743085617611,3,0.34016457598067057,0.06545011606623666,50,1.0760551810264587,0.046025724566639385,3,0.33874718243618157,0.06528734254008887,100,2.1255552768707275,0.05781271186647861,3,0.28720579995552487,0.030867396480767622,200,4.038378942012787,0.15807473744763098,1
Health-ClosedIssues0010,10000,0.4861158069839167,0.0063495389787583695,30,0.4239077210426331,0.05788090033214656,1,0.4834194515324389,0.006183716621741864,50,0.7010927438735962,0.04771078272654211,1,0.47846476437547586,0.005895044294737553,100.0,1.4437408208847047,0.1008299842164948,1.0,0.47311852371399404,0.008224806928812663,200,2.8348010659217833,0.19948223516845143,1,0.49456273459249944,0.0054594082173368835,30,0.6274650573730469,0.06110884210803521,2,0.49407805403155275,0.005250662675652898,50,0.9768513083457947,0.035748092214713846,2,0.4936300874423044,0.005818850770320743,100,2.0572585105895995,0.05319973533024775,2,0.4820566672051673,0.006096061553510953,200,3.837244617938995,0.08503254396623174,1
Health-ClosedIssues0011,10000,0.035250023259441474,0.04240838142742045,30,0.4470345854759216,0.06022252033289155,1,0.010699369543357245,0.009046551512052402,50,0.7215848207473755,0.05505227325223646,1,0.005079215245211851,0.0038204676709208065,100.0,1.4788738012313842,0.11260824929845102,1.0,0.00321384456072726,0.0020461060817633025,200,3.097992718219757,0.20133713238285536,1,0.1623437420959525,0.0957288848365773,30,0.6462298393249511,0.04585510126720425,2,0.1623437420959525,0.0957288848365773,50,0.9886879682540893,0.04572118726754557,2,0.1623437420959525,0.0957288848365773,100,1.7439707517623901,0.1379443971158769,2,0.019697788898239962,0.01862268778931999,200,3.333823764324188,0.21642187525538,1
Health-ClosedPRs0000,10000,0.0,0.0,30,0.27285405397415163,0.002464390761484055,1,0.0,0.0,50,0.5699608206748963,0.06823331133301146,1,0.0,0.0,100.0,0.9659983277320862,0.06476257258176746,1.0,0.0,0.0,200,1.9880021929740905,0.19723054544978585,1,0.0,0.0,30,0.6517586708068848,0.0671830193924494,1,0.0,0.0,50,0.8138791561126709,0.05976553118680345,1,0.0,0.0,100,1.3493919372558594,0.05412686170271217,1,0.0,0.0,200,2.686462438106537,0.07851405053267553,1
Health-ClosedPRs0002,10000,0.021121308675497823,1.3059866396360008e-05,30,0.41641714572906496,0.046890440289018384,1,0.021121308675497823,1.3059866396360008e-05,50,0.6122109532356262,0.06091497570114152,1,0.02099249783456047,0.00040756430063661214,100.0,1.530437207221985,0.07364391308290016,1.0,0.020696461042010762,0.0006890701885641799,200,2.763793182373047,0.2669668294684183,1,0.02658051745652365,0.02611173888272238,30,0.5389604568481445,0.03457357673732655,1,0.02658051745652365,0.02611173888272238,50,0.9966814756393433,0.04425328113282793,1,0.02658051745652365,0.02611173888272238,100,1.901005709171295,0.08178336602726402,1,0.020719700743574005,0.0007448868111575341,200,3.3067294359207153,0.2412864192701712,1
Health-ClosedPRs0003,10000,0.08309341603589024,1.6324456666696272e-16,30,0.391415011882782,0.04774997495680749,1,0.08309341603589024,1.6324456666696272e-16,50,0.6093364953994751,0.05907090879290156,1,0.08308285214226208,3.7868541659724585e-05,100.0,1.1949504971504212,0.07762168512112477,1.0,0.08307159207631357,6.564854951365082e-05,200,2.612250816822052,0.15259067361000112,1,0.08381826846843995,0.0034027709694780424,30,0.5442434072494506,0.041886850450802274,2,0.08381826846843995,0.0034027709694780424,50,0.9425625205039978,0.07598645970623023,2,0.08381826846843995,0.0034027709694780424,100,1.887208342552185,0.07051175944642354,2,0.0830305663914272,0.00017616223716979666,200,3.279452049732208,0.22696184547996087,1
Health-ClosedPRs0004,10000,0.3798725972762761,0.08618139506557704,30,0.22338572740554805,0.03034818889158497,1,0.3348303952133597,0.05233448710982738,50,0.3877073287963867,0.0495536131593922,1,nan,nan,nan,nan,nan,nan,0.2898369478974362,0.007539473014862342,200,1.4079587936401368,0.061389440832422704,1,0.4948515381536699,0.15185239965681205,30,0.6134798049926757,0.05860180719046254,2,0.4948515381536699,0.15185239965681205,50,1.0536994457244873,0.04146504111542935,2,0.4948515381536699,0.15185239965681205,100,1.7181867361068726,0.14078954093035193,2,0.33065777391530293,0.053757329902383105,200,3.2621772646903993,0.26237758499368863,1
Health-ClosedPRs0005,10000,0.0010872739047600882,0.0013279030788542331,30,0.22445452213287348,0.03143328550154937,1,0.00013436947789839578,0.00032723552362982883,50,0.35429795980453493,0.035659042834068934,1,4.815742445998631e-06,1.2836244973281664e-05,100.0,0.7110507965087891,0.07233439247164092,1.0,0.0,0.0,200,1.563746702671051,0.13708195982529953,1,0.04586916452637278,0.07048253893986445,30,0.5786115288734436,0.04831298723198743,2,0.04586916452637278,0.07048253893986445,50,0.9499319076538086,0.03723154365501981,2,0.04586916452637278,0.07048253893986445,100,2.0791216254234315,0.1455045313790394,2,0.00019415623853981346,0.00041369496025652733,200,3.7857414960861204,0.10157995872395222,1
Health-ClosedPRs0006,10000,0.24924987231160162,0.09427925411839799,30,0.21900937557220454,0.029528681177845847,1,0.2205367269460466,0.08781837326453909,50,0.35341356992721557,0.0337758283204316,1,0.15462375792923932,0.06984929777590788,100.0,0.7171112298965454,0.07215087364503181,1.0,0.11115678577620465,0.044808559711101516,200,1.4480061888694764,0.13969253015051844,1,0.35669288760876156,0.08678101370271576,30,0.532907223701477,0.049231906649060284,2,0.35669288760876156,0.08678101370271576,50,0.9655757904052734,0.04414265455683093,2,0.35669288760876156,0.08678101370271576,100,1.8924842119216918,0.0937936165380527,2,0.21983965358377144,0.06981983901515408,200,4.1242851376533505,0.05770577915856838,1
Health-ClosedPRs0007,10000,0.08900648528433172,0.03750550916457449,30,0.4505756855010986,0.06305303815686167,1,0.06325673657581835,0.02494539348168146,50,0.8702503561973571,0.03648298672389661,1,0.04286373419922224,0.017383483866019768,100.0,1.9232937693595886,0.040272829326226056,1.0,0.03356823890304893,0.009376930440734933,200,3.191380727291107,0.2462064560776918,1,0.18465420134485452,0.13235000536033528,30,0.5475629925727844,0.050667212472704046,2,0.18465420134485452,0.13235000536033528,50,0.9308677434921264,0.043665538679055385,2,0.18465420134485452,0.13235000536033528,100,1.6382465720176698,0.11534475400568797,2,0.06125607504346623,0.04016536983172041,200,3.3055810213088987,0.24167684134194364,1
Health-ClosedPRs0008,10000,0.6278790313932462,0.05429937436599154,30,0.5389043927192688,0.011282211807382354,2,0.5998551619201989,0.03701369536403393,50,0.380121636390686,0.06621627578263611,1,0.5782656149270081,0.0500197449378049,100.0,1.7149827599525451,0.1194953843543871,1.0,0.5589826901420589,0.03822128603594301,200,3.1136470794677735,0.3281372412221987,1,0.6507904242873384,0.07422088830857594,30,0.646912956237793,0.056392697099191744,2,0.6507904242873384,0.07422088830857594,50,0.834110951423645,0.037963411215746416,2,0.6500658507229157,0.07222812075210243,100,1.6795032382011414,0.11330507654721554,2,0.5899982442192581,0.029127875185153775,200,3.2892311573028565,0.23872374726411588,1
Health-ClosedPRs0009,10000,0.5737303818486654,0.1090022743528507,30,0.22212572097778316,0.030123097599883297,3,0.5343351547120028,0.12082808832681027,50,0.46578437089920044,0.06121243054845931,2,0.44831892579055976,0.11399838263741087,100.0,0.7818807125091553,0.0985555375081357,1.0,0.38803619809452006,0.09120014566206004,200,1.620513951778412,0.13466459664783156,1,0.5085904360953657,0.11267447385014254,30,0.5632077217102051,0.039793798297044616,2,0.5085904360953657,0.11267447385014254,50,0.8835734248161315,0.0654991217308353,2,0.5085904360953657,0.11267447385014254,100,1.6076097369194031,0.0478571218957588,2,0.44809025912781697,0.07913622976631304,200,3.350138986110687,0.24323693389535053,1
Health-ClosedPRs0010,10000,0.45430699481673925,0.07478542853831537,30,0.2215062141418457,0.03583875879771569,3,0.42286313947900195,0.057898241013443326,50,0.3553542494773865,0.03584748098874864,3,0.3432389430341002,0.06879255282284624,100.0,0.7155034899711609,0.07261422195021938,1.0,0.27642852221428144,0.06015967557109234,200,3.7820284605026244,0.05674775530913616,1,0.4164260345279433,0.10857119078625597,30,0.6129275560379028,0.049039557697071294,3,0.4164260345279433,0.10857119078625597,50,0.9527275681495666,0.04152923303257906,3,0.4164260345279433,0.10857119078625597,100,1.7208264470100403,0.1059350056984633,3,0.3738506998774589,0.0700040660538622,200,3.9632768869400024,0.0626522325776948,2
Health-ClosedPRs0011,10000,0.0,0.0,30,0.24399639368057252,0.03824049187706287,1,0.0,0.0,50,0.7453699946403504,0.05773030736693641,1,0.0,0.0,100.0,1.4684801697731018,0.11475665920057966,1.0,0.0,0.0,200,1.6430741786956786,0.26865970260825184,1,0.000182826622992935,0.0008176255142178575,30,0.5332758069038391,0.0449793130024331,1,0.000182826622992935,0.0008176255142178575,50,0.8363607406616211,0.030938284006975295,1,0.000182826622992935,0.0008176255142178575,100,1.4662206530570985,0.05328289183252006,1,0.0,0.0,200,3.096264588832855,0.21014149961314998,1
Health-Commits0000,10000,0.22983062826483738,0.055536082513685144,30,0.4060365676879883,0.002493128783805257,2,0.1942042099940965,0.055395153770225636,50,0.685098159313202,0.004207836250293767,1,0.13929251736020504,0.030746297535693447,100.0,1.4567156791687013,0.129547492012535,1.0,0.12701873554222837,0.020461596233937743,200,1.6084116697311401,0.2016409039451107,1,0.27394755842402174,0.0241422394264187,30,0.537492322921753,0.0541296815993202,3,0.27394755842402174,0.0241422394264187,50,0.8215243458747864,0.04031239328676949,3,0.27394755842402174,0.0241422394264187,100,1.985028898715973,0.07085142477334845,3,0.18745350946873388,0.048564624116679854,200,3.2152838826179506,0.21298965659349875,1
Health-Commits0001,10000,0.16495871683093738,6.461192975840488e-06,30,0.3666767835617065,0.04292352230746791,1,0.16495721976846375,2.1733836753883296e-16,50,0.7667641520500184,0.05538614759807579,1,0.1649259941618314,0.00013024067832836117,100.0,1.201262152194977,0.10433876685933677,1.0,0.16472233830750466,0.000900523114398489,200,2.407447004318237,0.21640794243971617,1,0.20853298261447825,0.1421939652342041,30,0.5249990105628968,0.04329206664905235,2,0.20853298261447825,0.1421939652342041,50,0.8679782032966614,0.03751958800534188,2,0.20853298261447825,0.1421939652342041,100,1.2995475292205811,0.1673727779567773,2,0.16494880827840183,3.13849287758506e-05,200,3.1652361035346983,0.17901541282403532,1
Health-Commits0002,10000,0.4928090393191124,0.04202948386809881,30,0.3680958032608032,0.043504243275299295,2,0.49012099450420543,0.04304977378007225,50,0.6021208167076111,0.06298090402736253,2,0.47625603082922063,0.06327024791680397,100.0,1.4401511549949646,0.11590021090547979,2.0,0.4460208906457567,0.10373594135031718,200,2.437246537208557,0.2371286255183492,1,0.4798246365031689,0.05716619527858535,30,0.3697601079940796,0.03326879246802223,2,0.4798246365031689,0.05716619527858535,50,0.6476638555526734,0.04662589059826048,2,0.4798246365031689,0.05716619527858535,100,1.2945520997047424,0.16717736163589397,2,0.4660039970381952,0.06813401239121432,200,1.6920052886009216,0.32706559942691393,1
Health-Commits0003,10000,0.3646865617524721,0.03183807886743276,30,0.35067150592803953,0.03284284420657427,1,0.3370217385759727,0.02596470313942701,50,0.5931878805160522,0.037355874747254506,1,0.3244243667573161,0.02685884647192879,100.0,1.3489977240562439,0.16184375309215018,1.0,0.3151796447190373,0.023873914555189172,200,2.3584556341171266,0.07934452812798816,1,0.43366582679485866,0.05498817072010405,30,0.3680450439453125,0.02563380603068229,2,0.43366582679485866,0.05498817072010405,50,0.8066365480422973,0.02481948323313571,2,0.43366582679485866,0.05498817072010405,100,2.0001325726509096,0.0704619501541661,2,0.32919240028253316,0.024298516976878716,200,2.145256507396698,0.2462038212582247,1
Health-Commits0004,10000,0.2254389484189984,0.0022125230186591273,30,0.3912049412727356,0.0424981033513905,1,0.22436794629223727,0.0048496990287251775,50,0.7057132840156555,0.04493499518555983,1,0.2236854164560992,0.004885149389467714,100.0,1.2913192987442017,0.1188132571207605,1.0,0.22299083753751003,0.003793703797842378,200,2.6313438296318052,0.24178302576860974,1,0.2237726123889602,0.009107300845306164,30,0.3717213153839111,0.03107901477631057,1,0.22375398348120604,0.009101081859626247,50,0.5811281323432922,0.03255109986131493,1,0.22364509062411608,0.009073808630003405,100,2.063494634628296,0.05680424034355478,1,0.22215834084368527,0.008351243758581576,200,1.7637245893478393,0.264993813029773,1
Health-Commits0005,10000,0.19895698524479566,0.025627573803214898,30,0.3688506603240967,0.0387159039695551,1,0.1850078028029664,0.014796672852622055,50,0.6778808832168579,0.09858315855897651,1,0.17499364987462498,0.009708413016238083,100.0,2.0716087460517882,0.029880734670320062,1.0,0.17034110643867625,0.006348200581983361,200,2.597056531906128,0.24229848441626903,1,0.22548547118454718,0.028396532513735123,30,0.3732515454292297,0.029394874405817208,2,0.22548547118454718,0.028396532513735123,50,0.8418864130973815,0.030984890889814175,2,0.22548547118454718,0.028396532513735123,100,1.0830919861793518,0.03187891975770962,2,0.19263290196502983,0.02248535917133455,200,1.6062512040138244,0.2569850406136349,1
Health-Commits0006,10000,0.2938853296569107,0.015421262608548227,30,0.5925138354301452,0.04352079527720933,2,0.2891437455713765,0.0141782582350995,50,0.9953930020332337,0.021327803281074465,2,0.2680473569725009,0.014235489450693427,100.0,2.2355600118637087,0.13955586597958303,1.0,0.2615738799279278,0.015750261734727884,200,4.452792465686798,0.11179073659585789,1,0.2912541294401971,0.026087210332507126,30,0.37599811553955076,0.0381958171081391,2,0.2912541294401971,0.026087210332507126,50,0.6123806476593018,0.055762233611852056,2,0.2912541294401971,0.026087210332507126,100,1.7162314772605896,0.15121093428232585,2,0.27305399719010315,0.01977929828796056,200,1.7915859341621398,0.32675087539077946,1
Health-Commits0007,10000,0.21889892400032057,0.01681368828973197,30,0.583027458190918,0.048219585316245886,2,0.2139829324380051,0.01648459480576443,50,0.973974096775055,0.03252403779990208,2,0.19019767227573428,0.02189094468645147,100.0,1.9443089008331298,0.019637044548825096,1.0,0.1860660397253319,0.018377008856780383,200,3.7159903764724733,0.09259994906296606,1,0.23353412174196192,0.031362120799281266,30,0.5423761606216431,0.050729554544746466,3,0.22737081701827594,0.029275663175240073,50,0.5641968846321106,0.026835861310381928,3,0.2234661709136597,0.027368787671276342,100,1.0906896710395813,0.040794487635918884,3,0.20216307215735446,0.02785896032370572,200,3.1105560779571535,0.19028219809521865,1
Health-Commits0008,10000,0.37401388242697553,0.023855115180316654,30,0.6109414935112,0.046745882532204734,3,0.371569323690898,0.02114324452321609,50,0.8451175332069397,0.06341719563210745,3,0.34400249352102213,0.021124062418080375,100.0,1.8857098698616028,0.0964891865302276,1.0,0.3194374359834834,0.02284188766315918,200,3.5748804450035094,0.20658068451689113,1,0.38429230919232416,0.01959304379883411,30,0.39977924823760985,0.03588793109870584,4,0.3834426804143841,0.020445785546723255,50,0.5877361297607422,0.03906824846737816,4,0.3809334339867272,0.0235684573359845,100,1.1544124484062195,0.047899809804845324,4,0.3576605369124336,0.01962476669500042,200,3.5774358749389648,0.17862489126118417,2
Health-Commits0009,10000,0.13880831444984185,0.005226277320708565,30,0.5102481961250305,0.06266680107123117,2,0.1356796157536833,0.005859284335491178,50,0.8106804728507996,0.0398756230602453,2,0.13253224033445263,0.005807004981792232,100.0,1.6129262924194336,0.12259528322515474,1.0,0.1286079298430963,0.004995245938043573,200,3.273178207874298,0.2583066177052592,1,0.1417217544419542,0.006822329075506917,30,0.5071111917495728,0.027663118156562402,3,0.1417217544419542,0.006822329075506917,50,0.9477895617485046,0.06662922886290674,3,0.1417217544419542,0.006822329075506917,100,1.7446688175201417,0.13413722620966664,3,0.13688867749469852,0.004837703634730669,200,3.515177345275879,0.23016900190711603,2
Health-Commits0010,10000,0.29426008488141725,0.010045407795125272,30,0.4812044620513916,0.054067195508273456,1,0.2925687893756623,0.009771579504529527,50,0.7782238602638245,0.054388284934830076,1,0.2875288984284432,0.005562256345672539,100.0,1.812907099723816,0.13501199083534748,1.0,0.2819503828092275,0.006157242670722808,200,3.5265771627426146,0.3483979439561549,1,0.33532436901563234,0.028815216490403476,30,0.5154448270797729,0.03969282345051395,2,0.33532436901563234,0.028815216490403476,50,1.0276858448982238,0.041399299589047825,2,0.3337175488248284,0.029703866502699086,100,1.481362223625183,0.03855129710815752,2,0.288197681729487,0.008683343339727876,200,1.5965682029724122,0.2878009411252368,1
Health-Commits0011,10000,0.02614304443753989,0.02509752261132203,30,1.0216392755508423,0.02364047368315346,1,0.01248643778418813,0.010583753055818204,50,0.7804443836212158,0.06279413093719279,1,0.005418140108761495,0.005399476076800839,100.0,1.4688765287399292,0.08159611631779651,1.0,0.0016682659455100398,0.0024133339034778972,200,3.512742817401886,0.2408092343549918,1,0.10526172703302061,0.11671427328616037,30,0.5122300148010254,0.04416116473535315,2,0.10526172703302061,0.11671427328616037,50,0.874078917503357,0.0785502173867081,2,0.10526172703302061,0.11671427328616037,100,1.3301355719566346,0.1810070103955316,2,0.013560105428259323,0.012273147314214927,200,2.427993428707123,0.21869156049597124,1
LLVM,1024,0.050706805898136406,0.007933314950422196,30,0.14857231378555294,0.0046008995357830615,1,0.04477432654789758,0.00469976751776816,50,0.2570455431938171,0.010596894618649896,1,0.04162398885496184,0.00191593640501876,100.0,0.6686119794845581,0.12464206750699468,1.0,0.04138121776637632,0.0015680958064575963,200,2.417630970478058,0.18312305249206126,1,0.12020973084135544,0.06617602910608344,30,0.6817270278930664,0.06482545828816151,2,0.12020973084135544,0.06617602910608344,50,0.8476579546928406,0.062317320176103995,2,0.12020973084135544,0.06617602910608344,100,0.7311549782752991,0.046393611875787305,2,0.04783882861236928,0.006417830918654342,200,1.4853505134582519,0.05973518662738447,1
PostgreSQL,19008,0.01982161134400842,0.00034122269014453486,30,0.11558911800384519,0.0063529199976868735,1,0.019607996267619235,0.00025383420121110717,50,0.17822821140289302,0.006911292061282875,1,0.019465946942705106,0.00019198062746207266,100.0,0.393924617767334,0.021522464895397806,1.0,0.019464414181348713,0.00019023118892995034,200,0.5829140186309815,0.0918878760786379,1,0.020419043905484564,0.0004836936975611742,30,0.65953688621521,0.03530756973641408,2,0.020419043905484564,0.0004836936975611742,50,0.8631241083145141,0.0584332948249718,2,0.020419043905484564,0.0004836936975611742,100,1.23818496465683,0.06008927229808432,2,0.019714914178785525,0.000281264658681933,200,1.8669466495513916,0.05567391942549251,1
SQL_AllMeasurements,4653,0.2920063942305174,0.04469309432236376,30,0.289809513092041,0.029851459645364974,2,0.26939718785446976,0.04066514499764888,50,0.4366310715675354,0.04698066649112971,1,0.23434132891862336,0.018606778032459755,100.0,0.5385966062545776,0.11679178148647154,1.0,0.22302962487723602,0.010308455687423767,200,1.9792970657348632,0.3616177288389642,1,0.32972411606795043,0.04399167475177132,30,2.659925079345703,0.088062971061556,3,0.3189237044592088,0.04081815033367752,50,1.8175258398056031,0.19195634107369075,3,0.2899529535157677,0.032532706689104296,100,2.9382118940353394,0.17790176261002003,2,0.2561642091026526,0.032069650722234895,200,3.4647982001304625,0.21214783035851328,1
SS-A,1343,0.10003673121843995,0.12559985308924113,30,0.3808616638183594,0.0019168214008176776,1,0.05980108599611432,0.026153079540193074,50,0.5015452384948731,0.0468841831724571,1,0.04308710727882893,0.010423385090472375,100.0,1.036609423160553,0.07399649287147755,1.0,0.03574021692197785,0.007655584081908456,200,2.020137917995453,0.13506312078779764,1,0.21850181527191773,0.10726097049431664,30,0.38298946619033813,0.05156247025926491,2,0.21850181527191773,0.10726097049431664,50,0.6425897002220153,0.06044910348509904,2,0.21850181527191773,0.10726097049431664,100,1.0704478025436401,0.050973875183693826,2,0.06761015550929689,0.018459978792226397,200,2.4681801319122316,0.06873096733624405,1
SS-B,206,0.15786555950356457,0.02160394805336037,30,0.32464113235473635,0.014138540476213296,2,0.1434163579652456,0.0058319020239037045,50,0.6756907343864441,0.007165848114424964,1,0.14049241930244877,0.005006061449366842,100.0,1.0804188966751098,0.07268408814214489,1.0,0.13931995203846528,0.004595289589734975,200,2.430874931812286,0.21530124233883205,1,0.1632013258843526,0.06793714920429816,30,0.4241828560829163,0.053601674091449815,2,0.1632013258843526,0.06793714920429816,50,0.4139320135116577,0.04520326504624632,2,0.1632013258843526,0.06793714920429816,100,0.38709225654602053,0.049552280102332216,2,0.15255361625244562,0.027935963015194593,200,1.5496447920799254,0.08768971573843247,2
SS-C,1512,0.42778549715270664,0.1396961357389694,30,0.3706734776496887,0.00793835801203525,2,0.34184449621961427,0.12285042415826525,50,0.5445187330245972,0.025701182080820922,2,0.2595060656144244,0.03842134241812044,100.0,1.3173566818237306,0.008833076691580392,1.0,0.23467184552323755,0.06096972583499447,200,2.101081907749176,0.3774446898938574,1,0.3774672080042744,0.11971465259893768,30,0.3534851908683777,0.03251884642952017,2,0.3774672080042744,0.11971465259893768,50,0.6154313206672668,0.06126618646566765,2,0.3774672080042744,0.11971465259893768,100,0.7155420660972596,0.024783418025217697,2,0.31738828191553653,0.10109192757894801,200,2.3339499950408937,0.13232738871326258,1
SS-D,196,0.43914793957563314,0.025374259706317397,30,0.20247713327407832,0.0012395614205485317,2,0.4391184937736881,0.025355604884316374,50,0.6307057738304138,0.013998123944282806,2,0.43307576899315625,0.02901567137353856,100.0,1.2549615621566772,0.028053346035077635,1.0,0.43003201371670896,0.030470952545963555,200,2.631996238231659,0.08413880412229587,1,0.4407487614329958,0.02259621510608588,30,0.3820984363555908,0.04100989070959899,2,0.4407487614329958,0.02259621510608588,50,0.6462061405181885,0.053420147417441013,2,0.4407487614329958,0.02259621510608588,100,1.168707537651062,0.07806287290920448,2,0.4228265767327356,0.026781645088008323,200,2.0731316447257995,0.054881519306257606,1
SS-E,756,0.15387033635939748,0.0033258325574150233,30,0.3653314828872681,0.00427200421077367,1,0.15269329649352614,0.002577798367561105,50,0.6749084949493408,0.02430709675240269,1,0.15142296813873704,0.0020039163282756195,100.0,0.6750223278999329,0.007087246464361947,1.0,0.14947607718728506,0.0021901234845872553,200,1.370771300792694,0.02818170753809348,1,0.23624612992897093,0.03422495041085294,30,0.3652169108390808,0.0443297318060556,2,0.23624612992897093,0.03422495041085294,50,0.5210547327995301,0.03312005339155601,2,0.23624612992897093,0.03422495041085294,100,1.4704543352127075,0.14800360772957372,2,0.1579886799204608,0.009260125170918633,200,2.0371504426002502,0.061540399498625074,1
SS-F,196,0.4458511912107396,0.01273859245988534,30,0.36974247694015505,0.011345931227368366,2,0.4431686554456002,0.011692168958248471,50,0.5143496751785278,0.021926997363319777,2,0.44316617208609416,0.0116914128321211,100.0,0.6735587596893311,0.003509710633322262,2.0,0.4424960484056041,0.010860936136404596,200,1.1576687335968017,0.2160332794148005,2,0.45528889538474787,0.02105891797968749,30,0.268720543384552,0.03134646457527787,3,0.45528889538474787,0.02105891797968749,50,0.56244877576828,0.03713695914506937,3,0.45528889538474787,0.02105891797968749,100,1.0606443524360656,0.10268631596348439,3,0.4244810464988566,0.02309211082160547,200,1.123732602596283,0.21639361952418962,1
SS-G,196,0.4464216296824657,0.006925445856969704,30,0.37686786651611326,0.006448308502223194,2,0.4464216296824657,0.006925445856969704,50,0.515462064743042,0.03885959284556737,2,0.446409845457907,0.006920379809023666,100.0,1.0501466870307923,0.019698870652408516,2.0,0.4462186878165949,0.0068604902565991095,200,1.2731593132019043,0.17773912535530537,2,0.45003446983692247,0.015927497971962707,30,0.4330620765686035,0.049374495597908644,2,0.45003446983692247,0.015927497971962707,50,0.6495941877365112,0.04671863629078931,2,0.45003446983692247,0.015927497971962707,100,0.9891779065132141,0.11566970683499062,2,0.4277903251090286,0.025663892297462552,200,1.6907879829406738,0.19321826610070092,1
SS-H,259,0.4937088295595332,0.10266617620024193,30,0.20654629468917843,0.0011250011091617244,3,0.40708520179510915,0.10127655483709143,50,0.544651210308075,0.01347481638748562,2,0.3121409515810084,0.07778124111273516,100.0,1.2000356316566467,0.04503596867998704,1.0,0.2678090224058035,0.058877863008039696,200,1.1853584885597228,0.22896549042251516,1,0.3097006103336568,0.07438914758043341,30,0.28774563074111936,0.03596025205782895,1,0.3097006103336568,0.07438914758043341,50,0.33339786529541016,0.03436012886822919,1,0.3097006103336568,0.07438914758043341,100,0.45866103172302247,0.03967127082899574,1,0.3068779981747044,0.06963463001768969,200,1.0688616394996644,0.15568205725788467,1
SS-I,1080,0.09692683365839021,0.10115822685058816,30,0.2261335968971252,0.004590499138283858,1,0.07258074307369784,0.104845595086447,50,0.6858581304550171,0.010001769345683418,1,0.0721366295409111,0.10510783658570858,100.0,1.0688252329826355,0.01264461506553,1.0,0.04363311155110631,0.07589853812577758,200,2.2560593128204345,0.2322550627971447,1,0.22891469750093033,0.006128174294613141,30,0.3565266251564026,0.035570644463487185,2,0.22891469750093033,0.006128174294613141,50,0.48417857885360716,0.03419788157243429,2,0.22891469750093033,0.006128174294613141,100,0.8340550780296325,0.03843923454526476,2,0.04007727259381314,0.0530348785167285,200,1.1834303379058837,0.22081066780036632,1
SS-J,3840,0.07290571574584105,0.003455668865416519,30,0.3047774791717529,0.005354934621520181,1,0.07184112181492616,0.0029296553899872072,50,0.5764320611953735,0.027817162884807498,1,0.0684810325542925,0.0028227745506793573,100.0,1.1126897811889649,0.05981102880699139,1.0,0.06684138348164692,0.0020857179927596366,200,1.440507411956787,0.026539135584013385,1,0.08338740264274844,0.01395168705832444,30,0.39136868715286255,0.02484356234788972,2,0.08338740264274844,0.01395168705832444,50,0.8968983650207519,0.04677123481218225,2,0.08303456342875448,0.013734221760504567,100,1.3792786717414856,0.048014632932487526,2,0.07008981915077431,0.004359670988180046,200,1.9380728960037232,0.16488589961307723,1
SS-K,2880,0.08132835240193688,0.027160331979116093,30,0.2024578213691711,0.001116054519143811,1,0.07053720507040342,0.013711095046004729,50,0.34202823638916013,0.005064313743643489,1,0.06540966530066837,0.0030036946203004077,100.0,0.725806474685669,0.016412708391002194,1.0,0.06475694341135776,0.002669631967314028,200,5.058494579792023,0.11805239472760966,1,0.1262058357717834,0.0517508453633499,30,0.6749346017837524,0.06127560428884404,2,0.1262058357717834,0.0517508453633499,50,0.9638068556785584,0.04228202617310124,2,0.12374124745546813,0.04786354217302906,100,1.091241681575775,0.14159606728571186,2,0.06813532709099579,0.004472843711490029,200,1.3470350623130798,0.2419728190449436,1
SS-L,1023,0.17863203312522022,0.008290957172848556,30,0.38347909450531004,0.007542939376831065,1,0.17178125973304653,0.0031308759581955077,50,0.5153432250022888,0.03232856751356993,1,0.16897986817940383,0.0008550037470601166,100.0,1.1866846561431885,0.10207363127476458,1.0,0.16897986817940383,0.0008550037470601166,200,2.6762710332870485,0.25462705530037005,1,0.31851547703128047,0.12447430448196295,30,0.9868773341178894,0.053980215411053405,2,0.30683196968652726,0.12662275805977957,50,1.020554292201996,0.05878914408636146,2,0.30683196968652726,0.12662275805977957,100,0.6493181705474853,0.0490173875721812,2,0.17844238701781776,0.008388866763222917,200,0.9582870364189148,0.17972114224543528,1
SS-M,864,0.00477465562952566,0.0008722224305577848,30,0.30258357524871826,0.004043775387782301,1,0.004083944910535815,0.0004342544882965543,50,0.70913245677948,0.014459188621622295,1,0.00366225094381379,0.0002502405937657899,100.0,1.6116500496864319,0.18118719436923791,1.0,0.003468966539317045,0.00013558872723317054,200,1.708725905418396,0.2917194790791299,1,0.02301990112468379,0.01655258782876923,30,1.4100564122200012,0.06605213491844951,2,0.022015964422009756,0.014890956681365376,50,1.7490381121635437,0.06148179981674351,2,0.021055290253988047,0.013427587948117206,100,1.658082163333893,0.1776721409268366,2,0.004631100520766476,0.0007922454102828973,200,3.5407774090766906,0.11230190897155923,1
SS-N,53662,0.1581445993495953,0.014203283310427313,30,0.2657391786575317,0.003674364473693739,1,0.15070221770106712,0.006405229812256887,50,0.6486284375190735,0.015086681406425573,1,0.14486659926506143,0.004807967881695394,100.0,0.9556329727172852,0.023657626744125856,1.0,0.1415917434915431,0.005582598073112771,200,1.9820337772369385,0.06355136054302987,1,0.17776302934483118,0.01756072184626685,30,0.9281057357788086,0.11591199530663447,3,0.17310017770128625,0.014091164710576592,50,0.9648481607437134,0.045873697299439756,3,0.16618619334822976,0.014894828960625458,100,1.2811759471893311,0.04571595877808126,2,0.14968710655547354,0.007241114101474822,200,3.16950364112854,0.2837302862230514,1
SS-O,972,0.197057190350032,0.03309308749832286,30,0.28249419927597047,0.003702704640539003,1,0.193610978768612,0.032376687393254146,50,0.5213739395141601,0.008653714279735138,1,0.19129414051729637,0.03073598314848058,100.0,0.9714906215667725,0.019340199776509588,1.0,0.18569411964449628,0.02184754470474408,200,2.158272445201874,0.1246845505376456,1,0.2251353126980126,0.04253580531121866,30,1.0013987183570863,0.06768817977184757,2,0.2209641591852946,0.040772879898749274,50,1.0676265358924866,0.07126797431013969,2,0.22077512544378425,0.04047120252719615,100,1.0320028066635132,0.02710094613773561,2,0.1851671675130215,0.005500172346792354,200,1.4259206891059875,0.26238185763060934,1
SS-P,1023,0.17863203312522022,0.008290957172848556,30,0.3379186987876892,0.01800903867276231,1,0.17178125973304653,0.0031308759581955077,50,0.47704302072525023,0.009080740181489683,1,0.16897986817940383,0.0008550037470601166,100.0,1.0928969264030457,0.0836874443121764,1.0,0.16897986817940383,0.0008550037470601166,200,3.0380896806716917,0.14297622800968915,1,0.31851547703128047,0.12447430448196295,30,0.8138054251670838,0.04785059749667478,2,0.30683196968652726,0.12662275805977957,50,0.8731135487556457,0.07495648650649984,2,0.30683196968652726,0.12662275805977957,100,0.9631640553474426,0.09369045838475022,2,0.17844238701781776,0.008388866763222917,200,1.1374105095863343,0.18719028478286537,1
SS-Q,2736,0.06144563142748789,0.001638217227687598,30,0.5336063265800476,0.4448844247850782,1,0.06024279325159769,0.0015436309794213605,50,0.7988776326179504,0.011861980734918617,1,0.058962929723431166,0.0010892818939468936,100.0,1.3551363468170166,0.046531280961525645,1.0,0.058162728561837976,0.0006128225301606603,200,2.513888251781464,0.23779139629400453,1,0.06753882216481868,0.01654558266531141,30,0.9987136363983155,0.034096994074774664,2,0.06753882216481868,0.01654558266531141,50,1.062332856655121,0.14633197691121783,2,0.0673021848096653,0.016580468949944704,100,2.371078705787659,0.0995048224450774,2,0.06047000678183771,0.00144627160790911,200,3.0526801466941835,0.3608190122889661,1
SS-R,3008,0.17889058790666726,0.012569743944805515,30,0.3100345849990845,0.005589386457264465,1,0.17459992976997774,0.007755318240466241,50,0.6701957821846009,0.01478149822447949,1,0.1719587096305797,0.00775062230290107,100.0,1.0941612720489502,0.030580249250928535,1.0,0.17019182025990556,0.006995387851829692,200,2.0179813861846925,0.19607367040733834,1,0.2027150463170869,0.026830776626799044,30,0.8454310894012451,0.10556761241277854,2,0.19904167939924405,0.026231938742080903,50,1.1469708919525146,0.029615390961987523,2,0.19752961712067757,0.02463772283511654,100,2.1840974926948546,0.04906508261133679,2,0.17624358933648415,0.009360879168379292,200,2.126964282989502,0.19896884275778373,1
SS-S,3840,0.06265763635992869,0.04237186100416459,30,0.27762651443481445,0.03330450445062146,2,0.04794387312775826,0.03437784250370844,50,0.5145133256912231,0.005527852963279702,1,0.027101659387954086,0.01566474288731128,100.0,1.1032055497169495,0.07133851911722203,1.0,0.023555939435185535,0.015607428084479126,200,1.9587890386581421,0.040078185028498185,1,0.07949233887098107,0.04918963174636404,30,0.5332111477851867,0.025683842977336842,2,0.0720983278886232,0.043434641041665,50,0.7835743188858032,0.04590815772944491,2,0.0720983278886232,0.043434641041665,100,1.219743585586548,0.04717374843959232,2,0.04753042954388826,0.038342855622338426,200,2.050195848941803,0.24534487101523403,1
SS-T,5184,0.051559706409190956,0.02415663566713463,30,0.2580016732215881,0.0319837044311188,1,0.034062821732796594,0.018944600300244786,50,0.5679975390434265,0.020754926937642065,1,0.020763696409037292,0.007012134902618883,100.0,0.6057297706604003,0.09389475309937025,1.0,0.01704392007444758,0.0011727899346126896,200,1.5130914211273194,0.048611577036014084,1,0.08123017227122806,0.024868592971611092,30,0.8620484352111817,0.03854310363434302,2,0.07847031103462147,0.021688541393425353,50,0.9319781541824341,0.12373039996507473,2,0.07451654145579543,0.021520824784529498,100,1.2635789513587952,0.1430218538695643,2,0.045537612305504,0.018810294151491574,200,2.4578545093536377,0.21665443619207272,1
SS-U,4608,0.25085439715534413,0.013912242255327402,30,0.22282779216766352,0.008960352354699646,1,0.24485026235285515,0.010795335256601701,50,0.7286968231201172,0.02680021646335886,1,0.23492132159101295,0.002996750949024195,100.0,0.7739206194877625,0.03253394637813992,1.0,0.23182699618086522,0.0011461704077137087,200,1.6033882021903991,0.07984644388129393,1,0.28470706008660773,0.029393029578654452,30,1.0085143327713013,0.135680475370548,2,0.2799054237552892,0.02745448519443526,50,1.5777328372001649,0.15552334775533927,2,0.2746751683713202,0.025496711070076873,100,1.5174511909484862,0.1650967100542843,2,0.2433642271256394,0.009902583425827016,200,1.6056093454360962,0.29057751236331425,1
SS-V,6840,0.1524850489029576,0.05571388762520219,30,0.5053340792655945,0.1151151615418713,2,0.10742607764515015,0.06802231978093043,50,0.2918798327445984,0.057957913911398096,1,0.07810612848170176,0.06203702071083169,100.0,0.742897117137909,0.018592199614242317,1.0,0.04577239934841493,0.04538649954783474,200,1.5961584568023681,0.07006090557018006,1,0.19550361288367524,0.023464383893781554,30,1.4354179620742797,0.059623832643945045,3,0.19422152421599181,0.023515767372807056,50,1.627290093898773,0.0588978478070948,3,0.19283475457953045,0.02142887839288064,100,1.5497774124145507,0.18912745580568704,3,0.1180569328985713,0.06109464308225724,200,2.6332384943962097,0.0648783132138461,1
SS-W,65536,0.32753479262320123,0.0202719669084842,30,0.1473736763000488,0.004326471917483808,1,0.3195467523402981,0.01706502539243495,50,0.25983893871307373,0.007763121557926547,1,0.29847246550488327,0.011745988177033456,100.0,1.2757653951644898,0.058589472153592906,1.0,0.2814278114502854,0.0166331489267614,200,1.1149394392967225,0.04871621358182021,1,0.37036251165867673,0.030309538668176334,30,1.3490074396133422,0.07705760417181345,2,0.3631409818194431,0.029106165301538024,50,0.9947378158569335,0.08798906815931655,2,0.3590852785913369,0.028701600392077867,100,1.4464735627174377,0.13516917115789087,2,0.32186635786813783,0.020954156538473215,200,2.2933534383773804,0.1847208971021834,1
SS-X,86058,0.22853060191307334,0.04607428391358974,30,0.14783676862716671,0.0018543752017037565,1,0.21517322043865633,0.020731547535106164,50,0.406319260597229,0.0069260068768827255,1,0.20596516903292392,0.015955696991163993,100.0,0.5217697620391846,0.016796011497312913,1.0,0.19731340699003028,0.018310726214105035,200,1.7406071782112122,0.0594359659072604,1,0.33185457524366624,0.09951430887602956,30,0.615798819065094,0.04700810980395483,2,0.33185457524366624,0.09951430887602956,50,1.242642879486084,0.06420194136604752,2,0.3304100783187291,0.09767990638408079,100,1.9792755246162415,0.07502146805982005,2,0.24095587880613598,0.041600974602073564,200,3.356419587135315,0.06852424771017288,1
Scrum100k,100000,0.3755614373618177,0.026372690671400224,30,0.39572309255599974,0.010886539455132587,2,0.3532298972105721,0.021433300401844962,50,0.7212555050849915,0.10167483508482335,1,0.3316489121882911,0.014824325494089755,100.0,1.489006793498993,0.06435786290873723,1.0,0.32340837657772614,0.008534946995049803,200,3.4477882981300354,0.23188515879111876,1,0.41011083758001543,0.042894276325109046,30,3.4836843013763428,0.2316826794031341,3,0.4032017982974905,0.03668246492000919,50,3.5289710760116577,0.10685139398563209,3,0.4013539667600813,0.034520394408898265,100,4.584671938419342,0.3077600847936412,3,0.36688093168934205,0.02141090051651841,200,3.2598325610160828,0.10510126107363964,1
Scrum10k,10000,0.32973659497965335,0.032475554137559495,30,0.2386747002601623,0.010596590359399843,1,0.30870377607876165,0.02323445845613186,50,0.7572021961212159,0.10509991855592384,1,0.28938959159479183,0.00808619030116018,100.0,1.4934308290481568,0.17716468262342305,1.0,0.2830753968313352,0.005362989915976362,200,3.4846763372421266,0.3318744455865092,1,0.4059712213772949,0.02735256093434598,30,3.8085369229316712,0.14013728119978014,2,0.4000900164623521,0.026872197818485863,50,3.5960259079933166,0.15122764801967262,2,0.3957532275703974,0.025893441465622582,100,4.455257821083069,0.20570162871900827,2,0.32537069874179336,0.020733396556621958,200,7.209982836246491,0.5718779764449373,1
Scrum1k,1000,0.30095330728739306,0.03151955844388886,30,0.5261176228523254,0.025501701138988933,1,0.27664636484810556,0.015965223131360517,50,0.7246352434158325,0.09111589566943074,1,0.26061511770132745,0.010135043246978146,100.0,1.6384922742843628,0.2042433285499532,1.0,0.24726127017177763,0.006084433851053896,200,4.252371072769165,0.41042466083352774,1,0.37696759098930177,0.034308392658888937,30,3.0685176134109495,0.15687702226427538,2,0.3750047760026377,0.03291556322709744,50,3.668018710613251,0.18259205284869023,2,0.37267758258231887,0.030886028265830624,100,1.9726101756095886,0.30884924166464606,2,0.2993637555282968,0.02337023822859962,200,6.515490102767944,0.5450864472178624,1
X264_AllMeasurements,1152,0.006741175836892005,0.007913697712819039,30,0.1160762786865234,0.005994450067191531,1,0.0012345071278683849,0.0015017689336834544,50,0.21744663715362544,0.015835419024352794,1,0.00044228398798506997,7.242870763622438e-05,100.0,0.6111903071403504,0.04581989866964567,1.0,0.0004369889299532151,7.06992388312459e-05,200,1.1863934397697449,0.15140316299939166,1,0.055970596126544384,0.027630888118808795,30,1.15570809841156,0.05887501748261387,2,0.05552574850033559,0.028274249774747334,50,1.0127723813056946,0.05176841744056862,2,0.05552574850033559,0.028274249774747334,100,1.1038615822792053,0.04002974805150581,2,0.008855541871417448,0.010214526969826788,200,2.118824279308319,0.05935456148628304,1
billing10k,10000,0.39428217090203665,0.017361978438320293,30,0.5795652747154236,0.04080941046312145,1,0.3771844169998393,0.015393683718010592,50,1.0385919332504272,0.0654810763217566,1,0.35867351579158535,0.006105586129084381,100.0,2.10056848526001,0.189388631636409,1.0,0.35170693495760424,0.0027376826811156807,200,5.338696837425232,0.331812698165908,1,0.4335042362960156,0.024148908659044715,30,2.5871142983436584,0.14336001196723447,2,0.4289926651002983,0.02380016076978679,50,2.802574706077576,0.18988300383298595,2,0.42736406872231186,0.022317522716725078,100,3.6777137756347655,0.18163547955463877,2,0.39131830088317154,0.016373697254767478,200,6.181358861923218,0.21252504827706017,1
coc1000,1000,0.3589077239609516,0.011194577480667534,30,0.9556629419326782,0.007615185848755775,2,0.3485355814041914,0.012883871355916385,50,1.5075397491455078,0.10652642361634163,1,0.33728383746699336,0.008974627498484348,100.0,3.4943659901618958,0.062029597929496263,1.0,0.32734438380217334,0.010937362592426577,200,5.738685965538025,0.3442392937835482,1,0.3716987967564601,0.0143963961926919,30,1.6676045417785645,0.04170498212109887,3,0.36487308527705387,0.011715243583958862,50,2.4789831042289734,0.0753807965763421,3,0.3590126843118032,0.009792779675787825,100,3.438847529888153,0.24227617334448648,2,0.34521495364460864,0.008595346072325986,200,6.123926568031311,0.4495971695792036,1
dataset120,5160,0.3106202325044237,0.035414874034941896,30,0.19428471326828003,0.005776479540711827,2,0.28755505303520007,0.026618679815605617,50,0.2616594433784485,0.017964560481187167,1,0.2800100417352256,0.02446456089558403,100.0,1.4562484622001648,0.07445006041976426,1.0,0.26109046121362295,0.03104476353616525,200,1.4799764156341553,0.11821723706167982,1,0.3202789347498906,0.03675896319696987,30,1.3939841270446778,0.02656058712082719,2,0.30239913381145006,0.034136721739307915,50,1.4814914345741272,0.06255179739343618,2,0.28387452480117925,0.03254353523818459,100,3.6210925817489623,0.09097498697595367,1,0.26594901683284033,0.027104236537215328,200,2.2995920538902284,0.12447730334667328,1
dataset600,5160,0.27979790368944774,0.026455761375392076,30,0.15042778253555295,0.012650248052455666,2,0.26884632697776073,0.016704754261749645,50,0.2578804850578308,0.021780235387453488,1,0.25580208444075697,0.0253256713372412,100.0,0.5510802149772644,0.04725575102904202,1.0,0.2333022389471982,0.025443194925089434,200,1.312735414505005,0.11832153606670305,1,0.31438706405823275,0.05184636827867344,30,1.6014684438705444,0.0344184784678208,3,0.2909169800669317,0.028706427597397156,50,1.358649456501007,0.043902047420787405,2,0.2676042345522125,0.0300009980225706,100,1.5836987972259522,0.03515080273081279,1,0.23676222778038944,0.031016984169823375,200,2.306605362892151,0.1101107769080504,1
dconvert,6764,0.014669691373056463,0.002743552314027894,30,0.1563013434410095,0.015613604348307615,1,0.013363006304061476,0.002174386383947552,50,0.2857635974884033,0.03350622575239373,1,0.012214899128975361,0.0012511959222471043,100.0,0.6047105550765991,0.08258409379520894,1.0,0.01122408015055505,0.0006179000901915655,200,1.3009806871414185,0.1538965334681074,1,0.02976942426420449,0.023225010455326513,30,1.1751209855079652,0.050184275594454354,2,0.022835774357719416,0.01427215791398418,50,1.4422351956367492,0.05956225144636204,2,0.018856439886869115,0.008069598040881682,100,1.4538364291191102,0.05009280330410211,1,0.014777620427017465,0.0013078667007367201,200,2.1807068228721618,0.10048653077408447,1
deeparch,4096,0.0034508035306464535,0.014606931021019112,30,0.13942651748657223,0.007475335936473921,1,7.4364267644033e-05,2.3215507111558204e-05,50,0.27612537145614624,0.013227610535787243,1,5.767858395669401e-05,8.205235979972239e-06,100.0,0.5361352920532226,0.06400062566123806,1.0,5.120299612928481e-05,3.821623771639179e-06,200,1.459692370891571,0.293388922733402,1,0.03876349503286286,0.05238232687993449,30,0.8420662045478821,0.05216312685881147,2,0.03876349503286286,0.05238232687993449,50,0.8603487849235535,0.050106585330666704,2,0.030536083259169473,0.04501913865190836,100,0.9944799542427063,0.04983727165912226,2,0.00026032095747265593,0.0002929489684643153,200,1.490548324584961,0.05799025871577283,1
exastencils,86058,0.04087623310056472,0.013429981522715446,30,0.12746200561523435,0.0040404239032160475,2,0.038016676073979065,0.013250367104600045,50,0.24151275157928467,0.015976575601871854,2,0.02527992798517801,0.015245559422465985,100.0,0.4963813781738281,0.037303039294817604,1.0,0.01488404485361034,0.01277942971264276,200,1.0020469069480895,0.07263864928688465,1,0.0504556307822495,0.017170166945288123,30,0.7948716163635254,0.0637238844629177,3,0.047531313562664324,0.017807595430757835,50,0.892288601398468,0.065671027666243,3,0.04058399550678167,0.017195614351415037,100,1.1148234009742737,0.06540964123516807,2,0.030506365172637724,0.014027273657852475,200,1.7170277833938599,0.1375673447716198,1
javagc,166975,0.0011766519608721502,0.0007794732477531387,30,0.21999337673187255,0.11401419814855142,1,0.0006941973031411302,0.00031436510569927983,50,0.3609323263168335,0.05312466104647232,1,0.000507159840982475,7.892208444251438e-05,100.0,0.8054846286773681,0.140010634806372,1.0,0.0004742805060033501,4.322793821168065e-05,200,1.733112871646881,0.2705276218237233,1,0.0033732953007357,0.0027837589318805028,30,1.6168523669242858,0.09996169327234072,3,0.002043260149075045,0.0009733692820851399,50,1.715598213672638,0.09865474872150232,2,0.0014578421667662653,0.0006685743306941118,100,1.8993625879287719,0.10577428889293516,1,0.00078599373397244,0.0002993252231510203,200,2.280158257484436,0.09117523820727871,1
nasa93dem,93,0.4668713830805763,0.004424970554746292,30,0.5026226997375488,0.03503722679577543,1,0.46459396942242515,0.004013248719589643,50,0.6493252873420715,0.09140744373364197,1,0.4602001394745924,0.004698357809931312,100.0,1.5640910625457765,0.0400352414497525,1.0,0.45825185721081774,0.004682705924355644,200,2.684878396987915,0.23474494441789123,1,0.4772389283110229,0.011717406947481239,30,0.8145946502685547,0.039749459049526994,2,0.4755294861499307,0.00998377659523057,50,1.1599902153015136,0.050843618324265094,2,0.47500645966623634,0.009612831934979806,100,2.1994221448898315,0.05631087635387482,2,0.46220446728146414,0.008638407399057274,200,4.250597083568573,0.11568142074657009,1
pom3a,20000,0.18786524700828247,0.02001117148034458,30,0.2206771612167358,0.007849849583189582,1,0.17560403445596098,0.017518094758824113,50,0.3644037127494812,0.024470072799932747,1,0.16131820098083485,0.006978667216383133,100.0,1.4022265315055846,0.08262922684840204,1.0,0.14862064128761776,0.013106106149694761,200,2.492647099494934,0.0593393470689588,1,0.21475042914520226,0.019835359178554196,30,0.7599684476852417,0.06852321622025417,2,0.2144684859182334,0.019473750333950813,50,1.0920100092887879,0.07960027204156891,2,0.21407020295738932,0.01913459933219143,100,1.683668065071106,0.04031217038327873,2,0.18464184664290503,0.022660574451848013,200,3.9043981432914734,0.17615144877657446,1
pom3b,20000,0.19439744372247297,0.020523665889344612,30,0.22588150501251217,0.010817393944677194,2,0.18040792456761962,0.015532568112066025,50,0.3865035057067871,0.04865220313132858,1,0.16471936292982736,0.014089416972863191,100.0,0.7264099717140198,0.021811642303521263,1.0,0.1533541201836083,0.012463066418115462,200,1.49172340631485,0.08017176807572676,1,0.213079171769329,0.02328146643094641,30,0.6497857689857482,0.06641285472926135,3,0.213079171769329,0.02328146643094641,50,1.3108179450035096,0.05642322512058732,3,0.213079171769329,0.02328146643094641,100,2.1086801171302794,0.10251025532754583,3,0.1852798206764563,0.016896968751320265,200,3.544959914684296,0.25706120197032917,1
pom3c,20000,0.3229346686778175,0.019874433199932106,30,0.21516436338424677,0.0033653520320862797,1,0.31177980101513075,0.01165792236503346,50,0.3617074012756348,0.02263015968920739,1,0.3020311678645742,0.01224208802385928,100.0,0.7355331182479858,0.028473765163749377,1.0,0.2908337162898362,0.010927749278056896,200,1.4511687874794006,0.01707171154306136,1,0.3606774825352915,0.023012657680532077,30,0.9443592309951783,0.045983399304365326,2,0.3586701834008571,0.021805310773220548,50,0.8211661219596863,0.1119022454102054,2,0.3586701834008571,0.021805310773220548,100,2.303667867183685,0.079408863653079,2,0.3302405243812944,0.017726460914078816,200,3.3620042324066164,0.1543535433916725,1
pom3d,500,0.20104468944469073,0.014237036808870809,30,0.3022685170173645,0.025186056886911407,1,0.1920872697133469,0.011045709493587384,50,0.532792329788208,0.008146109448734347,1,0.18077738528586992,0.016293570715482295,100.0,1.0131960034370422,0.00865238444094435,1.0,0.17121535337903132,0.01523664071842664,200,1.5556043624877929,0.27266691436301166,1,0.22073160054554503,0.02425153897889312,30,0.894224214553833,0.03776503913034422,2,0.22073160054554503,0.02425153897889312,50,0.6893874764442444,0.03408828631782037,2,0.21728461659305315,0.02487984287341896,100,4.025432717800141,0.11043253844053794,2,0.1923416172138742,0.01151657749547522,200,3.437990629673004,0.19313776948736106,1
redis,4400,0.4711229945724627,0.021837400990578484,30,0.10626891851425169,0.0012786998971527238,1,0.4622734287874823,0.02122662237659453,50,0.16922037601470943,0.026600164304418934,1,0.4447532554663797,0.021184385904067633,100.0,0.27779417037963866,0.04911596717318412,1.0,0.4337494932789112,0.02151972085869522,200,0.5415885925292969,0.06812003291452738,1,0.50912819177928,0.018154171102078526,30,0.7699552416801453,0.05052295905962504,2,0.5056900145670881,0.01958962047139637,50,0.9370271325111389,0.05750217191690142,2,0.4999161729229254,0.020471110627265622,100,1.159614586830139,0.058923473803899326,2,0.46251386332849104,0.023413602433889194,200,2.2169499516487123,0.06647732186470763,1
rs-6d-c3_obj1,3840,0.014107672915260374,0.039268564606468916,30,0.13747184276580807,0.0017287186805096649,2,0.0112220691008038,0.034709096442438754,50,0.2539173126220703,0.00279326503576657,2,0.0035056553130174153,0.008956131242380122,100.0,0.3870242238044739,0.01336777790525287,1.0,0.003374884170851638,0.008994855331538218,200,0.9744455695152283,0.02938571823451289,1,0.0066151744598217516,0.004970215229511422,30,0.3451316714286804,0.03213318619985619,1,0.0066151744598217516,0.004970215229511422,50,0.6873765468597413,0.054423994766149876,1,0.0066151744598217516,0.004970215229511422,100,0.9307212471961975,0.058488772773706614,1,0.0016201330543301252,0.0007582047828431221,200,1.6083230018615722,0.05577436648290032,1
rs-6d-c3_obj2,3840,0.0008232630000030461,0.0007777635906042603,30,0.1381184577941894,0.016419997297952474,1,0.0004445161293427996,0.0003974283798159172,50,0.25519737005233767,0.0031333491391239464,1,0.00014833652878033034,0.00020617588929790174,100.0,0.5112943053245544,0.007587628495298056,1.0,7.678705607283565e-06,8.895387063146536e-06,200,0.9941920399665832,0.1176365401744116,1,0.0017211710806433252,0.0010748738301709305,30,0.47242858409881594,0.038571446223187894,2,0.001697923000706325,0.001038528491646088,50,0.467929744720459,0.05351707153448146,2,0.0016556794439376698,0.000983001670086771,100,0.9954873085021972,0.05710703779429196,2,0.00047665651829493773,0.00023711328115372853,200,1.6595197796821595,0.0875655185176979,1
sol-6d-c2-obj1,2866,0.014547283083715843,0.00044448096775166415,30,0.1544734120368957,0.00280107499426689,1,0.014355606736442423,0.00023548335316063892,50,0.28541491031646726,0.0099167445457569,1,0.014239575603416588,0.00021959226045698566,100.0,0.5245541214942933,0.004448902884325691,1.0,0.014170864187251355,0.00019158330460093147,200,1.0226011753082276,0.09463297316661687,1,0.015582086103416649,0.0006070738680242754,30,0.4825574278831482,0.03578414391471416,2,0.015582086103416649,0.0006070738680242754,50,0.6834589600563049,0.04982850197966544,2,0.01553694710459283,0.0006632733291908405,100,0.8330931305885315,0.05282335799781134,2,0.014356591659794573,0.00023456412857423192,200,1.387716817855835,0.04862307382257541,1
storm,1557,0.00010210395909797532,4.182513158921136e-05,30,0.10464447736740108,0.003337858696516892,1,7.295800298275922e-05,1.4216656690096997e-05,50,0.182058310508728,0.006455729741015781,1,5.892685757367122e-05,8.493974989060602e-06,100.0,0.5453891634941102,0.021035426669874218,1.0,5.288418512101045e-05,6.157514615797857e-06,200,0.7817766904830933,0.03534115854392705,1,0.00017147798863074572,7.087290262124325e-05,30,0.961307942867279,0.05236865453532847,2,0.00015200694335391272,7.476608794138327e-05,50,0.9478256106376648,0.04565530321842727,2,0.0001338645290638913,4.434955882065252e-05,100,1.39989994764328,0.05296812721689992,2,7.605424831544491e-05,2.0361350144783428e-05,200,2.0289650440216063,0.05564069238663257,1
wc+rs-3d-c4-obj1,196,0.08396296514025062,0.03567163470107918,30,0.11641041040420527,0.008601854139855855,2,0.07505073021660388,0.002062972732426422,50,0.17076486349105832,0.004306268767809815,1,0.07434862588219068,0.001217578223463441,100.0,0.34242274761199953,0.005910111952890531,1.0,0.07392575630593734,0.0010150046153223605,200,1.3068179726600646,0.024475475724123334,1,0.08077691861333856,0.004174814545313699,30,0.30828582048416137,0.04818934745729082,2,0.08077691861333856,0.004174814545313699,50,0.27577348947525027,0.03627009211572653,2,0.08077691861333856,0.004174814545313699,100,0.43385318517684934,0.03274213498686006,2,0.07585493896913298,0.0028177389058990773,200,1.3963142037391663,0.058306830857627834,1
wc+sol-3d-c4-obj1,196,0.08663556997176632,0.05577143099680626,30,0.14925683736801143,0.0013494772237614768,1,0.08502185369030645,0.055757343017033924,50,0.17105528116226193,0.006541218116327104,1,0.07398241766999318,0.04026134322549335,100.0,0.3457426309585571,0.0069527637045046385,1.0,0.06394558015831982,0.001640442857024416,200,0.7245970129966736,0.019361717177091252,1,0.07172777445515005,0.0035273375247175305,30,0.31410744190216067,0.04467613239028497,1,0.07172777445515005,0.0035273375247175305,50,0.46706744432449343,0.05313196939842134,1,0.07172777445515005,0.0035273375247175305,100,0.6987112045288086,0.0539764189636159,1,0.06777152296747713,0.0041225327628505205,200,1.2744701266288758,0.05602185513048837,1
wc+wc-3d-c4-obj1,196,0.12932526552725587,0.04706898345590168,30,0.13453547954559325,0.0014337255445484,2,0.11038478514712338,0.014314007279173183,50,0.22685862779617305,0.0032386436204689304,1,0.09444195316790246,0.00879632571488573,100.0,0.3661816954612732,0.011106913032268729,1.0,0.08897712044319378,0.007988744774224106,200,0.7953534245491027,0.024056669725328612,1,0.14569828228842177,0.03180636575270359,30,0.38354810476303103,0.05490741345327916,2,0.14569828228842177,0.03180636575270359,50,0.45995527505874634,0.05221621695459431,2,0.14569828228842177,0.03180636575270359,100,0.8632889151573181,0.05706583582433048,2,0.11396145533649767,0.00984660048572069,200,1.4038800120353698,0.06211366486236267,1
wc-6d-c1-obj1,2880,0.11316687835603986,0.03636491164178227,30,0.2270828485488891,0.01390613780941524,2,0.10629060609303283,0.030423250863135968,50,0.18826137781143185,0.002943468318391085,1,0.09886145003411392,0.03292213299822939,100.0,0.382081413269043,0.011719597081149193,1.0,0.08641281242864537,0.04214510868366142,200,0.6861890554428101,0.1208417550895492,1,0.12942344825903665,0.026055431240190136,30,0.6550781846046447,0.04103948687280443,2,0.12942344825903665,0.026055431240190136,50,0.6486624360084534,0.04904518647802096,2,0.1233357502364828,0.03477935300168926,100,0.9131892919540405,0.053194145645747426,2,0.0991630757630265,0.026620299463138705,200,1.433316457271576,0.08009832316854454,1
x264,53662,0.2069244073352993,0.012983516395266247,30,0.07776541709899898,0.005571065807961535,1,0.19974614445845412,0.009078943513228889,50,0.1347499012947082,0.006463580074698087,1,0.19487859098166313,0.007737018258056934,100.0,0.5048596262931824,0.037912296926815275,1.0,0.18856387890391588,0.009716273097431647,200,0.5828339338302613,0.04247626533529875,1,0.22228799081953587,0.017170197089395187,30,1.3260372757911683,0.019070382573809105,2,0.21943486224111947,0.016542416195755343,50,1.133009433746338,0.05834737189652648,2,0.218830326285221,0.016763651773891424,100,1.3907872557640075,0.06736710948151575,2,0.20241392883490864,0.007421811400706071,200,1.3830890417099,0.04463049427082589,1
xomo_flight,10000,0.0542699226771576,0.014685581390709052,30,0.4818974494934082,0.00807886392120958,1,0.044181718023793205,0.009033446291038886,50,1.270218014717102,0.07830912535700536,1,0.03773546936106574,0.00705372014487688,100.0,1.6375993967056275,0.0396280543983091,1.0,0.032451150556457656,0.005378278162567635,200,5.309205305576325,0.17208500252199543,1,0.10503534400533465,0.03688711707900033,30,1.4232953667640686,0.058529347854157886,2,0.09758606007033929,0.03462547189028169,50,1.7367393255233765,0.061544435271750346,2,0.09064665247452688,0.029810056069228798,100,2.86731641292572,0.08860372630609421,2,0.04736462138630555,0.01080025895631754,200,5.151875817775727,0.1069839218872175,1
xomo_ground,10000,0.07179317032937046,0.022124663737735174,30,0.4810917377471924,0.00898974842429424,1,0.06620114065858036,0.01901691225162998,50,0.8148606538772583,0.016798718516849737,1,0.052494243857607384,0.010107075769027458,100.0,1.6571381330490111,0.03043839922268581,1.0,0.043912520506715125,0.005565487992532823,200,2.0357727646827697,0.042529811067738545,1,0.11290485088405214,0.036746610549521296,30,1.044177496433258,0.04152474902931076,2,0.1077017479376697,0.031279326010693456,50,1.8105729699134827,0.05203897334123978,2,0.1061220663466115,0.029362244833644528,100,3.291806089878082,0.0645000795397943,2,0.07308746420883415,0.018492745018921557,200,4.9217598795890805,0.05756672893021239,1
xomo_osp,10000,0.06166091195057878,0.02034379796054399,30,0.5515649914741516,0.04288240713934248,1,0.04707123202488727,0.011577198066981206,50,0.8134209156036377,0.014862043494875282,1,0.03968306329833478,0.00792778964178269,100.0,1.9820472717285156,0.20744830972130288,1.0,0.033292689420650536,0.004176971035612073,200,3.985816216468811,0.2996896185644098,1,0.09289237422871667,0.03135551977361771,30,1.0689875721931457,0.04969002675020828,2,0.08761196963525446,0.02706420573184186,50,1.7990183591842652,0.05623229286805763,2,0.08509864760328693,0.026991042248662923,100,2.77900173664093,0.04577103802944357,2,0.05526934736923712,0.01146394659981013,200,4.397121381759644,0.3096763602916953,1
xomo_osp2,10000,0.18282863589886594,0.020336236128741345,30,0.5892691612243652,0.0681572536708004,1,0.17280573095447496,0.015431698486156694,50,0.4921509146690369,0.009442526515638632,1,0.1589240207740134,0.00821189209895312,100.0,1.0652997732162475,0.038052437984602165,1.0,0.15031120536906337,0.006537288770239502,200,2.2189686059951783,0.11869184379492931,1,0.2339804051873145,0.02733390156928546,30,1.361969232559204,0.04806686847123914,2,0.22862548757813808,0.027032962473165268,50,2.218745481967926,0.0657500635360057,2,0.22719967908463756,0.02626379391263463,100,2.7052637696266175,0.06957678036795001,2,0.19421820198915538,0.01533372795344644,200,2.434493398666382,0.30281921206349066,1
