Dataset,Rows,SPEA2-30_mean,SPEA2-30_std,SPEA2-30_budget,SPEA2-30_runtime_mean,SPEA2-30_runtime_std,SPEA2-30_tier,SPEA2-50_mean,SPEA2-50_std,SPEA2-50_budget,SPEA2-50_runtime_mean,SPEA2-50_runtime_std,SPEA2-50_tier,SPEA2-100_mean,SPEA2-100_std,SPEA2-100_budget,SPEA2-100_runtime_mean,SPEA2-100_runtime_std,SPEA2-100_tier,SPEA2-200_mean,SPEA2-200_std,SPEA2-200_budget,SPEA2-200_runtime_mean,SPEA2-200_runtime_std,SPEA2-200_tier,PSO-30_mean,PSO-30_std,PSO-30_budget,PSO-30_runtime_mean,PSO-30_runtime_std,PSO-30_tier,PSO-50_mean,PSO-50_std,PSO-50_budget,PSO-50_runtime_mean,PSO-50_runtime_std,PSO-50_tier,PSO-100_mean,PSO-100_std,PSO-100_budget,PSO-100_runtime_mean,PSO-100_runtime_std,PSO-100_tier,PSO-200_mean,PSO-200_std,PSO-200_budget,PSO-200_runtime_mean,PSO-200_runtime_std,PSO-200_tier
BDBC,2560,0.002255981731855115,0.0011171431824303,30,0.36389353275299074,0.008105054340952588,1,0.0016298143091834898,0.00040882171538899107,50,0.6707472205162048,0.03589034902880012,1,0.0012515210462915648,0.0001941815415370403,100,2.1062338829040526,0.07904461788779149,1,0.001101483592852615,9.932512407520915e-05,200.0,6.70971896648407,0.16498029312120516,1.0,0.00340016760176777,0.00213687111675594,30,0.12638083696365351,0.015528750136218659,2,0.0033828649201281596,0.002134945970275058,50,0.13210941553115843,0.02292428382325778,2,0.0033828326217793052,0.002134947967979391,100.0,0.15372849702835084,0.02700126089375487,2.0,0.0033828326217793052,0.002134947967979391,200.0,0.1683056831359863,0.029728958841186388,2.0
Health-ClosedIssues0000,10000,0.24047491647568683,0.0014520098526639897,30,0.4184200167655945,0.03267389909250329,4,0.239710212471037,0.0015203097579846727,50,0.6559542536735534,0.017888111984285655,4,0.23888088893580547,0.0012886626812039217,100,1.677912664413452,0.06288145648655802,3,0.2369826221100229,0.0021572186604180876,200.0,2.5681016087532043,0.3089224526595761,2.0,0.16246125041005,0.023606350547227473,30,0.4028343439102173,0.0024856453102039236,1,0.15291933192519877,0.019598381461979925,50,0.6727465987205505,0.007506993759686645,1,0.14429177927164377,0.014909257776831613,100.0,0.9931345224380493,0.013190362928321882,1.0,0.1414969926506619,0.01256538846429565,200.0,1.5716559171676636,0.25522217352921056,1.0
Health-ClosedIssues0001,10000,0.3577461066099232,0.04867172107272433,30,0.6290491104125977,0.054437519362582044,1,0.33741685648885605,0.04834538117478056,50,2.2443997144699095,0.037095745497725374,1,0.3007095834489842,0.04175391760052057,100,1.453367030620575,0.035795632812065034,1,0.25876019219961616,0.03611724935191609,200.0,2.9731041550636292,0.3173004212533265,1.0,0.4537448022675794,0.021893314747669576,30,0.4470015406608582,0.001873443290006218,3,0.44551199348583037,0.02479387755795187,50,0.7508987545967102,0.010755719516179821,3,0.43598328643646234,0.027796362715214608,100.0,1.8281535506248474,0.06126120830696362,2.0,0.429007870262952,0.030409507228716815,200.0,2.807637119293213,0.36325058623132195,2.0
Health-ClosedIssues0002,10000,0.36574890971741586,0.00022880711888540676,30,0.49791414737701417,0.03255188432461184,4,0.36555227608029633,0.00040391664391596795,50,0.8733197689056397,0.006031759006197159,3,0.36540361742311855,0.0004273902670714896,100,1.372188103199005,0.23373750655874623,3,0.36507544372629647,0.000538968067801077,200.0,2.521312582492828,0.37429524823778354,2.0,0.17720215345644086,0.00828095367099435,30,0.44342650175094606,0.0038766047830387828,1,0.1676877655369384,0.03243719270978591,50,0.976810896396637,0.016318905746066835,1,0.1645233680515923,0.03279112399298448,100.0,1.5215497255325316,0.1098760623681936,1.0,0.15564790328317984,0.03770030375580231,200.0,2.7929624795913695,0.29653596314424424,1.0
Health-ClosedIssues0003,10000,0.4850949626558555,0.10856779671275678,30,0.5313317775726318,0.03076658461956146,3,0.46097462546590984,0.11502557693010897,50,0.7938970923423767,0.1063272952322243,3,0.4013290065629194,0.11860238034940482,100,1.6375934720039367,0.16660628341814848,2,0.354482275225854,0.10151635905811615,200.0,3.788138484954834,0.26925617650246914,2.0,0.20578794911683027,0.04839983341321692,30,0.4599172592163086,0.011460354997981,1,0.1817870570812793,0.03957367072883111,50,0.752589762210846,0.01145471942675785,1,0.1601879731106566,0.025218040296663895,100.0,1.2081410765647889,0.14217627879852213,1.0,0.1443189439622469,0.014076575033507536,200.0,2.9031240344047546,0.25536486000579056,1.0
Health-ClosedIssues0004,10000,0.5876087249201083,0.0310685246402698,30,0.5352146744728088,0.02949538129101995,3,0.5790654968486995,0.028350218361302817,50,0.8081219911575317,0.10956028414054884,3,0.5616053358429385,0.021034501422845762,100,1.6539684176445006,0.17787792130581329,2,0.5445682257047265,0.015043023958145945,200.0,4.118770742416382,0.3775279098391766,2.0,0.28907308357893563,0.013715261469489353,30,0.5201995015144348,0.046970418469223764,1,0.281378644110092,0.01323408298385011,50,0.6793420195579529,0.024366733410815085,1,0.27574795071456665,0.011171847947846631,100.0,1.2941222190856934,0.10404091270298559,1.0,0.2701405479566527,0.008282556658311829,200.0,2.888303518295288,0.4030921824343331,1.0
Health-ClosedIssues0005,10000,0.4282606309612974,0.0027527635920085634,30,0.6273374438285828,0.043480654785628084,3,0.4276541905913792,0.002735583626426669,50,1.2225724577903747,0.010301697960512087,3,0.4221221602324164,0.010910733430147401,100,1.6662638545036317,0.1732602456722099,2,0.4187227909211398,0.011600714978161043,200.0,3.86499764919281,0.258171370918078,2.0,0.23963652542533792,0.00560308600047907,30,0.46207101345062257,0.004188953279641858,1,0.23773768448416233,0.006063123185267113,50,0.7729224801063538,0.006164019087798756,1,0.2348813173216099,0.005916095448798477,100.0,1.221082079410553,0.13844276165422506,1.0,0.23325181954915086,0.005937068080963881,200.0,2.3525110363960264,0.18247871147817912,1.0
Health-ClosedIssues0006,10000,0.5688747509308671,0.03279253123563739,30,0.5692942380905152,0.03586955581218813,3,0.5582717207844997,0.023831084000520357,50,1.025911271572113,0.059117384083589394,3,0.5287743799938583,0.03730174671519318,100,1.6506444811820984,0.17077282816270933,2,0.4980529977310299,0.04420689793216065,200.0,3.784537208080292,0.254820323072144,2.0,0.11902278273763471,0.019019935914306643,30,0.4722696185112,0.003964605841140416,1,0.10984707295424748,0.01258956146418733,50,0.8884963274002076,0.04128071346662578,1,0.09989918227042045,0.01436673836221471,100.0,1.335849368572235,0.19342358797529985,1.0,0.09416393394163533,0.014249709615193087,200.0,2.417663836479187,0.45556006121465187,1.0
Health-ClosedIssues0007,10000,0.5196340067032178,0.05158951867504346,30,0.5708284258842469,0.037574817870685936,3,0.5059868029052188,0.0463882423468707,50,0.8827678322792053,0.11383549542912084,3,0.4780071086953542,0.039119014705123904,100,1.8114818692207337,0.2420681714626349,2,0.44544159932130223,0.01667490792925468,200.0,5.110261523723603,0.32755448576740287,1.0,0.5175254478472487,0.08315186342264237,30,0.5869518876075744,0.010958659270798586,3,0.46241660459046746,0.10943669388164183,50,0.9280233025550843,0.07341827273634272,1,0.4301383027477014,0.1183462359328965,100.0,1.2027405023574829,0.25617700679331584,1.0,0.4230171822711718,0.12154241584092534,200.0,1.9760562419891357,0.7343849043041984,1.0
Health-ClosedIssues0008,10000,0.34454118252004556,0.011373581925684318,30,0.5559445738792419,0.035101524959706996,3,0.3394945162464962,0.009067644057475012,50,1.2072187423706056,0.04024954338107375,3,0.3328312367801059,0.004461753282914461,100,1.9833566188812255,0.044095980245149456,2,0.3232542556995409,0.010987738672953365,200.0,4.101150691509247,0.33015079337912095,2.0,0.2747541228279948,0.02515230312723741,30,0.5517386078834534,0.02722982570728172,1,0.25906738042694866,0.018083218096511255,50,0.5197948217391968,0.010994808995070422,1,0.24900553215621488,0.01595718635762181,100.0,1.5030404210090638,0.11979671152754671,1.0,0.24409908782874346,0.01329856102660735,200.0,4.3135711312294,0.47232787983440727,1.0
Health-ClosedIssues0009,10000,0.4778519148820857,0.0937671217103939,30,0.6045840978622437,0.043938240070952164,3,0.438831398299062,0.07324394510447067,50,1.215341901779175,0.014412624914574752,3,0.4163892957041412,0.04784968075677726,100,2.8907687425613404,0.0930099893571237,2,0.3833099238105831,0.03355491946726685,200.0,6.5762410998344425,0.14823255699698135,2.0,0.3254036295151357,0.07532139650285374,30,0.3083476543426514,0.002157789582643529,1,0.28438663272042985,0.060664337438611604,50,0.9975992202758789,0.04228364802193406,1,0.25116207850909367,0.015603958276607077,100.0,0.9899099111557007,0.16277053491081872,1.0,0.24511884421027225,0.007781540656928413,200.0,1.4695609927177429,0.5329344678139737,1.0
Health-ClosedIssues0010,10000,0.4446346755757255,0.029835754576523862,30,0.5621203541755676,0.0460867044311678,1,0.4391114950300688,0.027095665328385036,50,1.1286763429641724,0.009954602660015232,1,0.4188801636614533,0.022631506540103923,100,2.8814393639564515,0.0937818565126035,1,0.40276935754426396,0.012325118340209858,200.0,6.423616337776184,0.08870927064770398,1.0,0.4856254987124692,0.00829915264253748,30,0.5842599987983703,0.011948828480001932,3,0.4823334239448619,0.008974322067893989,50,0.9431380510330201,0.011149725447544384,3,0.47416154379257225,0.011639354872739344,100.0,1.0034124612808228,0.03511106640457472,2.0,0.4701170828880993,0.010697261118567957,200.0,4.3864482045173645,0.24620456423475184,2.0
Health-ClosedIssues0011,10000,0.16324547118966679,0.026783718238958906,30,0.5870454430580139,0.03969050368863426,3,0.1623397178870258,0.02651378269833864,50,1.4368281841278077,0.01484266876491254,3,0.155037694370802,0.03243262282806059,100,1.7982817888259888,0.04250940455274528,3,0.1380141680323578,0.040362359595853894,200.0,6.793351840972901,0.09127485579205295,2.0,0.054727421319181756,0.050532824943200355,30,0.4026386022567749,0.003580906301742123,1,0.029064098094686103,0.03864778765177889,50,0.7842666983604432,0.025078544849425732,1,0.010343415230766585,0.014615204817448848,100.0,2.0194377064704896,0.05281406498625237,1.0,0.008612117120917778,0.014421478627102411,200.0,3.7792304039001463,0.12449893934110476,1.0
Health-ClosedPRs0000,10000,0.0,0.0,30,0.4677610397338867,0.009712533039517421,1,0.0,0.0,50,0.8122807383537293,0.010005006767919506,1,0.0,0.0,100,2.023205578327179,0.0710376227007621,1,0.0,0.0,200.0,5.066832053661346,0.15664601906698827,1.0,0.0,0.0,30,0.34649966955184935,0.004888445840987482,1,0.0,0.0,50,0.6437401413917542,0.01053043811830232,1,0.0,0.0,100.0,1.1463876247406006,0.009514950998465272,1.0,0.0,0.0,200.0,2.349835216999054,0.010122661381812868,1.0
Health-ClosedPRs0002,10000,0.551618925807876,0.00010547081133442772,30,0.5984723329544067,0.05203920631120033,3,0.5516025802413138,0.00010038539005945228,50,1.1512587070465088,0.022083230712236494,3,0.5515172676742182,0.0001263976306386548,100,2.5089233756065368,0.08905561490289429,2,0.5514380156674724,0.00011504033008602343,200.0,6.176023817062378,0.1646836441289273,2.0,0.02112422895040175,1.9059202359400131e-16,30,0.47042858600616455,0.01354465217131605,1,0.02112422895040175,1.9059202359400131e-16,50,0.7562434077262878,0.010684092003275488,1,0.02112422895040175,1.9059202359400131e-16,100.0,1.7376758933067322,0.04633218780725769,1.0,0.020968427541655902,0.00047965401413825853,200.0,3.219956159591675,0.1488026012779558,1.0
Health-ClosedPRs0003,10000,0.42149013315288225,0.020327000668255223,30,0.5032273173332215,0.03302493431132005,3,0.4138077876314906,0.02786085065858322,50,1.0212213397026062,0.05965069182029719,3,0.4060180512362758,0.029473765323150092,100,2.2643900752067565,0.12650945217472925,3,0.380109225181521,0.0653360752306332,200.0,5.388692140579224,0.32694190650880584,2.0,0.08306859963433172,9.550018837741373e-05,30,0.48908478021621704,0.01103976723850422,1,0.08306693634065913,9.611443445091022e-05,50,0.939457106590271,0.029258050820893274,1,0.08305814450018256,9.843453414945946e-05,100.0,1.531432294845581,0.15428269880405535,1.0,0.08283068598298962,0.00046615598212556566,200.0,3.0804282903671263,0.35833317018860383,1.0
Health-ClosedPRs0004,10000,0.1178105694846735,0.0019672101999493163,30,0.5433617830276489,0.037823190467801235,1,0.11744694645884753,0.0018371799617209472,50,0.878281044960022,0.00711721107782115,1,0.11590927933324509,0.002233271316731229,100,2.199527955055237,0.16225497408642559,1,0.11424508919084184,0.0022220503527792283,200.0,5.746536588668823,0.33178448943335576,1.0,0.36125547571242833,0.11766463671691983,30,0.3000466346740723,0.003845440847856424,3,0.30841546353214944,0.07845471105566078,50,0.5375490665435791,0.030028786249803895,2,0.2855231606655969,0.00967016007915782,100.0,1.5786893367767334,0.20317383293208174,2.0,0.2825180002112452,0.007156826552906758,200.0,2.9257997989654543,0.5645369059417271,2.0
Health-ClosedPRs0005,10000,0.4804632851638663,0.025366037282239483,30,0.6802088856697083,0.04417308671243267,3,0.4801405132326904,0.025282597263579953,50,1.0518090724945068,0.014153538710456487,3,0.4699176686696401,0.04311383970619782,100,2.0784619569778444,0.04867397565303201,3,0.4510204203411529,0.05928559134994277,200.0,5.609714412689209,0.32248450158874986,2.0,0.0014885966640536266,0.0040904737959492465,30,0.4660868883132935,0.007802821622303301,1,0.0009985947199816986,0.004048019995260112,50,0.5116507053375244,0.014915121171803908,1,0.00048470205818784966,0.0019299222695123072,100.0,1.523836040496826,0.17546498930117962,1.0,0.00021983375820131814,0.0007688229524572989,200.0,2.810558795928955,0.3129215048250524,1.0
Health-ClosedPRs0006,10000,0.5078503600614279,0.043545652710954695,30,0.5276223421096802,0.034901070205171816,3,0.49224411549963365,0.048334048548220904,50,1.1707672715187072,0.01422642866418487,3,0.46674276641061957,0.0330360797241705,100,1.9880208492279052,0.06885331439101953,2,0.44875461804285033,0.022914832468564197,200.0,5.819071519374847,0.26908548780978564,2.0,0.22557134175029595,0.18348609493632492,30,0.46990797519683836,0.00815834326545993,1,0.1533517807020865,0.15387797352977728,50,0.7054710388183594,0.037501135380351346,1,0.10885007978875234,0.1389296468510617,100.0,1.2677817702293397,0.12935672835083112,1.0,0.09628755025836784,0.14232728535189432,200.0,3.3672889113426208,0.4421188185265602,1.0
Health-ClosedPRs0007,10000,0.5591028266796878,0.1186109967314939,30,0.6351800084114074,0.04303908171410077,3,0.5264602426098535,0.134387340094304,50,0.9264420390129089,0.01258334612816238,3,0.47189338701845907,0.1687854164687941,100,2.194173741340637,0.11331244541330918,3,0.34646505825517665,0.14970283714130952,200.0,4.886265909671783,0.1015526289593686,2.0,0.10743599303539324,0.10106441012046591,30,0.5471264481544494,0.008934037283369901,1,0.0436466419533104,0.044130473180707626,50,0.49677534103393556,0.010210343230989006,1,0.02276945441228031,0.015388945091917036,100.0,3.311468207836151,0.2547194874295752,1.0,0.01932872842885251,0.013905538527351788,200.0,3.4005688309669493,0.40038780575803257,1.0
Health-ClosedPRs0008,10000,0.18253508688158365,0.00028514743010002577,30,0.5275827169418335,0.03974346859720507,1,0.1822551718884987,0.0004021162680395523,50,0.9934776663780213,0.014781991875638782,1,0.181939479998089,0.0004142834313258787,100,2.019154405593872,0.05355254810555231,1,0.18161254220529027,0.0004185736152067485,200.0,5.839533364772796,0.40949649810177163,1.0,0.5576964136362242,0.12627331232457079,30,0.30874587297439576,0.004923288466971367,3,0.4507049359345726,0.17394344733742115,50,0.523919141292572,0.041166032643355575,2,0.41551516594012694,0.19070314132406876,100.0,0.8853743314743042,0.22077849031838748,2.0,0.4139035651532866,0.19156863527327325,200.0,2.4730019211769103,1.1422557951300678,2.0
Health-ClosedPRs0009,10000,0.29683987278404994,0.0053300877125620535,30,0.6814938426017761,0.03987961220212283,1,0.29553632943662445,0.006438692358716034,50,0.9034361720085144,0.007303854442241775,1,0.2914966527267665,0.008243076872076715,100,1.667624831199646,0.04801190983558194,1,0.27831679272696064,0.01730992680308681,200.0,5.286033570766449,0.35266374121455113,1.0,0.5855812691741719,0.139434069840827,30,0.32018495798110963,0.004663338685126694,2,0.5308717370911491,0.16271748261077654,50,0.7274855136871338,0.07021881223611702,2,0.4850391701888855,0.17486939197552107,100.0,1.2872346758842468,0.17402231297027676,2.0,0.4810666145335879,0.17655447388116743,200.0,2.339808797836304,0.5457193294440273,2.0
Health-ClosedPRs0010,10000,0.4305991690924767,0.015584285084742843,30,0.5009183883666992,0.03490831390519696,4,0.41954548051813123,0.026725118891064666,50,1.1532632112503052,0.020660269916503382,4,0.40900606556961366,0.025869011538295468,100,2.031173014640808,0.07628180284213652,3,0.3957125832859477,0.022776632507985065,200.0,5.037536263465881,0.25887899358562527,3.0,0.36398041623889565,0.13597995634200835,30,0.4071220397949219,0.0054274977430695225,2,0.326472973056087,0.13322522860351765,50,0.6599358081817627,0.03468860968301057,1,0.294569167761235,0.11544673483245267,100.0,0.958400285243988,0.1096047920840588,1.0,0.27184337681707654,0.10128558175406059,200.0,2.573913264274597,0.4592781897225819,1.0
Health-ClosedPRs0011,10000,0.561283029411525,0.0009287456785407966,30,0.5987987160682678,0.04034695565495552,2,0.5610768494796154,0.0011710208270071555,50,0.8898227453231812,0.012212635632513555,2,0.560585127184884,0.002175618849434517,100,2.1196940183639525,0.07520079199326145,2,0.559623298134609,0.005224689982714354,200.0,5.16629159450531,0.2772275396906077,2.0,0.0,0.0,30,0.39955190420150755,0.00528019731175252,1,0.0,0.0,50,0.667655861377716,0.008183934121452003,1,0.0,0.0,100.0,1.3363574028015137,0.014617375905288846,1.0,0.0,0.0,200.0,3.593744623661041,0.18335815907904854,1.0
Health-Commits0000,10000,0.07067847610363312,0.0032326354937920227,30,0.49902341365814207,0.03706978521156802,1,0.06923316174185089,0.003105587100210978,50,1.0170420289039612,0.05067811904061772,1,0.06626834261102356,0.003550962530308761,100,1.9655399441719055,0.05757425237344638,1,0.06136498749018728,0.005009378782484462,200.0,2.5668347597122194,0.4080035145625416,1.0,0.17019238556494468,0.06337471026556862,30,0.46382339000701905,0.003996519295391594,2,0.15915321296579843,0.05639204126947618,50,0.7400190472602844,0.013816652230993057,2,0.14932119734776061,0.06102243984208811,100.0,1.3213041782379151,0.08721442548218393,2.0,0.14568263438256965,0.06052661430016248,200.0,2.5513930201530455,0.3734482794393718,2.0
Health-Commits0001,10000,0.21529653762973666,0.0035879218808902865,30,0.5052082419395447,0.03730032176444512,4,0.212802298061673,0.003209024223836554,50,1.1751093506813048,0.12632091511625548,3,0.21066702315261515,0.003655532375585019,100,1.8707061052322387,0.0491609084178302,3,0.20625895566954208,0.004308547899465861,200.0,4.6149519920349125,0.37028468559960187,2.0,0.16496231242538753,2.150984823944601e-05,30,0.4549585223197937,0.003979832815802519,1,0.16461133773401088,0.0010553807090559575,50,0.5514799952507019,0.006650237317852451,1,0.16458801189401032,0.001119241463482195,100.0,1.020308291912079,0.03604790321898038,1.0,0.1645795384544153,0.0011194678076791329,200.0,2.3285526633262634,0.28830017180083545,1.0
Health-Commits0002,10000,0.1274621988365549,0.008071177870376617,30,0.56952805519104,0.041673287038985526,1,0.12088777987365032,0.020398273973580065,50,0.9761886835098267,0.02785535089650108,1,0.11906338889827324,0.020120382705360162,100,1.8302000164985657,0.23927955526939726,1,0.11512816400203925,0.019678978362714983,200.0,4.165706849098205,0.38905047526994657,1.0,0.4776509133659953,0.07615985575983444,30,0.29866847991943357,0.004580888516926551,3,0.4590704961816165,0.09027058791003202,50,0.5305930852890015,0.024816472162437916,3,0.4008791701307864,0.12425127202762289,100.0,0.982473886013031,0.09200311283444176,2.0,0.33276368636787124,0.13795684115807394,200.0,1.4389159440994264,0.4320075503006589,2.0
Health-Commits0003,10000,0.37797373529319545,0.058761068959768535,30,0.534730339050293,0.02904224596272896,3,0.35139189469184967,0.057638172068731126,50,0.6902089357376099,0.01393802288657007,2,0.30798172527230466,0.035412623123155074,100,1.6865968346595763,0.18449529245071294,1,0.2801284185080687,0.02197061404235528,200.0,5.11625429391861,0.28269750545704453,1.0,0.3494359881619529,0.04202698480502926,30,0.3025655150413513,0.002547747129272863,2,0.32908802082510136,0.045024321320022646,50,0.7887949466705322,0.02021963386078806,2,0.3061463183717793,0.05375916649663952,100.0,1.4854283690452577,0.20009426253392698,1.0,0.28965500109020037,0.05717700034542899,200.0,1.532661497592926,0.3909555801158654,1.0
Health-Commits0004,10000,0.4567485054877481,0.07873769278614373,30,0.41011111736297606,0.03304847689726835,3,0.42975618757217565,0.06389874359241018,50,0.6578300476074219,0.020637897779434124,3,0.4031431542077386,0.053383475400008554,100,1.5767496943473815,0.04747649879982177,2,0.3829674524266643,0.04148032364894953,200.0,2.5666035771369935,0.3299443962647408,2.0,0.22460184275750344,0.0033935987360933606,30,0.4246274471282959,0.008502098626327313,1,0.22017930273334688,0.009633185481665389,50,0.4898570656776428,0.02196348998675245,1,0.2181715672322952,0.010478871196585112,100.0,1.2421025395393372,0.23884679050410484,1.0,0.21640023695465813,0.011682953100507192,200.0,2.995241606235504,0.6101852181308866,1.0
Health-Commits0005,10000,0.4991264259304412,0.013369352085770956,30,0.37657374143600464,0.027965233882690576,3,0.494751079055438,0.007634522441489905,50,0.6637162208557129,0.02306354422906873,3,0.48648728645974704,0.006948201010472298,100,1.6972504019737245,0.20563662063647922,2,0.4813072321040407,0.006938313102861812,200.0,3.561539041996002,0.33491996824184916,2.0,0.20576694471885154,0.0247645194151659,30,0.31463404893875124,0.0030906777307793377,1,0.1944819146758576,0.02446348987674934,50,0.5193217635154724,0.003920142439297934,1,0.18303140283810893,0.026074750993425825,100.0,1.0573839664459228,0.05609746020327474,1.0,0.17752703155629562,0.024201864282403854,200.0,2.4734131574630736,0.24569093061768923,1.0
Health-Commits0006,10000,0.44640484596133634,0.04340479697478419,30,0.3823917269706726,0.03244918008991696,3,0.4445470944710184,0.04274775083847229,50,0.6651100397109986,0.02211698645673837,3,0.4262117613618627,0.05933717410068363,100,1.4707842111587524,0.048536508877962854,3,0.3917596919171903,0.06985987691933564,200.0,2.906553494930267,0.2997761720125817,2.0,0.28440080211303725,0.026140331893990235,30,0.31587847471237185,0.007772255756505773,1,0.2701941210966686,0.03233426657018998,50,0.4883693218231201,0.052386540056994516,1,0.2600385803981879,0.03305103578466362,100.0,1.198129904270172,0.2661271801558045,1.0,0.25274249816350436,0.03242040316049632,200.0,2.7770449995994566,0.8733487077845914,1.0
Health-Commits0007,10000,0.4339195431304178,0.09629175272806098,30,0.3765708327293396,0.03200333848417447,3,0.4115902625116189,0.08256021353269993,50,0.7047147274017334,0.008816250393747664,3,0.3787989896746089,0.05162265509164061,100,2.6018752694129943,0.051705196055794614,2,0.354964944156128,0.03505476045236043,200.0,3.8070785880088804,0.31670456358576865,2.0,0.2016037318926967,0.026359451005439048,30,0.3120866060256958,0.0017344977906114546,1,0.19761766254080604,0.027526784436807707,50,0.9791999816894531,0.05619781246782147,1,0.18537263892820804,0.0260581084744448,100.0,0.9808330655097961,0.05105558638051283,1.0,0.17799935850683474,0.02455747147176098,200.0,1.8934942841529847,0.2545610353280103,1.0
Health-Commits0008,10000,0.534776108515547,0.05412160276275847,30,0.530604076385498,0.03863969451354136,3,0.5206125950109437,0.05015713283935039,50,0.7468769311904907,0.02337141868402975,3,0.4957479393747982,0.03296185392698219,100,1.4859448671340942,0.05262752854590718,2,0.4740387379032643,0.038762418991102804,200.0,2.7410596370697022,0.33971507491473557,2.0,0.3664522893550763,0.033229148147520114,30,0.3030000805854797,0.003246185022038081,1,0.3444769457689582,0.042400071704566736,50,0.5230636477470398,0.031123206237453606,1,0.3313046775013946,0.04374833889067945,100.0,0.9398550391197205,0.11547152403102288,1.0,0.3184044074689435,0.041202338239389145,200.0,1.403092896938324,0.4042564966761775,1.0
Health-Commits0009,10000,0.5466492173850999,0.037517898564983276,30,0.38283601999282835,0.03394473969660747,3,0.52987102654101,0.038565455665316634,50,0.7414909720420837,0.01862222119400644,3,0.5066889924266171,0.029251701480723417,100,2.2190146684646606,0.13556145595148367,2,0.4860564926938843,0.008456614529458548,200.0,5.824881708621978,0.35944169996352127,2.0,0.13704508851471453,0.008234634109645964,30,0.559257197380066,0.004235419606132559,1,0.13465744858259365,0.008516719955308897,50,0.5034944176673889,0.01581997592686401,1,0.1321664244223698,0.009111315824838071,100.0,1.4961316585540771,0.12575097477952968,1.0,0.12852862125496187,0.009227421380728101,200.0,1.6268143892288207,0.2913602989962347,1.0
Health-Commits0010,10000,0.4436596932464747,0.022116633095013497,30,0.5792801260948182,0.04443338428666139,3,0.4376265478320295,0.015313618768140904,50,0.6572245359420776,0.019783510101044254,3,0.4267110976728656,0.01247161249346991,100,1.4522170901298523,0.03781450382725906,2,0.4166958208617757,0.01211147458824338,200.0,6.34710910320282,0.1652625370050354,2.0,0.29721975925386374,0.01724580322755924,30,0.4409435987472534,0.00582331429839353,1,0.2925061545428026,0.016410364356402994,50,0.8551729559898377,0.05396921511004148,1,0.28599970416320275,0.01571520896862741,100.0,1.240376055240631,0.173962879971582,1.0,0.27820717176613863,0.013785696834233007,200.0,3.861059617996216,0.04003460334099654,1.0
Health-Commits0011,10000,0.5660110611086707,0.012771104038082206,30,0.5463843822479248,0.037234879350165166,4,0.564691459877939,0.0137258700719278,50,0.7267006635665894,0.027146926906008582,4,0.5560943642006528,0.018879035518292113,100,1.99859060049057,0.1853862708686116,3,0.5380183179916834,0.01801543308554794,200.0,2.740922689437866,0.3104466171158462,2.0,0.045710511946630686,0.060989078182830045,30,0.30682973861694335,0.003311791792044737,1,0.025122900894642447,0.043815799493095914,50,0.7664007306098938,0.032557338380619236,1,0.013442886710157375,0.035378422559543356,100.0,1.2660699963569642,0.17241089004763313,1.0,0.01280114715334148,0.035521179387852556,200.0,2.587787628173828,0.24566938149098394,1.0
LLVM,1024,0.10207183849633414,0.020280747694533637,30,0.2011632919311523,0.022221855398739797,1,0.08821203872457518,0.011461523136512462,50,0.4914110779762268,0.035143456058888654,1,0.07845468055183134,0.006047932578016602,100,1.0886648774147034,0.1488682746342948,1,0.07451090248701536,0.0055312502942788735,200.0,3.231625771522522,0.34723185500575027,1.0,0.08724271729242515,0.08311871309505724,30,0.0888158559799194,0.011762617497090497,1,0.08684892764244426,0.08333393762026181,50,0.10837683677673338,0.01622821099715742,1,0.08432024634248222,0.08419616130392439,100.0,0.0968703746795654,0.013069708042347873,1.0,0.08292300727513642,0.08270229229517777,200.0,0.077540111541748,0.010488842060635134,1.0
SQL_AllMeasurements,4653,0.3456242226676882,0.03587821364618983,30,0.564399266242981,0.0418873076670644,4,0.3155741692254331,0.024647694533649622,50,1.1731654167175294,0.06778129437170052,3,0.2754718567160238,0.03551895050384176,100,4.013351333141327,0.07589850154469373,2,0.2333691066965649,0.02629755707318433,200.0,10.412706065177918,0.3931213705735724,1.0,0.30378800152905494,0.03429022655061545,30,0.13727984428405757,0.007987348813701006,2,0.2926306325927931,0.042848430970379305,50,0.19808282852172848,0.035950506479645476,2,0.2913850443838787,0.043279180152405575,100.0,0.1461544871330261,0.03083421106202011,2.0,0.29003777252235213,0.04215834259023864,200.0,0.213578450679779,0.04486656481898777,2.0
SS-A,1343,0.1342592755064584,0.010402333545510069,30,0.2571387529373169,0.017241924835783434,1,0.13395006518875638,0.010397375834511557,50,0.8827475905418396,0.004660663811721027,1,0.1266739348886414,0.0031729783372318296,100,1.0848524212837218,0.0501800825433191,1,0.12604362242255013,0.0027664038379904407,200.0,8.063601791858673,0.1660858757906211,1.0,0.20791272999885146,0.21106201676423203,30,0.28525055646896363,0.014116901873923655,1,0.13828896390928028,0.1644570000236387,50,0.5179955959320068,0.09245645322839716,1,0.09364485040799375,0.1263278553890467,100.0,0.38140482902526857,0.11938375110782354,1.0,0.08224372084281623,0.13001267517492068,200.0,0.6716776847839355,0.3085292171098758,1.0
SS-B,206,0.07897997670720797,0.015437420710048298,30,0.338641083240509,0.012252765330729524,1,0.07392740721686127,0.005431338140289958,50,0.6450972318649292,0.014811550676546303,1,0.07186490103318612,0.0037917530062734953,100,1.979682743549347,0.04824662162120394,1,0.07069436273996844,0.001752956533618406,200.0,4.276250207424164,0.15772487561938375,1.0,0.1642963253459615,0.07486366440403745,30,0.24277054071426388,0.02684043007412803,3,0.1477547496581419,0.03309930871153988,50,0.3728524804115295,0.06547388224603291,2,0.14074529823304904,0.004695592874377442,100.0,0.3674253344535828,0.08101468564568114,2.0,0.14055136168281696,0.004416595865941177,200.0,0.27351127862930297,0.06150861006283956,2.0
SS-C,1512,0.11502377674884119,0.016867072234455275,30,0.38764033317565916,0.0104661692561704,1,0.11091530107848699,0.016135135709836518,50,0.7873246192932128,0.009817947806467187,1,0.1044797070746609,0.005865671930125055,100,1.1606614351272584,0.1427451642943942,1,0.10213945449009451,0.00565774466318018,200.0,3.498544704914093,0.2088638752994262,1.0,0.1892135256617813,0.18247487360684114,30,0.19138047695159907,0.011649544978992217,2,0.12673770657767305,0.13415986230000929,50,0.2527116060256958,0.046431375829837,1,0.12532443133098567,0.1344575440928097,100.0,0.5559846878051757,0.20146926253355327,1.0,0.09474159019336043,0.006019850020593988,200.0,0.4791535496711731,0.3106696940423992,1.0
SS-D,196,0.4482140992885849,0.05058808885149846,30,0.3738629102706909,0.012584425485496145,2,0.4382617605159572,0.04668152943900887,50,0.6326417565345764,0.011723683263397943,2,0.4081610319120941,0.01347495501092616,100,1.3918283462524415,0.04672697319022737,1,0.4057164483288219,0.007639334849611068,200.0,3.522453474998474,0.21121309566458876,1.0,0.43819332914328096,0.02609791317372287,30,0.268330442905426,0.008070212186577774,2,0.4298921085876328,0.031365263518976866,50,0.43746224641799925,0.02005844515455235,2,0.4227935493699168,0.03350234202478282,100.0,0.9859947443008423,0.05150292557292022,1.0,0.4226485223276845,0.03365981518354713,200.0,1.1347895622253419,0.16825560134383957,1.0
SS-E,756,0.5432523281750139,0.14056673188934626,30,0.29134607315063477,0.022424955511966792,3,0.47001580641209123,0.10016478157488706,50,0.6174376487731934,0.012279423592839926,3,0.3928816538743008,0.032089194262207466,100,1.5496447443962098,0.12562675848909427,2,0.37192384133917544,0.011909365630047783,200.0,3.3721601486206056,0.12621202794364997,2.0,0.15953507007834597,0.014058305679611914,30,0.31828410625457765,0.01080210487455671,1,0.1533634004962249,0.007404003216726883,50,0.4133306384086609,0.029121835407513216,1,0.1505240129096112,0.003430967691338548,100.0,0.9478476166725158,0.07361229666314231,1.0,0.15001959251797417,0.003049737502506603,200.0,1.6817307710647582,0.11125958158919025,1.0
SS-F,196,0.38060489274142706,0.04950810823759248,30,0.3301175832748413,0.00973526172471474,1,0.3652417162219247,0.04524025422786227,50,0.7877581357955933,0.007888730474006287,1,0.3492642739731868,0.037029654304048365,100,1.405999732017517,0.047552251443682754,1,0.3330964921373567,0.008787694338266483,200.0,3.315700078010559,0.08482476774874206,1.0,0.44322289800336295,0.017056578541643334,30,0.27669516801834104,0.006971620393232812,2,0.44243376218104424,0.018581903757298818,50,0.33353534936904905,0.020969338597274238,2,0.44105009644041154,0.019283624956624917,100.0,0.6419357419013977,0.0754614425428181,2.0,0.44061532765133116,0.020416750814901123,200.0,1.6579102158546448,0.3027251436058966,2.0
SS-G,196,0.3492112262875958,0.053163977436629276,30,0.33676120042800906,0.008464610382239869,1,0.333360584460618,0.045649556736916445,50,0.774238669872284,0.013208720732504139,1,0.3093047821168405,0.028801763920844166,100,1.195554518699646,0.1535298271629707,1,0.2975155628482107,0.005680242743792103,200.0,3.176652991771698,0.1261188747037387,1.0,0.4440734734689983,0.013614251840541405,30,0.30075708627700803,0.009004002660428924,2,0.4424709282456881,0.01614074136842018,50,0.6029233336448669,0.02906654041510681,2,0.44209681651098565,0.01724340609157805,100.0,1.1463033437728882,0.060367155748799306,2.0,0.44161470774356804,0.018693483545886073,200.0,2.227419376373291,0.16942875211697112,2.0
SS-H,259,0.03943994729739005,0.004654442499932355,30,0.36207692623138427,0.01248390077266245,1,0.03654655617783477,0.0019095310425338242,50,0.7870354294776917,0.10056576357244751,1,0.03555427572979818,0.0006458532629632903,100,1.237980306148529,0.15099937088548754,1,0.035420888390223955,0.00045479069584839356,200.0,3.3166852831840514,0.11398975477604811,1.0,0.32257634336891294,0.15493580630018175,30,0.1760407447814941,0.01841084689416511,2,0.29078423064729136,0.08631777406838793,50,0.32495492696762085,0.06944758072470764,2,0.27212465164497207,0.06564886265917362,100.0,0.18940637111663813,0.04208032788921088,2.0,0.27212465164497207,0.06564886265917362,200.0,0.18620157241821284,0.04093531352999208,2.0
SS-I,1080,0.35239582421652804,0.11229965171991742,30,0.3739899158477783,0.021354119855041823,3,0.302606147882598,0.10407883463583495,50,0.883639907836914,0.008723716055826745,3,0.263632467403205,0.07679676113138753,100,1.0987494230270385,0.04616843133169384,2,0.24618567822764606,0.06596388026954672,200.0,3.3481989026069643,0.3545056561642957,2.0,0.05012624940174658,0.07533159448645532,30,0.21039954423904414,0.010866038515123898,1,0.04068945424189062,0.07305544288445909,50,0.4851135969161987,0.02296501536448714,1,0.03748678294183846,0.0736484160770869,100.0,0.6075603723526001,0.08837711271683585,1.0,0.03733066126650515,0.07370587403642387,200.0,1.027468490600586,0.2899624644187748,1.0
SS-J,3840,0.2635330695671511,0.2418252102372604,30,0.4360523819923401,0.04521217992295218,2,0.18102544697234255,0.20383430126459334,50,0.5201039671897888,0.027908486907054986,2,0.14301906244328794,0.19834659969570456,100,1.484088933467865,0.1808316312966032,1,0.13013298683885272,0.20079239807076216,200.0,4.663422167301178,0.26623667023647285,1.0,0.07450786084772068,0.0054740944298338505,30,0.2026346087455749,0.001466978877234141,1,0.07296568524747397,0.004342657964098993,50,0.3303364634513855,0.006467979507880438,1,0.07154650963676025,0.0046777852428067,100.0,0.9335926413536072,0.020485453118723043,1.0,0.07001029715655496,0.0038698955271814694,200.0,1.3492746591567992,0.025160794420986957,1.0
SS-K,2880,0.23706636175297696,0.07129251374539904,30,0.38524826765060427,0.013291373866131776,3,0.20736733889036968,0.029541029635353877,50,0.4884746551513672,0.022002661333080924,3,0.1862470054965314,0.017839364331410305,100,1.1292858004570008,0.04165995799456437,2,0.1697304291743433,0.006387305063023406,200.0,3.2905933976173403,0.2567875245489214,2.0,0.09533074642853541,0.03413111819880412,30,0.2851506948471069,0.0034113653662703348,1,0.08600837646569001,0.031095049863095466,50,0.4947499632835388,0.005793160871532379,1,0.08176501779677606,0.027230596699061926,100.0,0.740417230129242,0.041753520298020916,1.0,0.08072132405802487,0.027420706528604396,200.0,1.3461057782173156,0.007243178795923662,1.0
SS-N,53662,0.6230494191627792,0.04063110664736307,30,0.3909865260124207,0.03976107505419126,3,0.5982261451390432,0.04051562195570451,50,0.6371939182281494,0.039312780055835904,3,0.5657181404159619,0.04179530181310965,100,1.1889112830162047,0.16951421619253548,2,0.5280590790522195,0.037851513989997594,200.0,4.842557370662689,0.36296463002180995,2.0,0.15470570470680753,0.024857705706203253,30,0.30912964344024657,0.005484701232100375,1,0.13697574658624417,0.028314147901703054,50,0.5109193682670593,0.004154984189628188,1,0.12120919192093285,0.02258631970102293,100.0,0.9983429789543152,0.012142194845756174,1.0,0.1155667862095946,0.01733563653417125,200.0,1.9355695962905883,0.16600321019671072,1.0
SS-S,3840,0.6878082142017216,0.0035272519472776234,30,0.4023009896278381,0.02769023562336489,3,0.6865421675746749,0.0009294586613856599,50,0.8677551746368408,0.042232468996253714,2,0.6856580409105546,0.0006619403543759293,100,1.1339288234710694,0.038604676375207744,2,0.6852843838771338,0.0003430966586893907,200.0,2.668458569049835,0.2650175164318307,2.0,0.03722458885095921,0.027638454623768918,30,0.21147031784057613,0.006149599143434707,1,0.02792365752877572,0.027573617241456575,50,0.3614321112632751,0.0263282469592113,1,0.02789201229581826,0.027578231377773117,100.0,0.9059292078018188,0.21827583884921054,1.0,0.022717955319106885,0.021268233218471065,200.0,1.18394775390625,0.3590919247301662,1.0
SS-T,5184,0.2930640428479286,0.1473184759076381,30,0.46489070653915404,0.04180447465752289,2,0.21731923521962337,0.14879106623673113,50,1.1264511585235595,0.04572678305236469,2,0.10663938181915833,0.0766812964435564,100,2.1432101249694826,0.2244014865819077,1,0.07533113454476195,0.010599628585518966,200.0,3.286539590358734,0.3597553861297587,1.0,0.0836908470866879,0.0614380730442907,30,0.18187046051025385,0.011054459894334874,1,0.06607381016224585,0.032524049491989546,50,0.40149749517440797,0.056847423198649265,1,0.06361440796701023,0.03485695336011161,100.0,0.6256665229797364,0.11652706040729714,1.0,0.06303913898999866,0.03523970288220016,200.0,0.5727070212364197,0.15558002054456826,1.0
SS-V,6840,0.3003605036179716,0.05810015443698012,30,0.46819794178009033,0.01361789518075081,3,0.27920461698757926,0.06783739765922812,50,1.1340165376663207,0.041894030734507516,3,0.24872301501745991,0.0689809490441722,100,2.141711413860321,0.11189420557713932,2,0.1951753229311024,0.07395911719976031,200.0,6.621159684658051,0.07549404627928862,1.0,0.15414651771869162,0.07964201260242439,30,0.32612783908843995,0.02990151635797541,1,0.15189011887518042,0.08003945095870524,50,0.7915211319923401,0.05198604762098248,1,0.15118633825404892,0.08031615033454315,100.0,0.6874565482139587,0.08080110091131079,1.0,0.15086636891373945,0.08048173159446907,200.0,2.3974653363227842,0.216762742070495,1.0
SS-W,65536,0.314614508510905,0.04195162982436826,30,0.4360004305839539,0.057130491701060444,2,0.2975211243785972,0.030924467253421902,50,1.087689507007599,0.05944191329281176,2,0.267564391532193,0.020193487362494857,100,2.285738980770111,0.07814337480813284,1,0.23906298069335277,0.01651479383383211,200.0,8.973881554603576,0.1126110801149308,1.0,0.3422788903898169,0.03322763512770236,30,0.3285938024520874,0.0299217490213231,3,0.33629195668488715,0.031812914941431555,50,0.1922632217407226,0.024555477682656982,3,0.3269806414186843,0.03719388734752921,100.0,0.39036872386932375,0.060936842707819454,3.0,0.3257207667273182,0.037899370851116984,200.0,0.299708890914917,0.047491974749768295,3.0
SS-X,86058,0.09107477740083084,0.045855873875000355,30,0.5990373134613037,0.0172899502008359,1,0.08011816215663872,0.043908940050550786,50,0.9681552767753601,0.015164495554779821,1,0.04915909407676455,0.01823288156652901,100,1.4648390293121338,0.1237366874286288,1,0.02775310713832469,0.0033035952108994753,200.0,6.7471493005752565,0.17219511220113085,1.0,0.30240142116526025,0.09655735478510469,30,0.2174358963966369,0.004984541903841737,2,0.2679834581652095,0.08896665799906389,50,0.47829408645629884,0.05676263884025446,2,0.2565214366610399,0.08797263905282521,100.0,1.176229178905487,0.1937657814627883,2.0,0.25503961478431053,0.087599527780702,200.0,1.7398100018501281,0.593915999493499,2.0
coc1000,1000,0.5704590826616556,0.016766575323248906,30,1.1698456048965453,0.04359028273965828,3,0.5626448479044086,0.01674549550509561,50,1.622149395942688,0.05143477988981916,3,0.5434641962668465,0.013884061265213531,100,4.00415815114975,0.3447198905572158,2,0.523194211759838,0.017512974552449937,200.0,11.66532188653946,0.864440716763779,2.0,0.35071916421769145,0.012941794024843238,30,0.7117596745491028,0.014594369181685099,1,0.34069401171626446,0.011274905183520362,50,2.9823330521583555,0.0835814532022131,1,0.32815730586012215,0.013748105635934947,100.0,2.6291917681694033,0.23132074122799592,1.0,0.31606959746019625,0.015137030602370035,200.0,5.165818619728088,0.8719716910360339,1.0
dataset120,5160,0.17121804837319538,0.043558715619930924,30,5.608224010467529,0.2848631536325932,1,0.15107885205072696,0.0483790693064162,50,15.25173224210739,1.1696940434355476,1,0.09980137778887772,0.04087612989331744,100,54.076257944107056,2.2017828207996706,1,nan,nan,nan,nan,nan,nan,0.2844209906289532,0.039891018577083555,30,0.191592526435852,0.0016772109899904286,3,0.2611358547476776,0.03405597788997273,50,0.24805805683135987,0.0028275510771607624,3,0.23462550209186248,0.04254697284860257,100.0,0.5981421709060669,0.019534931366328053,2.0,0.19702611202114884,0.03315504675426941,200.0,1.1049420475959777,0.019454629133270066,1.0
dataset600,5160,0.2184340988056061,0.05942964051633921,30,5.6199790120124815,0.4446248183568248,2,0.1856378261648482,0.05242143086830267,50,15.187310004234314,1.1169025226746119,1,0.1302884102825279,0.041090119932632035,100,49.43802796602249,2.1509916313694895,1,nan,nan,nan,nan,nan,nan,0.2750188042038371,0.034072752690590465,30,0.1394891500473022,0.0018901533508518056,4,0.2459356461649805,0.03980588842658781,50,0.23543510437011714,0.002364721424795848,3,0.20708707449563674,0.037078821128871974,100.0,0.4868077039718628,0.005380635017250223,2.0,0.16868813946416494,0.03897779295420249,200.0,0.9461963057518006,0.009888217926622275,1.0
dconvert,6764,0.12511316016462437,0.05053288424880954,30,0.33876131772994994,0.007219827533398095,3,0.09508003778507207,0.02455142424907895,50,0.643929123878479,0.03621306403311122,2,0.07527363111946128,0.009548423064470627,100,1.6832770705223083,0.06726260014156245,2,0.06681950632080633,0.006477325049247991,200.0,5.9695383429527284,0.5120213906302342,2.0,0.01747476926664463,0.011198576744234521,30,0.1307533502578735,0.007417603271145817,1,0.015200540860228939,0.002802204978905305,50,0.17886068820953366,0.03039180854380434,1,0.01482933428932138,0.0031074926731264134,100.0,0.2627363920211792,0.06613254255713674,1.0,0.014787515184946181,0.0030626619723898387,200.0,0.3411950945854187,0.09313709377865151,1.0
deeparch,4096,0.13100705364027848,0.1439141615406375,30,0.2841650128364563,0.006917074453665744,2,0.060950919715893184,0.09786201943037617,50,0.5301778316497803,0.03591982408786048,1,0.014771440799946283,0.011383805361027054,100,1.7961255431175231,0.07198682103603472,1,0.01015644431464737,0.0011505586017756387,200.0,5.47590172290802,0.14358979299025412,1.0,0.027863807588287208,0.045041064553327445,30,0.09263876676559446,0.010996630044777175,1,0.019041883234952962,0.029469888506391324,50,0.11493207216262816,0.017981303434314103,1,0.01862420394376643,0.029679575952424195,100.0,0.09978697299957272,0.014601726037982439,1.0,0.01862420394376643,0.029679575952424195,200.0,0.11030226945877072,0.01598203869404357,1.0
javagc,166975,0.8885366238720845,0.035752728694437526,30,0.36929128170013426,0.07288716989984323,4,0.8572857619776446,0.07908905636760571,50,1.0409343719482422,0.18937010959834574,4,0.8032859297182517,0.1186234847172314,100,2.224416422843933,0.08139827506093558,3,0.7228369569026707,0.1523498915678563,200.0,12.667748141288758,0.29612915890114005,2.0,0.0008749200372416999,0.0005495299255380459,30,0.14654576778411862,0.014249997532980693,1,0.000718192361355245,0.0004057151909823574,50,0.2623612642288208,0.024406315734963723,1,0.000684135061589765,0.0004050982230673291,100.0,0.5651256918907166,0.10926695549956236,1.0,0.00067564618554307,0.00039371399792398164,200.0,0.9688746094703674,0.1402444774555475,1.0
pom3a,20000,0.5866027701841481,0.04603025082807977,30,0.5514714241027832,0.0219905894443082,3,0.5626516008207803,0.03666192243565951,50,0.8198970556259155,0.11088793949743324,3,0.5214096912715556,0.03924714040881405,100,1.7288012385368348,0.055613949897326764,2,0.4649088825089547,0.02760532824267528,200.0,5.928229129314422,0.370373125870046,2.0,0.1716927516377186,0.02391740200079729,30,0.4437871932983398,0.002537925307005068,1,0.16069350023081436,0.020890576757240906,50,0.7883581042289733,0.06135331732188515,1,0.13969763832255735,0.01576164017086675,100.0,1.2422260761260986,0.14186766188109756,1.0,0.12882351936804304,0.01782251826352675,200.0,3.4229961037635803,0.2573321155867059,1.0
pom3b,20000,0.5764427535545315,0.03131271695069629,30,0.8445691227912903,0.016775750982109407,3,0.5568931555096145,0.035312114256225956,50,0.82367924451828,0.1055203423287411,3,0.5173116681974449,0.014376694938851535,100,2.3125125050544737,0.16652572642477928,2,0.4905955152521847,0.014842746060691352,200.0,4.656789481639862,0.26983793832019776,2.0,0.181674065862978,0.018379345441815187,30,0.4253139615058899,0.004312810103264738,1,0.16097425295338844,0.017347074359401714,50,0.6517355561256408,0.0846950638666432,1,0.14783121331491678,0.020910087925257767,100.0,1.1211453557014466,0.02442264671023256,1.0,0.13847606290197834,0.020532755622470714,200.0,1.778176200389862,0.32329113998536807,1.0
pom3c,20000,0.48451951235924084,0.03395226409408371,30,0.5484086394309997,0.01839857549058446,3,0.4677147056125735,0.033170536285064105,50,0.9744756698608399,0.0811342893156183,3,0.41701662328328704,0.033740146302901924,100,2.4627577543258665,0.21884552535519075,2,0.37842130104117183,0.025460610377121558,200.0,4.8087055563926695,0.3826442907026809,2.0,0.3020037864063046,0.026057232051621918,30,0.4629756689071655,0.024397773546683862,1,0.2830790048471692,0.025073576676107216,50,0.9964879155158997,0.07334674505006199,1,0.2652395248484073,0.024628517535669366,100.0,1.526436412334442,0.13190467896039604,1.0,0.2554734428119256,0.022931918826859736,200.0,2.3434553861618044,0.18010594972146232,1.0
pom3d,500,0.645030020778864,0.024126539575651574,30,0.5791367411613464,0.026738150271311968,3,0.6366527402419584,0.021887681707976055,50,1.2645544052124023,0.041451426073909656,3,0.6055225921037646,0.021057293896122622,100,2.817523181438446,0.06134488278178157,2,0.5789032298666799,0.019589849187418868,200.0,4.660917592048645,0.3752909503151217,2.0,0.2006054118543709,0.021721815588591896,30,0.618312394618988,0.007860699979606638,1,0.19030423665379398,0.02421552331604404,50,0.5090574026107788,0.00213513519560602,1,0.16170150605469957,0.02144878191752044,100.0,1.908095932006836,0.004985883789657982,1.0,0.1478840073881241,0.016113860079961934,200.0,4.219353580474854,0.28160404933983535,1.0
redis,4400,0.39418456028991083,0.00986894458048903,30,0.3233965277671814,0.012216361102212234,1,0.3807028476809474,0.014722276785186516,50,0.6135755896568298,0.038124297106945065,1,0.36658950519529004,0.011028516372155916,100,0.9244099259376526,0.042768900182149606,1,0.34739995592205536,0.014254321773746402,200.0,4.864046359062195,0.05801455569076768,1.0,0.4724382595542999,0.02510778874901423,30,0.184548008441925,0.0017590606911519853,3,0.46007539903429684,0.026684667206893237,50,0.26700979471206665,0.015274804804170272,3,0.4406981349203904,0.025128387533042112,100.0,0.4943146824836731,0.003784396836343153,2.0,0.4221715154003217,0.02397158175214984,200.0,1.2666542053222656,0.01989011057033146,2.0
rs-6d-c3_obj1,3840,0.11304312462629713,0.04342005141123032,30,0.2971073746681213,0.00849991025838842,3,0.09942769467493288,0.006830856444877973,50,0.5538035988807678,0.008506870936488466,2,0.09375421032060598,0.004708627911594661,100,1.3614738821983337,0.05851538266812078,2,0.0922505983818569,0.004822787730153965,200.0,3.824694514274597,0.15457173480494493,2.0,0.008017699128735269,0.016748882617410088,30,0.19399069547653197,0.0014394079923631044,1,0.0063265592793760915,0.013242869418181927,50,0.27070131301879885,0.010746930791952882,1,0.006174052038409754,0.01323500440548977,100.0,0.541822862625122,0.06777801160252958,1.0,0.006098406162053218,0.013266995133525434,200.0,1.2778124451637267,0.22567734476356843,1.0
rs-6d-c3_obj2,3840,0.31072292151125896,0.31510553517849477,30,0.28028005361557007,0.0054695117179162644,2,0.21026298424671555,0.2595258362262129,50,0.49705411195755006,0.01326610792859908,2,0.18820934860310978,0.26551548879110626,100,0.7800573945045471,0.03685000141057081,2,0.1734491511726936,0.2668424024801616,200.0,3.6233478307724,0.201638521172761,2.0,0.0002666896090573353,0.000807092370308159,30,0.1327035069465637,0.0005490119279327617,1,0.00013462534250419735,0.0005867988931514853,50,0.3037330389022827,0.004995145864999764,1,nan,nan,nan,nan,nan,nan,nan,nan,nan,nan,nan,nan
sol-6d-c2-obj1,2866,0.6564045017274477,0.1718706790308004,30,0.27424585819244385,0.01212441907270892,3,0.5713603577960968,0.18297349422801665,50,0.5025744915008545,0.016047007596488746,3,0.4569869284486024,0.20747369736718638,100,1.231471061706543,0.0748308633301204,2,0.38381664434025653,0.198054475343263,200.0,3.2409969568252563,0.25226435856086044,2.0,0.014683528706560506,0.0007716130714760466,30,0.16441180706024167,0.0036124742882915136,1,0.0145982816014153,0.0006380913282502224,50,0.28810139894485476,0.002320509334502614,1,0.014520460886273415,0.0006418748539884013,100.0,0.34316856861114503,0.007043996660054066,1.0,0.014435508901996259,0.0006654428035046836,200.0,0.956806230545044,0.0265408863676469,1.0
storm,1557,0.1859137847682158,0.13656304061124283,30,0.35015072822570803,0.008611479084133157,3,0.10202702337735974,0.08439719319325147,50,0.6797194480895996,0.038548630339045126,2,0.04648220032394052,0.054581824971259116,100,1.85174058675766,0.07676390544943128,1,0.03276807197191682,0.04720252708856704,200.0,3.336588168144226,0.3253713475318716,1.0,0.00014055440450150609,0.00013597169794943328,30,0.1913966298103332,0.0013964761778937646,1,0.00013668750108547173,0.0001369250623527483,50,0.3187990427017212,0.00835572942668832,1,0.00012530895784568878,0.00013385684269743144,100.0,0.6502413988113404,0.006066646756108881,1.0,0.00012035250932631379,0.00013244906597013382,200.0,1.3219483852386475,0.01413202649392115,1.0
wc+rs-3d-c4-obj1,196,0.22898245624548727,0.08110340858837678,30,0.2042548298835754,0.019443652152252938,3,0.20978204148972196,0.003959099041823551,50,0.4117367029190063,0.013065765863312151,2,0.20964469673059663,0.003918292779039067,100,1.0832229256629944,0.05445420909497279,2,0.2091253981373072,0.0038846553346585724,200.0,2.510384213924408,0.15804058418804784,2.0,0.05168684417549065,0.0730767840770078,30,0.10313080549240108,0.007564786302500497,1,0.022730248006894625,0.032183956433295566,50,0.14813213348388668,0.024086183615547093,1,0.007814438386385139,0.015968819246130667,100.0,0.31879233121871947,0.10848261666282583,1.0,0.007814438386385139,0.015968819246130667,200.0,0.22006380558013916,0.13011442297915815,1.0
wc+sol-3d-c4-obj1,196,0.22581153943937654,0.08988933461859415,30,0.25916423797607424,0.008174682497031323,3,0.20478368498425897,0.03039913378679051,50,0.43594324588775635,0.014593412662443916,2,0.19385009203934517,0.009587683017023958,100,0.6803653240203857,0.04055871111855969,2,0.19385009203934517,0.009587683017023958,200.0,3.0519957661628725,0.07652340403804779,2.0,0.08872439004401998,0.1137027622838302,30,0.17575867176055904,0.005638475735669748,1,0.06292292625337481,0.10303572165039857,50,0.21227427721023556,0.02901653352275423,1,0.0525967017048475,0.10553777507640606,100.0,0.347398567199707,0.13063133493103715,1.0,0.04608220604331339,0.10651209528524688,200.0,0.4674718379974365,0.28817531862338447,1.0
wc+wc-3d-c4-obj1,196,0.27432399578382954,0.10062194892841818,30,0.181562066078186,0.017864625990947118,3,0.2523363391260141,0.06934815290393068,50,0.38342922925949097,0.014361814750669272,2,0.2370342212395607,0.005571910753069183,100,1.056145179271698,0.04091861179985748,2,0.2370342212395607,0.005571910753069183,200.0,2.332066261768341,0.07009889483483515,2.0,0.07275293505082271,0.08232744618698527,30,0.15357353687286374,0.007970280182141454,1,0.05397000897876921,0.0780915531978173,50,0.5107699394226074,0.09305825840205018,1,0.009114350283438086,0.02406165660683589,100.0,0.274685800075531,0.10065721762763422,1.0,0.0037172212337145045,0.0022061707641210233,200.0,0.3729520201683044,0.16929381630935808,1.0
wc-6d-c1-obj1,2880,0.12595296678790607,0.0361933254667684,30,0.3683587431907654,0.01062619544343154,2,0.11097188933801816,0.036726171163095116,50,0.5568909883499146,0.009397199840697847,2,0.0939431705119817,0.020898315102360062,100,1.2893569588661193,0.07237091630645982,1,0.0856849663823937,0.0026590930544410593,200.0,3.3455065369606016,0.12509198047151487,1.0,0.1054697445824494,0.06657767163097454,30,0.1403271079063415,0.0011886263323195713,2,0.09510886328267312,0.07289981062585725,50,0.2422736406326294,0.021763953634704344,1,nan,nan,nan,nan,nan,nan,nan,nan,nan,nan,nan,nan
x264,53662,0.2339298090057201,0.13984064735502535,30,0.26798306703567504,0.04306722694514563,2,0.2084162559041761,0.12902002035377763,50,0.5282127261161804,0.04934064814645392,2,0.1750261947385096,0.12787216696729442,100,1.5980036854743958,0.09307713617681537,1,0.13838341960457085,0.11521674516491072,200.0,7.434586238861084,0.23828914355226308,1.0,0.1887548076600573,0.029213841448116992,30,0.15172959566116329,0.0009745790248553262,2,0.17346573878242075,0.03082067908096772,50,0.22317098379135128,0.00182458787819679,1,0.1544372496122987,0.03024909462617695,100.0,0.47724491357803345,0.003404710419904292,1.0,0.1497589400165789,0.03237105178403624,200.0,1.009277582168579,0.014352426671276954,1.0
