Dataset,Rows,SPEA2-30_mean,SPEA2-30_std,SPEA2-30_budget,SPEA2-30_runtime_mean,SPEA2-30_runtime_std,SPEA2-30_tier,SPEA2-50_mean,SPEA2-50_std,SPEA2-50_budget,SPEA2-50_runtime_mean,SPEA2-50_runtime_std,SPEA2-50_tier,SPEA2-100_mean,SPEA2-100_std,SPEA2-100_budget,SPEA2-100_runtime_mean,SPEA2-100_runtime_std,SPEA2-100_tier,SPEA2-200_mean,SPEA2-200_std,SPEA2-200_budget,SPEA2-200_runtime_mean,SPEA2-200_runtime_std,SPEA2-200_tier,DE-30_mean,DE-30_std,DE-30_budget,DE-30_runtime_mean,DE-30_runtime_std,DE-30_tier,DE-50_mean,DE-50_std,DE-50_budget,DE-50_runtime_mean,DE-50_runtime_std,DE-50_tier,DE-100_mean,DE-100_std,DE-100_budget,DE-100_runtime_mean,DE-100_runtime_std,DE-100_tier,DE-200_mean,DE-200_std,DE-200_budget,DE-200_runtime_mean,DE-200_runtime_std,DE-200_tier
7z,68640,0.5290769968242153,0.2989251123336733,30,0.3659201145172119,0.005239492795263418,2,0.4248632317284938,0.2644232470024072,50,0.8233722805976867,0.06142693035910097,2,0.21160792090812733,0.2791467830086527,100,1.916490614414215,0.0941710354198205,1,0.16203743563636366,0.2568629731125797,200.0,6.067609763145446,0.2015113950282095,1.0,0.00932170544100422,0.003054490274636091,30.0,0.20921254158020014,0.002323992265920239,1.0,0.0071801664120746955,0.0036029200864199063,50,0.2800907015800476,0.019528949363477335,1,0.004859534480090935,0.00430819519129115,100,0.6757609844207764,0.009764335395197356,1,0.004055395344007278,0.004712122802427343,200,1.571783983707428,0.11428708805564511,1
Apache_AllMeasurements,192,0.1871251652140429,0.06090718193664869,30,0.38913353681564333,0.00907819224120202,3,0.14627627031708684,0.029320902174393548,50,0.6074115753173828,0.04086592778844443,2,0.1279002366673216,0.003554415757630386,100,1.4614127159118653,0.06822685169876137,2,0.12581982696128688,0.0024446045509955074,200.0,4.505648303031921,0.09629092753649346,2.0,0.04045841874492606,0.02104121374570181,30.0,0.16889382600784297,0.010487130691565521,1.0,0.02858505842265039,0.012947910881504007,50,0.22964498996734614,0.021544216808478168,1,0.02343566459956175,0.004985344289732887,100,0.2823949813842773,0.047183521572440164,1,0.023435393435540585,0.004985435600143565,200,0.2891340494155884,0.05008762399072423,1
BDBC,2560,0.002255981731855115,0.0011171431824303,30,0.36389353275299074,0.008105054340952588,1,0.0016298143091834898,0.00040882171538899107,50,0.6707472205162048,0.03589034902880012,1,0.0012515210462915648,0.0001941815415370403,100,2.1062338829040526,0.07904461788779149,1,0.001101483592852615,9.932512407520915e-05,200.0,6.70971896648407,0.16498029312120516,1.0,0.0034604297704266054,0.0032804386852414735,30.0,0.17745270729064938,0.0035753239004615396,2.0,0.001974876692423445,0.0013837379485521998,50,0.2636286854743958,0.00607629629053112,1,0.001488998517030435,0.0013118142700792646,100,0.5071799755096436,0.042618550858637645,1,0.0012893380105420049,0.0012740520590047066,200,0.7184402108192444,0.1523583793654366,1
FFM-1000-200-0.50-SAT-1,10000,0.3992519329053726,0.027782641830489712,30,0.6261739134788513,0.054531068704680524,3,0.38582138142436073,0.022599708131010345,50,1.168670392036438,0.12448396878158194,3,0.3678072644802851,0.016679708132228382,100,2.781215989589691,0.3774325444386631,2,0.356646861880915,0.007546923976961065,200.0,7.200844657421112,0.6263624613827427,2.0,0.3410701703272551,0.036406711830580855,30.0,0.6123937964439392,0.0557780117851243,2.0,0.3173283130053479,0.031354575117335345,50,1.0728348731994628,0.08004310802765982,1,0.27533320390414495,0.020285496553422377,100,2.1333642840385436,0.19074852260334613,1,0.24501357488554026,0.020809503290682093,200,3.4607057213783263,0.4765061981551144,1
FFM-125-25-0.50-SAT-1,10000,0.41634812533886584,0.03792226066444052,30,0.8309306144714356,0.05382061525752447,3,0.3972182639574424,0.03836765833615364,50,1.2697314023971558,0.13133217138374698,3,0.3573263032076014,0.030744136217953296,100,3.295596992969513,0.26585177316937175,2,0.3210227705665337,0.02559011094778813,200.0,9.638166153430939,0.7088099708916364,2.0,0.2809045944760205,0.03149477067178159,30.0,0.4206741213798523,0.005571998571764871,1.0,0.24874971547078348,0.03009411724469551,50,0.6785403490066528,0.07407156722328603,1,0.22339280301404166,0.021587668831830414,100,1.5482141733169557,0.10111719167898459,1,0.21486961538518212,0.0055093695685147276,200,2.5332952737808228,0.42719187862525565,1
FFM-250-50-0.50-SAT-1,10000,0.41099970943492936,0.03170045385427475,30,0.6762793660163879,0.023076295910661695,3,0.3946241053698766,0.03202245537250197,50,1.0089051485061646,0.09983433859399121,2,0.3695745868785075,0.020387027640408957,100,2.9183309674263,0.5952523114052225,1,0.3496637640265557,0.004839536756840369,200.0,5.76952805519104,0.30044926874859224,1.0,0.3938483913384384,0.02234642561806255,30.0,0.5777842760086059,0.012326911641524073,2.0,0.37445778798246715,0.018676913695813896,50,0.6166067123413086,0.06204642361207996,1,0.3557331194557499,0.013055053956024286,100,1.8132939696311952,0.17540969229060754,1,0.34793179165190474,0.010305542398954152,200,1.9960755348205566,0.4688161477184695,1
FFM-500-100-0.50-SAT-1,10000,0.3577672351505857,0.03519619807976149,30,0.5288855075836182,0.04826520175043294,3,0.33308157159605933,0.036038327821400054,50,0.8270600080490113,0.06684810578549392,2,0.29009066823769863,0.024803782751632936,100,2.3144184589385985,0.1082199310717475,1,0.2663714504537677,0.007816826217675788,200.0,6.371483600139618,0.17304617935465183,1.0,nan,nan,nan,nan,nan,nan,0.3731896210353924,0.0464026915709527,50,0.6790372133255005,0.01599042132081836,3,0.3183970511597409,0.024441780086392553,100,1.3284447193145752,0.05984153543069725,2,0.2877470481193388,0.029748076331474575,200,3.065791630744934,0.4650079409307578,1
FM-500-100-0.25-SAT-1,10000,0.4330597659224381,0.03371560648671286,30,0.3977601408958435,0.05348659010655483,3,0.4182322123069541,0.02803897760536461,50,0.6254493355751037,0.01749432104061286,3,0.3872145811923117,0.019927175025773413,100,1.8039448618888856,0.11672326117664521,2,0.3452869948498838,0.019586555977781552,200.0,4.65161257982254,0.14472972384701746,1.0,0.38228980225478904,0.023467030379517587,30.0,0.24481674432754516,0.0075092635307268795,2.0,0.36275407278293986,0.023113843501698247,50,0.38988295793533323,0.003629230886926281,1,0.3367754757839128,0.012684716611068046,100,2.2573386788368226,0.12551717656968117,1,0.3250099953644477,0.005616680162634263,200,2.220366668701172,0.2753902450290965,1
FM-500-100-0.50-SAT-1,10000,0.39518810609514776,0.03284352136202374,30,0.35845805406570436,0.02324594944688703,4,0.3788559978088639,0.024183316623646384,50,0.6227089881896972,0.025822323456768166,3,0.3553861971254827,0.03437048385602567,100,1.5119075536727906,0.08301286488336596,2,0.3061177689037317,0.03524022113707375,200.0,6.424516677856445,0.24521128995684388,1.0,0.37703791725816094,0.02781240646606803,30.0,0.24216125011444087,0.006437478528696872,3.0,0.35630432369716264,0.03406850192842971,50,0.4413429856300354,0.011225210981252842,2,0.32492454830166856,0.02275274912168968,100,0.8844926357269287,0.03517628326156933,1,0.30442104284224114,0.027177267190310935,200,1.286092495918274,0.1903644729422025,1
FM-500-100-0.75-SAT-1,10000,0.36073508557612444,0.03662680743511507,30,0.3232827067375183,0.02725745033000194,3,0.3431788427013974,0.033454729199185365,50,0.5667073011398316,0.050445924478168876,3,0.30228765498540766,0.029541705685854576,100,3.3962867140769957,0.17167828791531448,1,0.2581873791132677,0.017409345995482363,200.0,4.252852582931519,0.11139244391330497,1.0,0.35183545307759995,0.03727213171311518,30.0,0.26952682733535765,0.02559719940796153,3.0,0.3171078464689742,0.034041759222429545,50,0.8465499997138977,0.06570407834328897,2,0.27178702306511154,0.02003619096017918,100,0.7155173659324646,0.047094680139775455,1,0.25606477976612646,0.013831976467590917,200,0.9738449096679688,0.16839588283875748,1
FM-500-100-1.00-SAT-1,10000,0.3712783273243816,0.028796651016735744,30,0.3575023651123047,0.02364286665104325,3,0.3622180980243441,0.025909399166684974,50,0.6636637091636658,0.07125418513632042,3,0.328820545927011,0.014910903965295033,100,1.3928254008293153,0.08955969979061314,1,0.31113085336883056,0.006660371212804058,200.0,3.8350616812705995,0.08491947010225079,1.0,0.37493676382986774,0.03816036309045658,30.0,0.24903252124786376,0.0102814777231427,3.0,0.34549932090078633,0.027872038083040167,50,0.38870973587036134,0.00781574251268786,2,0.31193807017375075,0.014243027879028446,100,0.8375060558319092,0.07408727047257374,1,0.2986066235861242,0.010369125229427973,200,2.492798388004303,0.5522022213624191,1
HSMGP_num,3456,0.18032338859005778,0.06897186188257533,30,0.3663637042045593,0.008811182871249866,3,0.15606863690735268,0.07160760555301963,50,0.3918822169303894,0.03288791607144313,3,0.11523302361753807,0.044807602916720285,100,1.6840409755706787,0.17507896912032017,2,0.0666483020681304,0.05526242106826809,200.0,5.157751882076264,0.3041031067789627,1.0,0.013322845681259165,0.007366903340797191,30.0,0.10267140865325926,0.0005993344662932963,1.0,0.008079323996614254,0.0059031318574642175,50,0.16853172779083248,0.0007235559464572948,1,0.0042586030635376705,0.0042380842873447795,100,0.6377444505691529,0.01221637168977861,1,0.0019026745464839547,0.001816976510193987,200,0.6338643312454224,0.035573501205594375,1
HSQLDB,864,0.035249551945375476,0.04482334470494042,30,0.2976810336112976,0.02386480777757199,2,0.016297454175713686,0.023702708521761366,50,0.6101024270057678,0.0317049794159196,1,0.004507978423398675,0.0070657424765289256,100,1.6860870242118835,0.06604240504731428,1,0.0019179890535676951,0.0005429052343276242,200.0,6.416360485553741,0.2069370371774839,1.0,0.00508184228534131,0.0025619224609803935,30.0,0.1322850108146667,0.002729329358658806,1.0,0.004304153557728194,0.0024626399540042436,50,0.23905867338180536,0.004799319866725684,1,0.0028741087801117554,0.0016937135064281365,100,0.5539015173912049,0.052421318921027825,1,0.0026727248812768055,0.001663810689708573,200,0.7193794250488281,0.18572552125027034,1
Health-ClosedIssues0000,10000,0.24047491647568683,0.0014520098526639897,30,0.4184200167655945,0.03267389909250329,2,0.239710212471037,0.0015203097579846727,50,0.6559542536735534,0.017888111984285655,2,0.23888088893580547,0.0012886626812039217,100,1.677912664413452,0.06288145648655802,2,0.2369826221100229,0.0021572186604180876,200.0,2.5681016087532043,0.3089224526595761,2.0,0.22556502347604193,0.08023777707800607,30.0,0.5184089183807373,0.029287701218812367,2.0,0.17299808937074157,0.03838602417166189,50,0.5221880316734314,0.005115050477079347,1,0.15699591308852015,0.024152919506827075,100,1.0121297478675841,0.024935399549324895,1,0.14612666430616333,0.015732388157624348,200,3.3667085766792297,0.18311752024398792,1
Health-ClosedIssues0001,10000,0.3577461066099232,0.04867172107272433,30,0.6290491104125977,0.054437519362582044,1,0.33741685648885605,0.04834538117478056,50,2.2443997144699095,0.037095745497725374,1,0.3007095834489842,0.04175391760052057,100,1.453367030620575,0.035795632812065034,1,0.25876019219961616,0.03611724935191609,200.0,2.9731041550636292,0.3173004212533265,1.0,0.453420436497033,0.016544282016828952,30.0,0.3373239040374756,0.004040373544887378,3.0,0.4458168801921568,0.015151076357149332,50,0.7533977270126343,0.059637204405229696,3,0.4392779319355327,0.01339895284121733,100,1.0627246260643006,0.017477053865193878,2,0.4305160996804262,0.01840006707095746,200,1.5028490543365478,0.25513314459460174,2
Health-ClosedIssues0002,10000,0.36574890971741586,0.00022880711888540676,30,0.49791414737701417,0.03255188432461184,4,0.36555227608029633,0.00040391664391596795,50,0.8733197689056397,0.006031759006197159,3,0.36540361742311855,0.0004273902670714896,100,1.372188103199005,0.23373750655874623,3,0.36507544372629647,0.000538968067801077,200.0,2.521312582492828,0.37429524823778354,2.0,0.17265536049491842,0.02474689741133235,30.0,0.2972469687461853,0.0024348405235026125,1.0,0.15978686497298272,0.038829708381962806,50,0.5053765416145325,0.0062564238203547074,1,0.14339357767327096,0.04311858775553809,100,1.8240296006202699,0.09186029797139421,1,0.12602316573041103,0.04122530103087639,200,1.3716166019439697,0.2760169486434337,1
Health-ClosedIssues0003,10000,0.4850949626558555,0.10856779671275678,30,0.5313317775726318,0.03076658461956146,3,0.46097462546590984,0.11502557693010897,50,0.7938970923423767,0.1063272952322243,3,0.4013290065629194,0.11860238034940482,100,1.6375934720039367,0.16660628341814848,2,0.354482275225854,0.10151635905811615,200.0,3.788138484954834,0.26925617650246914,2.0,0.24566410596909477,0.039330170033363636,30.0,0.43576819896698,0.005937535536419998,1.0,0.20932098874532595,0.03766165327403081,50,0.7810497641563415,0.01397080045567687,1,0.17897943515021192,0.031520272347887256,100,2.05495525598526,0.045280006141352726,1,0.15606705342527433,0.02411322954491311,200,3.1629761457443237,0.3058569064991546,1
Health-ClosedIssues0004,10000,0.5876087249201083,0.0310685246402698,30,0.5352146744728088,0.02949538129101995,3,0.5790654968486995,0.028350218361302817,50,0.8081219911575317,0.10956028414054884,3,0.5616053358429385,0.021034501422845762,100,1.6539684176445006,0.17787792130581329,2,0.5445682257047265,0.015043023958145945,200.0,4.118770742416382,0.3775279098391766,2.0,0.2856327511295836,0.011414049999480497,30.0,0.40952301025390625,0.0032266920662000586,1.0,0.27863651473916623,0.00986136791288884,50,0.6756913542747498,0.005052813987630507,1,0.2698094835239026,0.00568574221948364,100,1.0446866154670715,0.030098136271516376,1,0.26523597605719684,0.00587869998816972,200,3.1689626932144166,0.28187074141485596,1
Health-ClosedIssues0005,10000,0.4282606309612974,0.0027527635920085634,30,0.6273374438285828,0.043480654785628084,3,0.4276541905913792,0.002735583626426669,50,1.2225724577903747,0.010301697960512087,3,0.4221221602324164,0.010910733430147401,100,1.6662638545036317,0.1732602456722099,2,0.4187227909211398,0.011600714978161043,200.0,3.86499764919281,0.258171370918078,2.0,0.23944208373742876,0.005437491050193628,30.0,0.44946794509887694,0.0048472274393941495,1.0,0.23799126255497516,0.00551426672174069,50,0.8567539572715759,0.069866015927989,1,0.2343351977492397,0.0036237621499943698,100,1.8791954159736632,0.03784413467601566,1,0.22981137482456723,0.003721405350478682,200,2.255636990070343,0.2019357411063879,1
Health-ClosedIssues0006,10000,0.5688747509308671,0.03279253123563739,30,0.5692942380905152,0.03586955581218813,3,0.5582717207844997,0.023831084000520357,50,1.025911271572113,0.059117384083589394,3,0.5287743799938583,0.03730174671519318,100,1.6506444811820984,0.17077282816270933,2,0.4980529977310299,0.04420689793216065,200.0,3.784537208080292,0.254820323072144,2.0,0.12469462988795235,0.010706877053017063,30.0,0.44169405698776243,0.0027208160982279505,1.0,0.10992827087983748,0.015145902394833616,50,0.6523247241973877,0.08696644229043256,1,0.09459948612019248,0.01193230070795221,100,1.212043583393097,0.15757046957356602,1,0.08478223387317477,0.010553465849906416,200,4.0426781415939335,0.11685970509529041,1
Health-ClosedIssues0007,10000,0.5196340067032178,0.05158951867504346,30,0.5708284258842469,0.037574817870685936,3,0.5059868029052188,0.0463882423468707,50,0.8827678322792053,0.11383549542912084,3,0.4780071086953542,0.039119014705123904,100,1.8114818692207337,0.2420681714626349,2,0.44544159932130223,0.01667490792925468,200.0,5.110261523723603,0.32755448576740287,2.0,0.46793330379285375,0.08503887486974047,30.0,0.44279606342315675,0.003984183679084816,2.0,0.4084123589335558,0.06734153422312933,50,0.7614056587219238,0.01578352371332779,1,0.36906360685485756,0.06634741636579133,100,1.6269268989562988,0.14860453601169954,1,0.3339630246373911,0.038456269523396154,200,1.8660770416259767,0.3631099365571243,1
Health-ClosedIssues0008,10000,0.34454118252004556,0.011373581925684318,30,0.5559445738792419,0.035101524959706996,4,0.3394945162464962,0.009067644057475012,50,1.2072187423706056,0.04024954338107375,4,0.3328312367801059,0.004461753282914461,100,1.9833566188812255,0.044095980245149456,3,0.3232542556995409,0.010987738672953365,200.0,4.101150691509247,0.33015079337912095,2.0,0.3120549402279571,0.05450608496398433,30.0,0.47156769037246704,0.009602673788040701,2.0,0.27911304350272004,0.043046839501486314,50,0.7567784667015076,0.05351827322983563,1,0.2621909077123603,0.033983610888992065,100,1.2060765862464904,0.1317693830969186,1,0.2487836681191284,0.024374979308570036,200,2.9465630531311033,0.22865129543090199,1
Health-ClosedIssues0009,10000,0.4778519148820857,0.0937671217103939,30,0.6045840978622437,0.043938240070952164,3,0.438831398299062,0.07324394510447067,50,1.215341901779175,0.014412624914574752,3,0.4163892957041412,0.04784968075677726,100,2.8907687425613404,0.0930099893571237,2,0.3833099238105831,0.03355491946726685,200.0,6.5762410998344425,0.14823255699698135,2.0,0.3428794180165825,0.06732838871638615,30.0,0.4580446004867554,0.005483708422571722,1.0,0.2925190613608344,0.05145429143665829,50,0.7575646758079528,0.010466355546111753,1,0.2620666039918728,0.03403199401757365,100,1.2779393315315246,0.15756455836931357,1,0.25162997240979357,0.03298518961522106,200,2.30347398519516,0.31633606086938754,1
Health-ClosedIssues0010,10000,0.4446346755757255,0.029835754576523862,30,0.5621203541755676,0.0460867044311678,1,0.4391114950300688,0.027095665328385036,50,1.1286763429641724,0.009954602660015232,1,0.4188801636614533,0.022631506540103923,100,2.8814393639564515,0.0937818565126035,1,0.40276935754426396,0.012325118340209858,200.0,6.423616337776184,0.08870927064770398,1.0,0.4845602003885533,0.007857529856221835,30.0,0.5710184216499329,0.010061008021884697,4.0,0.47991640936031965,0.006309901923753381,50,0.9560935497283936,0.010686695919958435,3,0.4758534646935277,0.007036272677564723,100,1.4033156633377075,0.1293739029770077,3,0.46563110989782686,0.008744229351169457,200,3.7757851839065553,0.22149000946000838,2
Health-ClosedIssues0011,10000,0.16324547118966679,0.026783718238958906,30,0.5870454430580139,0.03969050368863426,3,0.1623397178870258,0.02651378269833864,50,1.4368281841278077,0.01484266876491254,3,0.155037694370802,0.03243262282806059,100,1.7982817888259888,0.04250940455274528,3,0.1380141680323578,0.040362359595853894,200.0,6.793351840972901,0.09127485579205295,2.0,0.06378762415411904,0.05468782905772773,30.0,0.5652207970619202,0.005953860865294588,1.0,0.03247251046279477,0.040114386733549244,50,0.8243118643760681,0.04453094242336613,1,0.007226258967344165,0.010304742901189264,100,1.9619139432907104,0.03725865592356263,1,0.0017466877645202152,0.001588994866230419,200,4.275335204601288,0.1261174582558521,1
Health-ClosedPRs0000,10000,0.0,0.0,30,0.4677610397338867,0.009712533039517421,1,0.0,0.0,50,0.8122807383537293,0.010005006767919506,1,0.0,0.0,100,2.023205578327179,0.0710376227007621,1,0.0,0.0,200.0,5.066832053661346,0.15664601906698827,1.0,0.0,0.0,30.0,0.33918132781982424,0.004958149511659226,1.0,0.0,0.0,50,0.6251851677894592,0.010379831849065567,1,0.0,0.0,100,1.2692467093467712,0.03743540153314089,1,0.0,0.0,200,2.405310034751892,0.05471796788617772,1
Health-ClosedPRs0002,10000,0.551618925807876,0.00010547081133442772,30,0.5984723329544067,0.05203920631120033,3,0.5516025802413138,0.00010038539005945228,50,1.1512587070465088,0.022083230712236494,3,0.5515172676742182,0.0001263976306386548,100,2.5089233756065368,0.08905561490289429,2,0.5514380156674724,0.00011504033008602343,200.0,6.176023817062378,0.1646836441289273,2.0,0.02109859126573969,0.00011465521138019843,30.0,0.5294787645339966,0.010875629196735967,1.0,0.02097836802725273,0.0004086963921819924,50,0.8031305313110352,0.014258102514534486,1,0.020852566704661346,0.0006009327420438385,100,1.801525318622589,0.07044667227816244,1,0.02024868626821305,0.0008312028105114779,200,3.470013988018036,0.12612856429952343,1
Health-ClosedPRs0003,10000,0.42149013315288225,0.020327000668255223,30,0.5032273173332215,0.03302493431132005,3,0.4138077876314906,0.02786085065858322,50,1.0212213397026062,0.05965069182029719,3,0.4060180512362758,0.029473765323150092,100,2.2643900752067565,0.12650945217472925,3,0.380109225181521,0.0653360752306332,200.0,5.388692140579224,0.32694190650880584,2.0,0.0829636089857117,0.00025833227030044604,30.0,0.46050013303756715,0.008638066215271398,1.0,0.08271019089874551,0.0006752866928658155,50,0.7773659944534301,0.012629772970084316,1,0.082497786977923,0.0006424858510627439,100,1.8445626139640807,0.08806477515180036,1,0.08215040938545833,0.0007679446148544712,200,3.2664589047431947,0.5732274560021868,1
Health-ClosedPRs0004,10000,0.1178105694846735,0.0019672101999493163,30,0.5433617830276489,0.037823190467801235,1,0.11744694645884753,0.0018371799617209472,50,0.878281044960022,0.00711721107782115,1,0.11590927933324509,0.002233271316731229,100,2.199527955055237,0.16225497408642559,1,0.11424508919084184,0.0022220503527792283,200.0,5.746536588668823,0.33178448943335576,1.0,0.37100938340956857,0.10974974390006605,30.0,0.5192100405693054,0.008410433820557879,3.0,0.3072945512731323,0.036608890195166804,50,0.7909110069274903,0.027236613540623834,2,0.2863207968133288,0.008583254178306708,100,1.4788087606430054,0.14825142918451112,2,0.28139722297753356,0.006018990899379282,200,2.762461268901825,0.4768623475656968,2
Health-ClosedPRs0005,10000,0.4804632851638663,0.025366037282239483,30,0.6802088856697083,0.04417308671243267,3,0.4801405132326904,0.025282597263579953,50,1.0518090724945068,0.014153538710456487,3,0.4699176686696401,0.04311383970619782,100,2.0784619569778444,0.04867397565303201,3,0.4510204203411529,0.05928559134994277,200.0,5.609714412689209,0.32248450158874986,2.0,0.003282711202888039,0.005274612708753825,30.0,0.5241439342498779,0.02927139845307849,1.0,0.0016290762205700391,0.004670949147334846,50,0.6835288524627685,0.014863022446173184,1,0.00010218590254856285,0.0004322653087273272,100,1.4263574719429015,0.04105870181146891,1,0.0,0.0,200,3.581184506416321,0.21575300888751417,1
Health-ClosedPRs0006,10000,0.5078503600614279,0.043545652710954695,30,0.5276223421096802,0.034901070205171816,3,0.49224411549963365,0.048334048548220904,50,1.1707672715187072,0.01422642866418487,3,0.46674276641061957,0.0330360797241705,100,1.9880208492279052,0.06885331439101953,2,0.44875461804285033,0.022914832468564197,200.0,5.819071519374847,0.26908548780978564,2.0,0.28067997432914965,0.1637732516206373,30.0,0.44329993724822997,0.00554509581802425,1.0,0.21316956060856412,0.15287067162089804,50,0.8844548106193543,0.012903114874649745,1,0.09711925076389921,0.07171427571371793,100,1.6305490970611571,0.10014010417801607,1,0.05794121171273262,0.01911365987707928,200,3.93987557888031,0.35522822712004126,1
Health-ClosedPRs0007,10000,0.5591028266796878,0.1186109967314939,30,0.6351800084114074,0.04303908171410077,3,0.5264602426098535,0.134387340094304,50,0.9264420390129089,0.01258334612816238,3,0.47189338701845907,0.1687854164687941,100,2.194173741340637,0.11331244541330918,3,0.34646505825517665,0.14970283714130952,200.0,4.886265909671783,0.1015526289593686,2.0,0.11934927875602701,0.10750508144472026,30.0,0.5695279002189636,0.009044267815621678,1.0,0.06927545972919888,0.04512235924198454,50,0.7315621972084045,0.016508252167500768,1,0.027738019785808726,0.01625254742950242,100,3.289474308490753,0.08584222841418657,1,0.016941885386486687,0.010711860039467034,200,3.501904010772705,0.1853206160056238,1
Health-ClosedPRs0008,10000,0.18253508688158365,0.00028514743010002577,30,0.5275827169418335,0.03974346859720507,1,0.1822551718884987,0.0004021162680395523,50,0.9934776663780213,0.014781991875638782,1,0.181939479998089,0.0004142834313258787,100,2.019154405593872,0.05355254810555231,1,0.18161254220529027,0.0004185736152067485,200.0,5.839533364772796,0.40949649810177163,1.0,0.5469176819006406,0.12519833199394326,30.0,0.4574743151664734,0.007113412167560788,3.0,0.5044193675063948,0.13052996241596282,50,0.6784994602203369,0.014494580546170137,3,0.37733080970147526,0.17717405735920766,100,1.372547972202301,0.0722626513202887,2,0.291447326571089,0.1721635622295174,200,2.063356614112854,0.3712007076609933,1
Health-ClosedPRs0009,10000,0.29683987278404994,0.0053300877125620535,30,0.6814938426017761,0.03987961220212283,1,0.29553632943662445,0.006438692358716034,50,0.9034361720085144,0.007303854442241775,1,0.2914966527267665,0.008243076872076715,100,1.667624831199646,0.04801190983558194,1,0.27831679272696064,0.01730992680308681,200.0,5.286033570766449,0.35266374121455113,1.0,0.5124494234944426,0.13000196689989438,30.0,0.4528533101081848,0.005820411685416078,3.0,0.4558409123203873,0.12357373101517632,50,0.7931180238723755,0.02334244743507359,2,0.40359976835081285,0.11952460241794763,100,1.3848880410194397,0.08778110393737483,2,0.37101997078143295,0.10515052881204094,200,1.7022845149040222,0.2945264049644021,1
Health-ClosedPRs0010,10000,0.4305991690924767,0.015584285084742843,30,0.5009183883666992,0.03490831390519696,3,0.41954548051813123,0.026725118891064666,50,1.1532632112503052,0.020660269916503382,3,0.40900606556961366,0.025869011538295468,100,2.031173014640808,0.07628180284213652,3,0.3957125832859477,0.022776632507985065,200.0,5.037536263465881,0.25887899358562527,3.0,0.4107266229057148,0.12606575055704403,30.0,0.5660954594612122,0.014934921594606023,3.0,0.3623489829725134,0.1235311239275829,50,0.7448405742645263,0.024049080850081284,2,0.31070764035409987,0.11311559159912589,100,1.2732905387878417,0.09069617032426688,1,0.2784310037759935,0.10117689713886244,200,3.3777072429656982,0.43585934437329327,1
Health-ClosedPRs0011,10000,0.561283029411525,0.0009287456785407966,30,0.5987987160682678,0.04034695565495552,2,0.5610768494796154,0.0011710208270071555,50,0.8898227453231812,0.012212635632513555,2,0.560585127184884,0.002175618849434517,100,2.1196940183639525,0.07520079199326145,2,0.559623298134609,0.005224689982714354,200.0,5.16629159450531,0.2772275396906077,2.0,0.0,0.0,30.0,0.4540883660316467,0.008030255086320184,1.0,0.0,0.0,50,0.7724182963371277,0.031627831818375536,1,0.0,0.0,100,1.4316469430923462,0.03615705636955812,1,0.0,0.0,200,3.157138633728027,0.18786049987006015,1
Health-Commits0000,10000,0.07067847610363312,0.0032326354937920227,30,0.49902341365814207,0.03706978521156802,1,0.06923316174185089,0.003105587100210978,50,1.0170420289039612,0.05067811904061772,1,0.06626834261102356,0.003550962530308761,100,1.9655399441719055,0.05757425237344638,1,0.06136498749018728,0.005009378782484462,200.0,2.5668347597122194,0.4080035145625416,1.0,0.20386668178433687,0.06645487465644093,30.0,0.4400510549545288,0.010918182645273682,3.0,0.1864676748862859,0.0608126667408499,50,0.709671151638031,0.012386522995434142,3,0.13671467535581058,0.04725582596262635,100,1.518979549407959,0.07086735448168745,2,0.12108991241701657,0.04721507395863368,200,2.7658020496368407,0.3759835455334362,2
Health-Commits0001,10000,0.21529653762973666,0.0035879218808902865,30,0.5052082419395447,0.03730032176444512,4,0.212802298061673,0.003209024223836554,50,1.1751093506813048,0.12632091511625548,3,0.21066702315261515,0.003655532375585019,100,1.8707061052322387,0.0491609084178302,3,0.20625895566954208,0.004308547899465861,200.0,4.6149519920349125,0.37028468559960187,2.0,0.16428492331101388,0.0014286441808037318,30.0,0.43192259073257444,0.006403836998626645,1.0,0.16388621934613828,0.0016722047052861989,50,0.7036095142364502,0.016702440702288917,1,0.16339913606517015,0.0018469801087298385,100,1.4235482215881348,0.030414340317746903,1,0.16257418782756128,0.0020410858634259416,200,3.0320223331451417,0.2662785727498511,1
Health-Commits0002,10000,0.1274621988365549,0.008071177870376617,30,0.56952805519104,0.041673287038985526,1,0.12088777987365032,0.020398273973580065,50,0.9761886835098267,0.02785535089650108,1,0.11906338889827324,0.020120382705360162,100,1.8302000164985657,0.23927955526939726,1,0.11512816400203925,0.019678978362714983,200.0,4.165706849098205,0.38905047526994657,1.0,0.4134378357939569,0.10907218824078671,30.0,0.46062841415405276,0.006840111282948023,3.0,0.35728652156773555,0.10123349346305599,50,0.7482970595359802,0.013929089293098329,3,0.31198100593149986,0.083252559044992,100,1.7045824646949768,0.07222233657949763,2,0.2833153008817805,0.041925613834294106,200,2.202663815021515,0.3830726013300587,2
Health-Commits0003,10000,0.37797373529319545,0.058761068959768535,30,0.534730339050293,0.02904224596272896,3,0.35139189469184967,0.057638172068731126,50,0.6902089357376099,0.01393802288657007,2,0.30798172527230466,0.035412623123155074,100,1.6865968346595763,0.18449529245071294,1,0.2801284185080687,0.02197061404235528,200.0,5.11625429391861,0.28269750545704453,1.0,0.36505541240081973,0.043436050359357534,30.0,0.3111307144165039,0.009913475310005308,3.0,0.33666716829436866,0.037676000652073646,50,0.7367551684379577,0.006776045351631756,2,0.3024545100824293,0.026571467814445814,100,1.4541821122169494,0.155933871624523,1,0.27162387126663967,0.02410858052045783,200,3.126642847061157,0.33734893958792084,1
Health-Commits0004,10000,0.4567485054877481,0.07873769278614373,30,0.41011111736297606,0.03304847689726835,3,0.42975618757217565,0.06389874359241018,50,0.6578300476074219,0.020637897779434124,3,0.4031431542077386,0.053383475400008554,100,1.5767496943473815,0.04747649879982177,2,0.3829674524266643,0.04148032364894953,200.0,2.5666035771369935,0.3299443962647408,2.0,0.22112614124337035,0.008217533097918487,30.0,0.4626626014709473,0.00553819747876402,1.0,0.21797839746113423,0.009465211338863676,50,0.5130584478378296,0.0095920457181338,1,0.20978969980388512,0.00972964240864257,100,1.0571079969406127,0.060379398564964916,1,0.20400743112473604,0.010308693454430602,200,1.4296564936637879,0.35551116887200107,1
Health-Commits0005,10000,0.4991264259304412,0.013369352085770956,30,0.37657374143600464,0.027965233882690576,3,0.494751079055438,0.007634522441489905,50,0.6637162208557129,0.02306354422906873,3,0.48648728645974704,0.006948201010472298,100,1.6972504019737245,0.20563662063647922,2,0.4813072321040407,0.006938313102861812,200.0,3.561539041996002,0.33491996824184916,2.0,0.2190158745611265,0.04432930196216705,30.0,0.3189286947250366,0.004619970324984303,1.0,0.20533203664981664,0.0382310316332634,50,0.5499460816383361,0.012419749253321356,1,0.18234747766547427,0.014582029553089487,100,1.0078617572784423,0.030221250606015732,1,0.17108970570169213,0.013017652064458644,200,3.5101088881492615,0.28416212635481436,1
Health-Commits0006,10000,0.44640484596133634,0.04340479697478419,30,0.3823917269706726,0.03244918008991696,3,0.4445470944710184,0.04274775083847229,50,0.6651100397109986,0.02211698645673837,3,0.4262117613618627,0.05933717410068363,100,1.4707842111587524,0.048536508877962854,3,0.3917596919171903,0.06985987691933564,200.0,2.906553494930267,0.2997761720125817,2.0,0.29026940163410697,0.019578790694086946,30.0,0.5805882930755615,0.006723053922634578,1.0,0.2763360993639005,0.021912031748263876,50,0.739952540397644,0.02090471924501808,1,0.2535914844767813,0.012887313540963792,100,0.9756303668022156,0.12353197522092668,1,0.24014727919676176,0.008980394330611008,200,1.6038720726966857,0.4143735452005361,1
Health-Commits0007,10000,0.4339195431304178,0.09629175272806098,30,0.3765708327293396,0.03200333848417447,3,0.4115902625116189,0.08256021353269993,50,0.7047147274017334,0.008816250393747664,3,0.3787989896746089,0.05162265509164061,100,2.6018752694129943,0.051705196055794614,2,0.354964944156128,0.03505476045236043,200.0,3.8070785880088804,0.31670456358576865,2.0,0.233415406692237,0.03167459809433678,30.0,0.30617724657058715,0.003817761948064182,1.0,0.21785171684286606,0.0213271480649434,50,0.7986770749092102,0.058495698678677405,1,0.1883655957938987,0.023799257000100514,100,1.7729026913642882,0.11096626285359598,1,0.18132049253677426,0.02419118325765289,200,1.5828513622283935,0.2966665258963114,1
Health-Commits0008,10000,0.534776108515547,0.05412160276275847,30,0.530604076385498,0.03863969451354136,3,0.5206125950109437,0.05015713283935039,50,0.7468769311904907,0.02337141868402975,3,0.4957479393747982,0.03296185392698219,100,1.4859448671340942,0.05262752854590718,2,0.4740387379032643,0.038762418991102804,200.0,2.7410596370697022,0.33971507491473557,2.0,0.3704117255064799,0.03714953701604122,30.0,0.3109984636306763,0.002937550039968896,1.0,0.3435524901711514,0.03239374109684599,50,0.9480696558952332,0.024760861827413754,1,0.3175964006227344,0.027608811517198215,100,1.7665157198905945,0.13946724581501538,1,0.30588353487732134,0.0259912038637121,200,1.7459195613861085,0.25829125150590554,1
Health-Commits0009,10000,0.5466492173850999,0.037517898564983276,30,0.38283601999282835,0.03394473969660747,3,0.52987102654101,0.038565455665316634,50,0.7414909720420837,0.01862222119400644,3,0.5066889924266171,0.029251701480723417,100,2.2190146684646606,0.13556145595148367,2,0.4860564926938843,0.008456614529458548,200.0,5.824881708621978,0.35944169996352127,2.0,0.13989824258527545,0.0046737216829002785,30.0,0.3022851586341858,0.002788132860918528,1.0,0.135394089174629,0.006871522373023628,50,0.5491379618644714,0.0067942766748079015,1,0.1292029882304658,0.007814634319464843,100,1.4132856249809265,0.17319188060012145,1,0.12393074481894421,0.007771582371590314,200,3.4756314873695375,0.19339534435584416,1
Health-Commits0010,10000,0.4436596932464747,0.022116633095013497,30,0.5792801260948182,0.04443338428666139,3,0.4376265478320295,0.015313618768140904,50,0.6572245359420776,0.019783510101044254,3,0.4267110976728656,0.01247161249346991,100,1.4522170901298523,0.03781450382725906,2,0.4166958208617757,0.01211147458824338,200.0,6.34710910320282,0.1652625370050354,2.0,0.30862053226390757,0.014831564433955932,30.0,0.3176675200462341,0.003358767238989742,1.0,0.30340685795822503,0.013927490010318793,50,0.8448262929916381,0.06253211032522794,1,0.29467686376577945,0.012866692677684689,100,0.9940532922744751,0.03833099283942572,1,0.27880451628930436,0.007721400097895503,200,3.513602077960968,0.1760299215238902,1
Health-Commits0011,10000,0.5660110611086707,0.012771104038082206,30,0.5463843822479248,0.037234879350165166,4,0.564691459877939,0.0137258700719278,50,0.7267006635665894,0.027146926906008582,4,0.5560943642006528,0.018879035518292113,100,1.99859060049057,0.1853862708686116,3,0.5380183179916834,0.01801543308554794,200.0,2.740922689437866,0.3104466171158462,2.0,0.056866819896144206,0.07340991199146708,30.0,0.3412708878517151,0.006741615337204039,1.0,0.02918335495330112,0.04170213552649278,50,0.7487588167190552,0.01383950707291903,1,0.00574764761163739,0.010435990376448209,100,1.4960717797279357,0.06174148946292666,1,0.000482501087451565,0.001009438352772047,200,3.1390639781951903,0.2675200118461283,1
LLVM,1024,0.10207183849633414,0.020280747694533637,30,0.2011632919311523,0.022221855398739797,3,0.08821203872457518,0.011461523136512462,50,0.4914110779762268,0.035143456058888654,3,0.07845468055183134,0.006047932578016602,100,1.0886648774147034,0.1488682746342948,2,0.07451090248701536,0.0055312502942788735,200.0,3.231625771522522,0.34723185500575027,2.0,0.09403804890835613,0.07807271394906115,30.0,0.14013488292694087,0.005764628398873014,3.0,0.07427514755978301,0.06087545006394651,50,0.27858824729919435,0.015320550244651069,2,0.05239801001888413,0.0414876270958059,100,0.29877684116363523,0.05384208930022908,1,0.05191403545071662,0.04154639803421657,200,0.3537882328033447,0.07731391812457877,1
PostgreSQL,19008,0.7064046014804198,0.004492862856965275,30,0.26314531564712523,0.032993181787807614,4,0.7031542149913428,0.003991830455441155,50,0.6743841886520385,0.050643226632041426,3,0.7000832510403056,0.0039440574853912835,100,1.6841493606567384,0.08434203635108821,2,0.699119420798638,0.003455651770135094,200.0,4.547932755947113,0.05445817968629958,2.0,0.020204913678369456,0.0005100650224082149,30.0,0.1820104360580444,0.0025681778579152593,1.0,0.01987864942276728,0.00044359428870768445,50,0.17620912790298457,0.004218268815772134,1,0.01963425558207074,0.0002514183866356926,100,0.4574952363967896,0.013333351491028081,1,0.019552829313576853,0.0002669915918784709,200,1.1725011944770813,0.07149606486215164,1
SQL_AllMeasurements,4653,0.3456242226676882,0.03587821364618983,30,0.564399266242981,0.0418873076670644,4,0.3155741692254331,0.024647694533649622,50,1.1731654167175294,0.06778129437170052,3,0.2754718567160238,0.03551895050384176,100,4.013351333141327,0.07589850154469373,2,0.2333691066965649,0.02629755707318433,200.0,10.412706065177918,0.3931213705735724,1.0,0.3044247190321862,0.054342169781235516,30.0,0.1396488070487976,0.003287488094517243,2.0,0.2886596550648426,0.04509661448561044,50,0.25829888582229615,0.0015847822084206846,2,0.2472539049848455,0.038189679674167365,100,0.5186029672622681,0.005821157180098764,1,0.22252889428189265,0.027943331097130982,200,1.0367157459259033,0.023679396688465117,1
SS-A,1343,0.1342592755064584,0.010402333545510069,30,0.2571387529373169,0.017241924835783434,3,0.13395006518875638,0.010397375834511557,50,0.8827475905418396,0.004660663811721027,3,0.1266739348886414,0.0031729783372318296,100,1.0848524212837218,0.0501800825433191,3,0.12604362242255013,0.0027664038379904407,200.0,8.063601791858673,0.1660858757906211,3.0,0.14729787074489484,0.12475550203911474,30.0,0.29222058057785033,0.004879723180749905,3.0,0.10093078925935497,0.054811023978060806,50,0.3469529628753662,0.02204347787694694,2,0.06983611940315704,0.03754790920554391,100,0.8595560431480408,0.12411288566760302,1,0.051080228763704896,0.029373648726499276,200,1.5078488349914552,0.4306127417669738,1
SS-B,206,0.07897997670720797,0.015437420710048298,30,0.338641083240509,0.012252765330729524,1,0.07392740721686127,0.005431338140289958,50,0.6450972318649292,0.014811550676546303,1,0.07186490103318612,0.0037917530062734953,100,1.979682743549347,0.04824662162120394,1,0.07069436273996844,0.001752956533618406,200.0,4.276250207424164,0.15772487561938375,1.0,0.1952570971940874,0.09025900416185349,30.0,0.28948746919631957,0.010798477970705312,3.0,0.1527954266086062,0.024218353744757743,50,0.44697158336639403,0.03828733249719081,2,0.1409136108253235,0.0045572444439761,100,0.7601062536239624,0.16112392138389126,2,0.14007354893310012,0.004727668229462474,200,0.6379922151565551,0.1490277475485066,2
SS-C,1512,0.11502377674884119,0.016867072234455275,30,0.38764033317565916,0.0104661692561704,1,0.11091530107848699,0.016135135709836518,50,0.7873246192932128,0.009817947806467187,1,0.1044797070746609,0.005865671930125055,100,1.1606614351272584,0.1427451642943942,1,0.10213945449009451,0.00565774466318018,200.0,3.498544704914093,0.2088638752994262,1.0,0.16676789906432996,0.14047271995333574,30.0,0.26163501739501954,0.005435434730276641,2.0,0.10866278604242494,0.02425349635209819,50,0.5851726293563843,0.05216408550164784,1,0.09581559309357186,0.006638020160713809,100,0.8702272415161133,0.19085167696959313,1,0.09545506263621492,0.006792742143302481,200,0.8625864505767822,0.21756428437098632,1
SS-D,196,0.4482140992885849,0.05058808885149846,30,0.3738629102706909,0.012584425485496145,2,0.4382617605159572,0.04668152943900887,50,0.6326417565345764,0.011723683263397943,2,0.4081610319120941,0.01347495501092616,100,1.3918283462524415,0.04672697319022737,1,0.4057164483288219,0.007639334849611068,200.0,3.522453474998474,0.21121309566458876,1.0,0.44762207851499697,0.016134945330882805,30.0,0.20183398723602292,0.005124085747826332,2.0,0.4447986484955351,0.01764707335717496,50,0.4875245690345764,0.015876597687221713,2,0.43520287051002954,0.028046118398216326,100,0.9330583214759827,0.05211211638850847,2,0.42531796700405183,0.03213248547631301,200,2.0800188541412354,0.254495768797674,1
SS-E,756,0.5432523281750139,0.14056673188934626,30,0.29134607315063477,0.022424955511966792,3,0.47001580641209123,0.10016478157488706,50,0.6174376487731934,0.012279423592839926,3,0.3928816538743008,0.032089194262207466,100,1.5496447443962098,0.12562675848909427,2,0.37192384133917544,0.011909365630047783,200.0,3.3721601486206056,0.12621202794364997,2.0,0.18586663999137845,0.03655086424261105,30.0,0.38082419633865355,0.005332057129550153,1.0,0.17799479967361245,0.033982874381723156,50,0.3208102107048035,0.007571599678564436,1,0.15795594251250664,0.010782906475352296,100,1.0691329479217528,0.055472018329669574,1,0.15088245581922796,0.003201273001140705,200,2.5409841299057008,0.09862988432014928,1
SS-F,196,0.38060489274142706,0.04950810823759248,30,0.3301175832748413,0.00973526172471474,1,0.3652417162219247,0.04524025422786227,50,0.7877581357955933,0.007888730474006287,1,0.3492642739731868,0.037029654304048365,100,1.405999732017517,0.047552251443682754,1,0.3330964921373567,0.008787694338266483,200.0,3.315700078010559,0.08482476774874206,1.0,0.4464310057122939,0.017798233589450194,30.0,0.28265167474746705,0.007657458732130374,3.0,0.4394453637928235,0.020455233234819042,50,0.4789125919342041,0.01248259792541501,2,0.43463780564694865,0.017147455281512416,100,0.8770580649375915,0.057176231634119876,2,0.43401622353286273,0.01832632699348696,200,1.3562538981437684,0.18184869822904476,2
SS-G,196,0.3492112262875958,0.053163977436629276,30,0.33676120042800906,0.008464610382239869,1,0.333360584460618,0.045649556736916445,50,0.774238669872284,0.013208720732504139,1,0.3093047821168405,0.028801763920844166,100,1.195554518699646,0.1535298271629707,1,0.2975155628482107,0.005680242743792103,200.0,3.176652991771698,0.1261188747037387,1.0,0.4442563156098037,0.012794767773641889,30.0,0.3513636589050293,0.008247495613009647,2.0,0.4423766024866131,0.014483223678466635,50,0.461488401889801,0.010981393652289,2,0.44136218304129554,0.014199101750320669,100,1.1276968240737915,0.07216575971938231,2,0.44136218304129554,0.014199101750320669,200,1.663576078414917,0.15683221883353238,2
SS-H,259,0.03943994729739005,0.004654442499932355,30,0.36207692623138427,0.01248390077266245,1,0.03654655617783477,0.0019095310425338242,50,0.7870354294776917,0.10056576357244751,1,0.03555427572979818,0.0006458532629632903,100,1.237980306148529,0.15099937088548754,1,0.035420888390223955,0.00045479069584839356,200.0,3.3166852831840514,0.11398975477604811,1.0,0.3728796517839038,0.15778568490322037,30.0,0.2742528557777405,0.008705560970980563,3.0,0.31717620469614694,0.09451526578275987,50,0.46017454862594603,0.03158897172663034,3,0.25466854071980527,0.03328624594906995,100,0.607215404510498,0.11021342027735584,2,0.25466854071980527,0.03328624594906995,200,0.571372127532959,0.1250841432702609,2
SS-I,1080,0.35239582421652804,0.11229965171991742,30,0.3739899158477783,0.021354119855041823,3,0.302606147882598,0.10407883463583495,50,0.883639907836914,0.008723716055826745,3,0.263632467403205,0.07679676113138753,100,1.0987494230270385,0.04616843133169384,2,0.24618567822764606,0.06596388026954672,200.0,3.3481989026069643,0.3545056561642957,2.0,0.1140366436550436,0.10289364623988663,30.0,0.31237260103225706,0.005095011137683369,1.0,0.08244810191229138,0.0938684178309994,50,0.32927892208099363,0.004359466057407784,1,0.03801236222660294,0.06844836274660783,100,0.6494557738304139,0.013908541191975307,1,0.03432528790627829,0.06870454738473628,200,1.689146089553833,0.20911883948299767,1
SS-J,3840,0.2635330695671511,0.2418252102372604,30,0.4360523819923401,0.04521217992295218,2,0.18102544697234255,0.20383430126459334,50,0.5201039671897888,0.027908486907054986,2,0.14301906244328794,0.19834659969570456,100,1.484088933467865,0.1808316312966032,1,0.13013298683885272,0.20079239807076216,200.0,4.663422167301178,0.26623667023647285,1.0,0.10203206082355054,0.0526953553763622,30.0,0.35034765005111695,0.004916930889381817,1.0,0.09551740516236082,0.0520983509578232,50,0.3696723222732544,0.008507221719670464,1,0.0919545270189981,0.05265996991213678,100,0.8712674617767334,0.11430272273152707,1,0.08932310059531957,0.049834069946405525,200,1.3376333355903625,0.026767342926065876,1
SS-K,2880,0.23706636175297696,0.07129251374539904,30,0.38524826765060427,0.013291373866131776,3,0.20736733889036968,0.029541029635353877,50,0.4884746551513672,0.022002661333080924,3,0.1862470054965314,0.017839364331410305,100,1.1292858004570008,0.04165995799456437,2,0.1697304291743433,0.006387305063023406,200.0,3.2905933976173403,0.2567875245489214,2.0,0.10348126569072055,0.029266780318830277,30.0,0.31520795822143555,0.003448107124082898,1.0,0.08963806054058537,0.02761977549445047,50,0.34098995923995973,0.009892453287649811,1,0.08061392808468595,0.02480200869641808,100,0.7828311204910279,0.027244028486622437,1,0.07677451735045024,0.02445037225066586,200,1.2076585054397584,0.19338617940001876,1
SS-L,1023,0.2075985708219048,0.05325245733552281,30,0.32976059913635253,0.022278407636171452,2,0.187231480819061,0.022860738503360158,50,0.5723732471466064,0.03741926020937795,1,0.17256791046168668,0.00850826649323353,100,1.332728958129883,0.14917237515392215,1,0.16527463668204712,0.005182529674158618,200.0,2.6697389602661135,0.35600978988777654,1.0,0.21467447755961938,0.07783769465123934,30.0,0.19987381696701048,0.013752446366695486,2.0,0.19928474432218132,0.06062853282587529,50,0.5741950154304505,0.05500938103925683,2,0.1819061434132166,0.042978999363593104,100,0.4120347619056702,0.08102453864034731,1,0.18099610223702134,0.043121728397081914,200,0.7826581954956054,0.16582074358940194,1
SS-M,864,0.0803483007921222,0.03953516981910099,30,0.8054333806037903,0.007033581242994995,3,0.05192828255702521,0.02687481398486041,50,1.502311384677887,0.10034295693492397,2,0.038900518707487966,0.009968473814276365,100,2.740550708770752,0.27168940198316344,2,0.03209294909494095,0.005455514271658219,200.0,3.6853187918663024,0.3916385597682149,2.0,0.00744208856985582,0.0037423607623645024,30.0,0.3292624711990356,0.007011138274917345,1.0,0.005041849373733094,0.00173540087921022,50,0.48860844373703005,0.012391943629331204,1,0.00426493747643391,0.0012940295125122747,100,0.8925650715827942,0.062062473695141146,1,0.004051522788134285,0.0012585797327807798,200,1.115536916255951,0.17758199441655734,1
SS-N,53662,0.6230494191627792,0.04063110664736307,30,0.3909865260124207,0.03976107505419126,3,0.5982261451390432,0.04051562195570451,50,0.6371939182281494,0.039312780055835904,3,0.5657181404159619,0.04179530181310965,100,1.1889112830162047,0.16951421619253548,2,0.5280590790522195,0.037851513989997594,200.0,4.842557370662689,0.36296463002180995,2.0,0.15327233935278478,0.01886672435700025,30.0,0.33642399311065674,0.0247446328249019,1.0,0.1383108895288529,0.013456851686645146,50,0.36359856128692625,0.004013256257312598,1,0.12485030894799372,0.014760176251708078,100,0.899759030342102,0.10200629629620826,1,0.10708195962791778,0.01759205196260544,200,1.3897933840751648,0.005635704383910732,1
SS-O,972,0.4346688625532053,0.05442577023565496,30,0.3045796871185303,0.021418768170126463,3,0.4217074235659354,0.05781093409703796,50,0.5478045344352722,0.03470301246557654,3,0.37433468479891036,0.03249306012617167,100,1.6111228346824646,0.20516382949513104,2,0.3403412307256501,0.017152037868714998,200.0,2.59887318611145,0.33030101364980013,2.0,0.2010885827702487,0.029126371118486073,30.0,0.3735110402107239,0.004936685554752274,1.0,0.19356557010734138,0.025241823981199184,50,0.5624930739402771,0.00913532428890436,1,0.18222796057020624,0.004558971468063024,100,0.6824020981788635,0.008512273706873137,1,0.18152679749832715,0.004375562235926229,200,2.486891734600067,0.07326976037404005,1
SS-P,1023,0.2075985708219048,0.05325245733552281,30,0.29496883153915404,0.020056257699866107,2,0.187231480819061,0.022860738503360158,50,0.5690756916999817,0.038250520239844016,1,0.17256791046168668,0.00850826649323353,100,1.4475721836090087,0.18435766239745713,1,0.16527463668204712,0.005182529674158618,200.0,2.571734607219696,0.3707924438651716,1.0,0.21467447755961938,0.07783769465123934,30.0,0.33800902366638186,0.02993273354198201,2.0,0.19928474432218132,0.06062853282587529,50,0.30126625299453735,0.0282007860984359,2,0.1819061434132166,0.042978999363593104,100,0.40613125562667846,0.07869770375155594,1,0.18099610223702134,0.043121728397081914,200,0.5939692497253418,0.13151716438827898,1
SS-Q,2736,0.4951192948412997,0.02334592971839121,30,0.43551087379455566,0.022333468626896735,3,0.4806164764270635,0.012421720948843312,50,0.7557765722274781,0.032901655052757495,2,0.4740798580488936,0.0047012113641591675,100,2.8838231921195985,0.16958829274288278,2,0.4712876836180258,0.0016050771594877142,200.0,3.3529361367225645,0.3774231294820729,2.0,0.08037286091164814,0.03745790993901605,30.0,0.4945452451705933,0.041216378040509184,1.0,0.07748324549649792,0.033458125610558616,50,0.5103724837303162,0.006132894572193312,1,0.07529310762361614,0.03361544642407247,100,0.9592333436012268,0.038428856214625565,1,0.07472937671375293,0.03363500775888902,200,1.5677334785461425,0.38929335777886004,1
SS-R,3008,0.48351569357236607,0.011153466370325063,30,0.4597501397132874,0.037309872593249596,3,0.47866840121448584,0.009861947900393008,50,0.5871849417686462,0.029171150735558916,3,0.46984265841401,0.006721617531229725,100,1.5671568393707276,0.18376093597279494,2,0.46699887058140604,0.005949037020159026,200.0,2.906276082992554,0.34208620934790857,2.0,0.18692629630561722,0.02143504242091738,30.0,0.3792129158973694,0.0019863381296208143,1.0,0.17794130901788616,0.010362480413598643,50,0.33832129240036013,0.0034788223540435682,1,0.17322511753972297,0.008270953264066084,100,0.6651558518409729,0.010652738971017307,1,0.1713371467400991,0.007408190937991723,200,1.5951680183410644,0.231482386101247,1
SS-S,3840,0.6878082142017216,0.0035272519472776234,30,0.4023009896278381,0.02769023562336489,3,0.6865421675746749,0.0009294586613856599,50,0.8677551746368408,0.042232468996253714,2,0.6856580409105546,0.0006619403543759293,100,1.1339288234710694,0.038604676375207744,2,0.6852843838771338,0.0003430966586893907,200.0,2.668458569049835,0.2650175164318307,2.0,0.059039981208103186,0.049739313312702774,30.0,0.20283453464508053,0.0015046063239775127,1.0,0.03723786546846057,0.02557848716190335,50,0.5154407978057861,0.012010878548028913,1,0.009581322788118653,0.012102632790924427,100,0.9267365336418152,0.02381588742987141,1,0.007099848819670825,0.010389220205934238,200,2.0531516671180725,0.1749991603438196,1
SS-T,5184,0.2930640428479286,0.1473184759076381,30,0.46489070653915404,0.04180447465752289,2,0.21731923521962337,0.14879106623673113,50,1.1264511585235595,0.04572678305236469,2,0.10663938181915833,0.0766812964435564,100,2.1432101249694826,0.2244014865819077,1,0.07533113454476195,0.010599628585518966,200.0,3.286539590358734,0.3597553861297587,1.0,0.05034504065602772,0.027193778861205442,30.0,0.3833680748939514,0.004525354615190531,1.0,0.03769304952780659,0.02001319048448924,50,0.7250889301300049,0.028716995772908607,1,0.025511687530283888,0.010749419595288438,100,1.2183132410049438,0.10769614121056925,1,0.0194932517651615,0.00731218886673108,200,1.8891658425331115,0.44699070926618034,1
SS-U,4608,0.43178757611886376,0.043221699303106195,30,0.6044134378433228,0.015717417153671195,3,0.4159161852498726,0.043485655514449134,50,0.8392635703086853,0.04051792986963237,3,0.3824516168934481,0.019884583575525288,100,1.6245829463005066,0.266505095579765,2,0.37186998284263395,0.007911886553444505,200.0,5.582428562641144,0.41677801588310104,2.0,0.2679074289084497,0.02578174397136399,30.0,0.3859723925590515,0.00775070887264455,1.0,0.2514508025461863,0.015250903537197024,50,0.5169408082962036,0.024393345181082732,1,0.24007576266981245,0.00900799233574124,100,1.256493616104126,0.06017210144562357,1,0.23785080620136295,0.009077583817585454,200,1.5592638015747071,0.23020708781827937,1
SS-V,6840,0.3003605036179716,0.05810015443698012,30,0.46819794178009033,0.01361789518075081,4,0.27920461698757926,0.06783739765922812,50,1.1340165376663207,0.041894030734507516,4,0.24872301501745991,0.0689809490441722,100,2.141711413860321,0.11189420557713932,3,0.1951753229311024,0.07395911719976031,200.0,6.621159684658051,0.07549404627928862,2.0,0.16990323029559168,0.04057507484069649,30.0,0.3615748405456543,0.001872062222210976,2.0,0.12366955373202851,0.06579936851033649,50,0.3676739692687988,0.007762516031872109,1,0.06181625546356686,0.06076451019428623,100,1.213598895072937,0.023745447404068986,1,0.0493180516883454,0.06071507906856258,200,2.297900891304016,0.32134396840050533,1
SS-W,65536,0.314614508510905,0.04195162982436826,30,0.4360004305839539,0.057130491701060444,2,0.2975211243785972,0.030924467253421902,50,1.087689507007599,0.05944191329281176,2,0.267564391532193,0.020193487362494857,100,2.285738980770111,0.07814337480813284,1,0.23906298069335277,0.01651479383383211,200.0,8.973881554603576,0.1126110801149308,1.0,0.3573822175337153,0.019153737356882458,30.0,0.34652525186538696,0.029911491369876024,4.0,0.3390926343127072,0.02021960353704328,50,0.3493678689002991,0.010050592559600382,3,0.3093748248232387,0.021247371985054598,100,1.146306574344635,0.0611573084084152,2,0.2820241643261908,0.015020241397481664,200,1.659033977985382,0.3395822398111666,1
SS-X,86058,0.09107477740083084,0.045855873875000355,30,0.5990373134613037,0.0172899502008359,1,0.08011816215663872,0.043908940050550786,50,0.9681552767753601,0.015164495554779821,1,0.04915909407676455,0.01823288156652901,100,1.4648390293121338,0.1237366874286288,1,0.02775310713832469,0.0033035952108994753,200.0,6.7471493005752565,0.17219511220113085,1.0,0.31107732465553195,0.09679149826754121,30.0,0.21776478290557857,0.0036025411601900187,3.0,0.21351611120743325,0.04960568642088538,50,0.4830974340438843,0.024732982653892427,2,0.19571019404487827,0.048166257332907,100,1.0423086166381836,0.03400585024062637,2,0.17322318211052448,0.030626935951971874,200,2.0148890733718874,0.3054824097341197,2
Scrum100k,100000,0.3957459218296597,0.028604789597281802,30,0.7437632083892822,0.11077494926007851,3,0.3742860400141192,0.028892296012829652,50,1.3772869467735291,0.1941966734539365,2,0.32276159207067373,0.03211472590716861,100,4.207381272315979,0.31732157542459544,1,0.27568465504727874,0.025090817556507775,200.0,11.454828846454621,0.47907678878309545,1.0,0.39968603349316384,0.022436714860344636,30.0,0.4328464508056641,0.10442730159692433,3.0,0.37801630509907647,0.023145258492643934,50,0.7920706033706665,0.06849554664319635,2,0.3516142304331777,0.016713600131374236,100,1.5041699647903441,0.0572511633829274,2,0.32391198816414557,0.021288214195261848,200,1.1216896772384644,0.2023180960812937,1
Scrum10k,10000,0.36628303092894016,0.048165263090589716,30,0.6326558351516723,0.02566767529336589,2,0.3475747701237321,0.04644188000977069,50,0.8646968126296997,0.05360768461520019,2,0.29384980775315006,0.04278806192767065,100,3.3547402381896974,0.1942221139221258,1,0.24463716480619818,0.01994136878588024,200.0,9.103482568264008,0.3701533482901101,1.0,0.38319142094227504,0.03327822145772096,30.0,0.4335310339927673,0.01201435272558793,3.0,0.3570145873003089,0.03681153774780272,50,0.7311194062232971,0.05783375165098527,2,0.31148348141608395,0.02400675907076196,100,1.7187687635421753,0.10268120912885718,1,0.2962393665858527,0.019774057765923846,200,2.3398439407348635,0.4802617759199263,1
Scrum1k,1000,0.3760125899400555,0.04137498353350307,30,0.44449217319488527,0.03673602536066263,3,0.36191686738174145,0.039276446905281995,50,0.7692152738571167,0.03612740983621704,3,0.30623124546686287,0.03277856721632935,100,1.5568783640861512,0.23526656458539918,1,0.2767204230548227,0.0133452653770375,200.0,7.415238380432129,0.7360427377364283,1.0,0.3286467534330735,0.04997378009741293,30.0,0.47933478355407716,0.017703700710099846,2.0,0.30049495442567803,0.03340913532477178,50,0.673034918308258,0.03830129784557902,1,0.27247322500036575,0.02198858437058615,100,1.4201717495918273,0.21075177995229205,1,0.25977185625602794,0.02251614427908975,200,1.758856189250946,0.4343009879942488,1
X264_AllMeasurements,1152,0.13550953622689751,0.10700938644621158,30,0.2778681039810181,0.0022529204102842725,2,0.060513745162703116,0.058126453428528915,50,0.4105696201324463,0.032334791174346754,1,0.01953089741489241,0.0357645867602485,100,1.6609419465065003,0.07796850063949305,1,0.0027027207978114146,0.00020801751256430189,200.0,2.390453374385834,0.31276104445419267,1.0,0.03576554734583507,0.047111273255029056,30.0,0.147747790813446,0.004131567917143582,1.0,0.026715403947966586,0.046566609221731545,50,0.21419367790222163,0.009611984012773083,1,0.01461859682241995,0.04608418911788106,100,0.41496766805648805,0.04497115417389214,1,0.013304178791819157,0.04634648871561266,200,0.6144548773765564,0.1325820948404308,1
billing10k,10000,0.34641866749513983,0.027995497504969363,30,0.6668811678886414,0.0468011766518428,1,0.32981556261708245,0.026002609269269433,50,1.1386597514152528,0.05159813808122789,1,0.31128701194027164,0.021111715338560065,100,3.260791850090027,0.153797886522803,1,0.2916774637692874,0.007687049055448648,200.0,7.998908352851868,0.5620121712396721,1.0,0.4083177785931378,0.024000588570751904,30.0,0.47227158546447756,0.009570978331314785,3.0,0.39654746859769785,0.022487450234498378,50,0.766761302947998,0.052545216339023,3,0.36668764825155314,0.01400573664274692,100,1.6425853848457337,0.13136754578173632,2,0.3536191051414873,0.008030340343530062,200,1.9920033931732177,0.42647997280291117,1
coc1000,1000,0.5704590826616556,0.016766575323248906,30,1.1698456048965453,0.04359028273965828,3,0.5626448479044086,0.01674549550509561,50,1.622149395942688,0.05143477988981916,3,0.5434641962668465,0.013884061265213531,100,4.00415815114975,0.3447198905572158,2,0.523194211759838,0.017512974552449937,200.0,11.66532188653946,0.864440716763779,2.0,0.36156272441426485,0.015496205202091336,30.0,0.8274638295173645,0.023207657367233916,1.0,0.35065044029597964,0.015747020137552543,50,1.184372854232788,0.03419954744642718,1,0.3419792191715926,0.012687206945563422,100,2.6343485593795775,0.22012459625376332,1,0.3201627729574822,0.015152942102694977,200,5.7558483481407166,0.38653522093562304,1
dataset120,5160,0.17121804837319538,0.043558715619930924,30,5.608224010467529,0.2848631536325932,1,0.15107885205072696,0.0483790693064162,50,15.25173224210739,1.1696940434355476,1,0.09980137778887772,0.04087612989331744,100,54.076257944107056,2.2017828207996706,1,nan,nan,nan,nan,nan,nan,0.3092679605729237,0.04124035914376839,30.0,0.14271435737609858,0.0016839466504477356,3.0,0.29063996216202104,0.039268497923983896,50,0.2696035385131836,0.005784387842758206,3,0.2598288444087303,0.0339829997508133,100,0.477390193939209,0.006857909734220968,2,0.23262825219049105,0.03504196672291457,200,0.956259024143219,0.052555574691419964,2
dataset600,5160,0.2184340988056061,0.05942964051633921,30,5.6199790120124815,0.4446248183568248,2,0.1856378261648482,0.05242143086830267,50,15.187310004234314,1.1169025226746119,1,0.1302884102825279,0.041090119932632035,100,49.43802796602249,2.1509916313694895,1,nan,nan,nan,nan,nan,nan,0.2946975375523169,0.03447692477277219,30.0,0.15867300033569331,0.0033551778451902732,3.0,0.27608231562147006,0.03943379599341283,50,0.28501808643341064,0.010005081353508154,3,0.24633525671095335,0.03339234548334574,100,1.197997784614563,0.024359271046346085,2,0.22835594377028207,0.03540933841264869,200,0.9498623371124267,0.020914250682840127,2
dconvert,6764,0.12511316016462437,0.05053288424880954,30,0.33876131772994994,0.007219827533398095,3,0.09508003778507207,0.02455142424907895,50,0.643929123878479,0.03621306403311122,2,0.07527363111946128,0.009548423064470627,100,1.6832770705223083,0.06726260014156245,2,0.06681950632080633,0.006477325049247991,200.0,5.9695383429527284,0.5120213906302342,2.0,0.01774338748012647,0.00901343421492596,30.0,0.13878331184387202,0.0018179406221203976,1.0,0.014722103716164813,0.002468196760803542,50,0.2536114454269409,0.003374318273697475,1,0.01267153461920347,0.001764375027912361,100,0.46048641204833984,0.015806899527129402,1,0.011400341713215785,0.001093873900450338,200,0.932565426826477,0.09281875686383093,1
deeparch,4096,0.13100705364027848,0.1439141615406375,30,0.2841650128364563,0.006917074453665744,2,0.060950919715893184,0.09786201943037617,50,0.5301778316497803,0.03591982408786048,1,0.014771440799946283,0.011383805361027054,100,1.7961255431175231,0.07198682103603472,1,0.01015644431464737,0.0011505586017756387,200.0,5.47590172290802,0.14358979299025412,1.0,0.023882726059417565,0.031862168218532584,30.0,0.1891835570335388,0.010022934864196103,1.0,0.014701075853603907,0.027488230540921414,50,0.23791275024414063,0.01455411546458178,1,0.006932650036359079,0.02066901145566428,100,0.4081199526786804,0.04179775096863202,1,0.00686918753255224,0.020689669349408597,200,0.5775828719139099,0.11447591668579712,1
exastencils,86058,0.634860458112526,0.11645161661231589,30,0.26534093618392945,0.0047737882588663495,3,0.5757405949500688,0.13439388229922683,50,0.4979439973831177,0.050819516864436254,3,0.369688641338163,0.15412446374716351,100,1.39935861825943,0.11197010857502139,2,0.19005605618751592,0.14226228771872426,200.0,4.327178156375885,0.25822083205976115,1.0,0.03572594878637866,0.01445138619830564,30.0,0.14516928195953366,0.003984121632352919,1.0,0.025645431267802544,0.016005706294439623,50,0.24712181091308588,0.0027555292788575716,1,0.013137887563504433,0.013933092987555032,100,0.5719908118247986,0.027712320252788226,1,0.007023140100112344,0.010981411716031002,200,0.9647532820701599,0.05120205316970171,1
javagc,166975,0.8885366238720845,0.035752728694437526,30,0.36929128170013426,0.07288716989984323,4,0.8572857619776446,0.07908905636760571,50,1.0409343719482422,0.18937010959834574,4,0.8032859297182517,0.1186234847172314,100,2.224416422843933,0.08139827506093558,3,0.7228369569026707,0.1523498915678563,200.0,12.667748141288758,0.29612915890114005,2.0,0.0011708996201889553,0.0010612998644355563,30.0,0.11889932155609129,0.0007659725234066941,1.0,0.00070678240889851,0.0003668762180803435,50,0.19731795787811274,0.0011189678346250015,1,0.0004651471971949899,5.541832373843778e-05,100,0.4114691972732544,0.07020789441052777,1,0.00041833562755962,3.853503921040265e-05,200,1.0490449905395507,0.1323475128346516,1
nasa93dem,93,0.6298715213465633,0.015107692684232107,30,0.5836706638336182,0.03581730434767119,3,0.627095714618602,0.013383820348504523,50,0.7629630208015442,0.029081855842570333,3,0.6169678995661154,0.010332982199898836,100,2.0049591064453125,0.1941056552015822,2,0.6089543081240913,0.009221016067782199,200.0,9.24659833908081,0.18764233359888716,2.0,0.46911897848282436,0.010827267247549835,30.0,0.43969700336456297,0.005578981890998205,1.0,0.4639800091853029,0.008757204608811563,50,0.6718754291534423,0.08450269449679043,1,0.4551880219170677,0.007045516846790661,100,1.4805209279060363,0.043190002335996826,1,0.45251854531684865,0.006481831279635958,200,1.8320663571357727,0.3352719499553757,1
pom3a,20000,0.5866027701841481,0.04603025082807977,30,0.5514714241027832,0.0219905894443082,3,0.5626516008207803,0.03666192243565951,50,0.8198970556259155,0.11088793949743324,3,0.5214096912715556,0.03924714040881405,100,1.7288012385368348,0.055613949897326764,2,0.4649088825089547,0.02760532824267528,200.0,5.928229129314422,0.370373125870046,2.0,0.20068507129064406,0.022832426219381547,30.0,0.6138934016227722,0.012630134822718003,1.0,0.1832283652062179,0.02147609091354186,50,0.6473968982696533,0.08543967541350539,1,0.1577945447921872,0.013832208482292826,100,1.3591325640678407,0.14046315687573732,1,0.1372303808068158,0.012638612224453971,200,3.6116132974624633,0.15191682750468558,1
pom3b,20000,0.5764427535545315,0.03131271695069629,30,0.8445691227912903,0.016775750982109407,3,0.5568931555096145,0.035312114256225956,50,0.82367924451828,0.1055203423287411,3,0.5173116681974449,0.014376694938851535,100,2.3125125050544737,0.16652572642477928,2,0.4905955152521847,0.014842746060691352,200.0,4.656789481639862,0.26983793832019776,2.0,0.203962508003882,0.025588603542701444,30.0,0.6451017022132873,0.01212731682007081,1.0,0.1798527618474614,0.020019256599915703,50,0.9753936886787414,0.009579865659731209,1,0.15894206090684407,0.014628360962459376,100,1.415399444103241,0.023254562830945017,1,0.13895796977202785,0.016517492543728807,200,2.5960015773773195,0.26104892465531243,1
pom3c,20000,0.48451951235924084,0.03395226409408371,30,0.5484086394309997,0.01839857549058446,3,0.4677147056125735,0.033170536285064105,50,0.9744756698608399,0.0811342893156183,3,0.41701662328328704,0.033740146302901924,100,2.4627577543258665,0.21884552535519075,2,0.37842130104117183,0.025460610377121558,200.0,4.8087055563926695,0.3826442907026809,2.0,0.335364342093403,0.032656267790420926,30.0,0.642087209224701,0.014286795209407994,1.0,0.3156225595953222,0.02657950040491227,50,0.5905839800834656,0.014168923538529502,1,0.2845239005870565,0.02149056150197527,100,1.3363470196723939,0.15628816344380078,1,0.26259003244050794,0.014594679348296764,200,4.087295627593994,0.06628966687475055,1
pom3d,500,0.645030020778864,0.024126539575651574,30,0.5791367411613464,0.026738150271311968,3,0.6366527402419584,0.021887681707976055,50,1.2645544052124023,0.041451426073909656,3,0.6055225921037646,0.021057293896122622,100,2.817523181438446,0.06134488278178157,2,0.5789032298666799,0.019589849187418868,200.0,4.660917592048645,0.3752909503151217,2.0,0.2110183393888167,0.018009602358831117,30.0,0.4152327537536621,0.007251096524750937,1.0,0.19944181516104345,0.01376709193428272,50,0.6642150044441223,0.004717883252950412,1,0.18074796541898383,0.011517194467879275,100,1.8973116159439087,0.017240163523106138,1,0.1613054914227229,0.010647335588460146,200,2.3819342255592346,0.22162273707729177,1
redis,4400,0.39418456028991083,0.00986894458048903,30,0.3233965277671814,0.012216361102212234,1,0.3807028476809474,0.014722276785186516,50,0.6135755896568298,0.038124297106945065,1,0.36658950519529004,0.011028516372155916,100,0.9244099259376526,0.042768900182149606,1,0.34739995592205536,0.014254321773746402,200.0,4.864046359062195,0.05801455569076768,1.0,0.48231505455839274,0.0210654752166128,30.0,0.1722480177879333,0.0019127845795363558,4.0,0.47142715018151093,0.018464074475131154,50,0.3069990396499634,0.0016652573082332445,3,0.4627650859414076,0.018319649228258194,100,0.59901362657547,0.021655303247233856,3,0.4343791353088336,0.017602352918666724,200,1.0046138048171998,0.028746791719057176,2
rs-6d-c3_obj1,3840,0.11304312462629713,0.04342005141123032,30,0.2971073746681213,0.00849991025838842,3,0.09942769467493288,0.006830856444877973,50,0.5538035988807678,0.008506870936488466,2,0.09375421032060598,0.004708627911594661,100,1.3614738821983337,0.05851538266812078,2,0.0922505983818569,0.004822787730153965,200.0,3.824694514274597,0.15457173480494493,2.0,0.011715318379352744,0.02293639715997035,30.0,0.1889033675193786,0.0006906355878645628,1.0,0.00455427589235999,0.010442495962313397,50,0.31777827739715575,0.00436310304989938,1,0.0012270488158422246,0.0016911028198518618,100,0.43816936016082764,0.0068593716835120035,1,0.0007339289413798903,0.0007009574430415403,200,1.1552605390548707,0.09771430985254223,1
rs-6d-c3_obj2,3840,0.31072292151125896,0.31510553517849477,30,0.28028005361557007,0.0054695117179162644,2,0.21026298424671555,0.2595258362262129,50,0.49705411195755006,0.01326610792859908,2,0.18820934860310978,0.26551548879110626,100,0.7800573945045471,0.03685000141057081,2,0.1734491511726936,0.2668424024801616,200.0,3.6233478307724,0.201638521172761,2.0,0.00035894636271436014,0.0008093847444459925,30.0,0.1736413717269897,0.0034529021091303717,1.0,6.511263856490146e-06,3.90194089347415e-06,50,0.17410855293273922,0.0012327619096112474,1,3.7945133957328904e-06,2.8340976188934043e-06,100,0.5960902214050293,0.027187976847069355,1,2.4776432194006936e-06,4.806811104463456e-07,200,1.079635214805603,0.030156760046350428,1
sol-6d-c2-obj1,2866,0.6564045017274477,0.1718706790308004,30,0.27424585819244385,0.01212441907270892,3,0.5713603577960968,0.18297349422801665,50,0.5025744915008545,0.016047007596488746,3,0.4569869284486024,0.20747369736718638,100,1.231471061706543,0.0748308633301204,2,0.38381664434025653,0.198054475343263,200.0,3.2409969568252563,0.25226435856086044,2.0,0.014626386517553328,0.0003983524702019931,30.0,0.09782172441482541,0.0010914414896283967,1.0,0.014487855194861204,0.00028907071805621344,50,0.16140729188919062,0.0031570506084840984,1,0.014301154903661078,0.00022714733505683053,100,0.5929755926132202,0.03425044871298079,1,0.01426566229259565,0.0002354640379203347,200,1.2557557582855225,0.08163388575982392,1
storm,1557,0.1859137847682158,0.13656304061124283,30,0.35015072822570803,0.008611479084133157,3,0.10202702337735974,0.08439719319325147,50,0.6797194480895996,0.038548630339045126,2,0.04648220032394052,0.054581824971259116,100,1.85174058675766,0.07676390544943128,1,0.03276807197191682,0.04720252708856704,200.0,3.336588168144226,0.3253713475318716,1.0,0.00010486047921279356,3.242994396487867e-05,30.0,0.16096386909484864,0.0025447098612157567,1.0,9.186744540918506e-05,2.769355104313978e-05,50,0.30223536491394043,0.005492650049146975,1,7.198965294446522e-05,2.2446387369472275e-05,100,0.5654430389404297,0.022339210313618598,1,6.424818861298412e-05,1.824714268392562e-05,200,0.9293626308441162,0.01549214468395658,1
wc+rs-3d-c4-obj1,196,0.22898245624548727,0.08110340858837678,30,0.2042548298835754,0.019443652152252938,3,0.20978204148972196,0.003959099041823551,50,0.4117367029190063,0.013065765863312151,2,0.20964469673059663,0.003918292779039067,100,1.0832229256629944,0.05445420909497279,2,0.2091253981373072,0.0038846553346585724,200.0,2.510384213924408,0.15804058418804784,2.0,0.013044619561827089,0.021688370857589352,30.0,0.14732390642166132,0.004286921495295031,1.0,0.00856369161769995,0.016450845062352774,50,0.270434296131134,0.019861934919354132,1,0.0073436289120417,0.01620739138201704,100,0.36222043037414553,0.08242846591833547,1,0.0036102906881247806,0.0021092570237515504,200,0.38241573572158816,0.1247968558014676,1
wc+sol-3d-c4-obj1,196,0.22581153943937654,0.08988933461859415,30,0.25916423797607424,0.008174682497031323,3,0.20478368498425897,0.03039913378679051,50,0.43594324588775635,0.014593412662443916,2,0.19385009203934517,0.009587683017023958,100,0.6803653240203857,0.04055871111855969,2,0.19385009203934517,0.009587683017023958,200.0,3.0519957661628725,0.07652340403804779,2.0,0.009806635368583701,0.020399314055641025,30.0,0.17189401388168335,0.009030963132024788,1.0,0.0064483079387589945,0.015415674231601678,50,0.15206903219223017,0.010987486487577202,1,0.006082708165555615,0.014152599160750068,100,0.4125593066215515,0.08524131176767837,1,0.0024689146842119354,0.002058070367073311,200,0.3257041335105896,0.1038702508072829,1
wc+wc-3d-c4-obj1,196,0.27432399578382954,0.10062194892841818,30,0.181562066078186,0.017864625990947118,3,0.2523363391260141,0.06934815290393068,50,0.38342922925949097,0.014361814750669272,2,0.2370342212395607,0.005571910753069183,100,1.056145179271698,0.04091861179985748,2,0.2370342212395607,0.005571910753069183,200.0,2.332066261768341,0.07009889483483515,2.0,0.018863151083432277,0.04162900626435521,30.0,0.19356395006179805,0.00598752392352873,1.0,0.005480729741384075,0.004670896848676276,50,0.25917495489120485,0.0225419417637269,1,0.004254525453910565,0.0034982195358399166,100,0.342551589012146,0.07639355752920673,1,0.004111591933167285,0.0030965085167105207,200,0.8996177434921264,0.2452103627441386,1
wc-6d-c1-obj1,2880,0.12595296678790607,0.0361933254667684,30,0.3683587431907654,0.01062619544343154,3,0.11097188933801816,0.036726171163095116,50,0.5568909883499146,0.009397199840697847,3,0.0939431705119817,0.020898315102360062,100,1.2893569588661193,0.07237091630645982,2,0.0856849663823937,0.0026590930544410593,200.0,3.3455065369606016,0.12509198047151487,2.0,0.015519883543153984,0.033037738901859175,30.0,0.0998319029808044,0.001118568053199623,1.0,0.00839018790261371,0.027576199546258496,50,0.2822034239768982,0.008513425120109825,1,0.007936927270667575,0.026909932878240495,100,0.5377587795257568,0.04103525726958681,1,0.006600824696243632,0.02591228817183645,200,0.8732889056205749,0.11772094841317882,1
x264,53662,0.2339298090057201,0.13984064735502535,30,0.26798306703567504,0.04306722694514563,2,0.2084162559041761,0.12902002035377763,50,0.5282127261161804,0.04934064814645392,2,0.1750261947385096,0.12787216696729442,100,1.5980036854743958,0.09307713617681537,1,0.13838341960457085,0.11521674516491072,200.0,7.434586238861084,0.23828914355226308,1.0,0.21245800089103736,0.026235276006663318,30.0,0.15784996747970576,0.0063058731314247106,2.0,0.1969859164871621,0.026030360232456785,50,0.16647143363952632,0.005685401587210583,2,0.1684700433923619,0.01876282070967574,100,0.5177399158477783,0.016575652526493605,1,0.14664629366427054,0.020679688675890318,200,0.7153208255767822,0.012776458026574424,1
xomo_flight,10000,0.6415651389475572,0.06869773401764223,30,0.9754859328269958,0.05033698788771644,4,0.5967782684756496,0.06172113922610649,50,1.5898887753486632,0.055662357066658494,3,0.5180243902463237,0.03031849906536721,100,4.952110779285431,0.11917302663560303,2,0.4418711058299336,0.03028213349037203,200.0,9.349648177623749,0.2777111694089695,2.0,0.05345922382743855,0.030633971613027056,30.0,0.4438546419143677,0.012874358758616896,1.0,0.04073629098692623,0.016648166141382998,50,0.9929391384124756,0.008003865298424126,1,0.02593996226370694,0.0049527213068352475,100,1.784209930896759,0.007572310652147738,1,0.020223717259413028,0.001954191422645241,200,3.8805164813995363,0.04650815828881691,1
xomo_ground,10000,0.6581098628178338,0.039535730428482165,30,0.8734100937843323,0.05653330048985271,4,0.6455187035220533,0.03427477059609164,50,1.320660150051117,0.06310898118994697,4,0.6030939492783917,0.03402527027468024,100,3.46663019657135,0.09678882528265993,3,0.5278476292636459,0.033684408127186614,200.0,9.311258172988891,0.17888669950822586,2.0,0.0606437726433952,0.01818386044762876,30.0,0.6371599078178406,0.0040549070591974195,1.0,0.04959111680699604,0.012016449917863745,50,1.1773286819458009,0.022823865986460114,1,0.04278964765093016,0.008155858389654998,100,1.895246958732605,0.015347541599892347,1,0.031263790799278414,0.006096684073439559,200,3.4701468348503113,0.05479120795624384,1
xomo_osp,10000,0.6767950086123747,0.052654346414002406,30,0.7755795478820801,0.03987598861961816,3,0.6559749157431451,0.052658185093147264,50,1.3819780707359315,0.054630273005360254,3,0.599778419483761,0.03661597357168293,100,3.178347337245941,0.08120266761244475,2,0.539013830773284,0.023877139604630292,200.0,9.681977462768554,0.09047010263505886,2.0,0.053884622166797666,0.02539494786905101,30.0,0.6047787070274353,0.00275464390446605,1.0,0.03747824849682347,0.009294831147751198,50,1.2642911195755004,0.012801404649482465,1,0.03137868630284478,0.006857888406443921,100,1.96758691072464,0.014141471495415439,1,0.026092374453493015,0.006625114914827273,200,4.162183928489685,0.0451724933789753,1
xomo_osp2,10000,0.5288965271785235,0.03924388135441827,30,0.8366667866706848,0.028565587619613145,4,0.5020157349507449,0.04117183334575266,50,1.6636430621147156,0.05670118829865028,3,0.4474789154691566,0.026650411157506288,100,1.76081440448761,0.29885096408361095,2,0.3805206161326583,0.02120728622005563,200.0,11.31597683429718,0.06456834619718128,2.0,0.213465399838407,0.028319132214724173,30.0,0.7182158946990966,0.006118796202791451,1.0,0.19751332341721678,0.024754033510039686,50,0.9571638464927673,0.008339630159742381,1,0.16572230205947086,0.020059671121626262,100,1.5903095483779908,0.14979412496220965,1,0.1444595553322914,0.013344772891610577,200,3.2705190896987917,0.2522886952893663,1
