Dataset,Rows,DE-30_mean,DE-30_std,DE-30_budget,DE-30_runtime_mean,DE-30_runtime_std,DE-30_tier,DE-50_mean,DE-50_std,DE-50_budget,DE-50_runtime_mean,DE-50_runtime_std,DE-50_tier,DE-100_mean,DE-100_std,DE-100_budget,DE-100_runtime_mean,DE-100_runtime_std,DE-100_tier,DE-200_mean,DE-200_std,DE-200_budget,DE-200_runtime_mean,DE-200_runtime_std,DE-200_tier,EZR-30_mean,EZR-30_std,EZR-30_budget,EZR-30_runtime_mean,EZR-30_runtime_std,EZR-30_tier,EZR-50_mean,EZR-50_std,EZR-50_budget,EZR-50_runtime_mean,EZR-50_runtime_std,EZR-50_tier,EZR-100_mean,EZR-100_std,EZR-100_budget,EZR-100_runtime_mean,EZR-100_runtime_std,EZR-100_tier,EZR-200_mean,EZR-200_std,EZR-200_budget,EZR-200_runtime_mean,EZR-200_runtime_std,EZR-200_tier
7z,68640,0.00932170544100422,0.003054490274636091,30.0,0.20921254158020014,0.002323992265920239,2.0,0.0071801664120746955,0.0036029200864199063,50,0.2800907015800476,0.019528949363477335,2,0.004859534480090935,0.00430819519129115,100,0.6757609844207764,0.009764335395197356,1,0.004055395344007278,0.004712122802427343,200,1.571783983707428,0.11428708805564511,1,0.0084205862012108,0.004301518889755352,30,0.22321286201477047,0.012176955629523891,2,0.0073044326726545705,0.004765007934601902,50,0.34830689430236816,0.010513827725024188,2,0.003344763554443729,0.004137570758833069,100.0,0.7728093385696411,0.030329831933243855,1.0,0.0004278129808471799,0.00027988376321676364,200,1.4998996615409852,0.10778641805374385,1
Apache_AllMeasurements,192,0.04045841874492606,0.02104121374570181,30.0,0.16889382600784297,0.010487130691565521,2.0,0.02858505842265039,0.012947910881504007,50,0.22964498996734614,0.021544216808478168,1,0.02343566459956175,0.004985344289732887,100,0.2823949813842773,0.047183521572440164,1,0.023435393435540585,0.004985435600143565,200,0.2891340494155884,0.05008762399072423,1,0.025294779683143698,0.013221561854259833,30,0.19961314201354977,0.007954036053093002,1,0.02206508878648593,0.000853773030865349,50,0.4363687515258789,0.07923832643904706,1,0.022020743548390693,0.0008226661473570817,100.0,1.3179023504257201,0.05973942764155971,1.0,0.022020743548390693,0.0008226661473570817,200,4.141569423675537,0.26013233779385175,1
BDBC,2560,0.0034604297704266054,0.0032804386852414735,30.0,0.17745270729064938,0.0035753239004615396,3.0,0.001974876692423445,0.0013837379485521998,50,0.2636286854743958,0.00607629629053112,2,0.001488998517030435,0.0013118142700792646,100,0.5071799755096436,0.042618550858637645,1,0.0012893380105420049,0.0012740520590047066,200,0.7184402108192444,0.1523583793654366,1,0.00245176131395851,0.0019692394896363343,30,0.18861150741577143,0.01221276489620507,2,0.0011514918925888049,0.0009547449580947085,50,0.31832185983657835,0.014081957863962175,1,0.000494435781696925,0.0006005866950145281,100.0,0.7144157409667968,0.03738161135927887,1.0,0.00022395542832407003,4.411407475686552e-05,200,1.733615469932556,0.13068677560790684,1
FFM-1000-200-0.50-SAT-1,10000,0.3410701703272551,0.036406711830580855,30.0,0.6123937964439392,0.0557780117851243,3.0,0.3173283130053479,0.031354575117335345,50,1.0728348731994628,0.08004310802765982,2,0.27533320390414495,0.020285496553422377,100,2.1333642840385436,0.19074852260334613,1,0.24501357488554026,0.020809503290682093,200,3.4607057213783263,0.4765061981551144,1,0.3109832176408992,0.028308079177678556,30,0.6451858162879944,0.0650308788716366,2,0.28601854848451913,0.021436815686644243,50,1.3740798592567445,0.19415922557703705,1,0.25075953071800544,0.01694296906231501,100.0,3.6330779671669005,0.3830062369086974,1.0,0.24354472727997178,0.012665141398980367,200,10.405868709087372,1.340082583631304,1
FFM-125-25-0.50-SAT-1,10000,0.2809045944760205,0.03149477067178159,30.0,0.4206741213798523,0.005571998571764871,3.0,0.24874971547078348,0.03009411724469551,50,0.6785403490066528,0.07407156722328603,2,0.22339280301404166,0.021587668831830414,100,1.5482141733169557,0.10111719167898459,1,0.21486961538518212,0.0055093695685147276,200,2.5332952737808228,0.42719187862525565,1,0.2749631785334886,0.03575084521355447,30,0.25263588428497313,0.01794091766659239,3,0.247649884568148,0.029329898906616567,50,0.49351729154586793,0.06944263186000872,2,0.2218301319781018,0.009279132225153268,100.0,1.0307631969451905,0.07634567053329258,1.0,0.21598198023414997,0.0060469390449084375,200,2.1184589147567747,0.13358557702470913,1
FFM-250-50-0.50-SAT-1,10000,0.3938483913384384,0.02234642561806255,30.0,0.5777842760086059,0.012326911641524073,3.0,0.37445778798246715,0.018676913695813896,50,0.6166067123413086,0.06204642361207996,2,0.3557331194557499,0.013055053956024286,100,1.8132939696311952,0.17540969229060754,1,0.34793179165190474,0.010305542398954152,200,1.9960755348205566,0.4688161477184695,1,0.37597492500084656,0.018983865489470852,30,0.2691465377807617,0.01320969728253637,2,0.36500793879522336,0.012857170476799167,50,0.4759699463844299,0.03480095426941726,1,0.3537881275503429,0.009365260290303552,100.0,1.086215329170227,0.06428106852211095,1.0,0.3452630582096135,0.006429601360481695,200,2.847389853000641,0.22611196725208588,1
FFM-500-100-0.50-SAT-1,10000,nan,nan,nan,nan,nan,nan,0.3731896210353924,0.0464026915709527,50,0.6790372133255005,0.01599042132081836,3,0.3183970511597409,0.024441780086392553,100,1.3284447193145752,0.05984153543069725,1,0.2877470481193388,0.029748076331474575,200,3.065791630744934,0.4650079409307578,1,0.3556477121429194,0.03219613775141756,30,0.3054823040962219,0.020868129885974907,2,0.3398229197325039,0.027138615194993117,50,0.5795855402946473,0.05046878915193469,2,0.3118171997887925,0.027275932629384686,100.0,1.4236289978027343,0.19350328452072418,1.0,0.2850733825080389,0.01489292940839134,200,3.6226044654846192,0.3816339703036736,1
FM-500-100-0.25-SAT-1,10000,0.38228980225478904,0.023467030379517587,30.0,0.24481674432754516,0.0075092635307268795,3.0,0.36275407278293986,0.023113843501698247,50,0.38988295793533323,0.003629230886926281,2,0.3367754757839128,0.012684716611068046,100,2.2573386788368226,0.12551717656968117,1,0.3250099953644477,0.005616680162634263,200,2.220366668701172,0.2753902450290965,1,0.35143824647645683,0.018473325959187787,30,0.3618364453315735,0.03492302326408627,1,0.3440036144295072,0.013791236750706962,50,0.6470240712165832,0.08347330147666833,1,0.33479810620960915,0.00760670459054172,100.0,1.6272485613822938,0.2349625667968058,1.0,0.3285579740189665,0.0057710172564339355,200,4.446436071395874,0.47532363875382944,1
FM-500-100-0.50-SAT-1,10000,0.37703791725816094,0.02781240646606803,30.0,0.24216125011444087,0.006437478528696872,3.0,0.35630432369716264,0.03406850192842971,50,0.4413429856300354,0.011225210981252842,2,0.32492454830166856,0.02275274912168968,100,0.8844926357269287,0.03517628326156933,1,0.30442104284224114,0.027177267190310935,200,1.286092495918274,0.1903644729422025,1,0.3431067359663923,0.026515627622769218,30,0.3165653824806213,0.028824022556163943,2,0.3249237175891011,0.014953933608038712,50,0.733456289768219,0.08761396814382362,1,0.3149105476847415,0.011068562405872987,100.0,1.805645728111267,0.20893740678715328,1.0,0.30439941103621193,0.009940021698673956,200,3.580571138858795,0.2440860197975407,1
FM-500-100-0.75-SAT-1,10000,0.35183545307759995,0.03727213171311518,30.0,0.26952682733535765,0.02559719940796153,3.0,0.3171078464689742,0.034041759222429545,50,0.8465499997138977,0.06570407834328897,2,0.27178702306511154,0.02003619096017918,100,0.7155173659324646,0.047094680139775455,1,0.25606477976612646,0.013831976467590917,200,0.9738449096679688,0.16839588283875748,1,0.31432796142099073,0.026209455128576815,30,0.33726183176040647,0.029573206201082308,2,0.28774231496468866,0.022920117840131933,50,1.1428725957870483,0.07421639770330597,1,0.2670259635573448,0.015626630165139044,100.0,1.5175358414649964,0.17675127663443108,1.0,0.25217136788265293,0.007075697889745677,200,4.659865689277649,0.5150145114744562,1
FM-500-100-1.00-SAT-1,10000,0.37493676382986774,0.03816036309045658,30.0,0.24903252124786376,0.0102814777231427,3.0,0.34549932090078633,0.027872038083040167,50,0.38870973587036134,0.00781574251268786,2,0.31193807017375075,0.014243027879028446,100,0.8375060558319092,0.07408727047257374,1,0.2986066235861242,0.010369125229427973,200,2.492798388004303,0.5522022213624191,1,0.32873075947170066,0.02537302528988127,30,0.4748085021972656,0.023171229958903663,1,0.310709850498743,0.014455738208597595,50,0.8958488464355469,0.064113796748564,1,0.29734722510691275,0.0073921521447959685,100.0,2.893799889087677,0.2895167582677479,1.0,0.29206859755540476,0.002568504211164286,200,5.670822751522064,0.43605751856820096,1
HSMGP_num,3456,0.013322845681259165,0.007366903340797191,30.0,0.10267140865325926,0.0005993344662932963,3.0,0.008079323996614254,0.0059031318574642175,50,0.16853172779083248,0.0007235559464572948,2,0.0042586030635376705,0.0042380842873447795,100,0.6377444505691529,0.01221637168977861,1,0.0019026745464839547,0.001816976510193987,200,0.6338643312454224,0.035573501205594375,1,0.009360983955729024,0.0048849963969331235,30,0.14355498552322382,0.003423589535429016,2,0.0065952307085379806,0.0028933971539610074,50,0.24507457017898554,0.00817413068458819,1,0.0038876183345322645,0.0013886235512317574,100.0,0.7188671827316284,0.03223653843957698,1.0,0.00268331354630088,0.0009537001516823701,200,1.3974017739295959,0.06331439764818488,1
HSQLDB,864,0.00508184228534131,0.0025619224609803935,30.0,0.1322850108146667,0.002729329358658806,2.0,0.004304153557728194,0.0024626399540042436,50,0.23905867338180536,0.004799319866725684,2,0.0028741087801117554,0.0016937135064281365,100,0.5539015173912049,0.052421318921027825,1,0.0026727248812768055,0.001663810689708573,200,0.7193794250488281,0.18572552125027034,1,0.0023132417008482347,0.0008358248190488725,30,0.14455200433731075,0.0068215221593753055,1,0.00212520154976876,0.0006794363509191151,50,0.2640703797340393,0.015702574814915726,1,0.0016922008379361552,7.750282750107084e-05,100.0,0.558160126209259,0.0328418361055869,1.0,0.0016088007413008298,4.368202570009043e-05,200,1.2469638466835022,0.07558767037701923,1
Health-ClosedIssues0000,10000,0.22556502347604193,0.08023777707800607,30.0,0.5184089183807373,0.029287701218812367,2.0,0.17299808937074157,0.03838602417166189,50,0.5221880316734314,0.005115050477079347,1,0.15699591308852015,0.024152919506827075,100,1.0121297478675841,0.024935399549324895,1,0.14612666430616333,0.015732388157624348,200,3.3667085766792297,0.18311752024398792,1,0.1854922942386426,0.030817196446781055,30,0.35265369415283204,0.022835636723112222,1,0.16692007818836954,0.020567770417081462,50,0.7085200905799866,0.0817406213805811,1,0.14835694672908875,0.00981258648572437,100.0,1.1859367489814758,0.07592361697045712,1.0,0.14098372014687993,0.004681290502791263,200,2.3457741022109984,0.03390677580049335,1
Health-ClosedIssues0001,10000,0.453420436497033,0.016544282016828952,30.0,0.3373239040374756,0.004040373544887378,3.0,0.4458168801921568,0.015151076357149332,50,0.7533977270126343,0.059637204405229696,2,0.4392779319355327,0.01339895284121733,100,1.0627246260643006,0.017477053865193878,1,0.4305160996804262,0.01840006707095746,200,1.5028490543365478,0.25513314459460174,1,0.45295331654092913,0.017252824289983936,30,0.35251606702804567,0.025693483024021004,3,0.4436145591117232,0.024083496863583492,50,0.6277548193931579,0.03488445926676207,2,0.4373317094466077,0.02620538736869666,100.0,1.1855552077293396,0.006343761757650866,1.0,0.4345011094693326,0.025157281421943328,200,2.3418216586112974,0.012811609148994532,1
Health-ClosedIssues0002,10000,0.17265536049491842,0.02474689741133235,30.0,0.2972469687461853,0.0024348405235026125,3.0,0.15978686497298272,0.038829708381962806,50,0.5053765416145325,0.0062564238203547074,2,0.14339357767327096,0.04311858775553809,100,1.8240296006202699,0.09186029797139421,1,0.12602316573041103,0.04122530103087639,200,1.3716166019439697,0.2760169486434337,1,0.17882779636638302,0.007008487557915416,30,0.378667950630188,0.03654641038926818,3,0.17874635694213398,0.007000203307603153,50,0.5910214304924011,0.043676585558332995,3,0.16018827865055524,0.03638877889327388,100.0,1.2258816957473755,0.07500335138218359,2.0,0.14231084594813914,0.04649413827247885,200,2.5565746426582336,0.1430076282650122,1
Health-ClosedIssues0003,10000,0.24566410596909477,0.039330170033363636,30.0,0.43576819896698,0.005937535536419998,3.0,0.20932098874532595,0.03766165327403081,50,0.7810497641563415,0.01397080045567687,2,0.17897943515021192,0.031520272347887256,100,2.05495525598526,0.045280006141352726,1,0.15606705342527433,0.02411322954491311,200,3.1629761457443237,0.3058569064991546,1,0.18840529519174076,0.038358596757951176,30,0.596832275390625,0.0426050427390693,1,0.17382364545281428,0.029896818800352873,50,1.0756274819374085,0.060299948044387715,1,0.14932121750753924,0.005482614141736436,100.0,1.3301778197288514,0.13654323472606905,1.0,0.14440987931521682,0.0041123475659546995,200,4.351706683635712,0.15165823874542153,1
Health-ClosedIssues0004,10000,0.2856327511295836,0.011414049999480497,30.0,0.40952301025390625,0.0032266920662000586,3.0,0.27863651473916623,0.00986136791288884,50,0.6756913542747498,0.005052813987630507,2,0.2698094835239026,0.00568574221948364,100,1.0446866154670715,0.030098136271516376,1,0.26523597605719684,0.00587869998816972,200,3.1689626932144166,0.28187074141485596,1,0.28819520511720587,0.011322737474601356,30,0.5803221464157104,0.04186579352582298,3,0.2803220488814542,0.007147981990958011,50,0.946501362323761,0.04222990472023305,2,0.27580900007668935,0.007657103550275125,100.0,2.023308074474335,0.05124057570495054,1.0,0.27214149242704033,0.006298608336165378,200,3.9299302816390993,0.027776478875623404,1
Health-ClosedIssues0005,10000,0.23944208373742876,0.005437491050193628,30.0,0.44946794509887694,0.0048472274393941495,3.0,0.23799126255497516,0.00551426672174069,50,0.8567539572715759,0.069866015927989,2,0.2343351977492397,0.0036237621499943698,100,1.8791954159736632,0.03784413467601566,1,0.22981137482456723,0.003721405350478682,200,2.255636990070343,0.2019357411063879,1,0.24017655618732206,0.004713909364272751,30,0.5846823215484619,0.043874013416679715,3,0.23693643168421463,0.0054321586751914204,50,0.9093310832977295,0.05413032641126922,2,0.23475594693836838,0.005362351203304825,100.0,1.9337641954421998,0.04858611358470974,1.0,0.23203384793689413,0.004554122630428329,200,3.638904404640198,0.15804484637889563,1
Health-ClosedIssues0006,10000,0.12469462988795235,0.010706877053017063,30.0,0.44169405698776243,0.0027208160982279505,4.0,0.10992827087983748,0.015145902394833616,50,0.6523247241973877,0.08696644229043256,2,0.09459948612019248,0.01193230070795221,100,1.212043583393097,0.15757046957356602,1,0.08478223387317477,0.010553465849906416,200,4.0426781415939335,0.11685970509529041,1,0.11704846643100401,0.0116632886752796,30,0.5111225008964538,0.06125946925125908,3,0.10986377267536726,0.01396807110920043,50,0.8261987805366516,0.055022505687676374,2,0.10198000764514148,0.009777608810064385,100.0,2.0758312940597534,0.04446216147952547,1.0,0.09579630120861896,0.011905564167814365,200,3.5689719557762145,0.1728552799004128,1
Health-ClosedIssues0007,10000,0.46793330379285375,0.08503887486974047,30.0,0.44279606342315675,0.003984183679084816,2.0,0.4084123589335558,0.06734153422312933,50,0.7614056587219238,0.01578352371332779,1,0.36906360685485756,0.06634741636579133,100,1.6269268989562988,0.14860453601169954,1,0.3339630246373911,0.038456269523396154,200,1.8660770416259767,0.3631099365571243,1,0.5310340215207048,0.0639402325482218,30,0.5042503714561463,0.0592272310549277,4,0.49072491340015506,0.060768043451968755,50,0.8666575670242309,0.09869518646643374,3,0.44128358288831404,0.05249774101058089,100.0,1.7115557074546814,0.09813599811214738,2.0,0.4192382972559646,0.0335109721541516,200,3.6375300526618957,0.1551160252312139,1
Health-ClosedIssues0008,10000,0.3120549402279571,0.05450608496398433,30.0,0.47156769037246704,0.009602673788040701,2.0,0.27911304350272004,0.043046839501486314,50,0.7567784667015076,0.05351827322983563,2,0.2621909077123603,0.033983610888992065,100,1.2060765862464904,0.1317693830969186,1,0.2487836681191284,0.024374979308570036,200,2.9465630531311033,0.22865129543090199,1,0.2853411462208778,0.06538682054085408,30,0.4732944965362549,0.05230327770393239,2,0.25631735764900243,0.013787512004546183,50,0.9205079913139343,0.04817122769755558,1,0.24826384717958852,0.00808979758985091,100.0,1.5978625297546387,0.10128110579444628,1.0,0.2430333425073278,0.004560744434278786,200,3.0499614477157593,0.18466723661943585,1
Health-ClosedIssues0009,10000,0.3428794180165825,0.06732838871638615,30.0,0.4580446004867554,0.005483708422571722,3.0,0.2925190613608344,0.05145429143665829,50,0.7575646758079528,0.010466355546111753,2,0.2620666039918728,0.03403199401757365,100,1.2779393315315246,0.15756455836931357,1,0.25162997240979357,0.03298518961522106,200,2.30347398519516,0.31633606086938754,1,0.3052427493491183,0.05860709764398778,30,0.5516818523406982,0.04965365725654347,2,0.27918587584535015,0.039358789811897416,50,0.7179885625839233,0.07058169357703115,1,0.26248554460142753,0.011543852019147857,100.0,1.821059226989746,0.03666609179504062,1.0,0.25226660194595574,0.006789822998762331,200,3.061528241634369,0.2214761810353039,1
Health-ClosedIssues0010,10000,0.4845602003885533,0.007857529856221835,30.0,0.5710184216499329,0.010061008021884697,3.0,0.47991640936031965,0.006309901923753381,50,0.9560935497283936,0.010686695919958435,2,0.4758534646935277,0.007036272677564723,100,1.4033156633377075,0.1293739029770077,1,0.46563110989782686,0.008744229351169457,200,3.7757851839065553,0.22149000946000838,1,0.4861158069839167,0.0063495389787583695,30,0.4239077210426331,0.05788090033214656,3,0.4834194515324389,0.006183716621741864,50,0.7010927438735962,0.04771078272654211,3,0.47846476437547586,0.005895044294737553,100.0,1.4437408208847047,0.1008299842164948,2.0,0.47311852371399404,0.008224806928812663,200,2.8348010659217833,0.19948223516845143,1
Health-ClosedIssues0011,10000,0.06378762415411904,0.05468782905772773,30.0,0.5652207970619202,0.005953860865294588,3.0,0.03247251046279477,0.040114386733549244,50,0.8243118643760681,0.04453094242336613,2,0.007226258967344165,0.010304742901189264,100,1.9619139432907104,0.03725865592356263,1,0.0017466877645202152,0.001588994866230419,200,4.275335204601288,0.1261174582558521,1,0.035250023259441474,0.04240838142742045,30,0.4470345854759216,0.06022252033289155,2,0.010699369543357245,0.009046551512052402,50,0.7215848207473755,0.05505227325223646,1,0.005079215245211851,0.0038204676709208065,100.0,1.4788738012313842,0.11260824929845102,1.0,0.00321384456072726,0.0020461060817633025,200,3.097992718219757,0.20133713238285536,1
Health-ClosedPRs0000,10000,0.0,0.0,30.0,0.33918132781982424,0.004958149511659226,1.0,0.0,0.0,50,0.6251851677894592,0.010379831849065567,1,0.0,0.0,100,1.2692467093467712,0.03743540153314089,1,0.0,0.0,200,2.405310034751892,0.05471796788617772,1,0.0,0.0,30,0.27285405397415163,0.002464390761484055,1,0.0,0.0,50,0.5699608206748963,0.06823331133301146,1,0.0,0.0,100.0,0.9659983277320862,0.06476257258176746,1.0,0.0,0.0,200,1.9880021929740905,0.19723054544978585,1
Health-ClosedPRs0002,10000,0.02109859126573969,0.00011465521138019843,30.0,0.5294787645339966,0.010875629196735967,3.0,0.02097836802725273,0.0004086963921819924,50,0.8031305313110352,0.014258102514534486,3,0.020852566704661346,0.0006009327420438385,100,1.801525318622589,0.07044667227816244,2,0.02024868626821305,0.0008312028105114779,200,3.470013988018036,0.12612856429952343,1,0.021121308675497823,1.3059866396360008e-05,30,0.41641714572906496,0.046890440289018384,3,0.021121308675497823,1.3059866396360008e-05,50,0.6122109532356262,0.06091497570114152,3,0.02099249783456047,0.00040756430063661214,100.0,1.530437207221985,0.07364391308290016,3.0,0.020696461042010762,0.0006890701885641799,200,2.763793182373047,0.2669668294684183,2
Health-ClosedPRs0003,10000,0.0829636089857117,0.00025833227030044604,30.0,0.46050013303756715,0.008638066215271398,2.0,0.08271019089874551,0.0006752866928658155,50,0.7773659944534301,0.012629772970084316,1,0.082497786977923,0.0006424858510627439,100,1.8445626139640807,0.08806477515180036,1,0.08215040938545833,0.0007679446148544712,200,3.2664589047431947,0.5732274560021868,1,0.08309341603589024,1.6324456666696272e-16,30,0.391415011882782,0.04774997495680749,4,0.08309341603589024,1.6324456666696272e-16,50,0.6093364953994751,0.05907090879290156,4,0.08308285214226208,3.7868541659724585e-05,100.0,1.1949504971504212,0.07762168512112477,3.0,0.08307159207631357,6.564854951365082e-05,200,2.612250816822052,0.15259067361000112,3
Health-ClosedPRs0004,10000,0.37100938340956857,0.10974974390006605,30.0,0.5192100405693054,0.008410433820557879,2.0,0.3072945512731323,0.036608890195166804,50,0.7909110069274903,0.027236613540623834,1,0.2863207968133288,0.008583254178306708,100,1.4788087606430054,0.14825142918451112,1,0.28139722297753356,0.006018990899379282,200,2.762461268901825,0.4768623475656968,1,0.3798725972762761,0.08618139506557704,30,0.22338572740554805,0.03034818889158497,2,0.3348303952133597,0.05233448710982738,50,0.3877073287963867,0.0495536131593922,2,nan,nan,nan,nan,nan,nan,0.2898369478974362,0.007539473014862342,200,1.4079587936401368,0.061389440832422704,1
Health-ClosedPRs0005,10000,0.003282711202888039,0.005274612708753825,30.0,0.5241439342498779,0.02927139845307849,2.0,0.0016290762205700391,0.004670949147334846,50,0.6835288524627685,0.014863022446173184,2,0.00010218590254856285,0.0004322653087273272,100,1.4263574719429015,0.04105870181146891,1,0.0,0.0,200,3.581184506416321,0.21575300888751417,1,0.0010872739047600882,0.0013279030788542331,30,0.22445452213287348,0.03143328550154937,1,0.00013436947789839578,0.00032723552362982883,50,0.35429795980453493,0.035659042834068934,1,4.815742445998631e-06,1.2836244973281664e-05,100.0,0.7110507965087891,0.07233439247164092,1.0,0.0,0.0,200,1.563746702671051,0.13708195982529953,1
Health-ClosedPRs0006,10000,0.28067997432914965,0.1637732516206373,30.0,0.44329993724822997,0.00554509581802425,2.0,0.21316956060856412,0.15287067162089804,50,0.8844548106193543,0.012903114874649745,2,0.09711925076389921,0.07171427571371793,100,1.6305490970611571,0.10014010417801607,1,0.05794121171273262,0.01911365987707928,200,3.93987557888031,0.35522822712004126,1,0.24924987231160162,0.09427925411839799,30,0.21900937557220454,0.029528681177845847,2,0.2205367269460466,0.08781837326453909,50,0.35341356992721557,0.0337758283204316,2,0.15462375792923932,0.06984929777590788,100.0,0.7171112298965454,0.07215087364503181,1.0,0.11115678577620465,0.044808559711101516,200,1.4480061888694764,0.13969253015051844,1
Health-ClosedPRs0007,10000,0.11934927875602701,0.10750508144472026,30.0,0.5695279002189636,0.009044267815621678,3.0,0.06927545972919888,0.04512235924198454,50,0.7315621972084045,0.016508252167500768,2,0.027738019785808726,0.01625254742950242,100,3.289474308490753,0.08584222841418657,1,0.016941885386486687,0.010711860039467034,200,3.501904010772705,0.1853206160056238,1,0.08900648528433172,0.03750550916457449,30,0.4505756855010986,0.06305303815686167,2,0.06325673657581835,0.02494539348168146,50,0.8702503561973571,0.03648298672389661,2,0.04286373419922224,0.017383483866019768,100.0,1.9232937693595886,0.040272829326226056,1.0,0.03356823890304893,0.009376930440734933,200,3.191380727291107,0.2462064560776918,1
Health-ClosedPRs0008,10000,0.5469176819006406,0.12519833199394326,30.0,0.4574743151664734,0.007113412167560788,2.0,0.5044193675063948,0.13052996241596282,50,0.6784994602203369,0.014494580546170137,2,0.37733080970147526,0.17717405735920766,100,1.372547972202301,0.0722626513202887,1,0.291447326571089,0.1721635622295174,200,2.063356614112854,0.3712007076609933,1,0.6278790313932462,0.05429937436599154,30,0.5389043927192688,0.011282211807382354,4,0.5998551619201989,0.03701369536403393,50,0.380121636390686,0.06621627578263611,3,0.5782656149270081,0.0500197449378049,100.0,1.7149827599525451,0.1194953843543871,3.0,0.5589826901420589,0.03822128603594301,200,3.1136470794677735,0.3281372412221987,2
Health-ClosedPRs0009,10000,0.5124494234944426,0.13000196689989438,30.0,0.4528533101081848,0.005820411685416078,2.0,0.4558409123203873,0.12357373101517632,50,0.7931180238723755,0.02334244743507359,1,0.40359976835081285,0.11952460241794763,100,1.3848880410194397,0.08778110393737483,1,0.37101997078143295,0.10515052881204094,200,1.7022845149040222,0.2945264049644021,1,0.5737303818486654,0.1090022743528507,30,0.22212572097778316,0.030123097599883297,2,0.5343351547120028,0.12082808832681027,50,0.46578437089920044,0.06121243054845931,2,0.44831892579055976,0.11399838263741087,100.0,0.7818807125091553,0.0985555375081357,1.0,0.38803619809452006,0.09120014566206004,200,1.620513951778412,0.13466459664783156,1
Health-ClosedPRs0010,10000,0.4107266229057148,0.12606575055704403,30.0,0.5660954594612122,0.014934921594606023,2.0,0.3623489829725134,0.1235311239275829,50,0.7448405742645263,0.024049080850081284,1,0.31070764035409987,0.11311559159912589,100,1.2732905387878417,0.09069617032426688,1,0.2784310037759935,0.10117689713886244,200,3.3777072429656982,0.43585934437329327,1,0.45430699481673925,0.07478542853831537,30,0.2215062141418457,0.03583875879771569,2,0.42286313947900195,0.057898241013443326,50,0.3553542494773865,0.03584748098874864,2,0.3432389430341002,0.06879255282284624,100.0,0.7155034899711609,0.07261422195021938,1.0,0.27642852221428144,0.06015967557109234,200,3.7820284605026244,0.05674775530913616,1
Health-ClosedPRs0011,10000,0.0,0.0,30.0,0.4540883660316467,0.008030255086320184,1.0,0.0,0.0,50,0.7724182963371277,0.031627831818375536,1,0.0,0.0,100,1.4316469430923462,0.03615705636955812,1,0.0,0.0,200,3.157138633728027,0.18786049987006015,1,0.0,0.0,30,0.24399639368057252,0.03824049187706287,1,0.0,0.0,50,0.7453699946403504,0.05773030736693641,1,0.0,0.0,100.0,1.4684801697731018,0.11475665920057966,1.0,0.0,0.0,200,1.6430741786956786,0.26865970260825184,1
Health-Commits0000,10000,0.20386668178433687,0.06645487465644093,30.0,0.4400510549545288,0.010918182645273682,2.0,0.1864676748862859,0.0608126667408499,50,0.709671151638031,0.012386522995434142,2,0.13671467535581058,0.04725582596262635,100,1.518979549407959,0.07086735448168745,1,0.12108991241701657,0.04721507395863368,200,2.7658020496368407,0.3759835455334362,1,0.22983062826483738,0.055536082513685144,30,0.4060365676879883,0.002493128783805257,3,0.1942042099940965,0.055395153770225636,50,0.685098159313202,0.004207836250293767,2,0.13929251736020504,0.030746297535693447,100.0,1.4567156791687013,0.129547492012535,1.0,0.12701873554222837,0.020461596233937743,200,1.6084116697311401,0.2016409039451107,1
Health-Commits0001,10000,0.16428492331101388,0.0014286441808037318,30.0,0.43192259073257444,0.006403836998626645,2.0,0.16388621934613828,0.0016722047052861989,50,0.7036095142364502,0.016702440702288917,1,0.16339913606517015,0.0018469801087298385,100,1.4235482215881348,0.030414340317746903,1,0.16257418782756128,0.0020410858634259416,200,3.0320223331451417,0.2662785727498511,1,0.16495871683093738,6.461192975840488e-06,30,0.3666767835617065,0.04292352230746791,5,0.16495721976846375,2.1733836753883296e-16,50,0.7667641520500184,0.05538614759807579,5,0.1649259941618314,0.00013024067832836117,100.0,1.201262152194977,0.10433876685933677,4.0,0.16472233830750466,0.000900523114398489,200,2.407447004318237,0.21640794243971617,3
Health-Commits0002,10000,0.4134378357939569,0.10907218824078671,30.0,0.46062841415405276,0.006840111282948023,2.0,0.35728652156773555,0.10123349346305599,50,0.7482970595359802,0.013929089293098329,1,0.31198100593149986,0.083252559044992,100,1.7045824646949768,0.07222233657949763,1,0.2833153008817805,0.041925613834294106,200,2.202663815021515,0.3830726013300587,1,0.4928090393191124,0.04202948386809881,30,0.3680958032608032,0.043504243275299295,3,0.49012099450420543,0.04304977378007225,50,0.6021208167076111,0.06298090402736253,3,0.47625603082922063,0.06327024791680397,100.0,1.4401511549949646,0.11590021090547979,3.0,0.4460208906457567,0.10373594135031718,200,2.437246537208557,0.2371286255183492,2
Health-Commits0003,10000,0.36505541240081973,0.043436050359357534,30.0,0.3111307144165039,0.009913475310005308,3.0,0.33666716829436866,0.037676000652073646,50,0.7367551684379577,0.006776045351631756,2,0.3024545100824293,0.026571467814445814,100,1.4541821122169494,0.155933871624523,1,0.27162387126663967,0.02410858052045783,200,3.126642847061157,0.33734893958792084,1,0.3646865617524721,0.03183807886743276,30,0.35067150592803953,0.03284284420657427,3,0.3370217385759727,0.02596470313942701,50,0.5931878805160522,0.037355874747254506,2,0.3244243667573161,0.02685884647192879,100.0,1.3489977240562439,0.16184375309215018,2.0,0.3151796447190373,0.023873914555189172,200,2.3584556341171266,0.07934452812798816,1
Health-Commits0004,10000,0.22112614124337035,0.008217533097918487,30.0,0.4626626014709473,0.00553819747876402,2.0,0.21797839746113423,0.009465211338863676,50,0.5130584478378296,0.0095920457181338,2,0.20978969980388512,0.00972964240864257,100,1.0571079969406127,0.060379398564964916,1,0.20400743112473604,0.010308693454430602,200,1.4296564936637879,0.35551116887200107,1,0.2254389484189984,0.0022125230186591273,30,0.3912049412727356,0.0424981033513905,3,0.22436794629223727,0.0048496990287251775,50,0.7057132840156555,0.04493499518555983,3,0.2236854164560992,0.004885149389467714,100.0,1.2913192987442017,0.1188132571207605,3.0,0.22299083753751003,0.003793703797842378,200,2.6313438296318052,0.24178302576860974,3
Health-Commits0005,10000,0.2190158745611265,0.04432930196216705,30.0,0.3189286947250366,0.004619970324984303,2.0,0.20533203664981664,0.0382310316332634,50,0.5499460816383361,0.012419749253321356,2,0.18234747766547427,0.014582029553089487,100,1.0078617572784423,0.030221250606015732,1,0.17108970570169213,0.013017652064458644,200,3.5101088881492615,0.28416212635481436,1,0.19895698524479566,0.025627573803214898,30,0.3688506603240967,0.0387159039695551,2,0.1850078028029664,0.014796672852622055,50,0.6778808832168579,0.09858315855897651,1,0.17499364987462498,0.009708413016238083,100.0,2.0716087460517882,0.029880734670320062,1.0,0.17034110643867625,0.006348200581983361,200,2.597056531906128,0.24229848441626903,1
Health-Commits0006,10000,0.29026940163410697,0.019578790694086946,30.0,0.5805882930755615,0.006723053922634578,3.0,0.2763360993639005,0.021912031748263876,50,0.739952540397644,0.02090471924501808,2,0.2535914844767813,0.012887313540963792,100,0.9756303668022156,0.12353197522092668,1,0.24014727919676176,0.008980394330611008,200,1.6038720726966857,0.4143735452005361,1,0.2938853296569107,0.015421262608548227,30,0.5925138354301452,0.04352079527720933,3,0.2891437455713765,0.0141782582350995,50,0.9953930020332337,0.021327803281074465,3,0.2680473569725009,0.014235489450693427,100.0,2.2355600118637087,0.13955586597958303,1.0,0.2615738799279278,0.015750261734727884,200,4.452792465686798,0.11179073659585789,1
Health-Commits0007,10000,0.233415406692237,0.03167459809433678,30.0,0.30617724657058715,0.003817761948064182,3.0,0.21785171684286606,0.0213271480649434,50,0.7986770749092102,0.058495698678677405,2,0.1883655957938987,0.023799257000100514,100,1.7729026913642882,0.11096626285359598,1,0.18132049253677426,0.02419118325765289,200,1.5828513622283935,0.2966665258963114,1,0.21889892400032057,0.01681368828973197,30,0.583027458190918,0.048219585316245886,2,0.2139829324380051,0.01648459480576443,50,0.973974096775055,0.03252403779990208,2,0.19019767227573428,0.02189094468645147,100.0,1.9443089008331298,0.019637044548825096,1.0,0.1860660397253319,0.018377008856780383,200,3.7159903764724733,0.09259994906296606,1
Health-Commits0008,10000,0.3704117255064799,0.03714953701604122,30.0,0.3109984636306763,0.002937550039968896,3.0,0.3435524901711514,0.03239374109684599,50,0.9480696558952332,0.024760861827413754,2,0.3175964006227344,0.027608811517198215,100,1.7665157198905945,0.13946724581501538,1,0.30588353487732134,0.0259912038637121,200,1.7459195613861085,0.25829125150590554,1,0.37401388242697553,0.023855115180316654,30,0.6109414935112,0.046745882532204734,3,0.371569323690898,0.02114324452321609,50,0.8451175332069397,0.06341719563210745,3,0.34400249352102213,0.021124062418080375,100.0,1.8857098698616028,0.0964891865302276,2.0,0.3194374359834834,0.02284188766315918,200,3.5748804450035094,0.20658068451689113,1
Health-Commits0009,10000,0.13989824258527545,0.0046737216829002785,30.0,0.3022851586341858,0.002788132860918528,3.0,0.135394089174629,0.006871522373023628,50,0.5491379618644714,0.0067942766748079015,2,0.1292029882304658,0.007814634319464843,100,1.4132856249809265,0.17319188060012145,1,0.12393074481894421,0.007771582371590314,200,3.4756314873695375,0.19339534435584416,1,0.13880831444984185,0.005226277320708565,30,0.5102481961250305,0.06266680107123117,3,0.1356796157536833,0.005859284335491178,50,0.8106804728507996,0.0398756230602453,2,0.13253224033445263,0.005807004981792232,100.0,1.6129262924194336,0.12259528322515474,2.0,0.1286079298430963,0.004995245938043573,200,3.273178207874298,0.2583066177052592,1
Health-Commits0010,10000,0.30862053226390757,0.014831564433955932,30.0,0.3176675200462341,0.003358767238989742,3.0,0.30340685795822503,0.013927490010318793,50,0.8448262929916381,0.06253211032522794,3,0.29467686376577945,0.012866692677684689,100,0.9940532922744751,0.03833099283942572,2,0.27880451628930436,0.007721400097895503,200,3.513602077960968,0.1760299215238902,1,0.29426008488141725,0.010045407795125272,30,0.4812044620513916,0.054067195508273456,2,0.2925687893756623,0.009771579504529527,50,0.7782238602638245,0.054388284934830076,2,0.2875288984284432,0.005562256345672539,100.0,1.812907099723816,0.13501199083534748,1.0,0.2819503828092275,0.006157242670722808,200,3.5265771627426146,0.3483979439561549,1
Health-Commits0011,10000,0.056866819896144206,0.07340991199146708,30.0,0.3412708878517151,0.006741615337204039,3.0,0.02918335495330112,0.04170213552649278,50,0.7487588167190552,0.01383950707291903,2,0.00574764761163739,0.010435990376448209,100,1.4960717797279357,0.06174148946292666,1,0.000482501087451565,0.001009438352772047,200,3.1390639781951903,0.2675200118461283,1,0.02614304443753989,0.02509752261132203,30,1.0216392755508423,0.02364047368315346,2,0.01248643778418813,0.010583753055818204,50,0.7804443836212158,0.06279413093719279,1,0.005418140108761495,0.005399476076800839,100.0,1.4688765287399292,0.08159611631779651,1.0,0.0016682659455100398,0.0024133339034778972,200,3.512742817401886,0.2408092343549918,1
LLVM,1024,0.09403804890835613,0.07807271394906115,30.0,0.14013488292694087,0.005764628398873014,2.0,0.07427514755978301,0.06087545006394651,50,0.27858824729919435,0.015320550244651069,2,0.05239801001888413,0.0414876270958059,100,0.29877684116363523,0.05384208930022908,1,0.05191403545071662,0.04154639803421657,200,0.3537882328033447,0.07731391812457877,1,0.050706805898136406,0.007933314950422196,30,0.14857231378555294,0.0046008995357830615,1,0.04477432654789758,0.00469976751776816,50,0.2570455431938171,0.010596894618649896,1,0.04162398885496184,0.00191593640501876,100.0,0.6686119794845581,0.12464206750699468,1.0,0.04138121776637632,0.0015680958064575963,200,2.417630970478058,0.18312305249206126,1
PostgreSQL,19008,0.020204913678369456,0.0005100650224082149,30.0,0.1820104360580444,0.0025681778579152593,3.0,0.01987864942276728,0.00044359428870768445,50,0.17620912790298457,0.004218268815772134,2,0.01963425558207074,0.0002514183866356926,100,0.4574952363967896,0.013333351491028081,1,0.019552829313576853,0.0002669915918784709,200,1.1725011944770813,0.07149606486215164,1,0.01982161134400842,0.00034122269014453486,30,0.11558911800384519,0.0063529199976868735,2,0.019607996267619235,0.00025383420121110717,50,0.17822821140289302,0.006911292061282875,1,0.019465946942705106,0.00019198062746207266,100.0,0.393924617767334,0.021522464895397806,1.0,0.019464414181348713,0.00019023118892995034,200,0.5829140186309815,0.0918878760786379,1
SQL_AllMeasurements,4653,0.3044247190321862,0.054342169781235516,30.0,0.1396488070487976,0.003287488094517243,3.0,0.2886596550648426,0.04509661448561044,50,0.25829888582229615,0.0015847822084206846,3,0.2472539049848455,0.038189679674167365,100,0.5186029672622681,0.005821157180098764,1,0.22252889428189265,0.027943331097130982,200,1.0367157459259033,0.023679396688465117,1,0.2920063942305174,0.04469309432236376,30,0.289809513092041,0.029851459645364974,3,0.26939718785446976,0.04066514499764888,50,0.4366310715675354,0.04698066649112971,2,0.23434132891862336,0.018606778032459755,100.0,0.5385966062545776,0.11679178148647154,1.0,0.22302962487723602,0.010308455687423767,200,1.9792970657348632,0.3616177288389642,1
SS-A,1343,0.14729787074489484,0.12475550203911474,30.0,0.29222058057785033,0.004879723180749905,2.0,0.10093078925935497,0.054811023978060806,50,0.3469529628753662,0.02204347787694694,2,0.06983611940315704,0.03754790920554391,100,0.8595560431480408,0.12411288566760302,1,0.051080228763704896,0.029373648726499276,200,1.5078488349914552,0.4306127417669738,1,0.10003673121843995,0.12559985308924113,30,0.3808616638183594,0.0019168214008176776,2,0.05980108599611432,0.026153079540193074,50,0.5015452384948731,0.0468841831724571,1,0.04308710727882893,0.010423385090472375,100.0,1.036609423160553,0.07399649287147755,1.0,0.03574021692197785,0.007655584081908456,200,2.020137917995453,0.13506312078779764,1
SS-B,206,0.1952570971940874,0.09025900416185349,30.0,0.28948746919631957,0.010798477970705312,2.0,0.1527954266086062,0.024218353744757743,50,0.44697158336639403,0.03828733249719081,1,0.1409136108253235,0.0045572444439761,100,0.7601062536239624,0.16112392138389126,1,0.14007354893310012,0.004727668229462474,200,0.6379922151565551,0.1490277475485066,1,0.15786555950356457,0.02160394805336037,30,0.32464113235473635,0.014138540476213296,1,0.1434163579652456,0.0058319020239037045,50,0.6756907343864441,0.007165848114424964,1,0.14049241930244877,0.005006061449366842,100.0,1.0804188966751098,0.07268408814214489,1.0,0.13931995203846528,0.004595289589734975,200,2.430874931812286,0.21530124233883205,1
SS-C,1512,0.16676789906432996,0.14047271995333574,30.0,0.26163501739501954,0.005435434730276641,1.0,0.10866278604242494,0.02425349635209819,50,0.5851726293563843,0.05216408550164784,1,0.09581559309357186,0.006638020160713809,100,0.8702272415161133,0.19085167696959313,1,0.09545506263621492,0.006792742143302481,200,0.8625864505767822,0.21756428437098632,1,0.42778549715270664,0.1396961357389694,30,0.3706734776496887,0.00793835801203525,4,0.34184449621961427,0.12285042415826525,50,0.5445187330245972,0.025701182080820922,3,0.2595060656144244,0.03842134241812044,100.0,1.3173566818237306,0.008833076691580392,2.0,0.23467184552323755,0.06096972583499447,200,2.101081907749176,0.3774446898938574,2
SS-D,196,0.44762207851499697,0.016134945330882805,30.0,0.20183398723602292,0.005124085747826332,2.0,0.4447986484955351,0.01764707335717496,50,0.4875245690345764,0.015876597687221713,2,0.43520287051002954,0.028046118398216326,100,0.9330583214759827,0.05211211638850847,1,0.42531796700405183,0.03213248547631301,200,2.0800188541412354,0.254495768797674,1,0.43914793957563314,0.025374259706317397,30,0.20247713327407832,0.0012395614205485317,2,0.4391184937736881,0.025355604884316374,50,0.6307057738304138,0.013998123944282806,2,0.43307576899315625,0.02901567137353856,100.0,1.2549615621566772,0.028053346035077635,1.0,0.43003201371670896,0.030470952545963555,200,2.631996238231659,0.08413880412229587,1
SS-E,756,0.18586663999137845,0.03655086424261105,30.0,0.38082419633865355,0.005332057129550153,2.0,0.17799479967361245,0.033982874381723156,50,0.3208102107048035,0.007571599678564436,2,0.15795594251250664,0.010782906475352296,100,1.0691329479217528,0.055472018329669574,1,0.15088245581922796,0.003201273001140705,200,2.5409841299057008,0.09862988432014928,1,0.15387033635939748,0.0033258325574150233,30,0.3653314828872681,0.00427200421077367,1,0.15269329649352614,0.002577798367561105,50,0.6749084949493408,0.02430709675240269,1,0.15142296813873704,0.0020039163282756195,100.0,0.6750223278999329,0.007087246464361947,1.0,0.14947607718728506,0.0021901234845872553,200,1.370771300792694,0.02818170753809348,1
SS-F,196,0.4464310057122939,0.017798233589450194,30.0,0.28265167474746705,0.007657458732130374,2.0,0.4394453637928235,0.020455233234819042,50,0.4789125919342041,0.01248259792541501,1,0.43463780564694865,0.017147455281512416,100,0.8770580649375915,0.057176231634119876,1,0.43401622353286273,0.01832632699348696,200,1.3562538981437684,0.18184869822904476,1,0.4458511912107396,0.01273859245988534,30,0.36974247694015505,0.011345931227368366,2,0.4431686554456002,0.011692168958248471,50,0.5143496751785278,0.021926997363319777,2,0.44316617208609416,0.0116914128321211,100.0,0.6735587596893311,0.003509710633322262,2.0,0.4424960484056041,0.010860936136404596,200,1.1576687335968017,0.2160332794148005,2
SS-G,196,0.4442563156098037,0.012794767773641889,30.0,0.3513636589050293,0.008247495613009647,2.0,0.4423766024866131,0.014483223678466635,50,0.461488401889801,0.010981393652289,1,0.44136218304129554,0.014199101750320669,100,1.1276968240737915,0.07216575971938231,1,0.44136218304129554,0.014199101750320669,200,1.663576078414917,0.15683221883353238,1,0.4464216296824657,0.006925445856969704,30,0.37686786651611326,0.006448308502223194,2,0.4464216296824657,0.006925445856969704,50,0.515462064743042,0.03885959284556737,2,0.446409845457907,0.006920379809023666,100.0,1.0501466870307923,0.019698870652408516,2.0,0.4462186878165949,0.0068604902565991095,200,1.2731593132019043,0.17773912535530537,2
SS-H,259,0.3728796517839038,0.15778568490322037,30.0,0.2742528557777405,0.008705560970980563,2.0,0.31717620469614694,0.09451526578275987,50,0.46017454862594603,0.03158897172663034,1,0.25466854071980527,0.03328624594906995,100,0.607215404510498,0.11021342027735584,1,0.25466854071980527,0.03328624594906995,200,0.571372127532959,0.1250841432702609,1,0.4937088295595332,0.10266617620024193,30,0.20654629468917843,0.0011250011091617244,3,0.40708520179510915,0.10127655483709143,50,0.544651210308075,0.01347481638748562,2,0.3121409515810084,0.07778124111273516,100.0,1.2000356316566467,0.04503596867998704,1.0,0.2678090224058035,0.058877863008039696,200,1.1853584885597228,0.22896549042251516,1
SS-I,1080,0.1140366436550436,0.10289364623988663,30.0,0.31237260103225706,0.005095011137683369,2.0,0.08244810191229138,0.0938684178309994,50,0.32927892208099363,0.004359466057407784,2,0.03801236222660294,0.06844836274660783,100,0.6494557738304139,0.013908541191975307,1,0.03432528790627829,0.06870454738473628,200,1.689146089553833,0.20911883948299767,1,0.09692683365839021,0.10115822685058816,30,0.2261335968971252,0.004590499138283858,2,0.07258074307369784,0.104845595086447,50,0.6858581304550171,0.010001769345683418,2,0.0721366295409111,0.10510783658570858,100.0,1.0688252329826355,0.01264461506553,2.0,0.04363311155110631,0.07589853812577758,200,2.2560593128204345,0.2322550627971447,1
SS-J,3840,0.10203206082355054,0.0526953553763622,30.0,0.35034765005111695,0.004916930889381817,2.0,0.09551740516236082,0.0520983509578232,50,0.3696723222732544,0.008507221719670464,2,0.0919545270189981,0.05265996991213678,100,0.8712674617767334,0.11430272273152707,2,0.08932310059531957,0.049834069946405525,200,1.3376333355903625,0.026767342926065876,2,0.07290571574584105,0.003455668865416519,30,0.3047774791717529,0.005354934621520181,1,0.07184112181492616,0.0029296553899872072,50,0.5764320611953735,0.027817162884807498,1,0.0684810325542925,0.0028227745506793573,100.0,1.1126897811889649,0.05981102880699139,1.0,0.06684138348164692,0.0020857179927596366,200,1.440507411956787,0.026539135584013385,1
SS-K,2880,0.10348126569072055,0.029266780318830277,30.0,0.31520795822143555,0.003448107124082898,2.0,0.08963806054058537,0.02761977549445047,50,0.34098995923995973,0.009892453287649811,2,0.08061392808468595,0.02480200869641808,100,0.7828311204910279,0.027244028486622437,1,0.07677451735045024,0.02445037225066586,200,1.2076585054397584,0.19338617940001876,1,0.08132835240193688,0.027160331979116093,30,0.2024578213691711,0.001116054519143811,1,0.07053720507040342,0.013711095046004729,50,0.34202823638916013,0.005064313743643489,1,0.06540966530066837,0.0030036946203004077,100.0,0.725806474685669,0.016412708391002194,1.0,0.06475694341135776,0.002669631967314028,200,5.058494579792023,0.11805239472760966,1
SS-L,1023,0.21467447755961938,0.07783769465123934,30.0,0.19987381696701048,0.013752446366695486,2.0,0.19928474432218132,0.06062853282587529,50,0.5741950154304505,0.05500938103925683,2,0.1819061434132166,0.042978999363593104,100,0.4120347619056702,0.08102453864034731,1,0.18099610223702134,0.043121728397081914,200,0.7826581954956054,0.16582074358940194,1,0.17863203312522022,0.008290957172848556,30,0.38347909450531004,0.007542939376831065,1,0.17178125973304653,0.0031308759581955077,50,0.5153432250022888,0.03232856751356993,1,0.16897986817940383,0.0008550037470601166,100.0,1.1866846561431885,0.10207363127476458,1.0,0.16897986817940383,0.0008550037470601166,200,2.6762710332870485,0.25462705530037005,1
SS-M,864,0.00744208856985582,0.0037423607623645024,30.0,0.3292624711990356,0.007011138274917345,2.0,0.005041849373733094,0.00173540087921022,50,0.48860844373703005,0.012391943629331204,1,0.00426493747643391,0.0012940295125122747,100,0.8925650715827942,0.062062473695141146,1,0.004051522788134285,0.0012585797327807798,200,1.115536916255951,0.17758199441655734,1,0.00477465562952566,0.0008722224305577848,30,0.30258357524871826,0.004043775387782301,1,0.004083944910535815,0.0004342544882965543,50,0.70913245677948,0.014459188621622295,1,0.00366225094381379,0.0002502405937657899,100.0,1.6116500496864319,0.18118719436923791,1.0,0.003468966539317045,0.00013558872723317054,200,1.708725905418396,0.2917194790791299,1
SS-N,53662,0.15327233935278478,0.01886672435700025,30.0,0.33642399311065674,0.0247446328249019,3.0,0.1383108895288529,0.013456851686645146,50,0.36359856128692625,0.004013256257312598,2,0.12485030894799372,0.014760176251708078,100,0.899759030342102,0.10200629629620826,1,0.10708195962791778,0.01759205196260544,200,1.3897933840751648,0.005635704383910732,1,0.1581445993495953,0.014203283310427313,30,0.2657391786575317,0.003674364473693739,3,0.15070221770106712,0.006405229812256887,50,0.6486284375190735,0.015086681406425573,3,0.14486659926506143,0.004807967881695394,100.0,0.9556329727172852,0.023657626744125856,2.0,0.1415917434915431,0.005582598073112771,200,1.9820337772369385,0.06355136054302987,2
SS-O,972,0.2010885827702487,0.029126371118486073,30.0,0.3735110402107239,0.004936685554752274,2.0,0.19356557010734138,0.025241823981199184,50,0.5624930739402771,0.00913532428890436,2,0.18222796057020624,0.004558971468063024,100,0.6824020981788635,0.008512273706873137,1,0.18152679749832715,0.004375562235926229,200,2.486891734600067,0.07326976037404005,1,0.197057190350032,0.03309308749832286,30,0.28249419927597047,0.003702704640539003,2,0.193610978768612,0.032376687393254146,50,0.5213739395141601,0.008653714279735138,2,0.19129414051729637,0.03073598314848058,100.0,0.9714906215667725,0.019340199776509588,2.0,0.18569411964449628,0.02184754470474408,200,2.158272445201874,0.1246845505376456,1
SS-P,1023,0.21467447755961938,0.07783769465123934,30.0,0.33800902366638186,0.02993273354198201,2.0,0.19928474432218132,0.06062853282587529,50,0.30126625299453735,0.0282007860984359,2,0.1819061434132166,0.042978999363593104,100,0.40613125562667846,0.07869770375155594,1,0.18099610223702134,0.043121728397081914,200,0.5939692497253418,0.13151716438827898,1,0.17863203312522022,0.008290957172848556,30,0.3379186987876892,0.01800903867276231,1,0.17178125973304653,0.0031308759581955077,50,0.47704302072525023,0.009080740181489683,1,0.16897986817940383,0.0008550037470601166,100.0,1.0928969264030457,0.0836874443121764,1.0,0.16897986817940383,0.0008550037470601166,200,3.0380896806716917,0.14297622800968915,1
SS-Q,2736,0.08037286091164814,0.03745790993901605,30.0,0.4945452451705933,0.041216378040509184,2.0,0.07748324549649792,0.033458125610558616,50,0.5103724837303162,0.006132894572193312,2,0.07529310762361614,0.03361544642407247,100,0.9592333436012268,0.038428856214625565,2,0.07472937671375293,0.03363500775888902,200,1.5677334785461425,0.38929335777886004,2,0.06144563142748789,0.001638217227687598,30,0.5336063265800476,0.4448844247850782,1,0.06024279325159769,0.0015436309794213605,50,0.7988776326179504,0.011861980734918617,1,0.058962929723431166,0.0010892818939468936,100.0,1.3551363468170166,0.046531280961525645,1.0,0.058162728561837976,0.0006128225301606603,200,2.513888251781464,0.23779139629400453,1
SS-R,3008,0.18692629630561722,0.02143504242091738,30.0,0.3792129158973694,0.0019863381296208143,3.0,0.17794130901788616,0.010362480413598643,50,0.33832129240036013,0.0034788223540435682,2,0.17322511753972297,0.008270953264066084,100,0.6651558518409729,0.010652738971017307,1,0.1713371467400991,0.007408190937991723,200,1.5951680183410644,0.231482386101247,1,0.17889058790666726,0.012569743944805515,30,0.3100345849990845,0.005589386457264465,2,0.17459992976997774,0.007755318240466241,50,0.6701957821846009,0.01478149822447949,1,0.1719587096305797,0.00775062230290107,100.0,1.0941612720489502,0.030580249250928535,1.0,0.17019182025990556,0.006995387851829692,200,2.0179813861846925,0.19607367040733834,1
SS-S,3840,0.059039981208103186,0.049739313312702774,30.0,0.20283453464508053,0.0015046063239775127,3.0,0.03723786546846057,0.02557848716190335,50,0.5154407978057861,0.012010878548028913,2,0.009581322788118653,0.012102632790924427,100,0.9267365336418152,0.02381588742987141,1,0.007099848819670825,0.010389220205934238,200,2.0531516671180725,0.1749991603438196,1,0.06265763635992869,0.04237186100416459,30,0.27762651443481445,0.03330450445062146,3,0.04794387312775826,0.03437784250370844,50,0.5145133256912231,0.005527852963279702,2,0.027101659387954086,0.01566474288731128,100.0,1.1032055497169495,0.07133851911722203,1.0,0.023555939435185535,0.015607428084479126,200,1.9587890386581421,0.040078185028498185,1
SS-T,5184,0.05034504065602772,0.027193778861205442,30.0,0.3833680748939514,0.004525354615190531,3.0,0.03769304952780659,0.02001319048448924,50,0.7250889301300049,0.028716995772908607,2,0.025511687530283888,0.010749419595288438,100,1.2183132410049438,0.10769614121056925,1,0.0194932517651615,0.00731218886673108,200,1.8891658425331115,0.44699070926618034,1,0.051559706409190956,0.02415663566713463,30,0.2580016732215881,0.0319837044311188,3,0.034062821732796594,0.018944600300244786,50,0.5679975390434265,0.020754926937642065,2,0.020763696409037292,0.007012134902618883,100.0,0.6057297706604003,0.09389475309937025,1.0,0.01704392007444758,0.0011727899346126896,200,1.5130914211273194,0.048611577036014084,1
SS-U,4608,0.2679074289084497,0.02578174397136399,30.0,0.3859723925590515,0.00775070887264455,3.0,0.2514508025461863,0.015250903537197024,50,0.5169408082962036,0.024393345181082732,2,0.24007576266981245,0.00900799233574124,100,1.256493616104126,0.06017210144562357,1,0.23785080620136295,0.009077583817585454,200,1.5592638015747071,0.23020708781827937,1,0.25085439715534413,0.013912242255327402,30,0.22282779216766352,0.008960352354699646,2,0.24485026235285515,0.010795335256601701,50,0.7286968231201172,0.02680021646335886,1,0.23492132159101295,0.002996750949024195,100.0,0.7739206194877625,0.03253394637813992,1.0,0.23182699618086522,0.0011461704077137087,200,1.6033882021903991,0.07984644388129393,1
SS-V,6840,0.16990323029559168,0.04057507484069649,30.0,0.3615748405456543,0.001872062222210976,3.0,0.12366955373202851,0.06579936851033649,50,0.3676739692687988,0.007762516031872109,2,0.06181625546356686,0.06076451019428623,100,1.213598895072937,0.023745447404068986,1,0.0493180516883454,0.06071507906856258,200,2.297900891304016,0.32134396840050533,1,0.1524850489029576,0.05571388762520219,30,0.5053340792655945,0.1151151615418713,3,0.10742607764515015,0.06802231978093043,50,0.2918798327445984,0.057957913911398096,2,0.07810612848170176,0.06203702071083169,100.0,0.742897117137909,0.018592199614242317,1.0,0.04577239934841493,0.04538649954783474,200,1.5961584568023681,0.07006090557018006,1
SS-W,65536,0.3573822175337153,0.019153737356882458,30.0,0.34652525186538696,0.029911491369876024,3.0,0.3390926343127072,0.02021960353704328,50,0.3493678689002991,0.010050592559600382,2,0.3093748248232387,0.021247371985054598,100,1.146306574344635,0.0611573084084152,1,0.2820241643261908,0.015020241397481664,200,1.659033977985382,0.3395822398111666,1,0.32753479262320123,0.0202719669084842,30,0.1473736763000488,0.004326471917483808,2,0.3195467523402981,0.01706502539243495,50,0.25983893871307373,0.007763121557926547,2,0.29847246550488327,0.011745988177033456,100.0,1.2757653951644898,0.058589472153592906,1.0,0.2814278114502854,0.0166331489267614,200,1.1149394392967225,0.04871621358182021,1
SS-X,86058,0.31107732465553195,0.09679149826754121,30.0,0.21776478290557857,0.0036025411601900187,2.0,0.21351611120743325,0.04960568642088538,50,0.4830974340438843,0.024732982653892427,1,0.19571019404487827,0.048166257332907,100,1.0423086166381836,0.03400585024062637,1,0.17322318211052448,0.030626935951971874,200,2.0148890733718874,0.3054824097341197,1,0.22853060191307334,0.04607428391358974,30,0.14783676862716671,0.0018543752017037565,1,0.21517322043865633,0.020731547535106164,50,0.406319260597229,0.0069260068768827255,1,0.20596516903292392,0.015955696991163993,100.0,0.5217697620391846,0.016796011497312913,1.0,0.19731340699003028,0.018310726214105035,200,1.7406071782112122,0.0594359659072604,1
Scrum100k,100000,0.39968603349316384,0.022436714860344636,30.0,0.4328464508056641,0.10442730159692433,3.0,0.37801630509907647,0.023145258492643934,50,0.7920706033706665,0.06849554664319635,2,0.3516142304331777,0.016713600131374236,100,1.5041699647903441,0.0572511633829274,1,0.32391198816414557,0.021288214195261848,200,1.1216896772384644,0.2023180960812937,1,0.3755614373618177,0.026372690671400224,30,0.39572309255599974,0.010886539455132587,2,0.3532298972105721,0.021433300401844962,50,0.7212555050849915,0.10167483508482335,1,0.3316489121882911,0.014824325494089755,100.0,1.489006793498993,0.06435786290873723,1.0,0.32340837657772614,0.008534946995049803,200,3.4477882981300354,0.23188515879111876,1
Scrum10k,10000,0.38319142094227504,0.03327822145772096,30.0,0.4335310339927673,0.01201435272558793,3.0,0.3570145873003089,0.03681153774780272,50,0.7311194062232971,0.05783375165098527,2,0.31148348141608395,0.02400675907076196,100,1.7187687635421753,0.10268120912885718,1,0.2962393665858527,0.019774057765923846,200,2.3398439407348635,0.4802617759199263,1,0.32973659497965335,0.032475554137559495,30,0.2386747002601623,0.010596590359399843,1,0.30870377607876165,0.02323445845613186,50,0.7572021961212159,0.10509991855592384,1,0.28938959159479183,0.00808619030116018,100.0,1.4934308290481568,0.17716468262342305,1.0,0.2830753968313352,0.005362989915976362,200,3.4846763372421266,0.3318744455865092,1
Scrum1k,1000,0.3286467534330735,0.04997378009741293,30.0,0.47933478355407716,0.017703700710099846,3.0,0.30049495442567803,0.03340913532477178,50,0.673034918308258,0.03830129784557902,2,0.27247322500036575,0.02198858437058615,100,1.4201717495918273,0.21075177995229205,1,0.25977185625602794,0.02251614427908975,200,1.758856189250946,0.4343009879942488,1,0.30095330728739306,0.03151955844388886,30,0.5261176228523254,0.025501701138988933,2,0.27664636484810556,0.015965223131360517,50,0.7246352434158325,0.09111589566943074,1,0.26061511770132745,0.010135043246978146,100.0,1.6384922742843628,0.2042433285499532,1.0,0.24726127017177763,0.006084433851053896,200,4.252371072769165,0.41042466083352774,1
X264_AllMeasurements,1152,0.03576554734583507,0.047111273255029056,30.0,0.147747790813446,0.004131567917143582,2.0,0.026715403947966586,0.046566609221731545,50,0.21419367790222163,0.009611984012773083,2,0.01461859682241995,0.04608418911788106,100,0.41496766805648805,0.04497115417389214,1,0.013304178791819157,0.04634648871561266,200,0.6144548773765564,0.1325820948404308,1,0.006741175836892005,0.007913697712819039,30,0.1160762786865234,0.005994450067191531,1,0.0012345071278683849,0.0015017689336834544,50,0.21744663715362544,0.015835419024352794,1,0.00044228398798506997,7.242870763622438e-05,100.0,0.6111903071403504,0.04581989866964567,1.0,0.0004369889299532151,7.06992388312459e-05,200,1.1863934397697449,0.15140316299939166,1
billing10k,10000,0.4083177785931378,0.024000588570751904,30.0,0.47227158546447756,0.009570978331314785,3.0,0.39654746859769785,0.022487450234498378,50,0.766761302947998,0.052545216339023,2,0.36668764825155314,0.01400573664274692,100,1.6425853848457337,0.13136754578173632,1,0.3536191051414873,0.008030340343530062,200,1.9920033931732177,0.42647997280291117,1,0.39428217090203665,0.017361978438320293,30,0.5795652747154236,0.04080941046312145,2,0.3771844169998393,0.015393683718010592,50,1.0385919332504272,0.0654810763217566,1,0.35867351579158535,0.006105586129084381,100.0,2.10056848526001,0.189388631636409,1.0,0.35170693495760424,0.0027376826811156807,200,5.338696837425232,0.331812698165908,1
coc1000,1000,0.36156272441426485,0.015496205202091336,30.0,0.8274638295173645,0.023207657367233916,3.0,0.35065044029597964,0.015747020137552543,50,1.184372854232788,0.03419954744642718,2,0.3419792191715926,0.012687206945563422,100,2.6343485593795775,0.22012459625376332,2,0.3201627729574822,0.015152942102694977,200,5.7558483481407166,0.38653522093562304,1,0.3589077239609516,0.011194577480667534,30,0.9556629419326782,0.007615185848755775,3,0.3485355814041914,0.012883871355916385,50,1.5075397491455078,0.10652642361634163,2,0.33728383746699336,0.008974627498484348,100.0,3.4943659901618958,0.062029597929496263,1.0,0.32734438380217334,0.010937362592426577,200,5.738685965538025,0.3442392937835482,1
dataset120,5160,0.3092679605729237,0.04124035914376839,30.0,0.14271435737609858,0.0016839466504477356,3.0,0.29063996216202104,0.039268497923983896,50,0.2696035385131836,0.005784387842758206,2,0.2598288444087303,0.0339829997508133,100,0.477390193939209,0.006857909734220968,1,0.23262825219049105,0.03504196672291457,200,0.956259024143219,0.052555574691419964,1,0.3106202325044237,0.035414874034941896,30,0.19428471326828003,0.005776479540711827,3,0.28755505303520007,0.026618679815605617,50,0.2616594433784485,0.017964560481187167,2,0.2800100417352256,0.02446456089558403,100.0,1.4562484622001648,0.07445006041976426,2.0,0.26109046121362295,0.03104476353616525,200,1.4799764156341553,0.11821723706167982,1
dataset600,5160,0.2946975375523169,0.03447692477277219,30.0,0.15867300033569331,0.0033551778451902732,3.0,0.27608231562147006,0.03943379599341283,50,0.28501808643341064,0.010005081353508154,2,0.24633525671095335,0.03339234548334574,100,1.197997784614563,0.024359271046346085,1,0.22835594377028207,0.03540933841264869,200,0.9498623371124267,0.020914250682840127,1,0.27979790368944774,0.026455761375392076,30,0.15042778253555295,0.012650248052455666,2,0.26884632697776073,0.016704754261749645,50,0.2578804850578308,0.021780235387453488,2,0.25580208444075697,0.0253256713372412,100.0,0.5510802149772644,0.04725575102904202,1.0,0.2333022389471982,0.025443194925089434,200,1.312735414505005,0.11832153606670305,1
dconvert,6764,0.01774338748012647,0.00901343421492596,30.0,0.13878331184387202,0.0018179406221203976,3.0,0.014722103716164813,0.002468196760803542,50,0.2536114454269409,0.003374318273697475,2,0.01267153461920347,0.001764375027912361,100,0.46048641204833984,0.015806899527129402,1,0.011400341713215785,0.001093873900450338,200,0.932565426826477,0.09281875686383093,1,0.014669691373056463,0.002743552314027894,30,0.1563013434410095,0.015613604348307615,2,0.013363006304061476,0.002174386383947552,50,0.2857635974884033,0.03350622575239373,1,0.012214899128975361,0.0012511959222471043,100.0,0.6047105550765991,0.08258409379520894,1.0,0.01122408015055505,0.0006179000901915655,200,1.3009806871414185,0.1538965334681074,1
deeparch,4096,0.023882726059417565,0.031862168218532584,30.0,0.1891835570335388,0.010022934864196103,2.0,0.014701075853603907,0.027488230540921414,50,0.23791275024414063,0.01455411546458178,2,0.006932650036359079,0.02066901145566428,100,0.4081199526786804,0.04179775096863202,1,0.00686918753255224,0.020689669349408597,200,0.5775828719139099,0.11447591668579712,1,0.0034508035306464535,0.014606931021019112,30,0.13942651748657223,0.007475335936473921,1,7.4364267644033e-05,2.3215507111558204e-05,50,0.27612537145614624,0.013227610535787243,1,5.767858395669401e-05,8.205235979972239e-06,100.0,0.5361352920532226,0.06400062566123806,1.0,5.120299612928481e-05,3.821623771639179e-06,200,1.459692370891571,0.293388922733402,1
exastencils,86058,0.03572594878637866,0.01445138619830564,30.0,0.14516928195953366,0.003984121632352919,3.0,0.025645431267802544,0.016005706294439623,50,0.24712181091308588,0.0027555292788575716,2,0.013137887563504433,0.013933092987555032,100,0.5719908118247986,0.027712320252788226,1,0.007023140100112344,0.010981411716031002,200,0.9647532820701599,0.05120205316970171,1,0.04087623310056472,0.013429981522715446,30,0.12746200561523435,0.0040404239032160475,3,0.038016676073979065,0.013250367104600045,50,0.24151275157928467,0.015976575601871854,3,0.02527992798517801,0.015245559422465985,100.0,0.4963813781738281,0.037303039294817604,2.0,0.01488404485361034,0.01277942971264276,200,1.0020469069480895,0.07263864928688465,1
javagc,166975,0.0011708996201889553,0.0010612998644355563,30.0,0.11889932155609129,0.0007659725234066941,2.0,0.00070678240889851,0.0003668762180803435,50,0.19731795787811274,0.0011189678346250015,1,0.0004651471971949899,5.541832373843778e-05,100,0.4114691972732544,0.07020789441052777,1,0.00041833562755962,3.853503921040265e-05,200,1.0490449905395507,0.1323475128346516,1,0.0011766519608721502,0.0007794732477531387,30,0.21999337673187255,0.11401419814855142,2,0.0006941973031411302,0.00031436510569927983,50,0.3609323263168335,0.05312466104647232,1,0.000507159840982475,7.892208444251438e-05,100.0,0.8054846286773681,0.140010634806372,1.0,0.0004742805060033501,4.322793821168065e-05,200,1.733112871646881,0.2705276218237233,1
nasa93dem,93,0.46911897848282436,0.010827267247549835,30.0,0.43969700336456297,0.005578981890998205,3.0,0.4639800091853029,0.008757204608811563,50,0.6718754291534423,0.08450269449679043,2,0.4551880219170677,0.007045516846790661,100,1.4805209279060363,0.043190002335996826,1,0.45251854531684865,0.006481831279635958,200,1.8320663571357727,0.3352719499553757,1,0.4668713830805763,0.004424970554746292,30,0.5026226997375488,0.03503722679577543,3,0.46459396942242515,0.004013248719589643,50,0.6493252873420715,0.09140744373364197,2,0.4602001394745924,0.004698357809931312,100.0,1.5640910625457765,0.0400352414497525,1.0,0.45825185721081774,0.004682705924355644,200,2.684878396987915,0.23474494441789123,1
pom3a,20000,0.20068507129064406,0.022832426219381547,30.0,0.6138934016227722,0.012630134822718003,3.0,0.1832283652062179,0.02147609091354186,50,0.6473968982696533,0.08543967541350539,2,0.1577945447921872,0.013832208482292826,100,1.3591325640678407,0.14046315687573732,1,0.1372303808068158,0.012638612224453971,200,3.6116132974624633,0.15191682750468558,1,0.18786524700828247,0.02001117148034458,30,0.2206771612167358,0.007849849583189582,2,0.17560403445596098,0.017518094758824113,50,0.3644037127494812,0.024470072799932747,2,0.16131820098083485,0.006978667216383133,100.0,1.4022265315055846,0.08262922684840204,1.0,0.14862064128761776,0.013106106149694761,200,2.492647099494934,0.0593393470689588,1
pom3b,20000,0.203962508003882,0.025588603542701444,30.0,0.6451017022132873,0.01212731682007081,3.0,0.1798527618474614,0.020019256599915703,50,0.9753936886787414,0.009579865659731209,2,0.15894206090684407,0.014628360962459376,100,1.415399444103241,0.023254562830945017,1,0.13895796977202785,0.016517492543728807,200,2.5960015773773195,0.26104892465531243,1,0.19439744372247297,0.020523665889344612,30,0.22588150501251217,0.010817393944677194,3,0.18040792456761962,0.015532568112066025,50,0.3865035057067871,0.04865220313132858,2,0.16471936292982736,0.014089416972863191,100.0,0.7264099717140198,0.021811642303521263,1.0,0.1533541201836083,0.012463066418115462,200,1.49172340631485,0.08017176807572676,1
pom3c,20000,0.335364342093403,0.032656267790420926,30.0,0.642087209224701,0.014286795209407994,3.0,0.3156225595953222,0.02657950040491227,50,0.5905839800834656,0.014168923538529502,2,0.2845239005870565,0.02149056150197527,100,1.3363470196723939,0.15628816344380078,1,0.26259003244050794,0.014594679348296764,200,4.087295627593994,0.06628966687475055,1,0.3229346686778175,0.019874433199932106,30,0.21516436338424677,0.0033653520320862797,3,0.31177980101513075,0.01165792236503346,50,0.3617074012756348,0.02263015968920739,2,0.3020311678645742,0.01224208802385928,100.0,0.7355331182479858,0.028473765163749377,2.0,0.2908337162898362,0.010927749278056896,200,1.4511687874794006,0.01707171154306136,1
pom3d,500,0.2110183393888167,0.018009602358831117,30.0,0.4152327537536621,0.007251096524750937,3.0,0.19944181516104345,0.01376709193428272,50,0.6642150044441223,0.004717883252950412,2,0.18074796541898383,0.011517194467879275,100,1.8973116159439087,0.017240163523106138,1,0.1613054914227229,0.010647335588460146,200,2.3819342255592346,0.22162273707729177,1,0.20104468944469073,0.014237036808870809,30,0.3022685170173645,0.025186056886911407,2,0.1920872697133469,0.011045709493587384,50,0.532792329788208,0.008146109448734347,2,0.18077738528586992,0.016293570715482295,100.0,1.0131960034370422,0.00865238444094435,1.0,0.17121535337903132,0.01523664071842664,200,1.5556043624877929,0.27266691436301166,1
redis,4400,0.48231505455839274,0.0210654752166128,30.0,0.1722480177879333,0.0019127845795363558,3.0,0.47142715018151093,0.018464074475131154,50,0.3069990396499634,0.0016652573082332445,2,0.4627650859414076,0.018319649228258194,100,0.59901362657547,0.021655303247233856,2,0.4343791353088336,0.017602352918666724,200,1.0046138048171998,0.028746791719057176,1,0.4711229945724627,0.021837400990578484,30,0.10626891851425169,0.0012786998971527238,2,0.4622734287874823,0.02122662237659453,50,0.16922037601470943,0.026600164304418934,2,0.4447532554663797,0.021184385904067633,100.0,0.27779417037963866,0.04911596717318412,1.0,0.4337494932789112,0.02151972085869522,200,0.5415885925292969,0.06812003291452738,1
rs-6d-c3_obj1,3840,0.011715318379352744,0.02293639715997035,30.0,0.1889033675193786,0.0006906355878645628,2.0,0.00455427589235999,0.010442495962313397,50,0.31777827739715575,0.00436310304989938,1,0.0012270488158422246,0.0016911028198518618,100,0.43816936016082764,0.0068593716835120035,1,0.0007339289413798903,0.0007009574430415403,200,1.1552605390548707,0.09771430985254223,1,0.014107672915260374,0.039268564606468916,30,0.13747184276580807,0.0017287186805096649,2,0.0112220691008038,0.034709096442438754,50,0.2539173126220703,0.00279326503576657,2,0.0035056553130174153,0.008956131242380122,100.0,0.3870242238044739,0.01336777790525287,1.0,0.003374884170851638,0.008994855331538218,200,0.9744455695152283,0.02938571823451289,1
rs-6d-c3_obj2,3840,0.00035894636271436014,0.0008093847444459925,30.0,0.1736413717269897,0.0034529021091303717,2.0,6.511263856490146e-06,3.90194089347415e-06,50,0.17410855293273922,0.0012327619096112474,1,3.7945133957328904e-06,2.8340976188934043e-06,100,0.5960902214050293,0.027187976847069355,1,2.4776432194006936e-06,4.806811104463456e-07,200,1.079635214805603,0.030156760046350428,1,0.0008232630000030461,0.0007777635906042603,30,0.1381184577941894,0.016419997297952474,3,0.0004445161293427996,0.0003974283798159172,50,0.25519737005233767,0.0031333491391239464,2,0.00014833652878033034,0.00020617588929790174,100.0,0.5112943053245544,0.007587628495298056,1.0,7.678705607283565e-06,8.895387063146536e-06,200,0.9941920399665832,0.1176365401744116,1
sol-6d-c2-obj1,2866,0.014626386517553328,0.0003983524702019931,30.0,0.09782172441482541,0.0010914414896283967,2.0,0.014487855194861204,0.00028907071805621344,50,0.16140729188919062,0.0031570506084840984,2,0.014301154903661078,0.00022714733505683053,100,0.5929755926132202,0.03425044871298079,1,0.01426566229259565,0.0002354640379203347,200,1.2557557582855225,0.08163388575982392,1,0.014547283083715843,0.00044448096775166415,30,0.1544734120368957,0.00280107499426689,2,0.014355606736442423,0.00023548335316063892,50,0.28541491031646726,0.0099167445457569,1,0.014239575603416588,0.00021959226045698566,100.0,0.5245541214942933,0.004448902884325691,1.0,0.014170864187251355,0.00019158330460093147,200,1.0226011753082276,0.09463297316661687,1
storm,1557,0.00010486047921279356,3.242994396487867e-05,30.0,0.16096386909484864,0.0025447098612157567,2.0,9.186744540918506e-05,2.769355104313978e-05,50,0.30223536491394043,0.005492650049146975,2,7.198965294446522e-05,2.2446387369472275e-05,100,0.5654430389404297,0.022339210313618598,1,6.424818861298412e-05,1.824714268392562e-05,200,0.9293626308441162,0.01549214468395658,1,0.00010210395909797532,4.182513158921136e-05,30,0.10464447736740108,0.003337858696516892,2,7.295800298275922e-05,1.4216656690096997e-05,50,0.182058310508728,0.006455729741015781,1,5.892685757367122e-05,8.493974989060602e-06,100.0,0.5453891634941102,0.021035426669874218,1.0,5.288418512101045e-05,6.157514615797857e-06,200,0.7817766904830933,0.03534115854392705,1
wc+rs-3d-c4-obj1,196,0.013044619561827089,0.021688370857589352,30.0,0.14732390642166132,0.004286921495295031,1.0,0.00856369161769995,0.016450845062352774,50,0.270434296131134,0.019861934919354132,1,0.0073436289120417,0.01620739138201704,100,0.36222043037414553,0.08242846591833547,1,0.0036102906881247806,0.0021092570237515504,200,0.38241573572158816,0.1247968558014676,1,0.08396296514025062,0.03567163470107918,30,0.11641041040420527,0.008601854139855855,3,0.07505073021660388,0.002062972732426422,50,0.17076486349105832,0.004306268767809815,2,0.07434862588219068,0.001217578223463441,100.0,0.34242274761199953,0.005910111952890531,2.0,0.07392575630593734,0.0010150046153223605,200,1.3068179726600646,0.024475475724123334,2
wc+sol-3d-c4-obj1,196,0.009806635368583701,0.020399314055641025,30.0,0.17189401388168335,0.009030963132024788,1.0,0.0064483079387589945,0.015415674231601678,50,0.15206903219223017,0.010987486487577202,1,0.006082708165555615,0.014152599160750068,100,0.4125593066215515,0.08524131176767837,1,0.0024689146842119354,0.002058070367073311,200,0.3257041335105896,0.1038702508072829,1,0.08663556997176632,0.05577143099680626,30,0.14925683736801143,0.0013494772237614768,2,0.08502185369030645,0.055757343017033924,50,0.17105528116226193,0.006541218116327104,2,0.07398241766999318,0.04026134322549335,100.0,0.3457426309585571,0.0069527637045046385,2.0,0.06394558015831982,0.001640442857024416,200,0.7245970129966736,0.019361717177091252,2
wc+wc-3d-c4-obj1,196,0.018863151083432277,0.04162900626435521,30.0,0.19356395006179805,0.00598752392352873,1.0,0.005480729741384075,0.004670896848676276,50,0.25917495489120485,0.0225419417637269,1,0.004254525453910565,0.0034982195358399166,100,0.342551589012146,0.07639355752920673,1,0.004111591933167285,0.0030965085167105207,200,0.8996177434921264,0.2452103627441386,1,0.12932526552725587,0.04706898345590168,30,0.13453547954559325,0.0014337255445484,3,0.11038478514712338,0.014314007279173183,50,0.22685862779617305,0.0032386436204689304,3,0.09444195316790246,0.00879632571488573,100.0,0.3661816954612732,0.011106913032268729,2.0,0.08897712044319378,0.007988744774224106,200,0.7953534245491027,0.024056669725328612,2
wc-6d-c1-obj1,2880,0.015519883543153984,0.033037738901859175,30.0,0.0998319029808044,0.001118568053199623,1.0,0.00839018790261371,0.027576199546258496,50,0.2822034239768982,0.008513425120109825,1,0.007936927270667575,0.026909932878240495,100,0.5377587795257568,0.04103525726958681,1,0.006600824696243632,0.02591228817183645,200,0.8732889056205749,0.11772094841317882,1,0.11316687835603986,0.03636491164178227,30,0.2270828485488891,0.01390613780941524,3,0.10629060609303283,0.030423250863135968,50,0.18826137781143185,0.002943468318391085,3,0.09886145003411392,0.03292213299822939,100.0,0.382081413269043,0.011719597081149193,2.0,0.08641281242864537,0.04214510868366142,200,0.6861890554428101,0.1208417550895492,2
x264,53662,0.21245800089103736,0.026235276006663318,30.0,0.15784996747970576,0.0063058731314247106,3.0,0.1969859164871621,0.026030360232456785,50,0.16647143363952632,0.005685401587210583,2,0.1684700433923619,0.01876282070967574,100,0.5177399158477783,0.016575652526493605,1,0.14664629366427054,0.020679688675890318,200,0.7153208255767822,0.012776458026574424,1,0.2069244073352993,0.012983516395266247,30,0.07776541709899898,0.005571065807961535,3,0.19974614445845412,0.009078943513228889,50,0.1347499012947082,0.006463580074698087,2,0.19487859098166313,0.007737018258056934,100.0,0.5048596262931824,0.037912296926815275,2.0,0.18856387890391588,0.009716273097431647,200,0.5828339338302613,0.04247626533529875,2
xomo_flight,10000,0.05345922382743855,0.030633971613027056,30.0,0.4438546419143677,0.012874358758616896,3.0,0.04073629098692623,0.016648166141382998,50,0.9929391384124756,0.008003865298424126,2,0.02593996226370694,0.0049527213068352475,100,1.784209930896759,0.007572310652147738,1,0.020223717259413028,0.001954191422645241,200,3.8805164813995363,0.04650815828881691,1,0.0542699226771576,0.014685581390709052,30,0.4818974494934082,0.00807886392120958,3,0.044181718023793205,0.009033446291038886,50,1.270218014717102,0.07830912535700536,2,0.03773546936106574,0.00705372014487688,100.0,1.6375993967056275,0.0396280543983091,2.0,0.032451150556457656,0.005378278162567635,200,5.309205305576325,0.17208500252199543,1
xomo_ground,10000,0.0606437726433952,0.01818386044762876,30.0,0.6371599078178406,0.0040549070591974195,2.0,0.04959111680699604,0.012016449917863745,50,1.1773286819458009,0.022823865986460114,1,0.04278964765093016,0.008155858389654998,100,1.895246958732605,0.015347541599892347,1,0.031263790799278414,0.006096684073439559,200,3.4701468348503113,0.05479120795624384,1,0.07179317032937046,0.022124663737735174,30,0.4810917377471924,0.00898974842429424,2,0.06620114065858036,0.01901691225162998,50,0.8148606538772583,0.016798718516849737,2,0.052494243857607384,0.010107075769027458,100.0,1.6571381330490111,0.03043839922268581,1.0,0.043912520506715125,0.005565487992532823,200,2.0357727646827697,0.042529811067738545,1
xomo_osp,10000,0.053884622166797666,0.02539494786905101,30.0,0.6047787070274353,0.00275464390446605,2.0,0.03747824849682347,0.009294831147751198,50,1.2642911195755004,0.012801404649482465,1,0.03137868630284478,0.006857888406443921,100,1.96758691072464,0.014141471495415439,1,0.026092374453493015,0.006625114914827273,200,4.162183928489685,0.0451724933789753,1,0.06166091195057878,0.02034379796054399,30,0.5515649914741516,0.04288240713934248,3,0.04707123202488727,0.011577198066981206,50,0.8134209156036377,0.014862043494875282,2,0.03968306329833478,0.00792778964178269,100.0,1.9820472717285156,0.20744830972130288,1.0,0.033292689420650536,0.004176971035612073,200,3.985816216468811,0.2996896185644098,1
xomo_osp2,10000,0.213465399838407,0.028319132214724173,30.0,0.7182158946990966,0.006118796202791451,3.0,0.19751332341721678,0.024754033510039686,50,0.9571638464927673,0.008339630159742381,2,0.16572230205947086,0.020059671121626262,100,1.5903095483779908,0.14979412496220965,1,0.1444595553322914,0.013344772891610577,200,3.2705190896987917,0.2522886952893663,1,0.18282863589886594,0.020336236128741345,30,0.5892691612243652,0.0681572536708004,2,0.17280573095447496,0.015431698486156694,50,0.4921509146690369,0.009442526515638632,1,0.1589240207740134,0.00821189209895312,100.0,1.0652997732162475,0.038052437984602165,1.0,0.15031120536906337,0.006537288770239502,200,2.2189686059951783,0.11869184379492931,1
