Dataset,Rows,SMAC-30_mean,SMAC-30_std,SMAC-30_budget,SMAC-30_runtime_mean,SMAC-30_runtime_std,SMAC-30_tier,SMAC-50_mean,SMAC-50_std,SMAC-50_budget,SMAC-50_runtime_mean,SMAC-50_runtime_std,SMAC-50_tier,SMAC-100_mean,SMAC-100_std,SMAC-100_budget,SMAC-100_runtime_mean,SMAC-100_runtime_std,SMAC-100_tier,SMAC-200_mean,SMAC-200_std,SMAC-200_budget,SMAC-200_runtime_mean,SMAC-200_runtime_std,SMAC-200_tier,EZR-30_mean,EZR-30_std,EZR-30_budget,EZR-30_runtime_mean,EZR-30_runtime_std,EZR-30_tier,EZR-50_mean,EZR-50_std,EZR-50_budget,EZR-50_runtime_mean,EZR-50_runtime_std,EZR-50_tier,EZR-100_mean,EZR-100_std,EZR-100_budget,EZR-100_runtime_mean,EZR-100_runtime_std,EZR-100_tier,EZR-200_mean,EZR-200_std,EZR-200_budget,EZR-200_runtime_mean,EZR-200_runtime_std,EZR-200_tier
7z,68640,0.009025621123826346,0.003913919614893221,30,5.868022978305817,0.2328095009541367,2,0.008663903141857776,0.004593859499238114,50,11.386288106441498,1.4857943538364011,2,0.00445870263701039,0.0050877594733819516,100,26.34924088716507,1.968957725282306,1,0.0012851152697256852,0.002378489298916658,200.0,57.42106301784516,5.34294664619153,1.0,0.0084205862012108,0.004301518889755352,30,0.22321286201477047,0.012176955629523891,2,0.0073044326726545705,0.004765007934601902,50,0.34830689430236816,0.010513827725024188,2,0.003344763554443729,0.004137570758833069,100.0,0.7728093385696411,0.030329831933243855,1.0,0.0004278129808471799,0.00027988376321676364,200,1.4998996615409852,0.10778641805374385,1
Apache_AllMeasurements,192,0.02644498620116271,0.008793169708074214,30,3.1988579392433167,0.09585029569492774,2,0.02284596210298425,0.0015053372571049817,50,6.067808032035828,0.4765430952759112,1,0.022080797244694386,0.0008810591192612349,100,16.877317953109742,1.6919519448503366,1,0.022037871906144056,0.0008465287360205806,200.0,28.366966247558594,4.820649146508008,1.0,0.025294779683143698,0.013221561854259833,30,0.19961314201354977,0.007954036053093002,2,0.02206508878648593,0.000853773030865349,50,0.4363687515258789,0.07923832643904706,1,0.022020743548390693,0.0008226661473570817,100.0,1.3179023504257201,0.05973942764155971,1.0,0.022020743548390693,0.0008226661473570817,200,4.141569423675537,0.26013233779385175,1
BDBC,2560,0.00256743356146715,0.0015525109782191183,30,4.5257133603096005,0.29533133512312926,2,0.001730071481399035,0.0012626527898052852,50,8.112392902374268,0.9140695678172972,2,0.00114457286108167,0.001008791392301129,100,22.430172824859618,2.5707474588929813,1,0.00019606980547873,2.0953529998951774e-05,200.0,52.77992069721222,4.3698318427319025,1.0,0.00245176131395851,0.0019692394896363343,30,0.18861150741577143,0.01221276489620507,2,0.0011514918925888049,0.0009547449580947085,50,0.31832185983657835,0.014081957863962175,1,0.000494435781696925,0.0006005866950145281,100.0,0.7144157409667968,0.03738161135927887,1.0,0.00022395542832407003,4.411407475686552e-05,200,1.733615469932556,0.13068677560790684,1
FFM-1000-200-0.50-SAT-1,10000,0.30267084513601544,0.03402718577091397,30,37.618927359580994,2.3790545014928837,3,0.28293688520540894,0.03470734478267635,50,70.49069608449936,4.876317233651326,2,0.2533114638261593,0.019786839372961045,100,196.96922031641006,9.202394427951175,1,nan,nan,nan,nan,nan,nan,0.3109832176408992,0.028308079177678556,30,0.6451858162879944,0.0650308788716366,3,0.28601854848451913,0.021436815686644243,50,1.3740798592567445,0.19415922557703705,2,0.25075953071800544,0.01694296906231501,100.0,3.6330779671669005,0.3830062369086974,1.0,0.24354472727997178,0.012665141398980367,200,10.405868709087372,1.340082583631304,1
FFM-125-25-0.50-SAT-1,10000,0.25340224653261456,0.03463543011891613,30,9.92514466047287,1.434312358827531,2,0.24828928630823768,0.034557686170445086,50,16.28632310628891,1.9036743051388794,2,0.22530274001712608,0.01203984651316804,100,41.55535098314285,4.177385445994461,1,0.21565873332752844,0.0035942143622061944,200.0,98.0516352891922,8.517376745147708,1.0,0.2749631785334886,0.03575084521355447,30,0.25263588428497313,0.01794091766659239,3,0.247649884568148,0.029329898906616567,50,0.49351729154586793,0.06944263186000872,2,0.2218301319781018,0.009279132225153268,100.0,1.0307631969451905,0.07634567053329258,1.0,0.21598198023414997,0.0060469390449084375,200,2.1184589147567747,0.13358557702470913,1
FFM-250-50-0.50-SAT-1,10000,0.38756786883817396,0.024443552659727887,30,12.99647523164749,1.0979808851750854,3,0.3626771704170224,0.017807986799332962,50,21.58001790046692,1.8014110593434804,2,0.34776231732357654,0.0076364601399072606,100,58.73597778081894,6.328168071809854,1,0.3460669649968289,0.008715034098697016,200.0,176.56922776699065,7.809653689582858,1.0,0.37597492500084656,0.018983865489470852,30,0.2691465377807617,0.01320969728253637,3,0.36500793879522336,0.012857170476799167,50,0.4759699463844299,0.03480095426941726,2,0.3537881275503429,0.009365260290303552,100.0,1.086215329170227,0.06428106852211095,1.0,0.3452630582096135,0.006429601360481695,200,2.847389853000641,0.22611196725208588,1
FFM-500-100-0.50-SAT-1,10000,0.34104706991634737,0.03361115626479766,30,13.780352210998535,2.4716533051129557,2,0.3119325540752072,0.027406752485144743,50,21.102408909797667,2.0464196053104367,1,0.27919168320364196,0.010932670223987319,100,93.72102879285812,3.732791406776821,1,nan,nan,nan,nan,nan,nan,0.3556477121429194,0.03219613775141756,30,0.3054823040962219,0.020868129885974907,2,0.3398229197325039,0.027138615194993117,50,0.5795855402946473,0.05046878915193469,2,0.3118171997887925,0.027275932629384686,100.0,1.4236289978027343,0.19350328452072418,1.0,0.2850733825080389,0.01489292940839134,200,3.6226044654846192,0.3816339703036736,1
FM-500-100-0.25-SAT-1,10000,0.3559410732078176,0.01769791526627795,30,13.212249171733855,1.7355632335070212,3,0.3421783485918096,0.01440564096065702,50,22.19373197555542,2.668016030254514,2,0.3271631016041374,0.007851206290452039,100,64.78995656967163,4.33691012959854,1,0.3273122051377727,0.007074599735864427,200.0,157.7706278681755,8.95394294188586,1.0,0.35143824647645683,0.018473325959187787,30,0.3618364453315735,0.03492302326408627,3,0.3440036144295072,0.013791236750706962,50,0.6470240712165832,0.08347330147666833,2,0.33479810620960915,0.00760670459054172,100.0,1.6272485613822938,0.2349625667968058,1.0,0.3285579740189665,0.0057710172564339355,200,4.446436071395874,0.47532363875382944,1
FM-500-100-0.50-SAT-1,10000,0.34954526307517897,0.031187234137262532,30,12.857652127742767,1.7182905599721854,3,0.3268038244520995,0.02275736730686508,50,23.382897222042082,4.739234374848883,2,0.30002365329556413,0.025543189126359715,100,59.53810957670212,4.071072769154367,1,0.27319713143780605,0.016405091084074015,200.0,155.9225802063942,9.557174824226902,1.0,0.3431067359663923,0.026515627622769218,30,0.3165653824806213,0.028824022556163943,3,0.3249237175891011,0.014953933608038712,50,0.733456289768219,0.08761396814382362,2,0.3149105476847415,0.011068562405872987,100.0,1.805645728111267,0.20893740678715328,2.0,0.30439941103621193,0.009940021698673956,200,3.580571138858795,0.2440860197975407,1
FM-500-100-0.75-SAT-1,10000,0.30367684087024455,0.039065973424494076,30,12.191957902908324,1.2101660348859593,3,0.26747425760143656,0.018716808951535515,50,22.7516197681427,2.3341822672837873,1,0.25671076824150274,0.017387602362368377,100,59.83051869869232,4.691790625247145,1,0.25583003957794564,0.013517806525544705,200.0,145.83150398731232,8.757425636164218,1.0,0.31432796142099073,0.026209455128576815,30,0.33726183176040647,0.029573206201082308,3,0.28774231496468866,0.022920117840131933,50,1.1428725957870483,0.07421639770330597,2,0.2670259635573448,0.015626630165139044,100.0,1.5175358414649964,0.17675127663443108,1.0,0.25217136788265293,0.007075697889745677,200,4.659865689277649,0.5150145114744562,1
FM-500-100-1.00-SAT-1,10000,0.33294798892800564,0.025950750412558742,30,14.594623267650604,1.5030881365710753,3,0.31590342673189287,0.018850349933412017,50,23.307770466804506,1.680186127483278,2,0.30132418786594134,0.008909285817955742,100,58.359280622005464,4.356025223499385,1,0.29516381060709085,0.005362469214773547,200.0,151.97020889520644,6.158539779521359,1.0,0.32873075947170066,0.02537302528988127,30,0.4748085021972656,0.023171229958903663,3,0.310709850498743,0.014455738208597595,50,0.8958488464355469,0.064113796748564,1,0.29734722510691275,0.0073921521447959685,100.0,2.893799889087677,0.2895167582677479,1.0,0.29206859755540476,0.002568504211164286,200,5.670822751522064,0.43605751856820096,1
HSMGP_num,3456,0.0073482112289595045,0.003706479572301455,30,6.577225613594055,0.5990582559502556,2,0.00563509568197891,0.007327869143641153,50,10.37231024503708,1.0369952600940133,2,0.0015133227394227553,0.0005920318936861317,100,21.9691859126091,2.7486519633371183,1,0.001377957664175985,0.0011195857823493953,200.0,52.256677293777464,3.8060770575397895,1.0,0.009360983955729024,0.0048849963969331235,30,0.14355498552322382,0.003423589535429016,3,0.0065952307085379806,0.0028933971539610074,50,0.24507457017898554,0.00817413068458819,2,0.0038876183345322645,0.0013886235512317574,100.0,0.7188671827316284,0.03223653843957698,1.0,0.00268331354630088,0.0009537001516823701,200,1.3974017739295959,0.06331439764818488,1
HSQLDB,864,0.0031739057489947103,0.0014621743281838739,30,5.731168437004089,0.6635993528705014,2,0.001786663549718515,0.0002144355530378048,50,9.643673276901245,0.7633708124148646,1,0.0016033042253096,3.790896096311017e-05,100,19.03869535923004,3.2557897101109727,1,0.0015916033030820853,3.3980525803120285e-05,200.0,39.09399999380112,5.549561785396554,1.0,0.0023132417008482347,0.0008358248190488725,30,0.14455200433731075,0.0068215221593753055,1,0.00212520154976876,0.0006794363509191151,50,0.2640703797340393,0.015702574814915726,1,0.0016922008379361552,7.750282750107084e-05,100.0,0.558160126209259,0.0328418361055869,1.0,0.0016088007413008298,4.368202570009043e-05,200,1.2469638466835022,0.07558767037701923,1
Health-ClosedIssues0000,10000,0.17058903737783396,0.022393951131005823,30,3.080491065979004,0.42329176288063913,2,0.1544236350170508,0.0120891055764696,50,6.540978860855103,0.9836960540752222,1,0.1454312608262588,0.01199100625243599,100,15.047409391403198,2.302858858551674,1,0.14397188389152177,0.011751897617176066,200.0,25.225161409378053,6.518521644042359,1.0,0.1854922942386426,0.030817196446781055,30,0.35265369415283204,0.022835636723112222,3,0.16692007818836954,0.020567770417081462,50,0.7085200905799866,0.0817406213805811,2,0.14835694672908875,0.00981258648572437,100.0,1.1859367489814758,0.07592361697045712,1.0,0.14098372014687993,0.004681290502791263,200,2.3457741022109984,0.03390677580049335,1
Health-ClosedIssues0001,10000,0.45305544290498884,0.012765567060440195,30,3.790018630027771,0.32742616784006107,3,0.4427206698134586,0.022960166969776312,50,6.626630711555481,0.5457850717709373,2,0.44055841426453,0.02399285060124318,100,15.215540325641632,2.319858256663752,2,0.4189916478970007,0.03394167847529032,200.0,28.50409542322159,8.000234505239376,1.0,0.45295331654092913,0.017252824289983936,30,0.35251606702804567,0.025693483024021004,3,0.4436145591117232,0.024083496863583492,50,0.6277548193931579,0.03488445926676207,2,0.4373317094466077,0.02620538736869666,100.0,1.1855552077293396,0.006343761757650866,2.0,0.4345011094693326,0.025157281421943328,200,2.3418216586112974,0.012811609148994532,2
Health-ClosedIssues0002,10000,0.17492800999836178,0.02366478962927079,30,3.852646327018738,0.5269939643371016,4,0.16680833306274057,0.03271013717413874,50,5.943232810497284,1.0160976166051585,3,0.11625902315086192,0.0514909672908649,100,16.08186866044998,2.593372375880887,1,0.08893147802426767,0.037919871834648775,200.0,30.56919593811035,6.1474858924544655,1.0,0.17882779636638302,0.007008487557915416,30,0.378667950630188,0.03654641038926818,4,0.17874635694213398,0.007000203307603153,50,0.5910214304924011,0.043676585558332995,4,0.16018827865055524,0.03638877889327388,100.0,1.2258816957473755,0.07500335138218359,2.0,0.14231084594813914,0.04649413827247885,200,2.5565746426582336,0.1430076282650122,2
Health-ClosedIssues0003,10000,0.195177013918833,0.04431140741673079,30,4.271694207191468,0.4479834476317766,3,0.1677160870455143,0.03891588932130139,50,6.678052175045013,0.6900194198524293,2,0.15364775736371233,0.030107360514489603,100,17.032131481170655,1.923757308039856,1,0.1504417947134012,0.025691855465654282,200.0,31.721633267402648,6.158440129436264,1.0,0.18840529519174076,0.038358596757951176,30,0.596832275390625,0.0426050427390693,3,0.17382364545281428,0.029896818800352873,50,1.0756274819374085,0.060299948044387715,2,0.14932121750753924,0.005482614141736436,100.0,1.3301778197288514,0.13654323472606905,1.0,0.14440987931521682,0.0041123475659546995,200,4.351706683635712,0.15165823874542153,1
Health-ClosedIssues0004,10000,0.2863374826075807,0.01042506589532772,30,4.626224112510681,0.4742479238299042,3,0.2776048141936085,0.009429413309243717,50,8.51135823726654,1.2186874197155428,1,0.272801491146577,0.007229685518267887,100,17.5035080075264,3.197550095774853,1,0.27042737513284953,0.008470226178474401,200.0,34.930506837368014,7.481069030492917,1.0,0.28819520511720587,0.011322737474601356,30,0.5803221464157104,0.04186579352582298,3,0.2803220488814542,0.007147981990958011,50,0.946501362323761,0.04222990472023305,2,0.27580900007668935,0.007657103550275125,100.0,2.023308074474335,0.05124057570495054,1.0,0.27214149242704033,0.006298608336165378,200,3.9299302816390993,0.027776478875623404,1
Health-ClosedIssues0005,10000,0.2387306442196721,0.005795595128662092,30,3.989080023765564,0.5348269483641426,3,0.23617712284872017,0.006863423415121572,50,9.384062504768371,1.0806087700929883,2,0.23345172971157502,0.0067816529478420895,100,19.246842312812806,3.1939441351587425,1,0.2292274211490275,0.006352922040068033,200.0,35.18345829248428,7.5196076317041864,1.0,0.24017655618732206,0.004713909364272751,30,0.5846823215484619,0.043874013416679715,3,0.23693643168421463,0.0054321586751914204,50,0.9093310832977295,0.05413032641126922,2,0.23475594693836838,0.005362351203304825,100.0,1.9337641954421998,0.04858611358470974,1.0,0.23203384793689413,0.004554122630428329,200,3.638904404640198,0.15804484637889563,1
Health-ClosedIssues0006,10000,0.10972874530182883,0.016499857553240932,30,5.672409975528717,0.5928884344353812,2,0.10485230377146135,0.010227717312120025,50,10.16732577085495,1.2808920800412706,2,0.09882490922460259,0.010813846010550208,100,18.411842226982117,3.3786753638632074,1,0.09076814535613462,0.014489338007001586,200.0,34.95813726186752,7.392648249565547,1.0,0.11704846643100401,0.0116632886752796,30,0.5111225008964538,0.06125946925125908,3,0.10986377267536726,0.01396807110920043,50,0.8261987805366516,0.055022505687676374,2,0.10198000764514148,0.009777608810064385,100.0,2.0758312940597534,0.04446216147952547,1.0,0.09579630120861896,0.011905564167814365,200,3.5689719557762145,0.1728552799004128,1
Health-ClosedIssues0007,10000,0.4759733225709134,0.0941833850101576,30,5.486719369888306,0.49144981562817897,2,0.40658260158904785,0.0773622316883987,50,11.05333856344223,1.1996107776513087,1,0.3594551346393239,0.06483065763064265,100,25.23447299003601,2.2578146013897085,1,0.3227903215776223,0.034506280119481175,200.0,46.75666166543961,3.824090316940074,1.0,0.5310340215207048,0.0639402325482218,30,0.5042503714561463,0.0592272310549277,3,0.49072491340015506,0.060768043451968755,50,0.8666575670242309,0.09869518646643374,2,0.44128358288831404,0.05249774101058089,100.0,1.7115557074546814,0.09813599811214738,2.0,0.4192382972559646,0.0335109721541516,200,3.6375300526618957,0.1551160252312139,1
Health-ClosedIssues0008,10000,0.29215973271532,0.05092956380840962,30,5.326886868476867,0.5010803306445721,2,0.2698875289063942,0.03724431042689601,50,10.058438766002656,1.018133821094993,2,0.2570474950619709,0.030198183102862118,100,25.274834787845613,1.9410929483372312,1,0.24092083791619165,0.014914710219910131,200.0,45.822957038879395,4.363970279976964,1.0,0.2853411462208778,0.06538682054085408,30,0.4732944965362549,0.05230327770393239,2,0.25631735764900243,0.013787512004546183,50,0.9205079913139343,0.04817122769755558,1,0.24826384717958852,0.00808979758985091,100.0,1.5978625297546387,0.10128110579444628,1.0,0.2430333425073278,0.004560744434278786,200,3.0499614477157593,0.18466723661943585,1
Health-ClosedIssues0009,10000,0.32683474920986044,0.07083057603369397,30,5.256659281253815,0.42814241971238237,2,0.2826771512611519,0.049663187856570985,50,9.378034245967864,1.0434138539604685,1,0.2657566341762317,0.0479224663736573,100,21.90512263774872,2.2145060575448543,1,0.23867923359816579,0.009576428160116307,200.0,44.77832911014557,4.114113467894149,1.0,0.3052427493491183,0.05860709764398778,30,0.5516818523406982,0.04965365725654347,2,0.27918587584535015,0.039358789811897416,50,0.7179885625839233,0.07058169357703115,1,0.26248554460142753,0.011543852019147857,100.0,1.821059226989746,0.03666609179504062,1.0,0.25226660194595574,0.006789822998762331,200,3.061528241634369,0.2214761810353039,1
Health-ClosedIssues0010,10000,0.48194697865661346,0.006392265560159643,30,4.8877766013145445,0.43025796507586217,2,0.480639727898075,0.007152178043414932,50,8.952867543697357,1.1108728321050645,2,0.47147805032982354,0.009190357237210794,100,21.144359815120698,2.221873743339353,1,0.466092217054592,0.00958165742705987,200.0,44.065387952327725,5.128811891385789,1.0,0.4861158069839167,0.0063495389787583695,30,0.4239077210426331,0.05788090033214656,3,0.4834194515324389,0.006183716621741864,50,0.7010927438735962,0.04771078272654211,3,0.47846476437547586,0.005895044294737553,100.0,1.4437408208847047,0.1008299842164948,2.0,0.47311852371399404,0.008224806928812663,200,2.8348010659217833,0.19948223516845143,1
Health-ClosedIssues0011,10000,0.02696550992919581,0.026886007555061046,30,4.491642165184021,0.46561108222546843,2,0.01920542598562381,0.02608625107980847,50,17.940895116329195,1.3726796911578194,2,0.004068016044017895,0.006960253939265764,100,20.59467006921768,2.579955263986386,1,0.0023269787154478303,0.0061954276855597625,200.0,36.79263453483581,4.792564362062101,1.0,0.035250023259441474,0.04240838142742045,30,0.4470345854759216,0.06022252033289155,2,0.010699369543357245,0.009046551512052402,50,0.7215848207473755,0.05505227325223646,1,0.005079215245211851,0.0038204676709208065,100.0,1.4788738012313842,0.11260824929845102,1.0,0.00321384456072726,0.0020461060817633025,200,3.097992718219757,0.20133713238285536,1
Health-ClosedPRs0000,10000,0.0,0.0,30,4.023287379741669,0.5425908952094955,1,0.0,0.0,50,7.68355963230133,1.0416847166228613,1,0.0,0.0,100,19.063914930820467,2.6237744190342784,1,0.0,0.0,200.0,35.22536514997482,4.488741489082557,1.0,0.0,0.0,30,0.27285405397415163,0.002464390761484055,1,0.0,0.0,50,0.5699608206748963,0.06823331133301146,1,0.0,0.0,100.0,0.9659983277320862,0.06476257258176746,1.0,0.0,0.0,200,1.9880021929740905,0.19723054544978585,1
Health-ClosedPRs0002,10000,0.021096542354763482,0.00011453903330245893,30,4.551448321342468,0.6298053863391442,4,0.020784463910868224,0.0006390758630551448,50,7.546447670459747,1.089486425595951,2,0.020178411754139508,0.0008819086268035055,100,17.77962120771408,2.298785657862578,1,0.02007796430732477,0.0008803153433115123,200.0,37.34859807491303,5.120454092330186,1.0,0.021121308675497823,1.3059866396360008e-05,30,0.41641714572906496,0.046890440289018384,4,0.021121308675497823,1.3059866396360008e-05,50,0.6122109532356262,0.06091497570114152,4,0.02099249783456047,0.00040756430063661214,100.0,1.530437207221985,0.07364391308290016,3.0,0.020696461042010762,0.0006890701885641799,200,2.763793182373047,0.2669668294684183,2
Health-ClosedPRs0003,10000,0.083064398309853,0.00012977121594345744,30,4.261550772190094,0.5467242178106274,2,0.08304721881638054,0.0001636612897247222,50,8.0590771317482,1.1055080528784231,2,0.08249661413685476,0.0007479565928585053,100,18.396261358261107,2.435637011420646,1,0.08246420132170461,0.000832047872141108,200.0,37.36668659448624,4.169213821394527,1.0,0.08309341603589024,1.6324456666696272e-16,30,0.391415011882782,0.04774997495680749,2,0.08309341603589024,1.6324456666696272e-16,50,0.6093364953994751,0.05907090879290156,2,0.08308285214226208,3.7868541659724585e-05,100.0,1.1949504971504212,0.07762168512112477,2.0,0.08307159207631357,6.564854951365082e-05,200,2.612250816822052,0.15259067361000112,2
Health-ClosedPRs0004,10000,0.3237017767925444,0.06861095802604673,30,5.429679048061371,0.6256896912973477,2,0.30244772526325525,0.033994952161301696,50,8.443996596336365,1.165707265638378,1,0.29166432994954616,0.03646740527870864,100,19.903754436969756,2.756494320296796,1,0.2806280566379677,0.005686748511593477,200.0,38.79978835582733,5.128202477255433,1.0,0.3798725972762761,0.08618139506557704,30,0.22338572740554805,0.03034818889158497,3,0.3348303952133597,0.05233448710982738,50,0.3877073287963867,0.0495536131593922,2,nan,nan,nan,nan,nan,nan,0.2898369478974362,0.007539473014862342,200,1.4079587936401368,0.061389440832422704,1
Health-ClosedPRs0005,10000,0.001340562116072121,0.004034395616073244,30,4.493973839282989,0.562781419008538,2,0.0006343199768692207,0.001953947627300637,50,8.325497364997863,1.1588129819793889,2,0.00023960307365559507,0.0007988615518879327,100,18.976876819133757,2.2401482416305813,1,0.0,0.0,200.0,36.144532561302185,5.684000626531754,1.0,0.0010872739047600882,0.0013279030788542331,30,0.22445452213287348,0.03143328550154937,2,0.00013436947789839578,0.00032723552362982883,50,0.35429795980453493,0.035659042834068934,1,4.815742445998631e-06,1.2836244973281664e-05,100.0,0.7110507965087891,0.07233439247164092,1.0,0.0,0.0,200,1.563746702671051,0.13708195982529953,1
Health-ClosedPRs0006,10000,0.2975003644082965,0.15922333914150036,30,4.580322778224945,0.6496651404701003,2,0.17449903960502763,0.1455577533692808,50,8.437441229820251,1.1355390672883057,1,0.12321067872851713,0.09217684991299616,100,18.822875380516052,2.353269403978591,1,0.0656293515719919,0.07239869619014482,200.0,38.54686051607132,4.665758183080562,1.0,0.24924987231160162,0.09427925411839799,30,0.21900937557220454,0.029528681177845847,2,0.2205367269460466,0.08781837326453909,50,0.35341356992721557,0.0337758283204316,2,0.15462375792923932,0.06984929777590788,100.0,0.7171112298965454,0.07215087364503181,1.0,0.11115678577620465,0.044808559711101516,200,1.4480061888694764,0.13969253015051844,1
Health-ClosedPRs0007,10000,0.08114809757737977,0.04931932989130895,30,4.440011000633239,0.5147327756351083,3,0.0561937412270566,0.03841492026189634,50,10.079298913478851,1.154273956470469,2,0.026456200645978655,0.01822185700955806,100,18.946680986881255,2.5407333491124686,1,0.017799045087127076,0.029313737516806396,200.0,36.06936948299408,5.180529593087302,1.0,0.08900648528433172,0.03750550916457449,30,0.4505756855010986,0.06305303815686167,3,0.06325673657581835,0.02494539348168146,50,0.8702503561973571,0.03648298672389661,2,0.04286373419922224,0.017383483866019768,100.0,1.9232937693595886,0.040272829326226056,1.0,0.03356823890304893,0.009376930440734933,200,3.191380727291107,0.2462064560776918,1
Health-ClosedPRs0008,10000,0.6400246510032422,0.08878240004736168,30,5.212337481975555,0.5713519443015977,4,0.5827976454327378,0.11389622086999478,50,6.888637232780456,1.1224703400432066,2,0.5293693638860644,0.13017514092728133,100,19.766622030735014,3.3287870829792223,2,0.36380117429315006,0.20663110799730974,200.0,33.789453864097595,7.632097325202544,1.0,0.6278790313932462,0.05429937436599154,30,0.5389043927192688,0.011282211807382354,4,0.5998551619201989,0.03701369536403393,50,0.380121636390686,0.06621627578263611,3,0.5782656149270081,0.0500197449378049,100.0,1.7149827599525451,0.1194953843543871,2.0,0.5589826901420589,0.03822128603594301,200,3.1136470794677735,0.3281372412221987,2
Health-ClosedPRs0009,10000,0.5327853217186651,0.15634203103482236,30,3.694566822052002,0.503382032063566,2,0.5073746781792706,0.16339899288269688,50,7.342130076885224,0.9883912848195804,2,0.47209464223088826,0.16219294367345163,100,14.846194851398469,2.0091709945796783,1,0.38970828918408096,0.1512761800273559,200.0,29.372008287906645,7.208247116657762,1.0,0.5737303818486654,0.1090022743528507,30,0.22212572097778316,0.030123097599883297,2,0.5343351547120028,0.12082808832681027,50,0.46578437089920044,0.06121243054845931,2,0.44831892579055976,0.11399838263741087,100.0,0.7818807125091553,0.0985555375081357,1.0,0.38803619809452006,0.09120014566206004,200,1.620513951778412,0.13466459664783156,1
Health-ClosedPRs0010,10000,0.42924753659871523,0.10527235456479699,30,4.011850249767304,0.5448999705543577,3,0.36874257168684915,0.11840479540202323,50,7.11643352508545,1.1199844728056296,2,0.284689234273289,0.0681012429462361,100,15.358136630058288,2.2566936385503475,1,0.24303231590784397,0.04635856821737142,200.0,27.550702810287476,7.620994968755095,1.0,0.45430699481673925,0.07478542853831537,30,0.2215062141418457,0.03583875879771569,3,0.42286313947900195,0.057898241013443326,50,0.3553542494773865,0.03584748098874864,3,0.3432389430341002,0.06879255282284624,100.0,0.7155034899711609,0.07261422195021938,1.0,0.27642852221428144,0.06015967557109234,200,3.7820284605026244,0.05674775530913616,1
Health-ClosedPRs0011,10000,0.0,0.0,30,3.4455277919769287,0.34085415638375915,1,0.0,0.0,50,6.259992289543152,0.9485309941040387,1,0.0,0.0,100,14.666358828544617,2.120647987733252,1,0.0,0.0,200.0,25.598368978500368,7.565451737591265,1.0,0.0,0.0,30,0.24399639368057252,0.03824049187706287,1,0.0,0.0,50,0.7453699946403504,0.05773030736693641,1,0.0,0.0,100.0,1.4684801697731018,0.11475665920057966,1.0,0.0,0.0,200,1.6430741786956786,0.26865970260825184,1
Health-Commits0000,10000,0.18350053134832084,0.05757888450866977,30,3.699045944213867,0.41981819250660984,2,0.18517328551250667,0.059445477891663545,50,7.538359081745147,0.9927515336835514,2,0.14128375440890534,0.05221256692560032,100,15.142926490306854,3.08008315707053,1,0.11985836138656233,0.04730582880308294,200.0,27.192173552513122,7.624235434402472,1.0,0.22983062826483738,0.055536082513685144,30,0.4060365676879883,0.002493128783805257,3,0.1942042099940965,0.055395153770225636,50,0.685098159313202,0.004207836250293767,2,0.13929251736020504,0.030746297535693447,100.0,1.4567156791687013,0.129547492012535,1.0,0.12701873554222837,0.020461596233937743,200,1.6084116697311401,0.2016409039451107,1
Health-Commits0001,10000,0.16495795125887355,3.2713245618273788e-06,30,3.559454083442688,0.43002883828952126,4,0.16495721976846392,3.2512020012094713e-16,50,6.5551252365112305,0.9424635234142191,4,0.16495149897766542,2.5584154220259783e-05,100,14.567101764678956,1.919555448716435,3,0.16461348732293074,0.0011073463933880278,200.0,26.027818393707275,7.019988823160453,1.0,0.16495871683093738,6.461192975840488e-06,30,0.3666767835617065,0.04292352230746791,4,0.16495721976846375,2.1733836753883296e-16,50,0.7667641520500184,0.05538614759807579,4,0.1649259941618314,0.00013024067832836117,100.0,1.201262152194977,0.10433876685933677,2.0,0.16472233830750466,0.000900523114398489,200,2.407447004318237,0.21640794243971617,1
Health-Commits0002,10000,0.4732744666161068,0.06968082420876108,30,4.055561292171478,0.6135802306092616,3,0.42872460037372245,0.10757227412777284,50,6.927295935153961,0.9157086873616475,2,0.3410651499571339,0.13683950955839833,100,15.363542866706847,1.9389672469880228,1,0.2549185221862955,0.1072403295240084,200.0,25.966891753673554,6.4577338386075285,1.0,0.4928090393191124,0.04202948386809881,30,0.3680958032608032,0.043504243275299295,3,0.49012099450420543,0.04304977378007225,50,0.6021208167076111,0.06298090402736253,3,0.47625603082922063,0.06327024791680397,100.0,1.4401511549949646,0.11590021090547979,3.0,0.4460208906457567,0.10373594135031718,200,2.437246537208557,0.2371286255183492,2
Health-Commits0003,10000,0.354235442975151,0.04539234324062218,30,4.683537757396698,0.5358970322936493,3,0.3334569994184379,0.03344202153614834,50,8.522471511363984,1.0125856332431833,2,0.3054335311329225,0.031873462069610475,100,16.823015367984773,1.7463553972191876,1,0.29096243334999106,0.03304722574769255,200.0,31.376788127422333,7.1169212135728745,1.0,0.3646865617524721,0.03183807886743276,30,0.35067150592803953,0.03284284420657427,3,0.3370217385759727,0.02596470313942701,50,0.5931878805160522,0.037355874747254506,2,0.3244243667573161,0.02685884647192879,100.0,1.3489977240562439,0.16184375309215018,1.0,0.3151796447190373,0.023873914555189172,200,2.3584556341171266,0.07934452812798816,1
Health-Commits0004,10000,0.22501108705326184,0.003432823435917584,30,4.8719367504119875,0.5354025129872465,2,0.2239514133992866,0.006540171014596752,50,8.551316905021668,0.8972330163990606,2,0.21912990569270302,0.011027707366532174,100,17.23382431268692,3.391337078348558,1,0.21593059484250277,0.01069161925558833,200.0,31.37098467350006,7.850735426198661,1.0,0.2254389484189984,0.0022125230186591273,30,0.3912049412727356,0.0424981033513905,2,0.22436794629223727,0.0048496990287251775,50,0.7057132840156555,0.04493499518555983,2,0.2236854164560992,0.004885149389467714,100.0,1.2913192987442017,0.1188132571207605,2.0,0.22299083753751003,0.003793703797842378,200,2.6313438296318052,0.24178302576860974,2
Health-Commits0005,10000,0.20780954842992921,0.03174283185682231,30,4.857391941547394,0.5346841431080266,2,0.1944463189826258,0.021904738356511418,50,9.34137338399887,1.1089991332273657,2,0.18396053468883605,0.02233487001789111,100,17.23681992292404,3.2585512157683603,1,0.17136145964886454,0.01824302859650596,200.0,33.25465086698532,7.223260918559972,1.0,0.19895698524479566,0.025627573803214898,30,0.3688506603240967,0.0387159039695551,2,0.1850078028029664,0.014796672852622055,50,0.6778808832168579,0.09858315855897651,1,0.17499364987462498,0.009708413016238083,100.0,2.0716087460517882,0.029880734670320062,1.0,0.17034110643867625,0.006348200581983361,200,2.597056531906128,0.24229848441626903,1
Health-Commits0006,10000,0.2779651707079472,0.02731006770776079,30,5.418460893630981,0.9554469669129133,2,0.26935418804724753,0.026849665702299096,50,9.445990943908692,1.1836803209374094,1,0.25398553656557954,0.0206656255514391,100,18.232949030399322,3.668240166136461,1,0.24238643049865366,0.01888051905054625,200.0,33.93084124326706,7.390922091069992,1.0,0.2938853296569107,0.015421262608548227,30,0.5925138354301452,0.04352079527720933,3,0.2891437455713765,0.0141782582350995,50,0.9953930020332337,0.021327803281074465,3,0.2680473569725009,0.014235489450693427,100.0,2.2355600118637087,0.13955586597958303,1.0,0.2615738799279278,0.015750261734727884,200,4.452792465686798,0.11179073659585789,1
Health-Commits0007,10000,0.21617859150676028,0.02551013611646982,30,6.216485166549683,0.7642863895414959,3,0.20374594310184135,0.01887184848894726,50,10.25214124917984,0.7099779308348473,2,0.20617699373750886,0.02645669798882507,100,21.620715844631196,2.5963176853291836,2,0.19148664431908094,0.01565394766169324,200.0,44.88661361932755,3.924661035393601,1.0,0.21889892400032057,0.01681368828973197,30,0.583027458190918,0.048219585316245886,3,0.2139829324380051,0.01648459480576443,50,0.973974096775055,0.03252403779990208,3,0.19019767227573428,0.02189094468645147,100.0,1.9443089008331298,0.019637044548825096,1.0,0.1860660397253319,0.018377008856780383,200,3.7159903764724733,0.09259994906296606,1
Health-Commits0008,10000,0.387842947634886,0.019026511950321755,30,6.8479550123214725,0.5873841993737902,3,0.37292822576276535,0.029898046369642294,50,10.559098839759827,1.0060958462991505,2,0.3319673877919784,0.03619183822414158,100,23.175931906700136,2.2044590721471513,1,0.3195691897157808,0.04069643725447329,200.0,48.100124990940095,3.3484852434680277,1.0,0.37401388242697553,0.023855115180316654,30,0.6109414935112,0.046745882532204734,2,0.371569323690898,0.02114324452321609,50,0.8451175332069397,0.06341719563210745,2,0.34400249352102213,0.021124062418080375,100.0,1.8857098698616028,0.0964891865302276,1.0,0.3194374359834834,0.02284188766315918,200,3.5748804450035094,0.20658068451689113,1
Health-Commits0009,10000,0.13604812952879802,0.007800677790053246,30,6.078211390972138,0.6936484312049453,3,0.1334449144972396,0.007185852342289675,50,10.239479637145996,0.8631780372387401,2,0.1284676000342299,0.0071356580582651674,100,22.878776466846467,2.234245551755078,1,0.12739664204955964,0.008410061828305077,200.0,42.41363000869751,4.707485731866429,1.0,0.13880831444984185,0.005226277320708565,30,0.5102481961250305,0.06266680107123117,3,0.1356796157536833,0.005859284335491178,50,0.8106804728507996,0.0398756230602453,3,0.13253224033445263,0.005807004981792232,100.0,1.6129262924194336,0.12259528322515474,2.0,0.1286079298430963,0.004995245938043573,200,3.273178207874298,0.2583066177052592,1
Health-Commits0010,10000,0.29711057648332756,0.01977353219736631,30,5.601269376277924,0.6094894977039642,3,0.28909507288591396,0.013933743712969057,50,9.347694754600525,1.0033500593915587,2,0.27954694513054024,0.007959408720631098,100,21.365057837963104,2.5586892089856357,1,0.2730968684352202,0.010414595616695204,200.0,41.63389362096787,5.482868531135291,1.0,0.29426008488141725,0.010045407795125272,30,0.4812044620513916,0.054067195508273456,3,0.2925687893756623,0.009771579504529527,50,0.7782238602638245,0.054388284934830076,3,0.2875288984284432,0.005562256345672539,100.0,1.812907099723816,0.13501199083534748,2.0,0.2819503828092275,0.006157242670722808,200,3.5265771627426146,0.3483979439561549,1
Health-Commits0011,10000,0.015196096199374662,0.014626049971271853,30,5.6304569959640505,0.718478915393004,2,0.005642481930609825,0.008466875734682739,50,8.511163473129272,0.8629050325629698,1,0.0030381226576132354,0.00576921486007762,100,21.787624752521516,2.39331520913112,1,0.00203331124257247,0.0038122280630096543,200.0,39.18787717819214,5.26680271730222,1.0,0.02614304443753989,0.02509752261132203,30,1.0216392755508423,0.02364047368315346,3,0.01248643778418813,0.010583753055818204,50,0.7804443836212158,0.06279413093719279,2,0.005418140108761495,0.005399476076800839,100.0,1.4688765287399292,0.08159611631779651,1.0,0.0016682659455100398,0.0024133339034778972,200,3.512742817401886,0.2408092343549918,1
LLVM,1024,0.04714651249789399,0.005787928184248511,30,4.1049619793891905,0.43650146188909494,2,0.04553632266769728,0.003723802707321645,50,5.9261863231658936,0.8641480437399133,1,0.04321689253632792,0.003029474691319947,100,15.189312744140626,1.8306118303743537,1,0.04209809711181233,0.0023427163496213916,200.0,21.541530823707582,5.941062728606823,1.0,0.050706805898136406,0.007933314950422196,30,0.14857231378555294,0.0046008995357830615,2,0.04477432654789758,0.00469976751776816,50,0.2570455431938171,0.010596894618649896,1,0.04162398885496184,0.00191593640501876,100.0,0.6686119794845581,0.12464206750699468,1.0,0.04138121776637632,0.0015680958064575963,200,2.417630970478058,0.18312305249206126,1
PostgreSQL,19008,0.019881126615170483,0.00026349442275967673,30,4.104596376419067,0.7890441045331161,2,0.019770732440713992,0.00024220523308341054,50,6.637933242321014,0.882655531938098,2,0.01968615606525624,0.0002409202490190079,100,18.355117297172548,3.546016778976144,2,0.01962017971197052,0.000227919673039558,200.0,31.409806609153748,7.090876712872771,1.0,0.01982161134400842,0.00034122269014453486,30,0.11558911800384519,0.0063529199976868735,2,0.019607996267619235,0.00025383420121110717,50,0.17822821140289302,0.006911292061282875,1,0.019465946942705106,0.00019198062746207266,100.0,0.393924617767334,0.021522464895397806,1.0,0.019464414181348713,0.00019023118892995034,200,0.5829140186309815,0.0918878760786379,1
SQL_AllMeasurements,4653,0.29225310019080925,0.03829757271578506,30,8.335066437721252,0.8504330166831643,3,0.2671367516306352,0.04658013436804482,50,13.462813532352447,1.8379411973760418,2,0.233507363014281,0.030621074594845248,100,26.05755046606064,5.146470781067564,1,0.20780650444493642,0.019654214269652772,200.0,55.65424255132675,8.668130522290072,1.0,0.2920063942305174,0.04469309432236376,30,0.289809513092041,0.029851459645364974,3,0.26939718785446976,0.04066514499764888,50,0.4366310715675354,0.04698066649112971,2,0.23434132891862336,0.018606778032459755,100.0,0.5385966062545776,0.11679178148647154,1.0,0.22302962487723602,0.010308455687423767,200,1.9792970657348632,0.3616177288389642,1
SS-A,1343,0.2823193694881692,0.2672669498761672,30,4.172342669963837,0.7071539871429628,2,0.16762771816656066,0.2320200947654102,50,6.754123938083649,0.8962922476131423,2,0.040805459394607675,0.020725251213033088,100,13.631473958492279,2.6161472630604528,1,0.027735316637163398,0.0034520515720957686,200.0,23.838323426246642,5.6970745137483965,1.0,0.10003673121843995,0.12559985308924113,30,0.3808616638183594,0.0019168214008176776,1,0.05980108599611432,0.026153079540193074,50,0.5015452384948731,0.0468841831724571,1,0.04308710727882893,0.010423385090472375,100.0,1.036609423160553,0.07399649287147755,1.0,0.03574021692197785,0.007655584081908456,200,2.020137917995453,0.13506312078779764,1
SS-B,206,0.1561190509629957,0.038531070527566394,30,4.375009369850159,0.8722098067965026,2,0.14337986501043565,0.01113524122353151,50,6.8372165083885195,1.087280559617818,1,0.1394552357159732,0.004588174697622775,100,12.405870819091797,2.3077056259001125,1,0.13962720065168804,0.004635600954451888,200.0,24.222676753997803,5.736845461319824,1.0,0.15786555950356457,0.02160394805336037,30,0.32464113235473635,0.014138540476213296,2,0.1434163579652456,0.0058319020239037045,50,0.6756907343864441,0.007165848114424964,1,0.14049241930244877,0.005006061449366842,100.0,1.0804188966751098,0.07268408814214489,1.0,0.13931995203846528,0.004595289589734975,200,2.430874931812286,0.21530124233883205,1
SS-C,1512,0.4923217002342583,0.18557743683068495,30,4.81059467792511,0.5725037096994584,3,0.39119725721263005,0.20493841267049123,50,7.485076093673706,1.4848718839696085,2,0.2861039564913286,0.19246462790912722,100,14.47755229473114,3.025574351699546,1,0.10915008040605396,0.07424341732090595,200.0,24.66551580429077,7.159092947579252,1.0,0.42778549715270664,0.1396961357389694,30,0.3706734776496887,0.00793835801203525,3,0.34184449621961427,0.12285042415826525,50,0.5445187330245972,0.025701182080820922,2,0.2595060656144244,0.03842134241812044,100.0,1.3173566818237306,0.008833076691580392,1.0,0.23467184552323755,0.06096972583499447,200,2.101081907749176,0.3774446898938574,1
SS-D,196,0.4503602873540803,0.008807313424855715,30,5.406281352043152,0.8048172304341337,3,0.4410471096775823,0.024033409308328334,50,8.031020390987397,0.9049168815540152,2,0.4249263740003338,0.032479050979363815,100,14.882004451751708,1.953139566325823,1,0.4151211227221161,0.03216980342575142,200.0,36.03054665327072,3.2760033105262236,1.0,0.43914793957563314,0.025374259706317397,30,0.20247713327407832,0.0012395614205485317,2,0.4391184937736881,0.025355604884316374,50,0.6307057738304138,0.013998123944282806,2,0.43307576899315625,0.02901567137353856,100.0,1.2549615621566772,0.028053346035077635,2.0,0.43003201371670896,0.030470952545963555,200,2.631996238231659,0.08413880412229587,1
SS-E,756,0.16618947089035252,0.02391910420523378,30,4.752271747589111,0.6032819790667243,2,0.16282957817640797,0.019387779376347898,50,7.623577618598938,0.8983773317916915,2,0.152717057994203,0.005406833515606733,100,14.444167041778565,2.4098287631207795,1,0.1496812371942819,0.0025685722560017,200.0,34.324292230606076,3.8715882084767332,1.0,0.15387033635939748,0.0033258325574150233,30,0.3653314828872681,0.00427200421077367,1,0.15269329649352614,0.002577798367561105,50,0.6749084949493408,0.02430709675240269,1,0.15142296813873704,0.0020039163282756195,100.0,0.6750223278999329,0.007087246464361947,1.0,0.14947607718728506,0.0021901234845872553,200,1.370771300792694,0.02818170753809348,1
SS-F,196,0.4474569859135341,0.01362400099228469,30,4.582948434352875,0.5743861072838358,1,0.4452704668076515,0.015039204065715246,50,7.762075388431549,1.1009586877892479,1,0.44178639213086324,0.013166870640149313,100,15.679435086250304,2.179643906061375,1,0.4377630235832727,0.018418980106316953,200.0,32.33774030208588,3.9093244270127623,1.0,0.4458511912107396,0.01273859245988534,30,0.36974247694015505,0.011345931227368366,1,0.4431686554456002,0.011692168958248471,50,0.5143496751785278,0.021926997363319777,1,0.44316617208609416,0.0116914128321211,100.0,0.6735587596893311,0.003509710633322262,1.0,0.4424960484056041,0.010860936136404596,200,1.1576687335968017,0.2160332794148005,1
SS-G,196,0.4461416874043911,0.011603952651078987,30,4.474402487277985,0.5087264824020028,2,0.4447634315451513,0.012268758283671324,50,7.704847347736359,0.952868778406491,2,0.44463370935309465,0.01176027891350591,100,16.28221490383148,2.0654314608053332,2,0.43796373789642395,0.020434907694331057,200.0,30.462855315208436,4.3709010368352255,1.0,0.4464216296824657,0.006925445856969704,30,0.37686786651611326,0.006448308502223194,2,0.4464216296824657,0.006925445856969704,50,0.515462064743042,0.03885959284556737,2,0.446409845457907,0.006920379809023666,100.0,1.0501466870307923,0.019698870652408516,2.0,0.4462186878165949,0.0068604902565991095,200,1.2731593132019043,0.17773912535530537,2
SS-H,259,0.391492088626484,0.17291690339800483,30,4.611262488365173,0.738288983011835,2,0.2921161798141558,0.07546000973581861,50,5.634272861480713,1.1286297521942699,1,0.2411109066529203,0.0028836627023392674,100,15.146133029460907,2.127921006921491,1,0.24102563517214123,0.002736447042339975,200.0,27.34728925228119,4.207156524541057,1.0,0.4937088295595332,0.10266617620024193,30,0.20654629468917843,0.0011250011091617244,3,0.40708520179510915,0.10127655483709143,50,0.544651210308075,0.01347481638748562,2,0.3121409515810084,0.07778124111273516,100.0,1.2000356316566467,0.04503596867998704,1.0,0.2678090224058035,0.058877863008039696,200,1.1853584885597228,0.22896549042251516,1
SS-I,1080,0.07910408932978111,0.09792439594079466,30,5.129808712005615,0.6887329368674212,2,0.07879253836438632,0.09513959658774121,50,8.47120326757431,1.3702185919950596,2,0.024221999358476146,0.05218662010156466,100,16.636122274398804,2.5710117599960207,1,0.01201953160569193,0.001161410700322552,200.0,33.366911351680756,4.75797900008599,1.0,0.09692683365839021,0.10115822685058816,30,0.2261335968971252,0.004590499138283858,2,0.07258074307369784,0.104845595086447,50,0.6858581304550171,0.010001769345683418,2,0.0721366295409111,0.10510783658570858,100.0,1.0688252329826355,0.01264461506553,2.0,0.04363311155110631,0.07589853812577758,200,2.2560593128204345,0.2322550627971447,1
SS-J,3840,0.07220367348703417,0.003892655405749791,30,5.436482405662536,0.6128705321537721,2,0.07258428027330308,0.00397302051026441,50,8.5888756275177,1.1011628055150762,2,0.06973950863752389,0.003367828411403825,100,19.233571350574493,2.7873616551283984,1,0.0681414970563464,0.003595404700712736,200.0,40.29015440940857,4.964988300415748,1.0,0.07290571574584105,0.003455668865416519,30,0.3047774791717529,0.005354934621520181,2,0.07184112181492616,0.0029296553899872072,50,0.5764320611953735,0.027817162884807498,2,0.0684810325542925,0.0028227745506793573,100.0,1.1126897811889649,0.05981102880699139,1.0,0.06684138348164692,0.0020857179927596366,200,1.440507411956787,0.026539135584013385,1
SS-K,2880,0.09317841909808515,0.03567303463400198,30,5.95401177406311,0.6767662915337168,2,0.079996437749659,0.026410073864618137,50,8.796830034255981,1.1209279460671464,2,0.07156931823578669,0.017262480938275013,100,17.91027612686157,2.5035372375093745,1,0.06507369210518509,0.002835355683641,200.0,37.46666238307953,4.187581308396374,1.0,0.08132835240193688,0.027160331979116093,30,0.2024578213691711,0.001116054519143811,2,0.07053720507040342,0.013711095046004729,50,0.34202823638916013,0.005064313743643489,1,0.06540966530066837,0.0030036946203004077,100.0,0.725806474685669,0.016412708391002194,1.0,0.06475694341135776,0.002669631967314028,200,5.058494579792023,0.11805239472760966,1
SS-L,1023,0.20909662762251124,0.07327161749510457,30,4.698170614242554,0.8463989789277729,2,0.17436807530032766,0.004083049878072005,50,7.692365384101867,1.1726223821098336,1,0.1707018077746511,0.0030421880553986713,100,15.013380205631256,2.3308379228889615,1,0.169878187741782,0.0022329862141601394,200.0,32.325112426280974,4.021775139421856,1.0,0.17863203312522022,0.008290957172848556,30,0.38347909450531004,0.007542939376831065,1,0.17178125973304653,0.0031308759581955077,50,0.5153432250022888,0.03232856751356993,1,0.16897986817940383,0.0008550037470601166,100.0,1.1866846561431885,0.10207363127476458,1.0,0.16897986817940383,0.0008550037470601166,200,2.6762710332870485,0.25462705530037005,1
SS-M,864,0.00486168994685493,0.0013536148566361088,30,5.9113470077514645,1.0495589269159822,2,0.004555400290736066,0.0016304737724437707,50,9.108965992927551,1.1590245532635994,2,0.0035038407052223794,0.0003861492300853769,100,23.23439438343048,2.146750862004471,1,0.003368855345030465,8.216787612320223e-05,200.0,40.788995039463046,5.295193066602391,1.0,0.00477465562952566,0.0008722224305577848,30,0.30258357524871826,0.004043775387782301,2,0.004083944910535815,0.0004342544882965543,50,0.70913245677948,0.014459188621622295,1,0.00366225094381379,0.0002502405937657899,100.0,1.6116500496864319,0.18118719436923791,1.0,0.003468966539317045,0.00013558872723317054,200,1.708725905418396,0.2917194790791299,1
SS-N,53662,0.14955924170220844,0.0129254395645691,30,8.74712837934494,1.1008367174447944,3,0.13855531755090084,0.01243039924738222,50,13.986693954467773,1.4250606234355663,2,0.12034916057135887,0.015204038956813985,100,32.58939249515534,3.4171577941083173,1,0.11808439313690862,0.01596543429954265,200.0,73.48081003427505,4.465395379870693,1.0,0.1581445993495953,0.014203283310427313,30,0.2657391786575317,0.003674364473693739,4,0.15070221770106712,0.006405229812256887,50,0.6486284375190735,0.015086681406425573,3,0.14486659926506143,0.004807967881695394,100.0,0.9556329727172852,0.023657626744125856,2.0,0.1415917434915431,0.005582598073112771,200,1.9820337772369385,0.06355136054302987,2
SS-O,972,0.19236030706271784,0.010506194260003949,30,5.436647260189057,0.7449300246649566,2,0.18749736554206056,0.01037878660380972,50,8.849236047267913,1.1294949130535905,1,0.18319682316484004,0.005828089576195634,100,18.321339225769044,3.0183244935807645,1,0.18114571724971543,0.003291784687966309,200.0,38.773081195354465,4.604777128377991,1.0,0.197057190350032,0.03309308749832286,30,0.28249419927597047,0.003702704640539003,2,0.193610978768612,0.032376687393254146,50,0.5213739395141601,0.008653714279735138,2,0.19129414051729637,0.03073598314848058,100.0,0.9714906215667725,0.019340199776509588,2.0,0.18569411964449628,0.02184754470474408,200,2.158272445201874,0.1246845505376456,1
SS-P,1023,0.19770928429169535,0.06156980563089995,30,3.5708405137062074,0.7652436508241678,2,0.17353164280413816,0.005024840642920208,50,6.190704166889191,1.346091665605127,1,0.17071497278653305,0.0032646532324175476,100,15.191893923282624,2.1054349331157582,1,0.16979133170162675,0.0017714965349601465,200.0,20.47784972190857,6.029582600555235,1.0,0.17863203312522022,0.008290957172848556,30,0.3379186987876892,0.01800903867276231,1,0.17178125973304653,0.0031308759581955077,50,0.47704302072525023,0.009080740181489683,1,0.16897986817940383,0.0008550037470601166,100.0,1.0928969264030457,0.0836874443121764,1.0,0.16897986817940383,0.0008550037470601166,200,3.0380896806716917,0.14297622800968915,1
SS-Q,2736,0.060196451447140774,0.0014352961451546402,30,4.544285321235657,0.5589560416983027,2,0.05977496394154538,0.0016014192152039228,50,7.013751459121704,1.1126186004268437,2,0.05923784517726677,0.0012443877829985516,100,13.626113057136536,2.9687208649761265,1,0.05775052276583416,0.0005492457868587293,200.0,25.77995345592499,6.608775506641275,1.0,0.06144563142748789,0.001638217227687598,30,0.5336063265800476,0.4448844247850782,3,0.06024279325159769,0.0015436309794213605,50,0.7988776326179504,0.011861980734918617,2,0.058962929723431166,0.0010892818939468936,100.0,1.3551363468170166,0.046531280961525645,1.0,0.058162728561837976,0.0006128225301606603,200,2.513888251781464,0.23779139629400453,1
SS-R,3008,0.18025322526499948,0.018664398553101466,30,4.925942587852478,0.7619115226845471,2,0.17328235550152835,0.008008076340478329,50,7.247882914543152,1.1359574696682317,1,0.1710355855676776,0.006697628109454308,100,13.490423679351807,3.759752373242029,1,0.1699085092369449,0.007118297240069496,200.0,38.43153014183044,5.459577707214494,1.0,0.17889058790666726,0.012569743944805515,30,0.3100345849990845,0.005589386457264465,2,0.17459992976997774,0.007755318240466241,50,0.6701957821846009,0.01478149822447949,1,0.1719587096305797,0.00775062230290107,100.0,1.0941612720489502,0.030580249250928535,1.0,0.17019182025990556,0.006995387851829692,200,2.0179813861846925,0.19607367040733834,1
SS-S,3840,0.061939526127754205,0.03720359532816267,30,4.239006149768829,0.7085047831793105,2,0.03759006725047831,0.02849296244781814,50,6.667358756065369,0.897770768920995,1,0.018830118866310426,0.019224124316384938,100,12.885828578472138,3.1429954616927596,1,0.01939175022410458,0.02190172540578605,200.0,22.47727781534195,6.34503340606142,1.0,0.06265763635992869,0.04237186100416459,30,0.27762651443481445,0.03330450445062146,2,0.04794387312775826,0.03437784250370844,50,0.5145133256912231,0.005527852963279702,2,0.027101659387954086,0.01566474288731128,100.0,1.1032055497169495,0.07133851911722203,1.0,0.023555939435185535,0.015607428084479126,200,1.9587890386581421,0.040078185028498185,1
SS-T,5184,0.04210755435153585,0.021564185623897898,30,6.028405869007111,0.7211465919592891,2,0.03561226686038217,0.02149770958423472,50,10.283178639411926,0.8671644083673207,2,0.024922575037345324,0.016283225782970798,100,12.41329300403595,3.24404836002892,1,0.017075558090012148,0.0034044032266112895,200.0,23.640232849121094,6.29788308524228,1.0,0.051559706409190956,0.02415663566713463,30,0.2580016732215881,0.0319837044311188,3,0.034062821732796594,0.018944600300244786,50,0.5679975390434265,0.020754926937642065,2,0.020763696409037292,0.007012134902618883,100.0,0.6057297706604003,0.09389475309937025,1.0,0.01704392007444758,0.0011727899346126896,200,1.5130914211273194,0.048611577036014084,1
SS-U,4608,0.2605129278815804,0.024969443740037425,30,6.215962588787079,0.7904669006290576,3,0.2371221794759168,0.006172902733590632,50,10.169185411930084,0.9269183201905895,1,0.23133150018786447,0.0008038704406515499,100,24.405822825431823,1.8909510308298045,1,0.2309838771004839,6.235162165589913e-05,200.0,53.58719930648804,3.7661320419995783,1.0,0.25085439715534413,0.013912242255327402,30,0.22282779216766352,0.008960352354699646,2,0.24485026235285515,0.010795335256601701,50,0.7286968231201172,0.02680021646335886,2,0.23492132159101295,0.002996750949024195,100.0,0.7739206194877625,0.03253394637813992,1.0,0.23182699618086522,0.0011461704077137087,200,1.6033882021903991,0.07984644388129393,1
SS-V,6840,0.14978473511456641,0.05985389512286911,30,6.565992927551269,0.49165225870488954,2,0.14513628991183697,0.05731513909839472,50,9.817324256896972,1.0724735696910883,2,0.13470152106504502,0.06619333054045817,100,23.7166516661644,2.946233586187677,2,0.09406954256883353,0.07729570141182694,200.0,52.49680072069168,3.369381805394635,1.0,0.1524850489029576,0.05571388762520219,30,0.5053340792655945,0.1151151615418713,2,0.10742607764515015,0.06802231978093043,50,0.2918798327445984,0.057957913911398096,1,0.07810612848170176,0.06203702071083169,100.0,0.742897117137909,0.018592199614242317,1.0,0.04577239934841493,0.04538649954783474,200,1.5961584568023681,0.07006090557018006,1
SS-W,65536,0.3409695061345805,0.024756744789838962,30,5.168749630451202,0.8088749566707762,3,0.3100813340902594,0.021692468738154752,50,9.671816730499268,0.9902690223080636,2,0.29531404246858667,0.018458734019288277,100,20.868417775630952,2.165793715968736,1,0.2823449808199986,0.01613990566865687,200.0,34.141833221912385,5.155324217669283,1.0,0.32753479262320123,0.0202719669084842,30,0.1473736763000488,0.004326471917483808,3,0.3195467523402981,0.01706502539243495,50,0.25983893871307373,0.007763121557926547,2,0.29847246550488327,0.011745988177033456,100.0,1.2757653951644898,0.058589472153592906,1.0,0.2814278114502854,0.0166331489267614,200,1.1149394392967225,0.04871621358182021,1
SS-X,86058,0.2886697377885267,0.09637486561814307,30,5.13742059469223,0.8339734316966249,2,0.23544679976714927,0.04930751202681255,50,9.473010122776031,1.1593689925341304,1,0.19869458410331134,0.029326667700627525,100,19.379330945014953,1.9956295775089248,1,0.1904347759000104,0.024484779370016547,200.0,42.240883874893186,3.2632884818524794,1.0,0.22853060191307334,0.04607428391358974,30,0.14783676862716671,0.0018543752017037565,1,0.21517322043865633,0.020731547535106164,50,0.406319260597229,0.0069260068768827255,1,0.20596516903292392,0.015955696991163993,100.0,0.5217697620391846,0.016796011497312913,1.0,0.19731340699003028,0.018310726214105035,200,1.7406071782112122,0.0594359659072604,1
Scrum100k,100000,0.36741581183437316,0.023561546239323158,30,6.408542990684509,0.9965124144217181,3,0.35250974992663914,0.023873518586951296,50,10.942368757724761,3.0274624098047327,2,0.32414476664786723,0.015182570714137469,100,24.059839880466463,5.950421860334162,1,0.31579591375113886,0.012019113553391875,200.0,59.402577948570254,8.344575975673424,1.0,0.3755614373618177,0.026372690671400224,30,0.39572309255599974,0.010886539455132587,3,0.3532298972105721,0.021433300401844962,50,0.7212555050849915,0.10167483508482335,2,0.3316489121882911,0.014824325494089755,100.0,1.489006793498993,0.06435786290873723,1.0,0.32340837657772614,0.008534946995049803,200,3.4477882981300354,0.23188515879111876,1
Scrum10k,10000,0.3328607730715702,0.0279376132416963,30,7.608556485176086,0.9567066932810457,3,0.3098126259540407,0.021503217365780928,50,12.662412166595459,1.8602262577250182,2,0.2889762033344383,0.012262387551151738,100,49.78296511173248,3.3269541102590905,1,0.2848515958818692,0.007229793928877332,200.0,63.698564887046814,11.447441970263998,1.0,0.32973659497965335,0.032475554137559495,30,0.2386747002601623,0.010596590359399843,3,0.30870377607876165,0.02323445845613186,50,0.7572021961212159,0.10509991855592384,2,0.28938959159479183,0.00808619030116018,100.0,1.4934308290481568,0.17716468262342305,1.0,0.2830753968313352,0.005362989915976362,200,3.4846763372421266,0.3318744455865092,1
Scrum1k,1000,0.30108971094357045,0.03416745837223816,30,7.798248076438904,0.9045670136667653,3,0.279657605888233,0.029020289559284426,50,12.272038698196411,1.9327248989360912,2,0.2600085829315452,0.015168535488270626,100,22.997843301296236,6.8871203126022875,1,0.2528136048466971,0.01206928462056126,200.0,50.95874314308166,12.531741018081403,1.0,0.30095330728739306,0.03151955844388886,30,0.5261176228523254,0.025501701138988933,3,0.27664636484810556,0.015965223131360517,50,0.7246352434158325,0.09111589566943074,2,0.26061511770132745,0.010135043246978146,100.0,1.6384922742843628,0.2042433285499532,1.0,0.24726127017177763,0.006084433851053896,200,4.252371072769165,0.41042466083352774,1
X264_AllMeasurements,1152,0.011067670909816611,0.011229366774883209,30,4.245208191871643,0.4346610229005214,2,0.00277736673544171,0.005219547834639612,50,6.818673479557037,0.5317116518422612,1,0.00044133102910228,6.895569328949861e-05,100,15.467992758750915,1.4952304658342768,1,0.00043446595029294506,6.900761128979478e-05,200.0,27.82286516427994,3.802589354038147,1.0,0.006741175836892005,0.007913697712819039,30,0.1160762786865234,0.005994450067191531,2,0.0012345071278683849,0.0015017689336834544,50,0.21744663715362544,0.015835419024352794,1,0.00044228398798506997,7.242870763622438e-05,100.0,0.6111903071403504,0.04581989866964567,1.0,0.0004369889299532151,7.06992388312459e-05,200,1.1863934397697449,0.15140316299939166,1
billing10k,10000,0.397803364747109,0.02099266456212171,30,8.309009826183319,0.8366235432635093,3,0.36620689329652295,0.012818097611725547,50,14.873671019077301,1.9584177772194375,1,0.3557235249910693,0.010278497685168786,100,35.4801263332367,4.028610928739339,1,0.3493941492209959,0.0010033793090344861,200.0,91.42678368091583,6.931410023277429,1.0,0.39428217090203665,0.017361978438320293,30,0.5795652747154236,0.04080941046312145,3,0.3771844169998393,0.015393683718010592,50,1.0385919332504272,0.0654810763217566,2,0.35867351579158535,0.006105586129084381,100.0,2.10056848526001,0.189388631636409,1.0,0.35170693495760424,0.0027376826811156807,200,5.338696837425232,0.331812698165908,1
coc1000,1000,0.3547578994395967,0.01206816189296807,30,7.7588622093200685,0.7088706931439746,3,0.3444012172579073,0.013981882435527625,50,31.73606022596359,1.1672389515716886,2,0.3288776062868163,0.011203151211250465,100,34.720308768749234,4.060813185774705,1,0.31195424252703224,0.010166982638717188,200.0,76.83625409603118,3.5822361273224046,1.0,0.3589077239609516,0.011194577480667534,30,0.9556629419326782,0.007615185848755775,3,0.3485355814041914,0.012883871355916385,50,1.5075397491455078,0.10652642361634163,2,0.33728383746699336,0.008974627498484348,100.0,3.4943659901618958,0.062029597929496263,1.0,0.32734438380217334,0.010937362592426577,200,5.738685965538025,0.3442392937835482,1
dconvert,6764,0.014628773547998148,0.002258525076959588,30,4.951956772804261,0.3342326370788813,3,0.01305859927199722,0.002293199126157521,50,8.921665978431701,1.0277933806797435,2,0.011417409962210549,0.0012155416256697383,100,22.222085320949553,2.9171438156356175,1,0.010962107623378322,0.0010895915154802822,200.0,44.257138311862946,6.128333417362898,1.0,0.014669691373056463,0.002743552314027894,30,0.1563013434410095,0.015613604348307615,3,0.013363006304061476,0.002174386383947552,50,0.2857635974884033,0.03350622575239373,2,0.012214899128975361,0.0012511959222471043,100.0,0.6047105550765991,0.08258409379520894,1.0,0.01122408015055505,0.0006179000901915655,200,1.3009806871414185,0.1538965334681074,1
deeparch,4096,0.014019229055221035,0.028209818296182066,30,3.9144127130508424,0.3037065402195279,2,0.001033797807689642,0.002715895227256324,50,6.0967326879501345,0.7764265970045479,1,5.8317599106904085e-05,1.6212106135872355e-05,100,16.881591820716856,2.3565569232659764,1,5.1908076637174896e-05,3.7094456894588742e-06,200.0,35.40953475236893,5.292360259604469,1.0,0.0034508035306464535,0.014606931021019112,30,0.13942651748657223,0.007475335936473921,1,7.4364267644033e-05,2.3215507111558204e-05,50,0.27612537145614624,0.013227610535787243,1,5.767858395669401e-05,8.205235979972239e-06,100.0,0.5361352920532226,0.06400062566123806,1.0,5.120299612928481e-05,3.821623771639179e-06,200,1.459692370891571,0.293388922733402,1
exastencils,86058,0.044737229278809555,0.01343279664263335,30,4.393511319160462,0.3585835018552481,2,0.040156924580026766,0.015531963612865648,50,8.18415653705597,1.071754051268636,2,0.03012933777776903,0.019372492286055875,100,20.66765601634979,2.553771356519042,1,0.023066850373200623,0.02089888894289563,200.0,41.028641724586485,5.457065441560281,1.0,0.04087623310056472,0.013429981522715446,30,0.12746200561523435,0.0040404239032160475,2,0.038016676073979065,0.013250367104600045,50,0.24151275157928467,0.015976575601871854,2,0.02527992798517801,0.015245559422465985,100.0,0.4963813781738281,0.037303039294817604,1.0,0.01488404485361034,0.01277942971264276,200,1.0020469069480895,0.07263864928688465,1
javagc,166975,0.0009487002928182302,0.0003775782541665547,30,12.033056640625,1.3255770991578792,2,0.0006588711462880398,0.00028873956214643404,50,23.412660813331605,1.9941043532317013,1,0.00041999711433793,2.815543635579439e-05,100,58.90653086900711,5.214206046782246,1,0.000388490583885045,5.538349386213319e-06,200.0,96.3225954413414,5.956237959902372,1.0,0.0011766519608721502,0.0007794732477531387,30,0.21999337673187255,0.11401419814855142,2,0.0006941973031411302,0.00031436510569927983,50,0.3609323263168335,0.05312466104647232,1,0.000507159840982475,7.892208444251438e-05,100.0,0.8054846286773681,0.140010634806372,1.0,0.0004742805060033501,4.322793821168065e-05,200,1.733112871646881,0.2705276218237233,1
nasa93dem,93,0.4603323548736615,0.0069970569353485145,30,6.419772100448609,0.6730116315811403,2,0.4572648380303733,0.00983944273975531,50,10.602313768863677,1.1631821295222229,2,0.4504168834440338,0.004431188358921811,100,23.50302428007126,2.69706229509273,1,0.4477554370738913,0.003973676942297135,200.0,46.758189904689786,6.303584466890858,1.0,0.4668713830805763,0.004424970554746292,30,0.5026226997375488,0.03503722679577543,3,0.46459396942242515,0.004013248719589643,50,0.6493252873420715,0.09140744373364197,3,0.4602001394745924,0.004698357809931312,100.0,1.5640910625457765,0.0400352414497525,2.0,0.45825185721081774,0.004682705924355644,200,2.684878396987915,0.23474494441789123,2
pom3a,20000,0.17606699342789028,0.02373227394697259,30,7.102701544761658,0.5978803674083703,3,0.16202013176227165,0.02093837999873926,50,11.873443818092346,1.280950676045599,2,0.13923208835619807,0.015138886155658077,100,26.80870404243469,3.5790686127348845,1,0.11375125028215871,0.013238819824495745,200.0,64.10343831777573,4.8740771199465245,1.0,0.18786524700828247,0.02001117148034458,30,0.2206771612167358,0.007849849583189582,4,0.17560403445596098,0.017518094758824113,50,0.3644037127494812,0.024470072799932747,3,0.16131820098083485,0.006978667216383133,100.0,1.4022265315055846,0.08262922684840204,2.0,0.14862064128761776,0.013106106149694761,200,2.492647099494934,0.0593393470689588,1
pom3b,20000,0.18483841446832927,0.024917859514881097,30,7.085191464424133,0.7678040563680149,3,0.163394710615431,0.025604490211586756,50,11.444038808345795,1.1131546908803485,2,0.13734139106527773,0.014901933333396851,100,25.133128809928895,2.9236176375294702,1,0.12255323406289734,0.016739203337577734,200.0,50.40756845474243,5.705736722139,1.0,0.19439744372247297,0.020523665889344612,30,0.22588150501251217,0.010817393944677194,4,0.18040792456761962,0.015532568112066025,50,0.3865035057067871,0.04865220313132858,3,0.16471936292982736,0.014089416972863191,100.0,0.7264099717140198,0.021811642303521263,2.0,0.1533541201836083,0.012463066418115462,200,1.49172340631485,0.08017176807572676,1
pom3c,20000,0.32109224486372484,0.02186913646395918,30,7.118179535865783,0.8745904183251481,4,0.29710053957353744,0.020868965521991693,50,11.433707308769225,1.228461213666114,2,0.26593005691094607,0.017557433709310143,100,25.855080795288085,3.0751313711294985,1,0.24062175036315608,0.018008503125387532,200.0,50.6032091498375,5.487059063456086,1.0,0.3229346686778175,0.019874433199932106,30,0.21516436338424677,0.0033653520320862797,4,0.31177980101513075,0.01165792236503346,50,0.3617074012756348,0.02263015968920739,3,0.3020311678645742,0.01224208802385928,100.0,0.7355331182479858,0.028473765163749377,2.0,0.2908337162898362,0.010927749278056896,200,1.4511687874794006,0.01707171154306136,2
pom3d,500,0.2017332211726847,0.018107883465427,30,7.052054619789123,0.7800597696713039,4,0.1800646394523717,0.015833059110137507,50,11.689525520801544,1.1042180301789435,2,0.15874015418229107,0.018637069840763534,100,31.959035956859587,2.6513260007061947,1,0.13966710811952526,0.014231161648618875,200.0,49.6397903084755,5.1746844348166645,1.0,0.20104468944469073,0.014237036808870809,30,0.3022685170173645,0.025186056886911407,4,0.1920872697133469,0.011045709493587384,50,0.532792329788208,0.008146109448734347,3,0.18077738528586992,0.016293570715482295,100.0,1.0131960034370422,0.00865238444094435,2.0,0.17121535337903132,0.01523664071842664,200,1.5556043624877929,0.27266691436301166,1
redis,4400,0.47141903719218076,0.020109232697943943,30,5.426997244358063,0.6610215861142572,3,0.46115756778611444,0.026272856747124325,50,10.547636580467223,1.4960692619246023,2,0.43539182477569194,0.025551878049019698,100,17.992240214347838,4.154071988327857,1,0.4112803032204025,0.021645855188260104,200.0,28.611922883987425,8.789968479115723,1.0,0.4711229945724627,0.021837400990578484,30,0.10626891851425169,0.0012786998971527238,3,0.4622734287874823,0.02122662237659453,50,0.16922037601470943,0.026600164304418934,2,0.4447532554663797,0.021184385904067633,100.0,0.27779417037963866,0.04911596717318412,1.0,0.4337494932789112,0.02151972085869522,200,0.5415885925292969,0.06812003291452738,1
rs-6d-c3_obj1,3840,0.03295353100319191,0.07786927809457844,30,4.308654356002807,0.8851795725475033,2,0.005221595812509298,0.018023923874449618,50,7.112179327011108,1.0622247428435998,1,0.003457393687248892,0.010052134433552283,100,14.04855511188507,3.2310169225593905,1,0.000990839650174657,0.0007049039493338895,200.0,25.626148450374604,7.547654577544069,1.0,0.014107672915260374,0.039268564606468916,30,0.13747184276580807,0.0017287186805096649,1,0.0112220691008038,0.034709096442438754,50,0.2539173126220703,0.00279326503576657,1,0.0035056553130174153,0.008956131242380122,100.0,0.3870242238044739,0.01336777790525287,1.0,0.003374884170851638,0.008994855331538218,200,0.9744455695152283,0.02938571823451289,1
rs-6d-c3_obj2,3840,0.0008145367096708932,0.0010017780175166349,30,5.047165405750275,0.7495631808614681,2,0.000582966763507529,0.0009099126403512301,50,7.1236055254936215,0.9494110269724927,2,0.0005147563178294237,0.000925334319245732,100,14.518564808368684,2.9203273942088743,2,0.00011920959065284535,0.00042336253625948516,200.0,25.446266651153564,7.945949909471668,1.0,0.0008232630000030461,0.0007777635906042603,30,0.1381184577941894,0.016419997297952474,2,0.0004445161293427996,0.0003974283798159172,50,0.25519737005233767,0.0031333491391239464,2,0.00014833652878033034,0.00020617588929790174,100.0,0.5112943053245544,0.007587628495298056,1.0,7.678705607283565e-06,8.895387063146536e-06,200,0.9941920399665832,0.1176365401744116,1
sol-6d-c2-obj1,2866,0.01437500162677346,0.000286876471744366,30,4.051814484596252,0.6295618840216494,2,0.014255593150633272,0.00023222704930838165,50,7.643030989170074,0.9759527037640238,1,0.014215443361220109,0.0002156406559495198,100,14.239573514461517,2.3783599685764067,1,0.014078982306334828,9.879844746793026e-05,200.0,30.470089721679688,3.4763267262953774,1.0,0.014547283083715843,0.00044448096775166415,30,0.1544734120368957,0.00280107499426689,3,0.014355606736442423,0.00023548335316063892,50,0.28541491031646726,0.0099167445457569,2,0.014239575603416588,0.00021959226045698566,100.0,0.5245541214942933,0.004448902884325691,1.0,0.014170864187251355,0.00019158330460093147,200,1.0226011753082276,0.09463297316661687,1
storm,1557,9.29499953181574e-05,3.52152732880009e-05,30,6.521813833713532,0.7420480401862929,2,6.909189196686318e-05,2.0920588423756395e-05,50,12.113240683078766,1.2148372633734423,1,6.373680734147074e-05,1.8136138367783333e-05,100,31.16684470176697,1.9432700856374905,1,6.332147647495682e-05,3.3789964645122385e-05,200.0,55.576305341720584,4.917134532257311,1.0,0.00010210395909797532,4.182513158921136e-05,30,0.10464447736740108,0.003337858696516892,2,7.295800298275922e-05,1.4216656690096997e-05,50,0.182058310508728,0.006455729741015781,1,5.892685757367122e-05,8.493974989060602e-06,100.0,0.5453891634941102,0.021035426669874218,1.0,5.288418512101045e-05,6.157514615797857e-06,200,0.7817766904830933,0.03534115854392705,1
wc+rs-3d-c4-obj1,196,0.08418922273112235,0.035377483874992774,30,4.345345580577851,0.6152252847214805,2,0.07476122204370612,0.0018377444002120888,50,5.681039083003998,0.9835489307934974,1,0.08208727268020603,0.03583185305510243,100,12.731974875926971,1.7114723215234502,2,0.07044917586338087,0.015865380034680833,200.0,27.31188784837723,2.452076831742231,1.0,0.08396296514025062,0.03567163470107918,30,0.11641041040420527,0.008601854139855855,2,0.07505073021660388,0.002062972732426422,50,0.17076486349105832,0.004306268767809815,1,0.07434862588219068,0.001217578223463441,100.0,0.34242274761199953,0.005910111952890531,1.0,0.07392575630593734,0.0010150046153223605,200,1.3068179726600646,0.024475475724123334,1
wc+sol-3d-c4-obj1,196,0.09397611062786693,0.06656530181154305,30,3.6723751425743103,0.6393213164916112,2,0.0807703332637336,0.06035237143360749,50,6.165556991100312,0.8361495432942168,2,0.06460036565911134,0.002288852906706229,100,13.149799978733062,1.6182781380080205,1,0.060984250082948145,0.013984759574280603,200.0,25.561976528167726,2.4439879257893193,1.0,0.08663556997176632,0.05577143099680626,30,0.14925683736801143,0.0013494772237614768,2,0.08502185369030645,0.055757343017033924,50,0.17105528116226193,0.006541218116327104,2,0.07398241766999318,0.04026134322549335,100.0,0.3457426309585571,0.0069527637045046385,1.0,0.06394558015831982,0.001640442857024416,200,0.7245970129966736,0.019361717177091252,1
wc+wc-3d-c4-obj1,196,0.12411902523365433,0.0513782192840316,30,3.6045700788497923,0.6104992855361842,2,0.11390674157759798,0.03956637010396298,50,5.661226069927215,0.8137603438944845,2,0.0860271302146847,0.011491316599509886,100,13.291343832015992,1.2632857864852005,1,0.07154953386496764,0.03007360430667652,200.0,30.966476035118102,2.0967809703708844,1.0,0.12932526552725587,0.04706898345590168,30,0.13453547954559325,0.0014337255445484,2,0.11038478514712338,0.014314007279173183,50,0.22685862779617305,0.0032386436204689304,2,0.09444195316790246,0.00879632571488573,100.0,0.3661816954612732,0.011106913032268729,1.0,0.08897712044319378,0.007988744774224106,200,0.7953534245491027,0.024056669725328612,1
wc-6d-c1-obj1,2880,0.11832755017679977,0.03435348710114676,30,5.270005416870117,0.7556867933912917,2,0.1208381276941208,0.03799543500319345,50,7.189863121509552,0.7731111661755323,2,0.10438931465374993,0.03485808187177753,100,19.869648683071137,1.599473748880208,2,0.09132969141843092,0.027785885032818983,200.0,36.48955059051514,2.8559801499238713,1.0,0.11316687835603986,0.03636491164178227,30,0.2270828485488891,0.01390613780941524,2,0.10629060609303283,0.030423250863135968,50,0.18826137781143185,0.002943468318391085,2,0.09886145003411392,0.03292213299822939,100.0,0.382081413269043,0.011719597081149193,1.0,0.08641281242864537,0.04214510868366142,200,0.6861890554428101,0.1208417550895492,1
x264,53662,0.20444165750899157,0.0196741677924597,30,7.844433939456939,0.3456108556770108,3,0.19279084086550188,0.016777966890706226,50,13.341157209873199,0.6529262211035219,2,0.17260034497728677,0.024340695603541403,100,34.02037626504898,2.0208614449447038,1,0.14378100127714355,0.02307050409262808,200.0,68.8155399441719,4.260432656183251,1.0,0.2069244073352993,0.012983516395266247,30,0.07776541709899898,0.005571065807961535,3,0.19974614445845412,0.009078943513228889,50,0.1347499012947082,0.006463580074698087,3,0.19487859098166313,0.007737018258056934,100.0,0.5048596262931824,0.037912296926815275,2.0,0.18856387890391588,0.009716273097431647,200,0.5828339338302613,0.04247626533529875,2
xomo_flight,10000,0.049665397655890925,0.02150160952546551,30,10.260483145713806,0.6376456542848897,2,0.03346541599908374,0.010724065507112303,50,10.904103410243987,2.225152554953714,1,0.02396480821170325,0.005180736220581656,100,44.01810336112976,2.601443853119756,1,0.017497368809266115,0.0013611236121228558,200.0,95.44106327295303,4.6289609409237915,1.0,0.0542699226771576,0.014685581390709052,30,0.4818974494934082,0.00807886392120958,2,0.044181718023793205,0.009033446291038886,50,1.270218014717102,0.07830912535700536,2,0.03773546936106574,0.00705372014487688,100.0,1.6375993967056275,0.0396280543983091,1.0,0.032451150556457656,0.005378278162567635,200,5.309205305576325,0.17208500252199543,1
xomo_ground,10000,0.07421851015990019,0.03159131924178321,30,6.424706614017486,1.3626924112087628,2,0.046108807319914576,0.010076702124730438,50,11.077357268333435,1.5850987164305412,1,0.03095073204586003,0.0051356177651132,100,23.26204996109009,3.8191653572927575,1,0.021064670376289257,0.003512466059587523,200.0,62.992529809474945,4.7796259981526745,1.0,0.07179317032937046,0.022124663737735174,30,0.4810917377471924,0.00898974842429424,2,0.06620114065858036,0.01901691225162998,50,0.8148606538772583,0.016798718516849737,2,0.052494243857607384,0.010107075769027458,100.0,1.6571381330490111,0.03043839922268581,1.0,0.043912520506715125,0.005565487992532823,200,2.0357727646827697,0.042529811067738545,1
xomo_osp,10000,0.04893844997531012,0.016320880019416083,30,11.940052163600921,0.7440253269863218,2,0.03511706145855853,0.009618400414092357,50,25.097079491615297,0.4810203333185336,1,0.02403195391997039,0.0029091626757640223,100,23.835030210018157,2.9608454953169776,1,0.01820925878084743,0.0028399569064057164,200.0,52.9931461930275,4.935623298293902,1.0,0.06166091195057878,0.02034379796054399,30,0.5515649914741516,0.04288240713934248,3,0.04707123202488727,0.011577198066981206,50,0.8134209156036377,0.014862043494875282,2,0.03968306329833478,0.00792778964178269,100.0,1.9820472717285156,0.20744830972130288,1.0,0.033292689420650536,0.004176971035612073,200,3.985816216468811,0.2996896185644098,1
xomo_osp2,10000,0.1901448097961759,0.026447137359993246,30,12.12268363237381,0.5850234046627232,3,0.1722552100479779,0.013651024679068377,50,14.482344019412995,1.1912510340342684,2,0.1380907713615688,0.01059446861340717,100,23.66743860244751,3.0018776106357286,1,0.12461280800557317,0.006280790643763744,200.0,47.13108184337616,5.60647383143723,1.0,0.18282863589886594,0.020336236128741345,30,0.5892691612243652,0.0681572536708004,3,0.17280573095447496,0.015431698486156694,50,0.4921509146690369,0.009442526515638632,2,0.1589240207740134,0.00821189209895312,100.0,1.0652997732162475,0.038052437984602165,1.0,0.15031120536906337,0.006537288770239502,200,2.2189686059951783,0.11869184379492931,1
