Dataset,Rows,SMAC-30_mean,SMAC-30_std,SMAC-30_budget,SMAC-30_runtime_mean,SMAC-30_runtime_std,SMAC-30_tier,SMAC-50_mean,SMAC-50_std,SMAC-50_budget,SMAC-50_runtime_mean,SMAC-50_runtime_std,SMAC-50_tier,SMAC-100_mean,SMAC-100_std,SMAC-100_budget,SMAC-100_runtime_mean,SMAC-100_runtime_std,SMAC-100_tier,SMAC-200_mean,SMAC-200_std,SMAC-200_budget,SMAC-200_runtime_mean,SMAC-200_runtime_std,SMAC-200_tier,DE-30_mean,DE-30_std,DE-30_budget,DE-30_runtime_mean,DE-30_runtime_std,DE-30_tier,DE-50_mean,DE-50_std,DE-50_budget,DE-50_runtime_mean,DE-50_runtime_std,DE-50_tier,DE-100_mean,DE-100_std,DE-100_budget,DE-100_runtime_mean,DE-100_runtime_std,DE-100_tier,DE-200_mean,DE-200_std,DE-200_budget,DE-200_runtime_mean,DE-200_runtime_std,DE-200_tier
7z,68640,0.009025621123826346,0.003913919614893221,30,5.868022978305817,0.2328095009541367,2,0.008663903141857776,0.004593859499238114,50,11.386288106441498,1.4857943538364011,2,0.00445870263701039,0.0050877594733819516,100,26.34924088716507,1.968957725282306,1,0.0012851152697256852,0.002378489298916658,200.0,57.42106301784516,5.34294664619153,1.0,0.00932170544100422,0.003054490274636091,30.0,0.20921254158020014,0.002323992265920239,2.0,0.0071801664120746955,0.0036029200864199063,50,0.2800907015800476,0.019528949363477335,2,0.004859534480090935,0.00430819519129115,100,0.6757609844207764,0.009764335395197356,1,0.004055395344007278,0.004712122802427343,200,1.571783983707428,0.11428708805564511,1
Apache_AllMeasurements,192,0.02644498620116271,0.008793169708074214,30,3.1988579392433167,0.09585029569492774,1,0.02284596210298425,0.0015053372571049817,50,6.067808032035828,0.4765430952759112,1,0.022080797244694386,0.0008810591192612349,100,16.877317953109742,1.6919519448503366,1,0.022037871906144056,0.0008465287360205806,200.0,28.366966247558594,4.820649146508008,1.0,0.04045841874492606,0.02104121374570181,30.0,0.16889382600784297,0.010487130691565521,2.0,0.02858505842265039,0.012947910881504007,50,0.22964498996734614,0.021544216808478168,1,0.02343566459956175,0.004985344289732887,100,0.2823949813842773,0.047183521572440164,1,0.023435393435540585,0.004985435600143565,200,0.2891340494155884,0.05008762399072423,1
BDBC,2560,0.00256743356146715,0.0015525109782191183,30,4.5257133603096005,0.29533133512312926,2,0.001730071481399035,0.0012626527898052852,50,8.112392902374268,0.9140695678172972,1,0.00114457286108167,0.001008791392301129,100,22.430172824859618,2.5707474588929813,1,0.00019606980547873,2.0953529998951774e-05,200.0,52.77992069721222,4.3698318427319025,1.0,0.0034604297704266054,0.0032804386852414735,30.0,0.17745270729064938,0.0035753239004615396,2.0,0.001974876692423445,0.0013837379485521998,50,0.2636286854743958,0.00607629629053112,1,0.001488998517030435,0.0013118142700792646,100,0.5071799755096436,0.042618550858637645,1,0.0012893380105420049,0.0012740520590047066,200,0.7184402108192444,0.1523583793654366,1
FFM-1000-200-0.50-SAT-1,10000,0.30267084513601544,0.03402718577091397,30,37.618927359580994,2.3790545014928837,2,0.28293688520540894,0.03470734478267635,50,70.49069608449936,4.876317233651326,1,0.2533114638261593,0.019786839372961045,100,196.96922031641006,9.202394427951175,1,nan,nan,nan,nan,nan,nan,0.3410701703272551,0.036406711830580855,30.0,0.6123937964439392,0.0557780117851243,3.0,0.3173283130053479,0.031354575117335345,50,1.0728348731994628,0.08004310802765982,2,0.27533320390414495,0.020285496553422377,100,2.1333642840385436,0.19074852260334613,1,0.24501357488554026,0.020809503290682093,200,3.4607057213783263,0.4765061981551144,1
FFM-125-25-0.50-SAT-1,10000,0.25340224653261456,0.03463543011891613,30,9.92514466047287,1.434312358827531,2,0.24828928630823768,0.034557686170445086,50,16.28632310628891,1.9036743051388794,2,0.22530274001712608,0.01203984651316804,100,41.55535098314285,4.177385445994461,1,0.21565873332752844,0.0035942143622061944,200.0,98.0516352891922,8.517376745147708,1.0,0.2809045944760205,0.03149477067178159,30.0,0.4206741213798523,0.005571998571764871,3.0,0.24874971547078348,0.03009411724469551,50,0.6785403490066528,0.07407156722328603,2,0.22339280301404166,0.021587668831830414,100,1.5482141733169557,0.10111719167898459,1,0.21486961538518212,0.0055093695685147276,200,2.5332952737808228,0.42719187862525565,1
FFM-250-50-0.50-SAT-1,10000,0.38756786883817396,0.024443552659727887,30,12.99647523164749,1.0979808851750854,3,0.3626771704170224,0.017807986799332962,50,21.58001790046692,1.8014110593434804,1,0.34776231732357654,0.0076364601399072606,100,58.73597778081894,6.328168071809854,1,0.3460669649968289,0.008715034098697016,200.0,176.56922776699065,7.809653689582858,1.0,0.3938483913384384,0.02234642561806255,30.0,0.5777842760086059,0.012326911641524073,3.0,0.37445778798246715,0.018676913695813896,50,0.6166067123413086,0.06204642361207996,2,0.3557331194557499,0.013055053956024286,100,1.8132939696311952,0.17540969229060754,1,0.34793179165190474,0.010305542398954152,200,1.9960755348205566,0.4688161477184695,1
FFM-500-100-0.50-SAT-1,10000,0.34104706991634737,0.03361115626479766,30,13.780352210998535,2.4716533051129557,2,0.3119325540752072,0.027406752485144743,50,21.102408909797667,2.0464196053104367,1,0.27919168320364196,0.010932670223987319,100,93.72102879285812,3.732791406776821,1,nan,nan,nan,nan,nan,nan,nan,nan,nan,nan,nan,nan,0.3731896210353924,0.0464026915709527,50,0.6790372133255005,0.01599042132081836,3,0.3183970511597409,0.024441780086392553,100,1.3284447193145752,0.05984153543069725,1,0.2877470481193388,0.029748076331474575,200,3.065791630744934,0.4650079409307578,1
FM-500-100-0.25-SAT-1,10000,0.3559410732078176,0.01769791526627795,30,13.212249171733855,1.7355632335070212,2,0.3421783485918096,0.01440564096065702,50,22.19373197555542,2.668016030254514,1,0.3271631016041374,0.007851206290452039,100,64.78995656967163,4.33691012959854,1,0.3273122051377727,0.007074599735864427,200.0,157.7706278681755,8.95394294188586,1.0,0.38228980225478904,0.023467030379517587,30.0,0.24481674432754516,0.0075092635307268795,3.0,0.36275407278293986,0.023113843501698247,50,0.38988295793533323,0.003629230886926281,2,0.3367754757839128,0.012684716611068046,100,2.2573386788368226,0.12551717656968117,1,0.3250099953644477,0.005616680162634263,200,2.220366668701172,0.2753902450290965,1
FM-500-100-0.50-SAT-1,10000,0.34954526307517897,0.031187234137262532,30,12.857652127742767,1.7182905599721854,2,0.3268038244520995,0.02275736730686508,50,23.382897222042082,4.739234374848883,1,0.30002365329556413,0.025543189126359715,100,59.53810957670212,4.071072769154367,1,0.27319713143780605,0.016405091084074015,200.0,155.9225802063942,9.557174824226902,1.0,0.37703791725816094,0.02781240646606803,30.0,0.24216125011444087,0.006437478528696872,3.0,0.35630432369716264,0.03406850192842971,50,0.4413429856300354,0.011225210981252842,2,0.32492454830166856,0.02275274912168968,100,0.8844926357269287,0.03517628326156933,1,0.30442104284224114,0.027177267190310935,200,1.286092495918274,0.1903644729422025,1
FM-500-100-0.75-SAT-1,10000,0.30367684087024455,0.039065973424494076,30,12.191957902908324,1.2101660348859593,2,0.26747425760143656,0.018716808951535515,50,22.7516197681427,2.3341822672837873,1,0.25671076824150274,0.017387602362368377,100,59.83051869869232,4.691790625247145,1,0.25583003957794564,0.013517806525544705,200.0,145.83150398731232,8.757425636164218,1.0,0.35183545307759995,0.03727213171311518,30.0,0.26952682733535765,0.02559719940796153,3.0,0.3171078464689742,0.034041759222429545,50,0.8465499997138977,0.06570407834328897,2,0.27178702306511154,0.02003619096017918,100,0.7155173659324646,0.047094680139775455,1,0.25606477976612646,0.013831976467590917,200,0.9738449096679688,0.16839588283875748,1
FM-500-100-1.00-SAT-1,10000,0.33294798892800564,0.025950750412558742,30,14.594623267650604,1.5030881365710753,2,0.31590342673189287,0.018850349933412017,50,23.307770466804506,1.680186127483278,1,0.30132418786594134,0.008909285817955742,100,58.359280622005464,4.356025223499385,1,0.29516381060709085,0.005362469214773547,200.0,151.97020889520644,6.158539779521359,1.0,0.37493676382986774,0.03816036309045658,30.0,0.24903252124786376,0.0102814777231427,3.0,0.34549932090078633,0.027872038083040167,50,0.38870973587036134,0.00781574251268786,2,0.31193807017375075,0.014243027879028446,100,0.8375060558319092,0.07408727047257374,1,0.2986066235861242,0.010369125229427973,200,2.492798388004303,0.5522022213624191,1
HSMGP_num,3456,0.0073482112289595045,0.003706479572301455,30,6.577225613594055,0.5990582559502556,2,0.00563509568197891,0.007327869143641153,50,10.37231024503708,1.0369952600940133,1,0.0015133227394227553,0.0005920318936861317,100,21.9691859126091,2.7486519633371183,1,0.001377957664175985,0.0011195857823493953,200.0,52.256677293777464,3.8060770575397895,1.0,0.013322845681259165,0.007366903340797191,30.0,0.10267140865325926,0.0005993344662932963,3.0,0.008079323996614254,0.0059031318574642175,50,0.16853172779083248,0.0007235559464572948,2,0.0042586030635376705,0.0042380842873447795,100,0.6377444505691529,0.01221637168977861,1,0.0019026745464839547,0.001816976510193987,200,0.6338643312454224,0.035573501205594375,1
HSQLDB,864,0.0031739057489947103,0.0014621743281838739,30,5.731168437004089,0.6635993528705014,1,0.001786663549718515,0.0002144355530378048,50,9.643673276901245,0.7633708124148646,1,0.0016033042253096,3.790896096311017e-05,100,19.03869535923004,3.2557897101109727,1,0.0015916033030820853,3.3980525803120285e-05,200.0,39.09399999380112,5.549561785396554,1.0,0.00508184228534131,0.0025619224609803935,30.0,0.1322850108146667,0.002729329358658806,2.0,0.004304153557728194,0.0024626399540042436,50,0.23905867338180536,0.004799319866725684,2,0.0028741087801117554,0.0016937135064281365,100,0.5539015173912049,0.052421318921027825,1,0.0026727248812768055,0.001663810689708573,200,0.7193794250488281,0.18572552125027034,1
Health-ClosedIssues0000,10000,0.17058903737783396,0.022393951131005823,30,3.080491065979004,0.42329176288063913,1,0.1544236350170508,0.0120891055764696,50,6.540978860855103,0.9836960540752222,1,0.1454312608262588,0.01199100625243599,100,15.047409391403198,2.302858858551674,1,0.14397188389152177,0.011751897617176066,200.0,25.225161409378053,6.518521644042359,1.0,0.22556502347604193,0.08023777707800607,30.0,0.5184089183807373,0.029287701218812367,2.0,0.17299808937074157,0.03838602417166189,50,0.5221880316734314,0.005115050477079347,1,0.15699591308852015,0.024152919506827075,100,1.0121297478675841,0.024935399549324895,1,0.14612666430616333,0.015732388157624348,200,3.3667085766792297,0.18311752024398792,1
Health-ClosedIssues0001,10000,0.45305544290498884,0.012765567060440195,30,3.790018630027771,0.32742616784006107,3,0.4427206698134586,0.022960166969776312,50,6.626630711555481,0.5457850717709373,2,0.44055841426453,0.02399285060124318,100,15.215540325641632,2.319858256663752,2,0.4189916478970007,0.03394167847529032,200.0,28.50409542322159,8.000234505239376,1.0,0.453420436497033,0.016544282016828952,30.0,0.3373239040374756,0.004040373544887378,3.0,0.4458168801921568,0.015151076357149332,50,0.7533977270126343,0.059637204405229696,2,0.4392779319355327,0.01339895284121733,100,1.0627246260643006,0.017477053865193878,2,0.4305160996804262,0.01840006707095746,200,1.5028490543365478,0.25513314459460174,1
Health-ClosedIssues0002,10000,0.17492800999836178,0.02366478962927079,30,3.852646327018738,0.5269939643371016,3,0.16680833306274057,0.03271013717413874,50,5.943232810497284,1.0160976166051585,3,0.11625902315086192,0.0514909672908649,100,16.08186866044998,2.593372375880887,1,0.08893147802426767,0.037919871834648775,200.0,30.56919593811035,6.1474858924544655,1.0,0.17265536049491842,0.02474689741133235,30.0,0.2972469687461853,0.0024348405235026125,3.0,0.15978686497298272,0.038829708381962806,50,0.5053765416145325,0.0062564238203547074,3,0.14339357767327096,0.04311858775553809,100,1.8240296006202699,0.09186029797139421,2,0.12602316573041103,0.04122530103087639,200,1.3716166019439697,0.2760169486434337,1
Health-ClosedIssues0003,10000,0.195177013918833,0.04431140741673079,30,4.271694207191468,0.4479834476317766,2,0.1677160870455143,0.03891588932130139,50,6.678052175045013,0.6900194198524293,1,0.15364775736371233,0.030107360514489603,100,17.032131481170655,1.923757308039856,1,0.1504417947134012,0.025691855465654282,200.0,31.721633267402648,6.158440129436264,1.0,0.24566410596909477,0.039330170033363636,30.0,0.43576819896698,0.005937535536419998,3.0,0.20932098874532595,0.03766165327403081,50,0.7810497641563415,0.01397080045567687,2,0.17897943515021192,0.031520272347887256,100,2.05495525598526,0.045280006141352726,1,0.15606705342527433,0.02411322954491311,200,3.1629761457443237,0.3058569064991546,1
Health-ClosedIssues0004,10000,0.2863374826075807,0.01042506589532772,30,4.626224112510681,0.4742479238299042,3,0.2776048141936085,0.009429413309243717,50,8.51135823726654,1.2186874197155428,2,0.272801491146577,0.007229685518267887,100,17.5035080075264,3.197550095774853,1,0.27042737513284953,0.008470226178474401,200.0,34.930506837368014,7.481069030492917,1.0,0.2856327511295836,0.011414049999480497,30.0,0.40952301025390625,0.0032266920662000586,3.0,0.27863651473916623,0.00986136791288884,50,0.6756913542747498,0.005052813987630507,2,0.2698094835239026,0.00568574221948364,100,1.0446866154670715,0.030098136271516376,1,0.26523597605719684,0.00587869998816972,200,3.1689626932144166,0.28187074141485596,1
Health-ClosedIssues0005,10000,0.2387306442196721,0.005795595128662092,30,3.989080023765564,0.5348269483641426,2,0.23617712284872017,0.006863423415121572,50,9.384062504768371,1.0806087700929883,2,0.23345172971157502,0.0067816529478420895,100,19.246842312812806,3.1939441351587425,1,0.2292274211490275,0.006352922040068033,200.0,35.18345829248428,7.5196076317041864,1.0,0.23944208373742876,0.005437491050193628,30.0,0.44946794509887694,0.0048472274393941495,2.0,0.23799126255497516,0.00551426672174069,50,0.8567539572715759,0.069866015927989,2,0.2343351977492397,0.0036237621499943698,100,1.8791954159736632,0.03784413467601566,1,0.22981137482456723,0.003721405350478682,200,2.255636990070343,0.2019357411063879,1
Health-ClosedIssues0006,10000,0.10972874530182883,0.016499857553240932,30,5.672409975528717,0.5928884344353812,2,0.10485230377146135,0.010227717312120025,50,10.16732577085495,1.2808920800412706,2,0.09882490922460259,0.010813846010550208,100,18.411842226982117,3.3786753638632074,1,0.09076814535613462,0.014489338007001586,200.0,34.95813726186752,7.392648249565547,1.0,0.12469462988795235,0.010706877053017063,30.0,0.44169405698776243,0.0027208160982279505,3.0,0.10992827087983748,0.015145902394833616,50,0.6523247241973877,0.08696644229043256,2,0.09459948612019248,0.01193230070795221,100,1.212043583393097,0.15757046957356602,1,0.08478223387317477,0.010553465849906416,200,4.0426781415939335,0.11685970509529041,1
Health-ClosedIssues0007,10000,0.4759733225709134,0.0941833850101576,30,5.486719369888306,0.49144981562817897,3,0.40658260158904785,0.0773622316883987,50,11.05333856344223,1.1996107776513087,2,0.3594551346393239,0.06483065763064265,100,25.23447299003601,2.2578146013897085,1,0.3227903215776223,0.034506280119481175,200.0,46.75666166543961,3.824090316940074,1.0,0.46793330379285375,0.08503887486974047,30.0,0.44279606342315675,0.003984183679084816,3.0,0.4084123589335558,0.06734153422312933,50,0.7614056587219238,0.01578352371332779,2,0.36906360685485756,0.06634741636579133,100,1.6269268989562988,0.14860453601169954,1,0.3339630246373911,0.038456269523396154,200,1.8660770416259767,0.3631099365571243,1
Health-ClosedIssues0008,10000,0.29215973271532,0.05092956380840962,30,5.326886868476867,0.5010803306445721,2,0.2698875289063942,0.03724431042689601,50,10.058438766002656,1.018133821094993,1,0.2570474950619709,0.030198183102862118,100,25.274834787845613,1.9410929483372312,1,0.24092083791619165,0.014914710219910131,200.0,45.822957038879395,4.363970279976964,1.0,0.3120549402279571,0.05450608496398433,30.0,0.47156769037246704,0.009602673788040701,2.0,0.27911304350272004,0.043046839501486314,50,0.7567784667015076,0.05351827322983563,2,0.2621909077123603,0.033983610888992065,100,1.2060765862464904,0.1317693830969186,1,0.2487836681191284,0.024374979308570036,200,2.9465630531311033,0.22865129543090199,1
Health-ClosedIssues0009,10000,0.32683474920986044,0.07083057603369397,30,5.256659281253815,0.42814241971238237,2,0.2826771512611519,0.049663187856570985,50,9.378034245967864,1.0434138539604685,1,0.2657566341762317,0.0479224663736573,100,21.90512263774872,2.2145060575448543,1,0.23867923359816579,0.009576428160116307,200.0,44.77832911014557,4.114113467894149,1.0,0.3428794180165825,0.06732838871638615,30.0,0.4580446004867554,0.005483708422571722,2.0,0.2925190613608344,0.05145429143665829,50,0.7575646758079528,0.010466355546111753,1,0.2620666039918728,0.03403199401757365,100,1.2779393315315246,0.15756455836931357,1,0.25162997240979357,0.03298518961522106,200,2.30347398519516,0.31633606086938754,1
Health-ClosedIssues0010,10000,0.48194697865661346,0.006392265560159643,30,4.8877766013145445,0.43025796507586217,3,0.480639727898075,0.007152178043414932,50,8.952867543697357,1.1108728321050645,3,0.47147805032982354,0.009190357237210794,100,21.144359815120698,2.221873743339353,1,0.466092217054592,0.00958165742705987,200.0,44.065387952327725,5.128811891385789,1.0,0.4845602003885533,0.007857529856221835,30.0,0.5710184216499329,0.010061008021884697,3.0,0.47991640936031965,0.006309901923753381,50,0.9560935497283936,0.010686695919958435,3,0.4758534646935277,0.007036272677564723,100,1.4033156633377075,0.1293739029770077,2,0.46563110989782686,0.008744229351169457,200,3.7757851839065553,0.22149000946000838,1
Health-ClosedIssues0011,10000,0.02696550992919581,0.026886007555061046,30,4.491642165184021,0.46561108222546843,1,0.01920542598562381,0.02608625107980847,50,17.940895116329195,1.3726796911578194,1,0.004068016044017895,0.006960253939265764,100,20.59467006921768,2.579955263986386,1,0.0023269787154478303,0.0061954276855597625,200.0,36.79263453483581,4.792564362062101,1.0,0.06378762415411904,0.05468782905772773,30.0,0.5652207970619202,0.005953860865294588,2.0,0.03247251046279477,0.040114386733549244,50,0.8243118643760681,0.04453094242336613,1,0.007226258967344165,0.010304742901189264,100,1.9619139432907104,0.03725865592356263,1,0.0017466877645202152,0.001588994866230419,200,4.275335204601288,0.1261174582558521,1
Health-ClosedPRs0000,10000,0.0,0.0,30,4.023287379741669,0.5425908952094955,1,0.0,0.0,50,7.68355963230133,1.0416847166228613,1,0.0,0.0,100,19.063914930820467,2.6237744190342784,1,0.0,0.0,200.0,35.22536514997482,4.488741489082557,1.0,0.0,0.0,30.0,0.33918132781982424,0.004958149511659226,1.0,0.0,0.0,50,0.6251851677894592,0.010379831849065567,1,0.0,0.0,100,1.2692467093467712,0.03743540153314089,1,0.0,0.0,200,2.405310034751892,0.05471796788617772,1
Health-ClosedPRs0002,10000,0.021096542354763482,0.00011453903330245893,30,4.551448321342468,0.6298053863391442,3,0.020784463910868224,0.0006390758630551448,50,7.546447670459747,1.089486425595951,2,0.020178411754139508,0.0008819086268035055,100,17.77962120771408,2.298785657862578,1,0.02007796430732477,0.0008803153433115123,200.0,37.34859807491303,5.120454092330186,1.0,0.02109859126573969,0.00011465521138019843,30.0,0.5294787645339966,0.010875629196735967,3.0,0.02097836802725273,0.0004086963921819924,50,0.8031305313110352,0.014258102514534486,3,0.020852566704661346,0.0006009327420438385,100,1.801525318622589,0.07044667227816244,2,0.02024868626821305,0.0008312028105114779,200,3.470013988018036,0.12612856429952343,1
Health-ClosedPRs0003,10000,0.083064398309853,0.00012977121594345744,30,4.261550772190094,0.5467242178106274,3,0.08304721881638054,0.0001636612897247222,50,8.0590771317482,1.1055080528784231,3,0.08249661413685476,0.0007479565928585053,100,18.396261358261107,2.435637011420646,1,0.08246420132170461,0.000832047872141108,200.0,37.36668659448624,4.169213821394527,1.0,0.0829636089857117,0.00025833227030044604,30.0,0.46050013303756715,0.008638066215271398,3.0,0.08271019089874551,0.0006752866928658155,50,0.7773659944534301,0.012629772970084316,2,0.082497786977923,0.0006424858510627439,100,1.8445626139640807,0.08806477515180036,1,0.08215040938545833,0.0007679446148544712,200,3.2664589047431947,0.5732274560021868,1
Health-ClosedPRs0004,10000,0.3237017767925444,0.06861095802604673,30,5.429679048061371,0.6256896912973477,1,0.30244772526325525,0.033994952161301696,50,8.443996596336365,1.165707265638378,1,0.29166432994954616,0.03646740527870864,100,19.903754436969756,2.756494320296796,1,0.2806280566379677,0.005686748511593477,200.0,38.79978835582733,5.128202477255433,1.0,0.37100938340956857,0.10974974390006605,30.0,0.5192100405693054,0.008410433820557879,2.0,0.3072945512731323,0.036608890195166804,50,0.7909110069274903,0.027236613540623834,1,0.2863207968133288,0.008583254178306708,100,1.4788087606430054,0.14825142918451112,1,0.28139722297753356,0.006018990899379282,200,2.762461268901825,0.4768623475656968,1
Health-ClosedPRs0005,10000,0.001340562116072121,0.004034395616073244,30,4.493973839282989,0.562781419008538,2,0.0006343199768692207,0.001953947627300637,50,8.325497364997863,1.1588129819793889,1,0.00023960307365559507,0.0007988615518879327,100,18.976876819133757,2.2401482416305813,1,0.0,0.0,200.0,36.144532561302185,5.684000626531754,1.0,0.003282711202888039,0.005274612708753825,30.0,0.5241439342498779,0.02927139845307849,2.0,0.0016290762205700391,0.004670949147334846,50,0.6835288524627685,0.014863022446173184,2,0.00010218590254856285,0.0004322653087273272,100,1.4263574719429015,0.04105870181146891,1,0.0,0.0,200,3.581184506416321,0.21575300888751417,1
Health-ClosedPRs0006,10000,0.2975003644082965,0.15922333914150036,30,4.580322778224945,0.6496651404701003,3,0.17449903960502763,0.1455577533692808,50,8.437441229820251,1.1355390672883057,2,0.12321067872851713,0.09217684991299616,100,18.822875380516052,2.353269403978591,1,0.0656293515719919,0.07239869619014482,200.0,38.54686051607132,4.665758183080562,1.0,0.28067997432914965,0.1637732516206373,30.0,0.44329993724822997,0.00554509581802425,3.0,0.21316956060856412,0.15287067162089804,50,0.8844548106193543,0.012903114874649745,2,0.09711925076389921,0.07171427571371793,100,1.6305490970611571,0.10014010417801607,1,0.05794121171273262,0.01911365987707928,200,3.93987557888031,0.35522822712004126,1
Health-ClosedPRs0007,10000,0.08114809757737977,0.04931932989130895,30,4.440011000633239,0.5147327756351083,2,0.0561937412270566,0.03841492026189634,50,10.079298913478851,1.154273956470469,2,0.026456200645978655,0.01822185700955806,100,18.946680986881255,2.5407333491124686,1,0.017799045087127076,0.029313737516806396,200.0,36.06936948299408,5.180529593087302,1.0,0.11934927875602701,0.10750508144472026,30.0,0.5695279002189636,0.009044267815621678,3.0,0.06927545972919888,0.04512235924198454,50,0.7315621972084045,0.016508252167500768,2,0.027738019785808726,0.01625254742950242,100,3.289474308490753,0.08584222841418657,1,0.016941885386486687,0.010711860039467034,200,3.501904010772705,0.1853206160056238,1
Health-ClosedPRs0008,10000,0.6400246510032422,0.08878240004736168,30,5.212337481975555,0.5713519443015977,3,0.5827976454327378,0.11389622086999478,50,6.888637232780456,1.1224703400432066,3,0.5293693638860644,0.13017514092728133,100,19.766622030735014,3.3287870829792223,2,0.36380117429315006,0.20663110799730974,200.0,33.789453864097595,7.632097325202544,1.0,0.5469176819006406,0.12519833199394326,30.0,0.4574743151664734,0.007113412167560788,2.0,0.5044193675063948,0.13052996241596282,50,0.6784994602203369,0.014494580546170137,2,0.37733080970147526,0.17717405735920766,100,1.372547972202301,0.0722626513202887,1,0.291447326571089,0.1721635622295174,200,2.063356614112854,0.3712007076609933,1
Health-ClosedPRs0009,10000,0.5327853217186651,0.15634203103482236,30,3.694566822052002,0.503382032063566,2,0.5073746781792706,0.16339899288269688,50,7.342130076885224,0.9883912848195804,2,0.47209464223088826,0.16219294367345163,100,14.846194851398469,2.0091709945796783,2,0.38970828918408096,0.1512761800273559,200.0,29.372008287906645,7.208247116657762,1.0,0.5124494234944426,0.13000196689989438,30.0,0.4528533101081848,0.005820411685416078,2.0,0.4558409123203873,0.12357373101517632,50,0.7931180238723755,0.02334244743507359,2,0.40359976835081285,0.11952460241794763,100,1.3848880410194397,0.08778110393737483,1,0.37101997078143295,0.10515052881204094,200,1.7022845149040222,0.2945264049644021,1
Health-ClosedPRs0010,10000,0.42924753659871523,0.10527235456479699,30,4.011850249767304,0.5448999705543577,2,0.36874257168684915,0.11840479540202323,50,7.11643352508545,1.1199844728056296,2,0.284689234273289,0.0681012429462361,100,15.358136630058288,2.2566936385503475,1,0.24303231590784397,0.04635856821737142,200.0,27.550702810287476,7.620994968755095,1.0,0.4107266229057148,0.12606575055704403,30.0,0.5660954594612122,0.014934921594606023,2.0,0.3623489829725134,0.1235311239275829,50,0.7448405742645263,0.024049080850081284,2,0.31070764035409987,0.11311559159912589,100,1.2732905387878417,0.09069617032426688,1,0.2784310037759935,0.10117689713886244,200,3.3777072429656982,0.43585934437329327,1
Health-ClosedPRs0011,10000,0.0,0.0,30,3.4455277919769287,0.34085415638375915,1,0.0,0.0,50,6.259992289543152,0.9485309941040387,1,0.0,0.0,100,14.666358828544617,2.120647987733252,1,0.0,0.0,200.0,25.598368978500368,7.565451737591265,1.0,0.0,0.0,30.0,0.4540883660316467,0.008030255086320184,1.0,0.0,0.0,50,0.7724182963371277,0.031627831818375536,1,0.0,0.0,100,1.4316469430923462,0.03615705636955812,1,0.0,0.0,200,3.157138633728027,0.18786049987006015,1
Health-Commits0000,10000,0.18350053134832084,0.05757888450866977,30,3.699045944213867,0.41981819250660984,2,0.18517328551250667,0.059445477891663545,50,7.538359081745147,0.9927515336835514,2,0.14128375440890534,0.05221256692560032,100,15.142926490306854,3.08008315707053,1,0.11985836138656233,0.04730582880308294,200.0,27.192173552513122,7.624235434402472,1.0,0.20386668178433687,0.06645487465644093,30.0,0.4400510549545288,0.010918182645273682,2.0,0.1864676748862859,0.0608126667408499,50,0.709671151638031,0.012386522995434142,2,0.13671467535581058,0.04725582596262635,100,1.518979549407959,0.07086735448168745,1,0.12108991241701657,0.04721507395863368,200,2.7658020496368407,0.3759835455334362,1
Health-Commits0001,10000,0.16495795125887355,3.2713245618273788e-06,30,3.559454083442688,0.43002883828952126,4,0.16495721976846392,3.2512020012094713e-16,50,6.5551252365112305,0.9424635234142191,4,0.16495149897766542,2.5584154220259783e-05,100,14.567101764678956,1.919555448716435,3,0.16461348732293074,0.0011073463933880278,200.0,26.027818393707275,7.019988823160453,2.0,0.16428492331101388,0.0014286441808037318,30.0,0.43192259073257444,0.006403836998626645,2.0,0.16388621934613828,0.0016722047052861989,50,0.7036095142364502,0.016702440702288917,1,0.16339913606517015,0.0018469801087298385,100,1.4235482215881348,0.030414340317746903,1,0.16257418782756128,0.0020410858634259416,200,3.0320223331451417,0.2662785727498511,1
Health-Commits0002,10000,0.4732744666161068,0.06968082420876108,30,4.055561292171478,0.6135802306092616,2,0.42872460037372245,0.10757227412777284,50,6.927295935153961,0.9157086873616475,2,0.3410651499571339,0.13683950955839833,100,15.363542866706847,1.9389672469880228,1,0.2549185221862955,0.1072403295240084,200.0,25.966891753673554,6.4577338386075285,1.0,0.4134378357939569,0.10907218824078671,30.0,0.46062841415405276,0.006840111282948023,2.0,0.35728652156773555,0.10123349346305599,50,0.7482970595359802,0.013929089293098329,1,0.31198100593149986,0.083252559044992,100,1.7045824646949768,0.07222233657949763,1,0.2833153008817805,0.041925613834294106,200,2.202663815021515,0.3830726013300587,1
Health-Commits0003,10000,0.354235442975151,0.04539234324062218,30,4.683537757396698,0.5358970322936493,3,0.3334569994184379,0.03344202153614834,50,8.522471511363984,1.0125856332431833,2,0.3054335311329225,0.031873462069610475,100,16.823015367984773,1.7463553972191876,1,0.29096243334999106,0.03304722574769255,200.0,31.376788127422333,7.1169212135728745,1.0,0.36505541240081973,0.043436050359357534,30.0,0.3111307144165039,0.009913475310005308,3.0,0.33666716829436866,0.037676000652073646,50,0.7367551684379577,0.006776045351631756,2,0.3024545100824293,0.026571467814445814,100,1.4541821122169494,0.155933871624523,1,0.27162387126663967,0.02410858052045783,200,3.126642847061157,0.33734893958792084,1
Health-Commits0004,10000,0.22501108705326184,0.003432823435917584,30,4.8719367504119875,0.5354025129872465,4,0.2239514133992866,0.006540171014596752,50,8.551316905021668,0.8972330163990606,4,0.21912990569270302,0.011027707366532174,100,17.23382431268692,3.391337078348558,2,0.21593059484250277,0.01069161925558833,200.0,31.37098467350006,7.850735426198661,2.0,0.22112614124337035,0.008217533097918487,30.0,0.4626626014709473,0.00553819747876402,3.0,0.21797839746113423,0.009465211338863676,50,0.5130584478378296,0.0095920457181338,2,0.20978969980388512,0.00972964240864257,100,1.0571079969406127,0.060379398564964916,1,0.20400743112473604,0.010308693454430602,200,1.4296564936637879,0.35551116887200107,1
Health-Commits0005,10000,0.20780954842992921,0.03174283185682231,30,4.857391941547394,0.5346841431080266,2,0.1944463189826258,0.021904738356511418,50,9.34137338399887,1.1089991332273657,2,0.18396053468883605,0.02233487001789111,100,17.23681992292404,3.2585512157683603,1,0.17136145964886454,0.01824302859650596,200.0,33.25465086698532,7.223260918559972,1.0,0.2190158745611265,0.04432930196216705,30.0,0.3189286947250366,0.004619970324984303,2.0,0.20533203664981664,0.0382310316332634,50,0.5499460816383361,0.012419749253321356,2,0.18234747766547427,0.014582029553089487,100,1.0078617572784423,0.030221250606015732,1,0.17108970570169213,0.013017652064458644,200,3.5101088881492615,0.28416212635481436,1
Health-Commits0006,10000,0.2779651707079472,0.02731006770776079,30,5.418460893630981,0.9554469669129133,2,0.26935418804724753,0.026849665702299096,50,9.445990943908692,1.1836803209374094,2,0.25398553656557954,0.0206656255514391,100,18.232949030399322,3.668240166136461,1,0.24238643049865366,0.01888051905054625,200.0,33.93084124326706,7.390922091069992,1.0,0.29026940163410697,0.019578790694086946,30.0,0.5805882930755615,0.006723053922634578,3.0,0.2763360993639005,0.021912031748263876,50,0.739952540397644,0.02090471924501808,2,0.2535914844767813,0.012887313540963792,100,0.9756303668022156,0.12353197522092668,1,0.24014727919676176,0.008980394330611008,200,1.6038720726966857,0.4143735452005361,1
Health-Commits0007,10000,0.21617859150676028,0.02551013611646982,30,6.216485166549683,0.7642863895414959,2,0.20374594310184135,0.01887184848894726,50,10.25214124917984,0.7099779308348473,2,0.20617699373750886,0.02645669798882507,100,21.620715844631196,2.5963176853291836,2,0.19148664431908094,0.01565394766169324,200.0,44.88661361932755,3.924661035393601,1.0,0.233415406692237,0.03167459809433678,30.0,0.30617724657058715,0.003817761948064182,3.0,0.21785171684286606,0.0213271480649434,50,0.7986770749092102,0.058495698678677405,2,0.1883655957938987,0.023799257000100514,100,1.7729026913642882,0.11096626285359598,1,0.18132049253677426,0.02419118325765289,200,1.5828513622283935,0.2966665258963114,1
Health-Commits0008,10000,0.387842947634886,0.019026511950321755,30,6.8479550123214725,0.5873841993737902,2,0.37292822576276535,0.029898046369642294,50,10.559098839759827,1.0060958462991505,2,0.3319673877919784,0.03619183822414158,100,23.175931906700136,2.2044590721471513,1,0.3195691897157808,0.04069643725447329,200.0,48.100124990940095,3.3484852434680277,1.0,0.3704117255064799,0.03714953701604122,30.0,0.3109984636306763,0.002937550039968896,2.0,0.3435524901711514,0.03239374109684599,50,0.9480696558952332,0.024760861827413754,1,0.3175964006227344,0.027608811517198215,100,1.7665157198905945,0.13946724581501538,1,0.30588353487732134,0.0259912038637121,200,1.7459195613861085,0.25829125150590554,1
Health-Commits0009,10000,0.13604812952879802,0.007800677790053246,30,6.078211390972138,0.6936484312049453,2,0.1334449144972396,0.007185852342289675,50,10.239479637145996,0.8631780372387401,2,0.1284676000342299,0.0071356580582651674,100,22.878776466846467,2.234245551755078,1,0.12739664204955964,0.008410061828305077,200.0,42.41363000869751,4.707485731866429,1.0,0.13989824258527545,0.0046737216829002785,30.0,0.3022851586341858,0.002788132860918528,3.0,0.135394089174629,0.006871522373023628,50,0.5491379618644714,0.0067942766748079015,2,0.1292029882304658,0.007814634319464843,100,1.4132856249809265,0.17319188060012145,1,0.12393074481894421,0.007771582371590314,200,3.4756314873695375,0.19339534435584416,1
Health-Commits0010,10000,0.29711057648332756,0.01977353219736631,30,5.601269376277924,0.6094894977039642,2,0.28909507288591396,0.013933743712969057,50,9.347694754600525,1.0033500593915587,1,0.27954694513054024,0.007959408720631098,100,21.365057837963104,2.5586892089856357,1,0.2730968684352202,0.010414595616695204,200.0,41.63389362096787,5.482868531135291,1.0,0.30862053226390757,0.014831564433955932,30.0,0.3176675200462341,0.003358767238989742,3.0,0.30340685795822503,0.013927490010318793,50,0.8448262929916381,0.06253211032522794,3,0.29467686376577945,0.012866692677684689,100,0.9940532922744751,0.03833099283942572,2,0.27880451628930436,0.007721400097895503,200,3.513602077960968,0.1760299215238902,1
Health-Commits0011,10000,0.015196096199374662,0.014626049971271853,30,5.6304569959640505,0.718478915393004,1,0.005642481930609825,0.008466875734682739,50,8.511163473129272,0.8629050325629698,1,0.0030381226576132354,0.00576921486007762,100,21.787624752521516,2.39331520913112,1,0.00203331124257247,0.0038122280630096543,200.0,39.18787717819214,5.26680271730222,1.0,0.056866819896144206,0.07340991199146708,30.0,0.3412708878517151,0.006741615337204039,2.0,0.02918335495330112,0.04170213552649278,50,0.7487588167190552,0.01383950707291903,2,0.00574764761163739,0.010435990376448209,100,1.4960717797279357,0.06174148946292666,1,0.000482501087451565,0.001009438352772047,200,3.1390639781951903,0.2675200118461283,1
LLVM,1024,0.04714651249789399,0.005787928184248511,30,4.1049619793891905,0.43650146188909494,1,0.04553632266769728,0.003723802707321645,50,5.9261863231658936,0.8641480437399133,1,0.04321689253632792,0.003029474691319947,100,15.189312744140626,1.8306118303743537,1,0.04209809711181233,0.0023427163496213916,200.0,21.541530823707582,5.941062728606823,1.0,0.09403804890835613,0.07807271394906115,30.0,0.14013488292694087,0.005764628398873014,2.0,0.07427514755978301,0.06087545006394651,50,0.27858824729919435,0.015320550244651069,2,0.05239801001888413,0.0414876270958059,100,0.29877684116363523,0.05384208930022908,1,0.05191403545071662,0.04154639803421657,200,0.3537882328033447,0.07731391812457877,1
PostgreSQL,19008,0.019881126615170483,0.00026349442275967673,30,4.104596376419067,0.7890441045331161,2,0.019770732440713992,0.00024220523308341054,50,6.637933242321014,0.882655531938098,1,0.01968615606525624,0.0002409202490190079,100,18.355117297172548,3.546016778976144,1,0.01962017971197052,0.000227919673039558,200.0,31.409806609153748,7.090876712872771,1.0,0.020204913678369456,0.0005100650224082149,30.0,0.1820104360580444,0.0025681778579152593,3.0,0.01987864942276728,0.00044359428870768445,50,0.17620912790298457,0.004218268815772134,2,0.01963425558207074,0.0002514183866356926,100,0.4574952363967896,0.013333351491028081,1,0.019552829313576853,0.0002669915918784709,200,1.1725011944770813,0.07149606486215164,1
SQL_AllMeasurements,4653,0.29225310019080925,0.03829757271578506,30,8.335066437721252,0.8504330166831643,3,0.2671367516306352,0.04658013436804482,50,13.462813532352447,1.8379411973760418,2,0.233507363014281,0.030621074594845248,100,26.05755046606064,5.146470781067564,1,0.20780650444493642,0.019654214269652772,200.0,55.65424255132675,8.668130522290072,1.0,0.3044247190321862,0.054342169781235516,30.0,0.1396488070487976,0.003287488094517243,3.0,0.2886596550648426,0.04509661448561044,50,0.25829888582229615,0.0015847822084206846,3,0.2472539049848455,0.038189679674167365,100,0.5186029672622681,0.005821157180098764,1,0.22252889428189265,0.027943331097130982,200,1.0367157459259033,0.023679396688465117,1
SS-A,1343,0.2823193694881692,0.2672669498761672,30,4.172342669963837,0.7071539871429628,3,0.16762771816656066,0.2320200947654102,50,6.754123938083649,0.8962922476131423,2,0.040805459394607675,0.020725251213033088,100,13.631473958492279,2.6161472630604528,1,0.027735316637163398,0.0034520515720957686,200.0,23.838323426246642,5.6970745137483965,1.0,0.14729787074489484,0.12475550203911474,30.0,0.29222058057785033,0.004879723180749905,2.0,0.10093078925935497,0.054811023978060806,50,0.3469529628753662,0.02204347787694694,1,0.06983611940315704,0.03754790920554391,100,0.8595560431480408,0.12411288566760302,1,0.051080228763704896,0.029373648726499276,200,1.5078488349914552,0.4306127417669738,1
SS-B,206,0.1561190509629957,0.038531070527566394,30,4.375009369850159,0.8722098067965026,1,0.14337986501043565,0.01113524122353151,50,6.8372165083885195,1.087280559617818,1,0.1394552357159732,0.004588174697622775,100,12.405870819091797,2.3077056259001125,1,0.13962720065168804,0.004635600954451888,200.0,24.222676753997803,5.736845461319824,1.0,0.1952570971940874,0.09025900416185349,30.0,0.28948746919631957,0.010798477970705312,2.0,0.1527954266086062,0.024218353744757743,50,0.44697158336639403,0.03828733249719081,1,0.1409136108253235,0.0045572444439761,100,0.7601062536239624,0.16112392138389126,1,0.14007354893310012,0.004727668229462474,200,0.6379922151565551,0.1490277475485066,1
SS-C,1512,0.4923217002342583,0.18557743683068495,30,4.81059467792511,0.5725037096994584,3,0.39119725721263005,0.20493841267049123,50,7.485076093673706,1.4848718839696085,3,0.2861039564913286,0.19246462790912722,100,14.47755229473114,3.025574351699546,2,0.10915008040605396,0.07424341732090595,200.0,24.66551580429077,7.159092947579252,1.0,0.16676789906432996,0.14047271995333574,30.0,0.26163501739501954,0.005435434730276641,1.0,0.10866278604242494,0.02425349635209819,50,0.5851726293563843,0.05216408550164784,1,0.09581559309357186,0.006638020160713809,100,0.8702272415161133,0.19085167696959313,1,0.09545506263621492,0.006792742143302481,200,0.8625864505767822,0.21756428437098632,1
SS-D,196,0.4503602873540803,0.008807313424855715,30,5.406281352043152,0.8048172304341337,3,0.4410471096775823,0.024033409308328334,50,8.031020390987397,0.9049168815540152,2,0.4249263740003338,0.032479050979363815,100,14.882004451751708,1.953139566325823,1,0.4151211227221161,0.03216980342575142,200.0,36.03054665327072,3.2760033105262236,1.0,0.44762207851499697,0.016134945330882805,30.0,0.20183398723602292,0.005124085747826332,3.0,0.4447986484955351,0.01764707335717496,50,0.4875245690345764,0.015876597687221713,3,0.43520287051002954,0.028046118398216326,100,0.9330583214759827,0.05211211638850847,2,0.42531796700405183,0.03213248547631301,200,2.0800188541412354,0.254495768797674,1
SS-E,756,0.16618947089035252,0.02391910420523378,30,4.752271747589111,0.6032819790667243,1,0.16282957817640797,0.019387779376347898,50,7.623577618598938,0.8983773317916915,1,0.152717057994203,0.005406833515606733,100,14.444167041778565,2.4098287631207795,1,0.1496812371942819,0.0025685722560017,200.0,34.324292230606076,3.8715882084767332,1.0,0.18586663999137845,0.03655086424261105,30.0,0.38082419633865355,0.005332057129550153,2.0,0.17799479967361245,0.033982874381723156,50,0.3208102107048035,0.007571599678564436,2,0.15795594251250664,0.010782906475352296,100,1.0691329479217528,0.055472018329669574,1,0.15088245581922796,0.003201273001140705,200,2.5409841299057008,0.09862988432014928,1
SS-F,196,0.4474569859135341,0.01362400099228469,30,4.582948434352875,0.5743861072838358,2,0.4452704668076515,0.015039204065715246,50,7.762075388431549,1.1009586877892479,2,0.44178639213086324,0.013166870640149313,100,15.679435086250304,2.179643906061375,2,0.4377630235832727,0.018418980106316953,200.0,32.33774030208588,3.9093244270127623,1.0,0.4464310057122939,0.017798233589450194,30.0,0.28265167474746705,0.007657458732130374,2.0,0.4394453637928235,0.020455233234819042,50,0.4789125919342041,0.01248259792541501,1,0.43463780564694865,0.017147455281512416,100,0.8770580649375915,0.057176231634119876,1,0.43401622353286273,0.01832632699348696,200,1.3562538981437684,0.18184869822904476,1
SS-G,196,0.4461416874043911,0.011603952651078987,30,4.474402487277985,0.5087264824020028,1,0.4447634315451513,0.012268758283671324,50,7.704847347736359,0.952868778406491,1,0.44463370935309465,0.01176027891350591,100,16.28221490383148,2.0654314608053332,1,0.43796373789642395,0.020434907694331057,200.0,30.462855315208436,4.3709010368352255,1.0,0.4442563156098037,0.012794767773641889,30.0,0.3513636589050293,0.008247495613009647,1.0,0.4423766024866131,0.014483223678466635,50,0.461488401889801,0.010981393652289,1,0.44136218304129554,0.014199101750320669,100,1.1276968240737915,0.07216575971938231,1,0.44136218304129554,0.014199101750320669,200,1.663576078414917,0.15683221883353238,1
SS-H,259,0.391492088626484,0.17291690339800483,30,4.611262488365173,0.738288983011835,2,0.2921161798141558,0.07546000973581861,50,5.634272861480713,1.1286297521942699,1,0.2411109066529203,0.0028836627023392674,100,15.146133029460907,2.127921006921491,1,0.24102563517214123,0.002736447042339975,200.0,27.34728925228119,4.207156524541057,1.0,0.3728796517839038,0.15778568490322037,30.0,0.2742528557777405,0.008705560970980563,2.0,0.31717620469614694,0.09451526578275987,50,0.46017454862594603,0.03158897172663034,2,0.25466854071980527,0.03328624594906995,100,0.607215404510498,0.11021342027735584,1,0.25466854071980527,0.03328624594906995,200,0.571372127532959,0.1250841432702609,1
SS-I,1080,0.07910408932978111,0.09792439594079466,30,5.129808712005615,0.6887329368674212,2,0.07879253836438632,0.09513959658774121,50,8.47120326757431,1.3702185919950596,2,0.024221999358476146,0.05218662010156466,100,16.636122274398804,2.5710117599960207,1,0.01201953160569193,0.001161410700322552,200.0,33.366911351680756,4.75797900008599,1.0,0.1140366436550436,0.10289364623988663,30.0,0.31237260103225706,0.005095011137683369,2.0,0.08244810191229138,0.0938684178309994,50,0.32927892208099363,0.004359466057407784,2,0.03801236222660294,0.06844836274660783,100,0.6494557738304139,0.013908541191975307,1,0.03432528790627829,0.06870454738473628,200,1.689146089553833,0.20911883948299767,1
SS-J,3840,0.07220367348703417,0.003892655405749791,30,5.436482405662536,0.6128705321537721,1,0.07258428027330308,0.00397302051026441,50,8.5888756275177,1.1011628055150762,1,0.06973950863752389,0.003367828411403825,100,19.233571350574493,2.7873616551283984,1,0.0681414970563464,0.003595404700712736,200.0,40.29015440940857,4.964988300415748,1.0,0.10203206082355054,0.0526953553763622,30.0,0.35034765005111695,0.004916930889381817,2.0,0.09551740516236082,0.0520983509578232,50,0.3696723222732544,0.008507221719670464,2,0.0919545270189981,0.05265996991213678,100,0.8712674617767334,0.11430272273152707,2,0.08932310059531957,0.049834069946405525,200,1.3376333355903625,0.026767342926065876,2
SS-K,2880,0.09317841909808515,0.03567303463400198,30,5.95401177406311,0.6767662915337168,2,0.079996437749659,0.026410073864618137,50,8.796830034255981,1.1209279460671464,1,0.07156931823578669,0.017262480938275013,100,17.91027612686157,2.5035372375093745,1,0.06507369210518509,0.002835355683641,200.0,37.46666238307953,4.187581308396374,1.0,0.10348126569072055,0.029266780318830277,30.0,0.31520795822143555,0.003448107124082898,2.0,0.08963806054058537,0.02761977549445047,50,0.34098995923995973,0.009892453287649811,2,0.08061392808468595,0.02480200869641808,100,0.7828311204910279,0.027244028486622437,1,0.07677451735045024,0.02445037225066586,200,1.2076585054397584,0.19338617940001876,1
SS-L,1023,0.20909662762251124,0.07327161749510457,30,4.698170614242554,0.8463989789277729,2,0.17436807530032766,0.004083049878072005,50,7.692365384101867,1.1726223821098336,1,0.1707018077746511,0.0030421880553986713,100,15.013380205631256,2.3308379228889615,1,0.169878187741782,0.0022329862141601394,200.0,32.325112426280974,4.021775139421856,1.0,0.21467447755961938,0.07783769465123934,30.0,0.19987381696701048,0.013752446366695486,2.0,0.19928474432218132,0.06062853282587529,50,0.5741950154304505,0.05500938103925683,2,0.1819061434132166,0.042978999363593104,100,0.4120347619056702,0.08102453864034731,1,0.18099610223702134,0.043121728397081914,200,0.7826581954956054,0.16582074358940194,1
SS-M,864,0.00486168994685493,0.0013536148566361088,30,5.9113470077514645,1.0495589269159822,1,0.004555400290736066,0.0016304737724437707,50,9.108965992927551,1.1590245532635994,1,0.0035038407052223794,0.0003861492300853769,100,23.23439438343048,2.146750862004471,1,0.003368855345030465,8.216787612320223e-05,200.0,40.788995039463046,5.295193066602391,1.0,0.00744208856985582,0.0037423607623645024,30.0,0.3292624711990356,0.007011138274917345,2.0,0.005041849373733094,0.00173540087921022,50,0.48860844373703005,0.012391943629331204,1,0.00426493747643391,0.0012940295125122747,100,0.8925650715827942,0.062062473695141146,1,0.004051522788134285,0.0012585797327807798,200,1.115536916255951,0.17758199441655734,1
SS-N,53662,0.14955924170220844,0.0129254395645691,30,8.74712837934494,1.1008367174447944,3,0.13855531755090084,0.01243039924738222,50,13.986693954467773,1.4250606234355663,2,0.12034916057135887,0.015204038956813985,100,32.58939249515534,3.4171577941083173,1,0.11808439313690862,0.01596543429954265,200.0,73.48081003427505,4.465395379870693,1.0,0.15327233935278478,0.01886672435700025,30.0,0.33642399311065674,0.0247446328249019,3.0,0.1383108895288529,0.013456851686645146,50,0.36359856128692625,0.004013256257312598,2,0.12485030894799372,0.014760176251708078,100,0.899759030342102,0.10200629629620826,1,0.10708195962791778,0.01759205196260544,200,1.3897933840751648,0.005635704383910732,1
SS-O,972,0.19236030706271784,0.010506194260003949,30,5.436647260189057,0.7449300246649566,2,0.18749736554206056,0.01037878660380972,50,8.849236047267913,1.1294949130535905,1,0.18319682316484004,0.005828089576195634,100,18.321339225769044,3.0183244935807645,1,0.18114571724971543,0.003291784687966309,200.0,38.773081195354465,4.604777128377991,1.0,0.2010885827702487,0.029126371118486073,30.0,0.3735110402107239,0.004936685554752274,2.0,0.19356557010734138,0.025241823981199184,50,0.5624930739402771,0.00913532428890436,2,0.18222796057020624,0.004558971468063024,100,0.6824020981788635,0.008512273706873137,1,0.18152679749832715,0.004375562235926229,200,2.486891734600067,0.07326976037404005,1
SS-P,1023,0.19770928429169535,0.06156980563089995,30,3.5708405137062074,0.7652436508241678,2,0.17353164280413816,0.005024840642920208,50,6.190704166889191,1.346091665605127,1,0.17071497278653305,0.0032646532324175476,100,15.191893923282624,2.1054349331157582,1,0.16979133170162675,0.0017714965349601465,200.0,20.47784972190857,6.029582600555235,1.0,0.21467447755961938,0.07783769465123934,30.0,0.33800902366638186,0.02993273354198201,2.0,0.19928474432218132,0.06062853282587529,50,0.30126625299453735,0.0282007860984359,2,0.1819061434132166,0.042978999363593104,100,0.40613125562667846,0.07869770375155594,1,0.18099610223702134,0.043121728397081914,200,0.5939692497253418,0.13151716438827898,1
SS-Q,2736,0.060196451447140774,0.0014352961451546402,30,4.544285321235657,0.5589560416983027,1,0.05977496394154538,0.0016014192152039228,50,7.013751459121704,1.1126186004268437,1,0.05923784517726677,0.0012443877829985516,100,13.626113057136536,2.9687208649761265,1,0.05775052276583416,0.0005492457868587293,200.0,25.77995345592499,6.608775506641275,1.0,0.08037286091164814,0.03745790993901605,30.0,0.4945452451705933,0.041216378040509184,2.0,0.07748324549649792,0.033458125610558616,50,0.5103724837303162,0.006132894572193312,2,0.07529310762361614,0.03361544642407247,100,0.9592333436012268,0.038428856214625565,2,0.07472937671375293,0.03363500775888902,200,1.5677334785461425,0.38929335777886004,2
SS-R,3008,0.18025322526499948,0.018664398553101466,30,4.925942587852478,0.7619115226845471,2,0.17328235550152835,0.008008076340478329,50,7.247882914543152,1.1359574696682317,1,0.1710355855676776,0.006697628109454308,100,13.490423679351807,3.759752373242029,1,0.1699085092369449,0.007118297240069496,200.0,38.43153014183044,5.459577707214494,1.0,0.18692629630561722,0.02143504242091738,30.0,0.3792129158973694,0.0019863381296208143,2.0,0.17794130901788616,0.010362480413598643,50,0.33832129240036013,0.0034788223540435682,2,0.17322511753972297,0.008270953264066084,100,0.6651558518409729,0.010652738971017307,1,0.1713371467400991,0.007408190937991723,200,1.5951680183410644,0.231482386101247,1
SS-S,3840,0.061939526127754205,0.03720359532816267,30,4.239006149768829,0.7085047831793105,3,0.03759006725047831,0.02849296244781814,50,6.667358756065369,0.897770768920995,2,0.018830118866310426,0.019224124316384938,100,12.885828578472138,3.1429954616927596,1,0.01939175022410458,0.02190172540578605,200.0,22.47727781534195,6.34503340606142,1.0,0.059039981208103186,0.049739313312702774,30.0,0.20283453464508053,0.0015046063239775127,3.0,0.03723786546846057,0.02557848716190335,50,0.5154407978057861,0.012010878548028913,2,0.009581322788118653,0.012102632790924427,100,0.9267365336418152,0.02381588742987141,1,0.007099848819670825,0.010389220205934238,200,2.0531516671180725,0.1749991603438196,1
SS-T,5184,0.04210755435153585,0.021564185623897898,30,6.028405869007111,0.7211465919592891,2,0.03561226686038217,0.02149770958423472,50,10.283178639411926,0.8671644083673207,2,0.024922575037345324,0.016283225782970798,100,12.41329300403595,3.24404836002892,1,0.017075558090012148,0.0034044032266112895,200.0,23.640232849121094,6.29788308524228,1.0,0.05034504065602772,0.027193778861205442,30.0,0.3833680748939514,0.004525354615190531,3.0,0.03769304952780659,0.02001319048448924,50,0.7250889301300049,0.028716995772908607,2,0.025511687530283888,0.010749419595288438,100,1.2183132410049438,0.10769614121056925,1,0.0194932517651615,0.00731218886673108,200,1.8891658425331115,0.44699070926618034,1
SS-U,4608,0.2605129278815804,0.024969443740037425,30,6.215962588787079,0.7904669006290576,3,0.2371221794759168,0.006172902733590632,50,10.169185411930084,0.9269183201905895,1,0.23133150018786447,0.0008038704406515499,100,24.405822825431823,1.8909510308298045,1,0.2309838771004839,6.235162165589913e-05,200.0,53.58719930648804,3.7661320419995783,1.0,0.2679074289084497,0.02578174397136399,30.0,0.3859723925590515,0.00775070887264455,3.0,0.2514508025461863,0.015250903537197024,50,0.5169408082962036,0.024393345181082732,2,0.24007576266981245,0.00900799233574124,100,1.256493616104126,0.06017210144562357,1,0.23785080620136295,0.009077583817585454,200,1.5592638015747071,0.23020708781827937,1
SS-V,6840,0.14978473511456641,0.05985389512286911,30,6.565992927551269,0.49165225870488954,2,0.14513628991183697,0.05731513909839472,50,9.817324256896972,1.0724735696910883,2,0.13470152106504502,0.06619333054045817,100,23.7166516661644,2.946233586187677,2,0.09406954256883353,0.07729570141182694,200.0,52.49680072069168,3.369381805394635,1.0,0.16990323029559168,0.04057507484069649,30.0,0.3615748405456543,0.001872062222210976,3.0,0.12366955373202851,0.06579936851033649,50,0.3676739692687988,0.007762516031872109,2,0.06181625546356686,0.06076451019428623,100,1.213598895072937,0.023745447404068986,1,0.0493180516883454,0.06071507906856258,200,2.297900891304016,0.32134396840050533,1
SS-W,65536,0.3409695061345805,0.024756744789838962,30,5.168749630451202,0.8088749566707762,2,0.3100813340902594,0.021692468738154752,50,9.671816730499268,0.9902690223080636,1,0.29531404246858667,0.018458734019288277,100,20.868417775630952,2.165793715968736,1,0.2823449808199986,0.01613990566865687,200.0,34.141833221912385,5.155324217669283,1.0,0.3573822175337153,0.019153737356882458,30.0,0.34652525186538696,0.029911491369876024,3.0,0.3390926343127072,0.02021960353704328,50,0.3493678689002991,0.010050592559600382,2,0.3093748248232387,0.021247371985054598,100,1.146306574344635,0.0611573084084152,1,0.2820241643261908,0.015020241397481664,200,1.659033977985382,0.3395822398111666,1
SS-X,86058,0.2886697377885267,0.09637486561814307,30,5.13742059469223,0.8339734316966249,2,0.23544679976714927,0.04930751202681255,50,9.473010122776031,1.1593689925341304,1,0.19869458410331134,0.029326667700627525,100,19.379330945014953,1.9956295775089248,1,0.1904347759000104,0.024484779370016547,200.0,42.240883874893186,3.2632884818524794,1.0,0.31107732465553195,0.09679149826754121,30.0,0.21776478290557857,0.0036025411601900187,2.0,0.21351611120743325,0.04960568642088538,50,0.4830974340438843,0.024732982653892427,1,0.19571019404487827,0.048166257332907,100,1.0423086166381836,0.03400585024062637,1,0.17322318211052448,0.030626935951971874,200,2.0148890733718874,0.3054824097341197,1
Scrum100k,100000,0.36741581183437316,0.023561546239323158,30,6.408542990684509,0.9965124144217181,2,0.35250974992663914,0.023873518586951296,50,10.942368757724761,3.0274624098047327,2,0.32414476664786723,0.015182570714137469,100,24.059839880466463,5.950421860334162,1,0.31579591375113886,0.012019113553391875,200.0,59.402577948570254,8.344575975673424,1.0,0.39968603349316384,0.022436714860344636,30.0,0.4328464508056641,0.10442730159692433,4.0,0.37801630509907647,0.023145258492643934,50,0.7920706033706665,0.06849554664319635,3,0.3516142304331777,0.016713600131374236,100,1.5041699647903441,0.0572511633829274,2,0.32391198816414557,0.021288214195261848,200,1.1216896772384644,0.2023180960812937,1
Scrum10k,10000,0.3328607730715702,0.0279376132416963,30,7.608556485176086,0.9567066932810457,2,0.3098126259540407,0.021503217365780928,50,12.662412166595459,1.8602262577250182,1,0.2889762033344383,0.012262387551151738,100,49.78296511173248,3.3269541102590905,1,0.2848515958818692,0.007229793928877332,200.0,63.698564887046814,11.447441970263998,1.0,0.38319142094227504,0.03327822145772096,30.0,0.4335310339927673,0.01201435272558793,3.0,0.3570145873003089,0.03681153774780272,50,0.7311194062232971,0.05783375165098527,2,0.31148348141608395,0.02400675907076196,100,1.7187687635421753,0.10268120912885718,1,0.2962393665858527,0.019774057765923846,200,2.3398439407348635,0.4802617759199263,1
Scrum1k,1000,0.30108971094357045,0.03416745837223816,30,7.798248076438904,0.9045670136667653,2,0.279657605888233,0.029020289559284426,50,12.272038698196411,1.9327248989360912,1,0.2600085829315452,0.015168535488270626,100,22.997843301296236,6.8871203126022875,1,0.2528136048466971,0.01206928462056126,200.0,50.95874314308166,12.531741018081403,1.0,0.3286467534330735,0.04997378009741293,30.0,0.47933478355407716,0.017703700710099846,3.0,0.30049495442567803,0.03340913532477178,50,0.673034918308258,0.03830129784557902,2,0.27247322500036575,0.02198858437058615,100,1.4201717495918273,0.21075177995229205,1,0.25977185625602794,0.02251614427908975,200,1.758856189250946,0.4343009879942488,1
X264_AllMeasurements,1152,0.011067670909816611,0.011229366774883209,30,4.245208191871643,0.4346610229005214,1,0.00277736673544171,0.005219547834639612,50,6.818673479557037,0.5317116518422612,1,0.00044133102910228,6.895569328949861e-05,100,15.467992758750915,1.4952304658342768,1,0.00043446595029294506,6.900761128979478e-05,200.0,27.82286516427994,3.802589354038147,1.0,0.03576554734583507,0.047111273255029056,30.0,0.147747790813446,0.004131567917143582,2.0,0.026715403947966586,0.046566609221731545,50,0.21419367790222163,0.009611984012773083,2,0.01461859682241995,0.04608418911788106,100,0.41496766805648805,0.04497115417389214,1,0.013304178791819157,0.04634648871561266,200,0.6144548773765564,0.1325820948404308,1
billing10k,10000,0.397803364747109,0.02099266456212171,30,8.309009826183319,0.8366235432635093,2,0.36620689329652295,0.012818097611725547,50,14.873671019077301,1.9584177772194375,1,0.3557235249910693,0.010278497685168786,100,35.4801263332367,4.028610928739339,1,0.3493941492209959,0.0010033793090344861,200.0,91.42678368091583,6.931410023277429,1.0,0.4083177785931378,0.024000588570751904,30.0,0.47227158546447756,0.009570978331314785,2.0,0.39654746859769785,0.022487450234498378,50,0.766761302947998,0.052545216339023,2,0.36668764825155314,0.01400573664274692,100,1.6425853848457337,0.13136754578173632,1,0.3536191051414873,0.008030340343530062,200,1.9920033931732177,0.42647997280291117,1
coc1000,1000,0.3547578994395967,0.01206816189296807,30,7.7588622093200685,0.7088706931439746,3,0.3444012172579073,0.013981882435527625,50,31.73606022596359,1.1672389515716886,2,0.3288776062868163,0.011203151211250465,100,34.720308768749234,4.060813185774705,1,0.31195424252703224,0.010166982638717188,200.0,76.83625409603118,3.5822361273224046,1.0,0.36156272441426485,0.015496205202091336,30.0,0.8274638295173645,0.023207657367233916,3.0,0.35065044029597964,0.015747020137552543,50,1.184372854232788,0.03419954744642718,2,0.3419792191715926,0.012687206945563422,100,2.6343485593795775,0.22012459625376332,2,0.3201627729574822,0.015152942102694977,200,5.7558483481407166,0.38653522093562304,1
dconvert,6764,0.014628773547998148,0.002258525076959588,30,4.951956772804261,0.3342326370788813,2,0.01305859927199722,0.002293199126157521,50,8.921665978431701,1.0277933806797435,1,0.011417409962210549,0.0012155416256697383,100,22.222085320949553,2.9171438156356175,1,0.010962107623378322,0.0010895915154802822,200.0,44.257138311862946,6.128333417362898,1.0,0.01774338748012647,0.00901343421492596,30.0,0.13878331184387202,0.0018179406221203976,3.0,0.014722103716164813,0.002468196760803542,50,0.2536114454269409,0.003374318273697475,2,0.01267153461920347,0.001764375027912361,100,0.46048641204833984,0.015806899527129402,1,0.011400341713215785,0.001093873900450338,200,0.932565426826477,0.09281875686383093,1
deeparch,4096,0.014019229055221035,0.028209818296182066,30,3.9144127130508424,0.3037065402195279,2,0.001033797807689642,0.002715895227256324,50,6.0967326879501345,0.7764265970045479,1,5.8317599106904085e-05,1.6212106135872355e-05,100,16.881591820716856,2.3565569232659764,1,5.1908076637174896e-05,3.7094456894588742e-06,200.0,35.40953475236893,5.292360259604469,1.0,0.023882726059417565,0.031862168218532584,30.0,0.1891835570335388,0.010022934864196103,2.0,0.014701075853603907,0.027488230540921414,50,0.23791275024414063,0.01455411546458178,2,0.006932650036359079,0.02066901145566428,100,0.4081199526786804,0.04179775096863202,1,0.00686918753255224,0.020689669349408597,200,0.5775828719139099,0.11447591668579712,1
exastencils,86058,0.044737229278809555,0.01343279664263335,30,4.393511319160462,0.3585835018552481,3,0.040156924580026766,0.015531963612865648,50,8.18415653705597,1.071754051268636,3,0.03012933777776903,0.019372492286055875,100,20.66765601634979,2.553771356519042,2,0.023066850373200623,0.02089888894289563,200.0,41.028641724586485,5.457065441560281,1.0,0.03572594878637866,0.01445138619830564,30.0,0.14516928195953366,0.003984121632352919,2.0,0.025645431267802544,0.016005706294439623,50,0.24712181091308588,0.0027555292788575716,1,0.013137887563504433,0.013933092987555032,100,0.5719908118247986,0.027712320252788226,1,0.007023140100112344,0.010981411716031002,200,0.9647532820701599,0.05120205316970171,1
javagc,166975,0.0009487002928182302,0.0003775782541665547,30,12.033056640625,1.3255770991578792,2,0.0006588711462880398,0.00028873956214643404,50,23.412660813331605,1.9941043532317013,1,0.00041999711433793,2.815543635579439e-05,100,58.90653086900711,5.214206046782246,1,0.000388490583885045,5.538349386213319e-06,200.0,96.3225954413414,5.956237959902372,1.0,0.0011708996201889553,0.0010612998644355563,30.0,0.11889932155609129,0.0007659725234066941,2.0,0.00070678240889851,0.0003668762180803435,50,0.19731795787811274,0.0011189678346250015,1,0.0004651471971949899,5.541832373843778e-05,100,0.4114691972732544,0.07020789441052777,1,0.00041833562755962,3.853503921040265e-05,200,1.0490449905395507,0.1323475128346516,1
nasa93dem,93,0.4603323548736615,0.0069970569353485145,30,6.419772100448609,0.6730116315811403,2,0.4572648380303733,0.00983944273975531,50,10.602313768863677,1.1631821295222229,1,0.4504168834440338,0.004431188358921811,100,23.50302428007126,2.69706229509273,1,0.4477554370738913,0.003973676942297135,200.0,46.758189904689786,6.303584466890858,1.0,0.46911897848282436,0.010827267247549835,30.0,0.43969700336456297,0.005578981890998205,3.0,0.4639800091853029,0.008757204608811563,50,0.6718754291534423,0.08450269449679043,2,0.4551880219170677,0.007045516846790661,100,1.4805209279060363,0.043190002335996826,1,0.45251854531684865,0.006481831279635958,200,1.8320663571357727,0.3352719499553757,1
pom3a,20000,0.17606699342789028,0.02373227394697259,30,7.102701544761658,0.5978803674083703,3,0.16202013176227165,0.02093837999873926,50,11.873443818092346,1.280950676045599,2,0.13923208835619807,0.015138886155658077,100,26.80870404243469,3.5790686127348845,1,0.11375125028215871,0.013238819824495745,200.0,64.10343831777573,4.8740771199465245,1.0,0.20068507129064406,0.022832426219381547,30.0,0.6138934016227722,0.012630134822718003,4.0,0.1832283652062179,0.02147609091354186,50,0.6473968982696533,0.08543967541350539,3,0.1577945447921872,0.013832208482292826,100,1.3591325640678407,0.14046315687573732,2,0.1372303808068158,0.012638612224453971,200,3.6116132974624633,0.15191682750468558,1
pom3b,20000,0.18483841446832927,0.024917859514881097,30,7.085191464424133,0.7678040563680149,2,0.163394710615431,0.025604490211586756,50,11.444038808345795,1.1131546908803485,1,0.13734139106527773,0.014901933333396851,100,25.133128809928895,2.9236176375294702,1,0.12255323406289734,0.016739203337577734,200.0,50.40756845474243,5.705736722139,1.0,0.203962508003882,0.025588603542701444,30.0,0.6451017022132873,0.01212731682007081,3.0,0.1798527618474614,0.020019256599915703,50,0.9753936886787414,0.009579865659731209,2,0.15894206090684407,0.014628360962459376,100,1.415399444103241,0.023254562830945017,1,0.13895796977202785,0.016517492543728807,200,2.5960015773773195,0.26104892465531243,1
pom3c,20000,0.32109224486372484,0.02186913646395918,30,7.118179535865783,0.8745904183251481,3,0.29710053957353744,0.020868965521991693,50,11.433707308769225,1.228461213666114,2,0.26593005691094607,0.017557433709310143,100,25.855080795288085,3.0751313711294985,1,0.24062175036315608,0.018008503125387532,200.0,50.6032091498375,5.487059063456086,1.0,0.335364342093403,0.032656267790420926,30.0,0.642087209224701,0.014286795209407994,4.0,0.3156225595953222,0.02657950040491227,50,0.5905839800834656,0.014168923538529502,3,0.2845239005870565,0.02149056150197527,100,1.3363470196723939,0.15628816344380078,1,0.26259003244050794,0.014594679348296764,200,4.087295627593994,0.06628966687475055,1
pom3d,500,0.2017332211726847,0.018107883465427,30,7.052054619789123,0.7800597696713039,3,0.1800646394523717,0.015833059110137507,50,11.689525520801544,1.1042180301789435,2,0.15874015418229107,0.018637069840763534,100,31.959035956859587,2.6513260007061947,1,0.13966710811952526,0.014231161648618875,200.0,49.6397903084755,5.1746844348166645,1.0,0.2110183393888167,0.018009602358831117,30.0,0.4152327537536621,0.007251096524750937,4.0,0.19944181516104345,0.01376709193428272,50,0.6642150044441223,0.004717883252950412,3,0.18074796541898383,0.011517194467879275,100,1.8973116159439087,0.017240163523106138,2,0.1613054914227229,0.010647335588460146,200,2.3819342255592346,0.22162273707729177,1
redis,4400,0.47141903719218076,0.020109232697943943,30,5.426997244358063,0.6610215861142572,3,0.46115756778611444,0.026272856747124325,50,10.547636580467223,1.4960692619246023,2,0.43539182477569194,0.025551878049019698,100,17.992240214347838,4.154071988327857,1,0.4112803032204025,0.021645855188260104,200.0,28.611922883987425,8.789968479115723,1.0,0.48231505455839274,0.0210654752166128,30.0,0.1722480177879333,0.0019127845795363558,4.0,0.47142715018151093,0.018464074475131154,50,0.3069990396499634,0.0016652573082332445,3,0.4627650859414076,0.018319649228258194,100,0.59901362657547,0.021655303247233856,2,0.4343791353088336,0.017602352918666724,200,1.0046138048171998,0.028746791719057176,1
rs-6d-c3_obj1,3840,0.03295353100319191,0.07786927809457844,30,4.308654356002807,0.8851795725475033,2,0.005221595812509298,0.018023923874449618,50,7.112179327011108,1.0622247428435998,1,0.003457393687248892,0.010052134433552283,100,14.04855511188507,3.2310169225593905,1,0.000990839650174657,0.0007049039493338895,200.0,25.626148450374604,7.547654577544069,1.0,0.011715318379352744,0.02293639715997035,30.0,0.1889033675193786,0.0006906355878645628,1.0,0.00455427589235999,0.010442495962313397,50,0.31777827739715575,0.00436310304989938,1,0.0012270488158422246,0.0016911028198518618,100,0.43816936016082764,0.0068593716835120035,1,0.0007339289413798903,0.0007009574430415403,200,1.1552605390548707,0.09771430985254223,1
rs-6d-c3_obj2,3840,0.0008145367096708932,0.0010017780175166349,30,5.047165405750275,0.7495631808614681,2,0.000582966763507529,0.0009099126403512301,50,7.1236055254936215,0.9494110269724927,2,0.0005147563178294237,0.000925334319245732,100,14.518564808368684,2.9203273942088743,2,0.00011920959065284535,0.00042336253625948516,200.0,25.446266651153564,7.945949909471668,1.0,0.00035894636271436014,0.0008093847444459925,30.0,0.1736413717269897,0.0034529021091303717,2.0,6.511263856490146e-06,3.90194089347415e-06,50,0.17410855293273922,0.0012327619096112474,1,3.7945133957328904e-06,2.8340976188934043e-06,100,0.5960902214050293,0.027187976847069355,1,2.4776432194006936e-06,4.806811104463456e-07,200,1.079635214805603,0.030156760046350428,1
sol-6d-c2-obj1,2866,0.01437500162677346,0.000286876471744366,30,4.051814484596252,0.6295618840216494,1,0.014255593150633272,0.00023222704930838165,50,7.643030989170074,0.9759527037640238,1,0.014215443361220109,0.0002156406559495198,100,14.239573514461517,2.3783599685764067,1,0.014078982306334828,9.879844746793026e-05,200.0,30.470089721679688,3.4763267262953774,1.0,0.014626386517553328,0.0003983524702019931,30.0,0.09782172441482541,0.0010914414896283967,2.0,0.014487855194861204,0.00028907071805621344,50,0.16140729188919062,0.0031570506084840984,2,0.014301154903661078,0.00022714733505683053,100,0.5929755926132202,0.03425044871298079,1,0.01426566229259565,0.0002354640379203347,200,1.2557557582855225,0.08163388575982392,1
storm,1557,9.29499953181574e-05,3.52152732880009e-05,30,6.521813833713532,0.7420480401862929,2,6.909189196686318e-05,2.0920588423756395e-05,50,12.113240683078766,1.2148372633734423,1,6.373680734147074e-05,1.8136138367783333e-05,100,31.16684470176697,1.9432700856374905,1,6.332147647495682e-05,3.3789964645122385e-05,200.0,55.576305341720584,4.917134532257311,1.0,0.00010486047921279356,3.242994396487867e-05,30.0,0.16096386909484864,0.0025447098612157567,2.0,9.186744540918506e-05,2.769355104313978e-05,50,0.30223536491394043,0.005492650049146975,2,7.198965294446522e-05,2.2446387369472275e-05,100,0.5654430389404297,0.022339210313618598,1,6.424818861298412e-05,1.824714268392562e-05,200,0.9293626308441162,0.01549214468395658,1
wc+rs-3d-c4-obj1,196,0.08418922273112235,0.035377483874992774,30,4.345345580577851,0.6152252847214805,3,0.07476122204370612,0.0018377444002120888,50,5.681039083003998,0.9835489307934974,2,0.08208727268020603,0.03583185305510243,100,12.731974875926971,1.7114723215234502,3,0.07044917586338087,0.015865380034680833,200.0,27.31188784837723,2.452076831742231,2.0,0.013044619561827089,0.021688370857589352,30.0,0.14732390642166132,0.004286921495295031,1.0,0.00856369161769995,0.016450845062352774,50,0.270434296131134,0.019861934919354132,1,0.0073436289120417,0.01620739138201704,100,0.36222043037414553,0.08242846591833547,1,0.0036102906881247806,0.0021092570237515504,200,0.38241573572158816,0.1247968558014676,1
wc+sol-3d-c4-obj1,196,0.09397611062786693,0.06656530181154305,30,3.6723751425743103,0.6393213164916112,3,0.0807703332637336,0.06035237143360749,50,6.165556991100312,0.8361495432942168,3,0.06460036565911134,0.002288852906706229,100,13.149799978733062,1.6182781380080205,2,0.060984250082948145,0.013984759574280603,200.0,25.561976528167726,2.4439879257893193,2.0,0.009806635368583701,0.020399314055641025,30.0,0.17189401388168335,0.009030963132024788,1.0,0.0064483079387589945,0.015415674231601678,50,0.15206903219223017,0.010987486487577202,1,0.006082708165555615,0.014152599160750068,100,0.4125593066215515,0.08524131176767837,1,0.0024689146842119354,0.002058070367073311,200,0.3257041335105896,0.1038702508072829,1
wc+wc-3d-c4-obj1,196,0.12411902523365433,0.0513782192840316,30,3.6045700788497923,0.6104992855361842,3,0.11390674157759798,0.03956637010396298,50,5.661226069927215,0.8137603438944845,3,0.0860271302146847,0.011491316599509886,100,13.291343832015992,1.2632857864852005,2,0.07154953386496764,0.03007360430667652,200.0,30.966476035118102,2.0967809703708844,2.0,0.018863151083432277,0.04162900626435521,30.0,0.19356395006179805,0.00598752392352873,1.0,0.005480729741384075,0.004670896848676276,50,0.25917495489120485,0.0225419417637269,1,0.004254525453910565,0.0034982195358399166,100,0.342551589012146,0.07639355752920673,1,0.004111591933167285,0.0030965085167105207,200,0.8996177434921264,0.2452103627441386,1
wc-6d-c1-obj1,2880,0.11832755017679977,0.03435348710114676,30,5.270005416870117,0.7556867933912917,3,0.1208381276941208,0.03799543500319345,50,7.189863121509552,0.7731111661755323,3,0.10438931465374993,0.03485808187177753,100,19.869648683071137,1.599473748880208,2,0.09132969141843092,0.027785885032818983,200.0,36.48955059051514,2.8559801499238713,2.0,0.015519883543153984,0.033037738901859175,30.0,0.0998319029808044,0.001118568053199623,1.0,0.00839018790261371,0.027576199546258496,50,0.2822034239768982,0.008513425120109825,1,0.007936927270667575,0.026909932878240495,100,0.5377587795257568,0.04103525726958681,1,0.006600824696243632,0.02591228817183645,200,0.8732889056205749,0.11772094841317882,1
x264,53662,0.20444165750899157,0.0196741677924597,30,7.844433939456939,0.3456108556770108,3,0.19279084086550188,0.016777966890706226,50,13.341157209873199,0.6529262211035219,2,0.17260034497728677,0.024340695603541403,100,34.02037626504898,2.0208614449447038,1,0.14378100127714355,0.02307050409262808,200.0,68.8155399441719,4.260432656183251,1.0,0.21245800089103736,0.026235276006663318,30.0,0.15784996747970576,0.0063058731314247106,3.0,0.1969859164871621,0.026030360232456785,50,0.16647143363952632,0.005685401587210583,2,0.1684700433923619,0.01876282070967574,100,0.5177399158477783,0.016575652526493605,1,0.14664629366427054,0.020679688675890318,200,0.7153208255767822,0.012776458026574424,1
xomo_flight,10000,0.049665397655890925,0.02150160952546551,30,10.260483145713806,0.6376456542848897,2,0.03346541599908374,0.010724065507112303,50,10.904103410243987,2.225152554953714,1,0.02396480821170325,0.005180736220581656,100,44.01810336112976,2.601443853119756,1,0.017497368809266115,0.0013611236121228558,200.0,95.44106327295303,4.6289609409237915,1.0,0.05345922382743855,0.030633971613027056,30.0,0.4438546419143677,0.012874358758616896,2.0,0.04073629098692623,0.016648166141382998,50,0.9929391384124756,0.008003865298424126,2,0.02593996226370694,0.0049527213068352475,100,1.784209930896759,0.007572310652147738,1,0.020223717259413028,0.001954191422645241,200,3.8805164813995363,0.04650815828881691,1
xomo_ground,10000,0.07421851015990019,0.03159131924178321,30,6.424706614017486,1.3626924112087628,2,0.046108807319914576,0.010076702124730438,50,11.077357268333435,1.5850987164305412,1,0.03095073204586003,0.0051356177651132,100,23.26204996109009,3.8191653572927575,1,0.021064670376289257,0.003512466059587523,200.0,62.992529809474945,4.7796259981526745,1.0,0.0606437726433952,0.01818386044762876,30.0,0.6371599078178406,0.0040549070591974195,2.0,0.04959111680699604,0.012016449917863745,50,1.1773286819458009,0.022823865986460114,1,0.04278964765093016,0.008155858389654998,100,1.895246958732605,0.015347541599892347,1,0.031263790799278414,0.006096684073439559,200,3.4701468348503113,0.05479120795624384,1
xomo_osp,10000,0.04893844997531012,0.016320880019416083,30,11.940052163600921,0.7440253269863218,2,0.03511706145855853,0.009618400414092357,50,25.097079491615297,0.4810203333185336,1,0.02403195391997039,0.0029091626757640223,100,23.835030210018157,2.9608454953169776,1,0.01820925878084743,0.0028399569064057164,200.0,52.9931461930275,4.935623298293902,1.0,0.053884622166797666,0.02539494786905101,30.0,0.6047787070274353,0.00275464390446605,2.0,0.03747824849682347,0.009294831147751198,50,1.2642911195755004,0.012801404649482465,1,0.03137868630284478,0.006857888406443921,100,1.96758691072464,0.014141471495415439,1,0.026092374453493015,0.006625114914827273,200,4.162183928489685,0.0451724933789753,1
xomo_osp2,10000,0.1901448097961759,0.026447137359993246,30,12.12268363237381,0.5850234046627232,3,0.1722552100479779,0.013651024679068377,50,14.482344019412995,1.1912510340342684,2,0.1380907713615688,0.01059446861340717,100,23.66743860244751,3.0018776106357286,1,0.12461280800557317,0.006280790643763744,200.0,47.13108184337616,5.60647383143723,1.0,0.213465399838407,0.028319132214724173,30.0,0.7182158946990966,0.006118796202791451,4.0,0.19751332341721678,0.024754033510039686,50,0.9571638464927673,0.008339630159742381,3,0.16572230205947086,0.020059671121626262,100,1.5903095483779908,0.14979412496220965,2,0.1444595553322914,0.013344772891610577,200,3.2705190896987917,0.2522886952893663,1
