Dataset,Rows,EZR-30_mean,EZR-30_std,EZR-30_budget,EZR-30_runtime_mean,EZR-30_runtime_std,EZR-30_tier,EZR-50_mean,EZR-50_std,EZR-50_budget,EZR-50_runtime_mean,EZR-50_runtime_std,EZR-50_tier,EZR-100_mean,EZR-100_std,EZR-100_budget,EZR-100_runtime_mean,EZR-100_runtime_std,EZR-100_tier,EZR-200_mean,EZR-200_std,EZR-200_budget,EZR-200_runtime_mean,EZR-200_runtime_std,EZR-200_tier,RandomSearch-30_mean,RandomSearch-30_std,RandomSearch-30_budget,RandomSearch-30_runtime_mean,RandomSearch-30_runtime_std,RandomSearch-30_tier,RandomSearch-50_mean,RandomSearch-50_std,RandomSearch-50_budget,RandomSearch-50_runtime_mean,RandomSearch-50_runtime_std,RandomSearch-50_tier,RandomSearch-100_mean,RandomSearch-100_std,RandomSearch-100_budget,RandomSearch-100_runtime_mean,RandomSearch-100_runtime_std,RandomSearch-100_tier,RandomSearch-200_mean,RandomSearch-200_std,RandomSearch-200_budget,RandomSearch-200_runtime_mean,RandomSearch-200_runtime_std,RandomSearch-200_tier
7z,68640,0.0084205862012108,0.004301518889755352,30,0.22321286201477047,0.012176955629523891,2,0.0073044326726545705,0.004765007934601902,50,0.34830689430236816,0.010513827725024188,2,0.003344763554443729,0.004137570758833069,100.0,0.7728093385696411,0.030329831933243855,1.0,0.0004278129808471799,0.00027988376321676364,200,1.4998996615409852,0.10778641805374385,1,0.00761281105164528,0.0039725952845965605,30,0.20090023279190058,0.001295199106841497,2,0.006545234473689064,0.004262160846878428,50,0.32857192754745485,0.001291383848176479,2,0.004684084432433625,0.00322319310139619,100,0.6494511604309082,0.005851252041282774,1,0.0026038679635620047,0.002528592434707619,200,1.3828063130378723,0.007753418595455479,1
Apache_AllMeasurements,192,0.025294779683143698,0.013221561854259833,30,0.19961314201354977,0.007954036053093002,1,0.02206508878648593,0.000853773030865349,50,0.4363687515258789,0.07923832643904706,1,0.022020743548390693,0.0008226661473570817,100.0,1.3179023504257201,0.05973942764155971,1.0,0.022020743548390693,0.0008226661473570817,200,4.141569423675537,0.26013233779385175,1,0.030386168667253223,0.01590837792751356,30,0.1706544756889343,0.007466170560120653,2,0.02270050126752335,0.0013085270139905675,50,0.27439353466033933,0.01138837213993177,1,0.022576737091884156,0.0011954691478420856,100,0.5887896537780761,0.02068932974464857,1,0.022259451345223457,0.0009585583164219126,200,0.8801451206207276,0.03574335327367061,1
BDBC,2560,0.00245176131395851,0.0019692394896363343,30,0.18861150741577143,0.01221276489620507,2,0.0011514918925888049,0.0009547449580947085,50,0.31832185983657835,0.014081957863962175,1,0.000494435781696925,0.0006005866950145281,100.0,0.7144157409667968,0.03738161135927887,1.0,0.00022395542832407003,4.411407475686552e-05,200,1.733615469932556,0.13068677560790684,1,0.004002435413847196,0.0029485669051773976,30,0.1710216641426086,0.0024259187292615596,3,0.0026413458449089404,0.0015100020316189712,50,0.2897998809814453,0.0024658178117593107,2,0.00155005288367478,0.001050102865946053,100,0.6240328907966614,0.002217413259010451,1,0.0010631460152318347,0.0009428685576724245,200,1.601311445236206,0.01552232712320694,1
FFM-1000-200-0.50-SAT-1,10000,0.3109832176408992,0.028308079177678556,30,0.6451858162879944,0.0650308788716366,2,0.28601854848451913,0.021436815686644243,50,1.3740798592567445,0.19415922557703705,2,0.25075953071800544,0.01694296906231501,100.0,3.6330779671669005,0.3830062369086974,1.0,0.24354472727997178,0.012665141398980367,200,10.405868709087372,1.340082583631304,1,0.34442651855589895,0.03669258657814968,30,0.5049423336982727,0.048120504529845995,3,0.3294254104222328,0.026233243947529607,50,0.8277503848075867,0.10623011955448834,3,0.3057074603252999,0.024689545997240447,100,1.6824837923049927,0.11470659271751589,2,0.29281219932313,0.022321009922739877,200,3.2643083572387694,0.3058710671069394,2
FFM-125-25-0.50-SAT-1,10000,0.2749631785334886,0.03575084521355447,30,0.25263588428497313,0.01794091766659239,2,0.247649884568148,0.029329898906616567,50,0.49351729154586793,0.06944263186000872,1,0.2218301319781018,0.009279132225153268,100.0,1.0307631969451905,0.07634567053329258,1.0,0.21598198023414997,0.0060469390449084375,200,2.1184589147567747,0.13358557702470913,1,0.29259447458625276,0.042442216546394476,30,0.5530746221542359,0.03492646683646292,3,0.268680045067425,0.03198808359945295,50,0.6893859505653381,0.06101299808614346,2,0.2594554020668903,0.024193969368836592,100,1.4338131666183471,0.12711065877364108,2,0.24560799898831315,0.02400040819503665,200,2.8294880867004393,0.20903052134441077,1
FFM-250-50-0.50-SAT-1,10000,0.37597492500084656,0.018983865489470852,30,0.2691465377807617,0.01320969728253637,2,0.36500793879522336,0.012857170476799167,50,0.4759699463844299,0.03480095426941726,1,0.3537881275503429,0.009365260290303552,100.0,1.086215329170227,0.06428106852211095,1.0,0.3452630582096135,0.006429601360481695,200,2.847389853000641,0.22611196725208588,1,0.399555910956202,0.021609746518316434,30,0.3962754726409912,0.04811649835160736,3,0.3872521942687682,0.018434249832946555,50,0.6002992391586304,0.0031716758793899663,2,0.378644560102394,0.015666896885637212,100,1.442174994945526,0.0678190265138348,2,0.3700279316533608,0.014145575065252013,200,2.6155651926994326,0.14716340641425138,1
FFM-500-100-0.50-SAT-1,10000,0.3556477121429194,0.03219613775141756,30,0.3054823040962219,0.020868129885974907,2,0.3398229197325039,0.027138615194993117,50,0.5795855402946473,0.05046878915193469,2,0.3118171997887925,0.027275932629384686,100.0,1.4236289978027343,0.19350328452072418,1.0,0.2850733825080389,0.01489292940839134,200,3.6226044654846192,0.3816339703036736,1,0.38760670733984215,0.03335755607141762,30,0.23305611610412594,0.006821715601789524,3,0.36956385221527394,0.030110713560668866,50,0.4117529273033142,0.010484504133170673,3,0.35725206965775386,0.027871511418979013,100,1.0153928518295288,0.04067294813170096,2,0.3465782650361972,0.01784381214484173,200,1.6502379179000854,0.03947020117977162,2
FM-500-100-0.25-SAT-1,10000,0.35143824647645683,0.018473325959187787,30,0.3618364453315735,0.03492302326408627,1,0.3440036144295072,0.013791236750706962,50,0.6470240712165832,0.08347330147666833,1,0.33479810620960915,0.00760670459054172,100.0,1.6272485613822938,0.2349625667968058,1.0,0.3285579740189665,0.0057710172564339355,200,4.446436071395874,0.47532363875382944,1,0.37943010233528285,0.025618973645748014,30,0.2822365641593933,0.012713250470403812,3,0.3684085178838649,0.018100982424279318,50,0.4630663633346558,0.013482180708053019,2,0.358148557591898,0.010627399458106139,100,0.752273964881897,0.003913484416701893,2,0.35209063659373696,0.010981830688125784,200,1.5239185333251952,0.005948232049936735,1
FM-500-100-0.50-SAT-1,10000,0.3431067359663923,0.026515627622769218,30,0.3165653824806213,0.028824022556163943,2,0.3249237175891011,0.014953933608038712,50,0.733456289768219,0.08761396814382362,1,0.3149105476847415,0.011068562405872987,100.0,1.805645728111267,0.20893740678715328,1.0,0.30439941103621193,0.009940021698673956,200,3.580571138858795,0.2440860197975407,1,0.36978387397522783,0.03358612452405695,30,0.22297711372375484,0.0013957016474005193,3,0.355370482568845,0.03341803790819428,50,0.3722388744354248,0.006453544669301309,2,0.33676524480200876,0.02565999339841847,100,0.7624211311340332,0.03832639566497861,1,0.3284654190371584,0.01976696420239261,200,1.7408692598342896,0.011896756504229665,1
FM-500-100-0.75-SAT-1,10000,0.31432796142099073,0.026209455128576815,30,0.33726183176040647,0.029573206201082308,2,0.28774231496468866,0.022920117840131933,50,1.1428725957870483,0.07421639770330597,1,0.2670259635573448,0.015626630165139044,100.0,1.5175358414649964,0.17675127663443108,1.0,0.25217136788265293,0.007075697889745677,200,4.659865689277649,0.5150145114744562,1,0.34809465255778743,0.020394572018585806,30,0.24511625766754147,0.0067348275811258745,3,0.3409468323131648,0.018689276896710048,50,0.3729621648788452,0.012005012996040091,3,0.32525271847687864,0.020378375998723056,100,0.7395055174827576,0.0045537287407417726,2,0.306252308121166,0.01969190274135772,200,1.6250405669212342,0.035647283124953515,2
FM-500-100-1.00-SAT-1,10000,0.32873075947170066,0.02537302528988127,30,0.4748085021972656,0.023171229958903663,2,0.310709850498743,0.014455738208597595,50,0.8958488464355469,0.064113796748564,1,0.29734722510691275,0.0073921521447959685,100.0,2.893799889087677,0.2895167582677479,1.0,0.29206859755540476,0.002568504211164286,200,5.670822751522064,0.43605751856820096,1,0.35570440342300946,0.03228423990143144,30,0.22552492618560788,0.001173543397038212,3,0.3430415891365786,0.023026701290633795,50,0.37090601921081545,0.0016833384445771266,3,0.3298092565625273,0.02130774480080656,100,0.9583547592163086,0.009750728582377481,2,0.31888588507843907,0.016492393775726272,200,1.4454509496688843,0.0100742934361983,1
HSMGP_num,3456,0.009360983955729024,0.0048849963969331235,30,0.14355498552322382,0.003423589535429016,2,0.0065952307085379806,0.0028933971539610074,50,0.24507457017898554,0.00817413068458819,1,0.0038876183345322645,0.0013886235512317574,100.0,0.7188671827316284,0.03223653843957698,1.0,0.00268331354630088,0.0009537001516823701,200,1.3974017739295959,0.06331439764818488,1,0.013049630747440515,0.009292821183648287,30,0.19454053640365596,0.0020655836577611894,3,0.009911451452322891,0.005233969799598176,50,0.1834104537963867,0.002360214496026436,2,0.00839715497450622,0.0037677914603085993,100,0.3670830249786377,0.0036764295628668405,2,0.006132104004431914,0.0031867485818880582,200,0.6707687020301819,0.0032772325537687923,1
HSQLDB,864,0.0023132417008482347,0.0008358248190488725,30,0.14455200433731075,0.0068215221593753055,1,0.00212520154976876,0.0006794363509191151,50,0.2640703797340393,0.015702574814915726,1,0.0016922008379361552,7.750282750107084e-05,100.0,0.558160126209259,0.0328418361055869,1.0,0.0016088007413008298,4.368202570009043e-05,200,1.2469638466835022,0.07558767037701923,1,0.00400307965414485,0.0021196824807662843,30,0.13563860654830928,0.000740820565494924,2,0.00354161668564471,0.0021609969746569403,50,0.2850966930389404,0.006543770311530864,2,0.0027969388487336646,0.0011073420113083758,100,0.5156782388687133,0.010684376392293091,1,0.002014819065657065,0.0005529614461590598,200,0.6680694818496704,0.006951086402074393,1
Health-ClosedIssues0000,10000,0.1854922942386426,0.030817196446781055,30,0.35265369415283204,0.022835636723112222,1,0.16692007818836954,0.020567770417081462,50,0.7085200905799866,0.0817406213805811,1,0.14835694672908875,0.00981258648572437,100.0,1.1859367489814758,0.07592361697045712,1.0,0.14098372014687993,0.004681290502791263,200,2.3457741022109984,0.03390677580049335,1,0.2436035472793674,0.08124869683254071,30,0.3181367516517639,0.002193642472434185,2,0.1971589273666558,0.04340968601686768,50,0.5050782799720764,0.0030483730005228644,1,0.1762449802718085,0.01737836565604451,100,1.1322777628898621,0.010066498436576985,1,0.16190651069979456,0.015028483930107502,200,1.7298658847808839,0.26354394172901296,1
Health-ClosedIssues0001,10000,0.45295331654092913,0.017252824289983936,30,0.35251606702804567,0.025693483024021004,2,0.4436145591117232,0.024083496863583492,50,0.6277548193931579,0.03488445926676207,1,0.4373317094466077,0.02620538736869666,100.0,1.1855552077293396,0.006343761757650866,1.0,0.4345011094693326,0.025157281421943328,200,2.3418216586112974,0.012811609148994532,1,0.4534503448138981,0.021031773269409207,30,0.40731579065322876,0.0016571025195102475,2,0.4443007046898203,0.026285755972866955,50,0.7484879851341247,0.006371653432547473,1,0.43980374627476343,0.024623764109980874,100,1.3928111433982848,0.17468392667134175,1,0.43399445469380665,0.025114866626182092,200,2.730592596530914,0.006522996482587438,1
Health-ClosedIssues0002,10000,0.17882779636638302,0.007008487557915416,30,0.378667950630188,0.03654641038926818,3,0.17874635694213398,0.007000203307603153,50,0.5910214304924011,0.043676585558332995,3,0.16018827865055524,0.03638877889327388,100.0,1.2258816957473755,0.07500335138218359,1.0,0.14231084594813914,0.04649413827247885,200,2.5565746426582336,0.1430076282650122,1,0.1788156469320195,0.007005811315925642,30,0.44913448095321656,0.006114469202716146,3,0.17424291459639574,0.020737231829568176,50,0.7626664400100708,0.030877180700761262,2,0.16920274124214613,0.028554942598215186,100,1.2541535377502442,0.1634720141934868,2,0.15876852000508013,0.03960955846480239,200,2.3546847105026245,0.19369641934670703,1
Health-ClosedIssues0003,10000,0.18840529519174076,0.038358596757951176,30,0.596832275390625,0.0426050427390693,2,0.17382364545281428,0.029896818800352873,50,1.0756274819374085,0.060299948044387715,1,0.14932121750753924,0.005482614141736436,100.0,1.3301778197288514,0.13654323472606905,1.0,0.14440987931521682,0.0041123475659546995,200,4.351706683635712,0.15165823874542153,1,0.21397280771566315,0.040386414560268445,30,0.4511310696601868,0.006260485310838503,3,0.19247584490314723,0.036260887501976966,50,0.7460267424583436,0.007598291625535225,2,0.17094856255900365,0.02797369303225981,100,1.2298029780387878,0.13883731526133133,1,0.15660613307214297,0.013291947421334393,200,2.4198301672935485,0.20008476960635502,1
Health-ClosedIssues0004,10000,0.28819520511720587,0.011322737474601356,30,0.5803221464157104,0.04186579352582298,2,0.2803220488814542,0.007147981990958011,50,0.946501362323761,0.04222990472023305,1,0.27580900007668935,0.007657103550275125,100.0,2.023308074474335,0.05124057570495054,1.0,0.27214149242704033,0.006298608336165378,200,3.9299302816390993,0.027776478875623404,1,0.292052620866614,0.011274834418332188,30,0.4552894353866577,0.001606700236053376,2,0.2870530059384997,0.008469782539811831,50,0.6474965572357178,0.08715964140053997,2,0.2804625666687478,0.007928082518774532,100,1.2393875122070312,0.14079963287141936,1,0.2767621828363317,0.0070817035639497644,200,2.5247328758239744,0.20946691620985955,1
Health-ClosedIssues0005,10000,0.24017655618732206,0.004713909364272751,30,0.5846823215484619,0.043874013416679715,3,0.23693643168421463,0.0054321586751914204,50,0.9093310832977295,0.05413032641126922,2,0.23475594693836838,0.005362351203304825,100.0,1.9337641954421998,0.04858611358470974,1.0,0.23203384793689413,0.004554122630428329,200,3.638904404640198,0.15804484637889563,1,0.24040169914290127,0.004658361305913099,30,0.4779391407966614,0.009475388484183254,3,0.23808492129231767,0.0048390089749992034,50,0.7982797622680664,0.01529206066869052,2,0.2374768892684561,0.004801781863245757,100,1.284162735939026,0.1675231768460196,2,0.23439538513200925,0.004907314209612417,200,2.5699788212776182,0.276946956673644,1
Health-ClosedIssues0006,10000,0.11704846643100401,0.0116632886752796,30,0.5111225008964538,0.06125946925125908,3,0.10986377267536726,0.01396807110920043,50,0.8261987805366516,0.055022505687676374,2,0.10198000764514148,0.009777608810064385,100.0,2.0758312940597534,0.04446216147952547,1.0,0.09579630120861896,0.011905564167814365,200,3.5689719557762145,0.1728552799004128,1,0.12342376603815867,0.008522299168281337,30,0.46575491428375243,0.005287718617659803,4,0.11802956448020305,0.0074000705597693965,50,0.7833224058151245,0.014296787162026309,3,0.11109920642574841,0.008129921259893563,100,1.3854548692703248,0.18274184208464006,2,0.10520206099025911,0.010815396147189668,200,3.655583345890045,0.0559326323976284,1
Health-ClosedIssues0007,10000,0.5310340215207048,0.0639402325482218,30,0.5042503714561463,0.0592272310549277,3,0.49072491340015506,0.060768043451968755,50,0.8666575670242309,0.09869518646643374,2,0.44128358288831404,0.05249774101058089,100.0,1.7115557074546814,0.09813599811214738,1.0,0.4192382972559646,0.0335109721541516,200,3.6375300526618957,0.1551160252312139,1,0.5432524381178477,0.06895079653698193,30,0.5947261929512024,0.004448636744558385,3,0.5205438405100643,0.06334087359865206,50,0.8505860328674316,0.04192296796734295,3,0.48688080039753795,0.06060144761518054,100,1.0372455835342407,0.006597164732186374,2,0.4708819258159793,0.053914678147643745,200,3.8145569443702696,0.06904444022710712,1
Health-ClosedIssues0008,10000,0.2853411462208778,0.06538682054085408,30,0.4732944965362549,0.05230327770393239,2,0.25631735764900243,0.013787512004546183,50,0.9205079913139343,0.04817122769755558,1,0.24826384717958852,0.00808979758985091,100.0,1.5978625297546387,0.10128110579444628,1.0,0.2430333425073278,0.004560744434278786,200,3.0499614477157593,0.18466723661943585,1,0.30446965780703106,0.04646613774076014,30,0.5122269630432129,0.02630063234048862,2,0.28941259865993413,0.04003387445645791,50,0.9123208403587342,0.05270360905118425,2,0.2580297076677327,0.0150904977359868,100,1.9527400612831116,0.04831074535778768,1,0.2499397716657965,0.006877590647591177,200,3.724313974380493,0.06617500875433133,1
Health-ClosedIssues0009,10000,0.3052427493491183,0.05860709764398778,30,0.5516818523406982,0.04965365725654347,2,0.27918587584535015,0.039358789811897416,50,0.7179885625839233,0.07058169357703115,1,0.26248554460142753,0.011543852019147857,100.0,1.821059226989746,0.03666609179504062,1.0,0.25226660194595574,0.006789822998762331,200,3.061528241634369,0.2214761810353039,1,0.3550860212074426,0.06305129452431595,30,0.5545033574104309,0.022562352111222633,3,0.3175570330270153,0.06320574925924333,50,0.8561836242675781,0.05819909368729544,2,0.27429498680933195,0.024564860860867763,100,1.7034267067909241,0.11119011831988548,1,0.2653285568670493,0.015481390335169473,200,3.612485349178314,0.10760116214893378,1
Health-ClosedIssues0010,10000,0.4861158069839167,0.0063495389787583695,30,0.4239077210426331,0.05788090033214656,3,0.4834194515324389,0.006183716621741864,50,0.7010927438735962,0.04771078272654211,2,0.47846476437547586,0.005895044294737553,100.0,1.4437408208847047,0.1008299842164948,1.0,0.47311852371399404,0.008224806928812663,200,2.8348010659217833,0.19948223516845143,1,0.4865438420362532,0.006426380020759076,30,0.5400368571281433,0.023211646093991397,3,0.4851347578195499,0.006368800136768565,50,0.9641515970230102,0.008559376773361145,3,0.4813195469883489,0.005197299640310448,100,1.5381240248680115,0.10494788145247139,2,0.47696551681060484,0.006492295753099485,200,3.9733144879341125,0.15900818113439913,1
Health-ClosedIssues0011,10000,0.035250023259441474,0.04240838142742045,30,0.4470345854759216,0.06022252033289155,2,0.010699369543357245,0.009046551512052402,50,0.7215848207473755,0.05505227325223646,1,0.005079215245211851,0.0038204676709208065,100.0,1.4788738012313842,0.11260824929845102,1.0,0.00321384456072726,0.0020461060817633025,200,3.097992718219757,0.20133713238285536,1,0.0546849844588147,0.04890080152874415,30,0.49632505178451536,0.047793065961768334,2,0.039720246906527326,0.049904450010927255,50,0.9752446055412293,0.01175307688534189,2,0.011266215385732956,0.00907658459076706,100,2.0770878195762634,0.02647892274083936,1,0.0058259743201099605,0.004910027450153924,200,3.9375364184379578,0.01403313436949953,1
Health-ClosedPRs0000,10000,0.0,0.0,30,0.27285405397415163,0.002464390761484055,1,0.0,0.0,50,0.5699608206748963,0.06823331133301146,1,0.0,0.0,100.0,0.9659983277320862,0.06476257258176746,1.0,0.0,0.0,200,1.9880021929740905,0.19723054544978585,1,0.0,0.0,30,0.3753471851348877,0.002050843432461905,1,0.0,0.0,50,0.604764211177826,0.0023550922068826144,1,0.0,0.0,100,1.3699339985847474,0.05015749404433305,1,0.0,0.0,200,2.2911786675453185,0.1307515585227992,1
Health-ClosedPRs0002,10000,0.021121308675497823,1.3059866396360008e-05,30,0.41641714572906496,0.046890440289018384,2,0.021121308675497823,1.3059866396360008e-05,50,0.6122109532356262,0.06091497570114152,2,0.02099249783456047,0.00040756430063661214,100.0,1.530437207221985,0.07364391308290016,2.0,0.020696461042010762,0.0006890701885641799,200,2.763793182373047,0.2669668294684183,1,0.021121308675497823,1.3059866396360008e-05,30,0.563199782371521,0.0018404310257387015,2,0.021115254095207456,2.9436299366661747e-05,50,0.8780556797981263,0.005915739101560063,2,0.021112333820303468,3.133494686674677e-05,100,1.8266529321670533,0.016416839007161475,2,0.021018994133806125,0.000415800880932421,200,3.763297212123871,0.014530177069282372,2
Health-ClosedPRs0003,10000,0.08309341603589024,1.6324456666696272e-16,30,0.391415011882782,0.04774997495680749,2,0.08309341603589024,1.6324456666696272e-16,50,0.6093364953994751,0.05907090879290156,2,0.08308285214226208,3.7868541659724585e-05,100.0,1.1949504971504212,0.07762168512112477,1.0,0.08307159207631357,6.564854951365082e-05,200,2.612250816822052,0.15259067361000112,1,0.08309179389350554,7.25444128273518e-06,30,0.503366494178772,0.00971364176525052,2,0.08309179389350554,7.25444128273518e-06,50,0.8958560943603515,0.0064641660414953275,2,0.08309179389350554,7.25444128273518e-06,100,1.8386385679244994,0.013854064162770137,2,0.08307867539038442,3.9027271983068965e-05,200,2.6886484384536744,0.007472867289928776,1
Health-ClosedPRs0004,10000,0.3798725972762761,0.08618139506557704,30,0.22338572740554805,0.03034818889158497,2,0.3348303952133597,0.05233448710982738,50,0.3877073287963867,0.0495536131593922,1,nan,nan,nan,nan,nan,nan,0.2898369478974362,0.007539473014862342,200,1.4079587936401368,0.061389440832422704,1,0.4155424762039079,0.10761285133012603,30,0.46191835403442383,0.004570534726939757,2,0.3554308863101666,0.06533487151839291,50,0.9421819686889649,0.012075652902529103,1,0.33611120885282525,0.04162916165656231,100,1.8201508402824402,0.023342376913578506,1,0.3159054176821474,0.028815808298948527,200,3.4112083673477174,0.16175087777575292,1
Health-ClosedPRs0005,10000,0.0010872739047600882,0.0013279030788542331,30,0.22445452213287348,0.03143328550154937,1,0.00013436947789839578,0.00032723552362982883,50,0.35429795980453493,0.035659042834068934,1,4.815742445998631e-06,1.2836244973281664e-05,100.0,0.7110507965087891,0.07233439247164092,1.0,0.0,0.0,200,1.563746702671051,0.13708195982529953,1,0.002297823370419472,0.0028698827932502153,30,0.4590230107307434,0.009459253299193213,2,0.0006820740688842569,0.0008614834628515406,50,0.7656154990196228,0.019566425184454624,1,0.0002073370959672844,0.0004848815383960307,100,1.9688876152038575,0.021804278129325075,1,5.346184091912765e-06,1.5725222154034998e-05,200,2.8563884615898134,0.1968697852427287,1
Health-ClosedPRs0006,10000,0.24924987231160162,0.09427925411839799,30,0.21900937557220454,0.029528681177845847,2,0.2205367269460466,0.08781837326453909,50,0.35341356992721557,0.0337758283204316,2,0.15462375792923932,0.06984929777590788,100.0,0.7171112298965454,0.07215087364503181,1.0,0.11115678577620465,0.044808559711101516,200,1.4480061888694764,0.13969253015051844,1,0.37100729034632846,0.12058042679623816,30,0.5481920957565307,0.019676870681488406,3,0.2798952097863339,0.10605884540343133,50,0.8288710355758667,0.008139991679976186,2,0.22478321386588712,0.08542340304471044,100,1.5193611145019532,0.03776815560456835,2,0.16732760460635343,0.07106660033691788,200,3.0774176597595213,0.22819716026545986,1
Health-ClosedPRs0007,10000,0.08900648528433172,0.03750550916457449,30,0.4505756855010986,0.06305303815686167,2,0.06325673657581835,0.02494539348168146,50,0.8702503561973571,0.03648298672389661,1,0.04286373419922224,0.017383483866019768,100.0,1.9232937693595886,0.040272829326226056,1.0,0.03356823890304893,0.009376930440734933,200,3.191380727291107,0.2462064560776918,1,0.12517115086015979,0.06986684822940038,30,0.49111543893814086,0.006002921888582328,3,0.09205785052676382,0.03905860177154526,50,0.7820346713066101,0.013368494914401497,2,0.06467082196091065,0.025948984789225363,100,1.6297053575515748,0.03907572813920443,1,0.04848335299099922,0.018437712156948397,200,3.0613240361213685,0.21989038003738168,1
Health-ClosedPRs0008,10000,0.6278790313932462,0.05429937436599154,30,0.5389043927192688,0.011282211807382354,2,0.5998551619201989,0.03701369536403393,50,0.380121636390686,0.06621627578263611,1,0.5782656149270081,0.0500197449378049,100.0,1.7149827599525451,0.1194953843543871,1.0,0.5589826901420589,0.03822128603594301,200,3.1136470794677735,0.3281372412221987,1,0.6656898869329861,0.08978477018113905,30,0.4916872262954712,0.048564218355863754,3,0.6193870780140072,0.056388162127454275,50,0.7642467141151428,0.011828193665967164,2,0.6013804982015969,0.031337707838986886,100,1.5259354948997497,0.03385368692987048,1,0.5817620742473001,0.02303049612850012,200,3.2102474570274353,0.21525821417039942,1
Health-ClosedPRs0009,10000,0.5737303818486654,0.1090022743528507,30,0.22212572097778316,0.030123097599883297,2,0.5343351547120028,0.12082808832681027,50,0.46578437089920044,0.06121243054845931,2,0.44831892579055976,0.11399838263741087,100.0,0.7818807125091553,0.0985555375081357,1.0,0.38803619809452006,0.09120014566206004,200,1.620513951778412,0.13466459664783156,1,0.5636417330908162,0.11994995874913522,30,0.458269739151001,0.006611244051632936,2,0.5414945790497884,0.11634740515108814,50,0.9464216470718384,0.008369418239664547,2,0.4992604553848087,0.11575221622996715,100,1.5933330297470092,0.05456715822486066,2,0.42649302149384855,0.10398315435775306,200,3.6891560435295103,0.09851368192236638,1
Health-ClosedPRs0010,10000,0.45430699481673925,0.07478542853831537,30,0.2215062141418457,0.03583875879771569,3,0.42286313947900195,0.057898241013443326,50,0.3553542494773865,0.03584748098874864,2,0.3432389430341002,0.06879255282284624,100.0,0.7155034899711609,0.07261422195021938,1.0,0.27642852221428144,0.06015967557109234,200,3.7820284605026244,0.05674775530913616,1,0.4727297011511363,0.061374856842373635,30,0.5977665185928345,0.0044860488717426246,3,0.4549404365281002,0.061613758722262525,50,0.7974782228469849,0.012599770434311092,3,0.41895579051129184,0.04905009657334587,100,1.5438839793205261,0.02327121108967339,2,0.3886618071474273,0.04830508480049603,200,3.7573935866355894,0.09999786153657161,2
Health-ClosedPRs0011,10000,0.0,0.0,30,0.24399639368057252,0.03824049187706287,1,0.0,0.0,50,0.7453699946403504,0.05773030736693641,1,0.0,0.0,100.0,1.4684801697731018,0.11475665920057966,1.0,0.0,0.0,200,1.6430741786956786,0.26865970260825184,1,0.0,0.0,30,0.4516596794128418,0.003557072721842753,1,0.0,0.0,50,0.7123531818389892,0.005748361921352533,1,0.0,0.0,100,1.4860561728477477,0.016321957319570955,1,0.0,0.0,200,2.935316324234009,0.07861689670544546,1
Health-Commits0000,10000,0.22983062826483738,0.055536082513685144,30,0.4060365676879883,0.002493128783805257,3,0.1942042099940965,0.055395153770225636,50,0.685098159313202,0.004207836250293767,2,0.13929251736020504,0.030746297535693447,100.0,1.4567156791687013,0.129547492012535,1.0,0.12701873554222837,0.020461596233937743,200,1.6084116697311401,0.2016409039451107,1,0.2486454239688778,0.056883729896415026,30,0.4612628698348999,0.008639663273177247,3,0.2265318271623741,0.052055389450509755,50,0.76244215965271,0.009598866463149508,3,0.22013590846263598,0.04949241478673432,100,1.9492907643318176,0.06941963958302673,3,0.17054040293629066,0.04917816249709546,200,3.106244921684265,0.184112385815208,1
Health-Commits0001,10000,0.16495871683093738,6.461192975840488e-06,30,0.3666767835617065,0.04292352230746791,3,0.16495721976846375,2.1733836753883296e-16,50,0.7667641520500184,0.05538614759807579,3,0.1649259941618314,0.00013024067832836117,100.0,1.201262152194977,0.10433876685933677,2.0,0.16472233830750466,0.000900523114398489,200,2.407447004318237,0.21640794243971617,1,0.16496217525873466,1.4663096647481208e-05,30,1.0894797921180726,0.019112186028417997,4,0.16495727028645774,2.2592333665331856e-07,50,0.7504068970680237,0.0042985009458716816,3,0.16495721976846375,1.1637151047855192e-16,100,1.4573240518569945,0.011200265124795723,3,0.1649259941618314,0.00013024067832835624,200,3.052395451068878,0.20290891590246504,2
Health-Commits0002,10000,0.4928090393191124,0.04202948386809881,30,0.3680958032608032,0.043504243275299295,2,0.49012099450420543,0.04304977378007225,50,0.6021208167076111,0.06298090402736253,2,0.47625603082922063,0.06327024791680397,100.0,1.4401511549949646,0.11590021090547979,2.0,0.4460208906457567,0.10373594135031718,200,2.437246537208557,0.2371286255183492,1,0.4790269947021226,0.07293861639831681,30,0.46109299659729003,0.0042132100983396205,2,0.4789936933670007,0.07292754218940657,50,0.7383249402046204,0.003030732550495326,2,0.47624543609190184,0.07296429469056519,100,1.483379077911377,0.08796230753412432,2,0.45001914330278503,0.09879970657347166,200,2.9127041697502136,0.2154439423224078,1
Health-Commits0003,10000,0.3646865617524721,0.03183807886743276,30,0.35067150592803953,0.03284284420657427,2,0.3370217385759727,0.02596470313942701,50,0.5931878805160522,0.037355874747254506,1,0.3244243667573161,0.02685884647192879,100.0,1.3489977240562439,0.16184375309215018,1.0,0.3151796447190373,0.023873914555189172,200,2.3584556341171266,0.07934452812798816,1,0.37248242160830036,0.03908197118598126,30,0.3178651690483093,0.0028614285293206997,2,0.3561103501171463,0.033903996035042246,50,0.5409024119377136,0.011027527059158809,2,0.3348919191012051,0.022754543303383952,100,1.5599486708641053,0.013013472785765966,1,0.32304280145874414,0.021035267895170708,200,2.4315489649772646,0.21208289934649827,1
Health-Commits0004,10000,0.2254389484189984,0.0022125230186591273,30,0.3912049412727356,0.0424981033513905,2,0.22436794629223727,0.0048496990287251775,50,0.7057132840156555,0.04493499518555983,2,0.2236854164560992,0.004885149389467714,100.0,1.2913192987442017,0.1188132571207605,1.0,0.22299083753751003,0.003793703797842378,200,2.6313438296318052,0.24178302576860974,1,0.22543534421884764,0.0022099899363566392,30,0.45021638870239256,0.0016573713792058728,2,0.22497941318730516,0.002854064787828134,50,0.5239993453025817,0.0026507347111121384,2,0.22301427287780534,0.005447528133370631,100,1.0360089898109437,0.02243988148539682,1,0.22172135555723216,0.005663777269945658,200,3.633017086982727,0.38331284029602375,1
Health-Commits0005,10000,0.19895698524479566,0.025627573803214898,30,0.3688506603240967,0.0387159039695551,2,0.1850078028029664,0.014796672852622055,50,0.6778808832168579,0.09858315855897651,1,0.17499364987462498,0.009708413016238083,100.0,2.0716087460517882,0.029880734670320062,1.0,0.17034110643867625,0.006348200581983361,200,2.597056531906128,0.24229848441626903,1,0.208725716327814,0.021555341212820357,30,0.6024044513702392,0.004979431679984279,2,0.19470476755925584,0.018186086612380768,50,0.8624102115631104,0.01223066169369759,2,0.18718379103278432,0.012987188447460933,100,1.0369563937187194,0.004858901794573804,1,0.17748790566874578,0.016783604080138893,200,3.729862833023071,0.09760612037237364,1
Health-Commits0006,10000,0.2938853296569107,0.015421262608548227,30,0.5925138354301452,0.04352079527720933,2,0.2891437455713765,0.0141782582350995,50,0.9953930020332337,0.021327803281074465,2,0.2680473569725009,0.014235489450693427,100.0,2.2355600118637087,0.13955586597958303,1.0,0.2615738799279278,0.015750261734727884,200,4.452792465686798,0.11179073659585789,1,0.30017920992280356,0.01281400559968776,30,0.3485935926437378,0.0127795301999382,3,0.29820028017358907,0.0126862337315933,50,0.5692439556121827,0.006901749471821822,3,0.2884808234613599,0.015017235192599045,100,1.1273340463638306,0.029074721797352165,2,0.27343886765866887,0.016614091259150345,200,1.6062115669250487,0.30477013207811626,1
Health-Commits0007,10000,0.21889892400032057,0.01681368828973197,30,0.583027458190918,0.048219585316245886,2,0.2139829324380051,0.01648459480576443,50,0.973974096775055,0.03252403779990208,2,0.19019767227573428,0.02189094468645147,100.0,1.9443089008331298,0.019637044548825096,1.0,0.1860660397253319,0.018377008856780383,200,3.7159903764724733,0.09259994906296606,1,0.23115860683853873,0.026616379308362494,30,0.33624892234802245,0.002146531457770724,3,0.22081030612760064,0.026567017461846303,50,0.5132537364959717,0.0033146446458271177,2,0.2027531979157715,0.01514059125649795,100,2.0835914850234984,0.013520683201893492,1,0.1951298948328001,0.014639685440810738,200,1.628385841846466,0.3042595806623804,1
Health-Commits0008,10000,0.37401388242697553,0.023855115180316654,30,0.6109414935112,0.046745882532204734,2,0.371569323690898,0.02114324452321609,50,0.8451175332069397,0.06341719563210745,2,0.34400249352102213,0.021124062418080375,100.0,1.8857098698616028,0.0964891865302276,1.0,0.3194374359834834,0.02284188766315918,200,3.5748804450035094,0.20658068451689113,1,0.3899038416412234,0.02532761378934381,30,0.3172284960746765,0.004378220137000553,3,0.37957343450016073,0.025025347740704394,50,0.7418511748313904,0.007503162913767441,3,0.36129719729974485,0.018999974810176064,100,1.0093094468116761,0.004199343123605596,2,0.349032841491442,0.0214970753755873,200,3.31349493265152,0.262139210993735,1
Health-Commits0009,10000,0.13880831444984185,0.005226277320708565,30,0.5102481961250305,0.06266680107123117,3,0.1356796157536833,0.005859284335491178,50,0.8106804728507996,0.0398756230602453,2,0.13253224033445263,0.005807004981792232,100.0,1.6129262924194336,0.12259528322515474,1.0,0.1286079298430963,0.004995245938043573,200,3.273178207874298,0.2583066177052592,1,0.13994713774822973,0.005118362680112246,30,0.3094386100769043,0.00214423646396041,3,0.13840227026187882,0.005259649931268638,50,0.9465125918388366,0.006585659876812357,3,0.1355009552726139,0.005317917043591762,100,1.055266797542572,0.004294105968070354,2,0.13244208476719727,0.003993863236504876,200,2.3887128710746763,0.2115522112089699,1
Health-Commits0010,10000,0.29426008488141725,0.010045407795125272,30,0.4812044620513916,0.054067195508273456,2,0.2925687893756623,0.009771579504529527,50,0.7782238602638245,0.054388284934830076,2,0.2875288984284432,0.005562256345672539,100.0,1.812907099723816,0.13501199083534748,1.0,0.2819503828092275,0.006157242670722808,200,3.5265771627426146,0.3483979439561549,1,0.3029837329382225,0.016479194815365958,30,0.46421276330947875,0.0025901702336087575,3,0.298294455158775,0.013291033916631964,50,0.5183000206947327,0.011204556853611377,3,0.2900942009487451,0.008024497064601776,100,1.0153079748153686,0.003972927232067214,1,0.28677751358269366,0.006976481193605265,200,2.621382808685303,0.2852183102918105,1
Health-Commits0011,10000,0.02614304443753989,0.02509752261132203,30,1.0216392755508423,0.02364047368315346,2,0.01248643778418813,0.010583753055818204,50,0.7804443836212158,0.06279413093719279,1,0.005418140108761495,0.005399476076800839,100.0,1.4688765287399292,0.08159611631779651,1.0,0.0016682659455100398,0.0024133339034778972,200,3.512742817401886,0.2408092343549918,1,0.042710024895647625,0.05156914900816923,30,0.29909334182739256,0.0017522250313812145,2,0.025238950955645538,0.019714355059324517,50,0.5507139563560486,0.009272418735027214,2,0.012186903572664543,0.012322101531001805,100,1.8352166056632995,0.03172311162052774,1,0.00817553195350949,0.00540980636761031,200,3.26191782951355,0.07084378368386333,1
LLVM,1024,0.050706805898136406,0.007933314950422196,30,0.14857231378555294,0.0046008995357830615,1,0.04477432654789758,0.00469976751776816,50,0.2570455431938171,0.010596894618649896,1,0.04162398885496184,0.00191593640501876,100.0,0.6686119794845581,0.12464206750699468,1.0,0.04138121776637632,0.0015680958064575963,200,2.417630970478058,0.18312305249206126,1,0.0775843556503663,0.053625410512727616,30,0.13188147544860834,0.002685526495000198,2,0.05542944890166659,0.009415404225284795,50,0.16384346485137935,0.0029425204094637902,1,0.04869226451381227,0.0069229066222375474,100,0.31848758459091187,0.005466350684079026,1,0.0461763854704888,0.003971143774303198,200,1.1588918089866638,0.029833766868488383,1
PostgreSQL,19008,0.01982161134400842,0.00034122269014453486,30,0.11558911800384519,0.0063529199976868735,2,0.019607996267619235,0.00025383420121110717,50,0.17822821140289302,0.006911292061282875,1,0.019465946942705106,0.00019198062746207266,100.0,0.393924617767334,0.021522464895397806,1.0,0.019464414181348713,0.00019023118892995034,200,0.5829140186309815,0.0918878760786379,1,0.020001117946144332,0.00036983206423614066,30,0.10471323728561399,0.001376327428744721,2,0.01991318227501712,0.00032623403077010663,50,0.2529550313949585,0.004252732216022823,2,0.01980651203759135,0.0003009887808484901,100,0.5010348081588745,0.005316843884714062,2,0.019666270910573484,0.0002476053122236216,200,1.345398485660553,0.010349443368209093,1
SQL_AllMeasurements,4653,0.2920063942305174,0.04469309432236376,30,0.289809513092041,0.029851459645364974,3,0.26939718785446976,0.04066514499764888,50,0.4366310715675354,0.04698066649112971,2,0.23434132891862336,0.018606778032459755,100.0,0.5385966062545776,0.11679178148647154,1.0,0.22302962487723602,0.010308455687423767,200,1.9792970657348632,0.3616177288389642,1,0.2915339128490825,0.0420354867085732,30,0.1717607736587524,0.0027396139915860773,3,0.2774561200531076,0.03297174344730498,50,0.2265367746353149,0.0012155158664298212,2,0.25978666705948417,0.03258956629043394,100,0.628716242313385,0.012842468016546914,2,0.23928752244977783,0.021482682792828046,200,0.9816488146781921,0.007140462972085158,1
SS-A,1343,0.10003673121843995,0.12559985308924113,30,0.3808616638183594,0.0019168214008176776,1,0.05980108599611432,0.026153079540193074,50,0.5015452384948731,0.0468841831724571,1,0.04308710727882893,0.010423385090472375,100.0,1.036609423160553,0.07399649287147755,1.0,0.03574021692197785,0.007655584081908456,200,2.020137917995453,0.13506312078779764,1,0.2683921275797687,0.2441535302681266,30,0.28242422342300416,0.006404772484776147,2,0.15305953089869506,0.17416329487911678,50,0.3306190848350525,0.001975769175980578,2,0.0780069767353714,0.05143276416788394,100,1.3186743021011353,0.1386017469320892,1,0.06089834970700585,0.022977056963239553,200,1.255847203731537,0.2023467880947644,1
SS-B,206,0.15786555950356457,0.02160394805336037,30,0.32464113235473635,0.014138540476213296,1,0.1434163579652456,0.0058319020239037045,50,0.6756907343864441,0.007165848114424964,1,0.14049241930244877,0.005006061449366842,100.0,1.0804188966751098,0.07268408814214489,1.0,0.13931995203846528,0.004595289589734975,200,2.430874931812286,0.21530124233883205,1,0.22822631121460235,0.0808815226959276,30,0.30176362991333006,0.004803414852873227,2,0.19478744345962512,0.05727945015702542,50,0.5192752718925476,0.008763429000037863,2,0.1605072836462455,0.025632829659870238,100,0.9299882531166077,0.016509139135454248,1,0.14529506037560805,0.006500110286507046,200,1.9988698959350586,0.03505162007269583,1
SS-C,1512,0.42778549715270664,0.1396961357389694,30,0.3706734776496887,0.00793835801203525,2,0.34184449621961427,0.12285042415826525,50,0.5445187330245972,0.025701182080820922,1,0.2595060656144244,0.03842134241812044,100.0,1.3173566818237306,0.008833076691580392,1.0,0.23467184552323755,0.06096972583499447,200,2.101081907749176,0.3774446898938574,1,0.4882238932496814,0.11859611966098518,30,0.3120256304740906,0.004736437422979938,2,0.44893023918265335,0.13070592776601173,50,0.5285479068756104,0.011981640182386824,2,0.40584440628569096,0.13887321573776965,100,0.9379887104034423,0.011734359607339987,2,0.3220474518135054,0.10341063884549125,200,4.806373071670532,0.03825301560754651,1
SS-D,196,0.43914793957563314,0.025374259706317397,30,0.20247713327407832,0.0012395614205485317,2,0.4391184937736881,0.025355604884316374,50,0.6307057738304138,0.013998123944282806,2,0.43307576899315625,0.02901567137353856,100.0,1.2549615621566772,0.028053346035077635,2.0,0.43003201371670896,0.030470952545963555,200,2.631996238231659,0.08413880412229587,1,0.44287036407575187,0.020307235543293323,30,0.29792027473449706,0.001273227103937152,2,0.4390759362914653,0.023388462824953327,50,0.6205082416534424,0.0030105241107064484,2,0.4259616245978929,0.02696023392095814,100,0.7239834547042847,0.0063576972408188135,1,0.42019571417313006,0.02692144898847376,200,2.0242913484573366,0.016909523659586017,1
SS-E,756,0.15387033635939748,0.0033258325574150233,30,0.3653314828872681,0.00427200421077367,1,0.15269329649352614,0.002577798367561105,50,0.6749084949493408,0.02430709675240269,1,0.15142296813873704,0.0020039163282756195,100.0,0.6750223278999329,0.007087246464361947,1.0,0.14947607718728506,0.0021901234845872553,200,1.370771300792694,0.02818170753809348,1,0.17108287205026756,0.026685110558556102,30,0.19931552410125727,0.0008439616600854179,2,0.16193339197536694,0.014565586952014627,50,0.34481455087661744,0.004051349651803623,2,0.15459488995477838,0.004903378524374735,100,1.0422909617424012,0.010667511398486132,1,0.1534956926115852,0.003414527934228535,200,2.177436280250549,0.12588787802472007,1
SS-F,196,0.4458511912107396,0.01273859245988534,30,0.36974247694015505,0.011345931227368366,2,0.4431686554456002,0.011692168958248471,50,0.5143496751785278,0.021926997363319777,2,0.44316617208609416,0.0116914128321211,100.0,0.6735587596893311,0.003509710633322262,2.0,0.4424960484056041,0.010860936136404596,200,1.1576687335968017,0.2160332794148005,2,0.44376178650774734,0.021110606581908734,30,0.29040387868881223,0.0031453117044830583,2,0.4382271513372128,0.02193594653094581,50,0.5103227972984314,0.0028238958334919893,2,0.42521714880729755,0.023778690853787803,100,1.317851734161377,0.006550624750303516,1,0.42076871135063937,0.024777533688382203,200,2.2416446089744566,0.12140799478270027,1
SS-G,196,0.4464216296824657,0.006925445856969704,30,0.37686786651611326,0.006448308502223194,2,0.4464216296824657,0.006925445856969704,50,0.515462064743042,0.03885959284556737,2,0.446409845457907,0.006920379809023666,100.0,1.0501466870307923,0.019698870652408516,2.0,0.4462186878165949,0.0068604902565991095,200,1.2731593132019043,0.17773912535530537,2,0.4413742493203462,0.017853383219226544,30,0.35324944257736207,0.0017475685594524517,2,0.43834349659011274,0.019973488769408604,50,0.34465560913085935,0.0021254405790065707,2,0.42759787700927154,0.025311515824763906,100,0.9741803646087647,0.014212071704311801,1,0.42240137138415584,0.027027837099637995,200,2.4212031841278074,0.05973142984391288,1
SS-H,259,0.4937088295595332,0.10266617620024193,30,0.20654629468917843,0.0011250011091617244,2,0.40708520179510915,0.10127655483709143,50,0.544651210308075,0.01347481638748562,1,0.3121409515810084,0.07778124111273516,100.0,1.2000356316566467,0.04503596867998704,1.0,0.2678090224058035,0.058877863008039696,200,1.1853584885597228,0.22896549042251516,1,0.5716667981940897,0.1297222687925328,30,0.3881453275680542,0.005316188811900214,3,0.5328668195616132,0.12109090712601867,50,0.4905442237854004,0.006819817247479009,3,0.47735767936784307,0.10514968150588509,100,0.9956432342529297,0.009442547471944346,2,0.3897362228618434,0.07002239228083705,200,2.5525742053985594,0.03208582326339947,1
SS-I,1080,0.09692683365839021,0.10115822685058816,30,0.2261335968971252,0.004590499138283858,2,0.07258074307369784,0.104845595086447,50,0.6858581304550171,0.010001769345683418,2,0.0721366295409111,0.10510783658570858,100.0,1.0688252329826355,0.01264461506553,2.0,0.04363311155110631,0.07589853812577758,200,2.2560593128204345,0.2322550627971447,1,0.13366608400728713,0.10271419787357407,30,0.2958851456642151,0.0036994856824117887,3,0.08600296918492684,0.08110194605801017,50,0.45502504110336306,0.0025856750691573187,2,0.039823069226514164,0.04350898681953737,100,1.376976525783539,0.00838478935614723,1,0.019733627727350028,0.012542158618287601,200,1.9362299203872682,0.013759277004004573,1
SS-J,3840,0.07290571574584105,0.003455668865416519,30,0.3047774791717529,0.005354934621520181,1,0.07184112181492616,0.0029296553899872072,50,0.5764320611953735,0.027817162884807498,1,0.0684810325542925,0.0028227745506793573,100.0,1.1126897811889649,0.05981102880699139,1.0,0.06684138348164692,0.0020857179927596366,200,1.440507411956787,0.026539135584013385,1,0.07894919951129688,0.0064984847266790725,30,0.2973647594451904,0.0017982871063530988,2,0.07650293256680443,0.006104813449739672,50,0.6931385278701783,0.004616721231893483,2,0.07229191122737755,0.0034033697683853964,100,1.069720208644867,0.008476854948452057,1,0.07065227582765952,0.0028996207706317545,200,1.8311405658721924,0.017680608205829486,1
SS-K,2880,0.08132835240193688,0.027160331979116093,30,0.2024578213691711,0.001116054519143811,2,0.07053720507040342,0.013711095046004729,50,0.34202823638916013,0.005064313743643489,1,0.06540966530066837,0.0030036946203004077,100.0,0.725806474685669,0.016412708391002194,1.0,0.06475694341135776,0.002669631967314028,200,5.058494579792023,0.11805239472760966,1,0.08617487341583427,0.02004448996934231,30,0.3071595311164856,0.003115637637396029,2,0.07711012898361748,0.015873475342972218,50,0.49739612340927125,0.0013311168775951134,2,0.07163212978423365,0.009455658045316619,100,1.3125929713249207,0.004893432300246597,1,0.06568335193678373,0.003455232810589285,200,1.92870374917984,0.16046151310446427,1
SS-L,1023,0.17863203312522022,0.008290957172848556,30,0.38347909450531004,0.007542939376831065,1,0.17178125973304653,0.0031308759581955077,50,0.5153432250022888,0.03232856751356993,1,0.16897986817940383,0.0008550037470601166,100.0,1.1866846561431885,0.10207363127476458,1.0,0.16897986817940383,0.0008550037470601166,200,2.6762710332870485,0.25462705530037005,1,0.23951911117232805,0.09071262476209946,30,0.2053099513053894,0.0067908572431972835,2,0.1864572406894793,0.008899256188664748,50,0.35010395050048826,0.009006488681823337,1,0.18021691389779618,0.007700557405020689,100,0.6588448524475098,0.012697400245474298,1,0.17432161787003367,0.005104081618791757,200,2.23527615070343,0.07774763352506898,1
SS-M,864,0.00477465562952566,0.0008722224305577848,30,0.30258357524871826,0.004043775387782301,1,0.004083944910535815,0.0004342544882965543,50,0.70913245677948,0.014459188621622295,1,0.00366225094381379,0.0002502405937657899,100.0,1.6116500496864319,0.18118719436923791,1.0,0.003468966539317045,0.00013558872723317054,200,1.708725905418396,0.2917194790791299,1,0.006999352919758339,0.0030913591902327958,30,0.2962310791015625,0.0010801899225349623,2,0.006142010774642975,0.003004463480572035,50,0.5044654726982116,0.003065135705731897,2,0.004903540541610971,0.0017689546112412858,100,1.0290467500686646,0.08723854903944815,1,0.004173447802011031,0.00031392478851568584,200,2.7426515340805055,0.32490097626981984,1
SS-N,53662,0.1581445993495953,0.014203283310427313,30,0.2657391786575317,0.003674364473693739,2,0.15070221770106712,0.006405229812256887,50,0.6486284375190735,0.015086681406425573,1,0.14486659926506143,0.004807967881695394,100.0,0.9556329727172852,0.023657626744125856,1.0,0.1415917434915431,0.005582598073112771,200,1.9820337772369385,0.06355136054302987,1,0.15955840496646895,0.012435085642560169,30,0.2203910231590271,0.003811067445885324,2,0.15533131373809855,0.009837555466692408,50,0.5742947816848755,0.032733992381721394,2,0.152621294359031,0.007671389585180896,100,0.842119836807251,0.10586874942041609,2,0.1486373251716117,0.005460098100834273,200,1.5436189651489258,0.029885662561161444,1
SS-O,972,0.197057190350032,0.03309308749832286,30,0.28249419927597047,0.003702704640539003,2,0.193610978768612,0.032376687393254146,50,0.5213739395141601,0.008653714279735138,2,0.19129414051729637,0.03073598314848058,100.0,0.9714906215667725,0.019340199776509588,2.0,0.18569411964449628,0.02184754470474408,200,2.158272445201874,0.1246845505376456,1,0.19320658482554195,0.009716982380312128,30,0.30262049436569216,0.005330249251559827,2,0.19036957867855636,0.007992121310508176,50,0.5044201254844666,0.004476099590709857,2,0.18640233480613416,0.006355546536522311,100,0.9781711101531982,0.11213835423887783,1,0.18214963331663644,0.00282451173732228,200,1.0799196600914,0.2124805266215165,1
SS-P,1023,0.17863203312522022,0.008290957172848556,30,0.3379186987876892,0.01800903867276231,1,0.17178125973304653,0.0031308759581955077,50,0.47704302072525023,0.009080740181489683,1,0.16897986817940383,0.0008550037470601166,100.0,1.0928969264030457,0.0836874443121764,1.0,0.16897986817940383,0.0008550037470601166,200,3.0380896806716917,0.14297622800968915,1,0.23951911117232805,0.09071262476209946,30,0.20321085453033444,0.004016802222837701,2,0.1864572406894793,0.008899256188664748,50,0.35367915630340574,0.0069311960210064185,1,0.18021691389779618,0.007700557405020689,100,0.9390297293663025,0.07872039424299808,1,0.17432161787003367,0.005104081618791757,200,1.1440726161003112,0.20181455595846176,1
SS-Q,2736,0.06144563142748789,0.001638217227687598,30,0.5336063265800476,0.4448844247850782,1,0.06024279325159769,0.0015436309794213605,50,0.7988776326179504,0.011861980734918617,1,0.058962929723431166,0.0010892818939468936,100.0,1.3551363468170166,0.046531280961525645,1.0,0.058162728561837976,0.0006128225301606603,200,2.513888251781464,0.23779139629400453,1,0.06553146780915102,0.016349887378382666,30,0.4879939079284668,0.0064026958479398545,2,0.06133596825796941,0.001983324622832447,50,0.9776378273963928,0.024021699565295505,1,0.06032341729525507,0.0010457414632843696,100,2.029927599430084,0.007104058328165102,1,0.059889619072224246,0.0010107901457182232,200,3.0956083059310915,0.33537638323837204,1
SS-R,3008,0.17889058790666726,0.012569743944805515,30,0.3100345849990845,0.005589386457264465,1,0.17459992976997774,0.007755318240466241,50,0.6701957821846009,0.01478149822447949,1,0.1719587096305797,0.00775062230290107,100.0,1.0941612720489502,0.030580249250928535,1.0,0.17019182025990556,0.006995387851829692,200,2.0179813861846925,0.19607367040733834,1,0.18792468295609027,0.02207376063704399,30,0.21042597293853754,0.0020960911439648383,2,0.18490170562671596,0.01855049291761344,50,0.5573575496673584,0.004834040684237139,2,0.17831459886450665,0.007977825328980632,100,1.1927054524421692,0.055840263905256156,1,0.17331943144608714,0.00775862183980928,200,1.1544314622879028,0.22384320971358823,1
SS-S,3840,0.06265763635992869,0.04237186100416459,30,0.27762651443481445,0.03330450445062146,1,0.04794387312775826,0.03437784250370844,50,0.5145133256912231,0.005527852963279702,1,0.027101659387954086,0.01566474288731128,100.0,1.1032055497169495,0.07133851911722203,1.0,0.023555939435185535,0.015607428084479126,200,1.9587890386581421,0.040078185028498185,1,0.10274549547816618,0.05370727331042238,30,0.21771259307861324,0.0031735084263918396,2,0.08354922161562993,0.0387141015133284,50,0.5002349019050598,0.003337953037276049,2,0.05181474638880192,0.03596791431547965,100,0.7060055136680603,0.004301961880664456,1,0.04126892275070286,0.03403317515326027,200,1.2513118028640746,0.17695766895618373,1
SS-T,5184,0.051559706409190956,0.02415663566713463,30,0.2580016732215881,0.0319837044311188,3,0.034062821732796594,0.018944600300244786,50,0.5679975390434265,0.020754926937642065,1,0.020763696409037292,0.007012134902618883,100.0,0.6057297706604003,0.09389475309937025,1.0,0.01704392007444758,0.0011727899346126896,200,1.5130914211273194,0.048611577036014084,1,0.0585587227853143,0.021912774344828252,30,0.20667306184768672,0.0014313280976097182,3,0.05317353513375452,0.02126000663268976,50,0.3369316101074219,0.002369167294385861,3,0.040625836786425874,0.015820501607032165,100,1.0002878427505493,0.013404378346259377,2,0.03365215933000418,0.010983007914898443,200,2.4274375557899477,0.07553884504392161,1
SS-U,4608,0.25085439715534413,0.013912242255327402,30,0.22282779216766352,0.008960352354699646,2,0.24485026235285515,0.010795335256601701,50,0.7286968231201172,0.02680021646335886,1,0.23492132159101295,0.002996750949024195,100.0,0.7739206194877625,0.03253394637813992,1.0,0.23182699618086522,0.0011461704077137087,200,1.6033882021903991,0.07984644388129393,1,0.2652660596080249,0.025427167654510113,30,0.2316843509674072,0.005897595682772468,2,0.25690269266329707,0.02247738337474947,50,0.6527034163475036,0.0024177149656687638,2,0.24586449697727306,0.012574675125129274,100,0.7609337568283081,0.009358211201215463,1,0.23778048337507318,0.005797155340301562,200,2.3949612736701966,0.023118375379650082,1
SS-V,6840,0.1524850489029576,0.05571388762520219,30,0.5053340792655945,0.1151151615418713,2,0.10742607764515015,0.06802231978093043,50,0.2918798327445984,0.057957913911398096,1,0.07810612848170176,0.06203702071083169,100.0,0.742897117137909,0.018592199614242317,1.0,0.04577239934841493,0.04538649954783474,200,1.5961584568023681,0.07006090557018006,1,0.15379871087948216,0.05209622435521021,30,0.3968165278434753,0.0036387276827797386,2,0.1524345372674689,0.05124217324293542,50,0.6502694845199585,0.002533531521709026,2,0.13071389936992206,0.06553813414864333,100,1.187196719646454,0.0745179295135207,2,0.0902254097062701,0.05691922448636934,200,2.6601580381393433,0.05261471043537266,1
SS-W,65536,0.32753479262320123,0.0202719669084842,30,0.1473736763000488,0.004326471917483808,2,0.3195467523402981,0.01706502539243495,50,0.25983893871307373,0.007763121557926547,2,0.29847246550488327,0.011745988177033456,100.0,1.2757653951644898,0.058589472153592906,1.0,0.2814278114502854,0.0166331489267614,200,1.1149394392967225,0.04871621358182021,1,0.34119105177329356,0.02459499000231897,30,0.2142910003662109,0.0027469668490008614,3,0.3290674576233288,0.025278814974577353,50,0.3436483979225159,0.0026235861689025133,2,0.317833592928233,0.021174026258973872,100,0.9968408226966858,0.0209373165054388,2,0.30666902735004287,0.017822477434122064,200,2.6028005599975588,0.05147547561262013,1
SS-X,86058,0.22853060191307334,0.04607428391358974,30,0.14783676862716671,0.0018543752017037565,1,0.21517322043865633,0.020731547535106164,50,0.406319260597229,0.0069260068768827255,1,0.20596516903292392,0.015955696991163993,100.0,0.5217697620391846,0.016796011497312913,1.0,0.19731340699003028,0.018310726214105035,200,1.7406071782112122,0.0594359659072604,1,0.313612532301593,0.09304731665367064,30,0.2796903491020203,0.0020622686500161376,2,0.2628921220050585,0.07003803514844353,50,0.4581527471542358,0.008716641297780577,2,0.2352280143113426,0.03794576858655767,100,0.9310081243515015,0.004845489443267818,1,0.21536286608947894,0.01895769175536206,200,2.005311131477356,0.08028807971320694,1
Scrum100k,100000,0.3755614373618177,0.026372690671400224,30,0.39572309255599974,0.010886539455132587,2,0.3532298972105721,0.021433300401844962,50,0.7212555050849915,0.10167483508482335,1,0.3316489121882911,0.014824325494089755,100.0,1.489006793498993,0.06435786290873723,1.0,0.32340837657772614,0.008534946995049803,200,3.4477882981300354,0.23188515879111876,1,0.3975751586674451,0.03069815062151051,30,0.4767847180366516,0.09431263428248908,3,0.3826807453580922,0.02627602014755677,50,0.8194038271903992,0.05033648248299759,3,0.3705424713095016,0.022637195067460127,100,1.614279842376709,0.11192213756973275,2,0.36453217871837335,0.021793112122596794,200,1.547486412525177,0.09421530490945897,2
Scrum10k,10000,0.32973659497965335,0.032475554137559495,30,0.2386747002601623,0.010596590359399843,2,0.30870377607876165,0.02323445845613186,50,0.7572021961212159,0.10509991855592384,1,0.28938959159479183,0.00808619030116018,100.0,1.4934308290481568,0.17716468262342305,1.0,0.2830753968313352,0.005362989915976362,200,3.4846763372421266,0.3318744455865092,1,0.3666410417131294,0.0295487892033517,30,0.49039405584335327,0.013890632489531698,3,0.35892720736623296,0.031415968589845945,50,0.6450076937675476,0.08067238381235897,3,0.33433862705449807,0.025315202647772345,100,1.199448251724243,0.09818251018283354,2,0.32040990125098356,0.018914273926864573,200,3.813230645656586,0.11879199827492508,1
Scrum1k,1000,0.30095330728739306,0.03151955844388886,30,0.5261176228523254,0.025501701138988933,2,0.27664636484810556,0.015965223131360517,50,0.7246352434158325,0.09111589566943074,1,0.26061511770132745,0.010135043246978146,100.0,1.6384922742843628,0.2042433285499532,1.0,0.24726127017177763,0.006084433851053896,200,4.252371072769165,0.41042466083352774,1,0.33522312479779676,0.03540387714866313,30,0.46648027896881106,0.03723617611815648,3,0.31962593324618116,0.028940880132389064,50,0.891897690296173,0.012839384943483202,3,0.3100377354635372,0.024855826987337452,100,1.599992609024048,0.08814288554893275,2,0.29137840068125387,0.023069073663394498,200,1.729764449596405,0.22832409828604272,2
X264_AllMeasurements,1152,0.006741175836892005,0.007913697712819039,30,0.1160762786865234,0.005994450067191531,1,0.0012345071278683849,0.0015017689336834544,50,0.21744663715362544,0.015835419024352794,1,0.00044228398798506997,7.242870763622438e-05,100.0,0.6111903071403504,0.04581989866964567,1.0,0.0004369889299532151,7.06992388312459e-05,200,1.1863934397697449,0.15140316299939166,1,0.03147087125849523,0.02476838107718512,30,0.16252025365829464,0.0029231739900645376,2,0.02055021795510311,0.014117323278386764,50,0.26078301668167114,0.00702698379689677,2,0.011194077812407938,0.010398393040660056,100,0.4847387194633484,0.015229855009054116,1,0.0042417905143741245,0.005558035976236348,200,0.6648815631866455,0.014861505370297705,1
billing10k,10000,0.39428217090203665,0.017361978438320293,30,0.5795652747154236,0.04080941046312145,2,0.3771844169998393,0.015393683718010592,50,1.0385919332504272,0.0654810763217566,1,0.35867351579158535,0.006105586129084381,100.0,2.10056848526001,0.189388631636409,1.0,0.35170693495760424,0.0027376826811156807,200,5.338696837425232,0.331812698165908,1,0.41300710683806097,0.021833777962196446,30,0.5801007270812988,0.0224646679558391,3,0.4020300885620286,0.018046503201050276,50,0.8289225459098816,0.09179385132396535,3,0.3921598283059703,0.012542743089268175,100,1.787529456615448,0.103985283427538,2,0.38520158945574867,0.012863801720763566,200,3.43067330121994,0.17971570011147883,2
coc1000,1000,0.3589077239609516,0.011194577480667534,30,0.9556629419326782,0.007615185848755775,3,0.3485355814041914,0.012883871355916385,50,1.5075397491455078,0.10652642361634163,2,0.33728383746699336,0.008974627498484348,100.0,3.4943659901618958,0.062029597929496263,1.0,0.32734438380217334,0.010937362592426577,200,5.738685965538025,0.3442392937835482,1,0.35818498359109835,0.011156087370529814,30,0.743672502040863,0.009633385837757694,3,0.352640663319512,0.009491487290893365,50,1.3151502370834351,0.13931790635891367,2,0.3506012291579105,0.007946807521814208,100,3.116486978530884,0.09363214549159689,2,0.3461423368380052,0.005796164649490146,200,4.880571484565735,0.45024952431175885,2
dataset120,5160,0.3106202325044237,0.035414874034941896,30,0.19428471326828003,0.005776479540711827,2,0.28755505303520007,0.026618679815605617,50,0.2616594433784485,0.017964560481187167,1,0.2800100417352256,0.02446456089558403,100.0,1.4562484622001648,0.07445006041976426,1.0,0.26109046121362295,0.03104476353616525,200,1.4799764156341553,0.11821723706167982,1,0.30641884049365664,0.02559678687169967,30,0.16946942806243892,0.0023566384144606033,2,0.30246003471610095,0.024730094473024104,50,0.2779228210449219,0.004453751080514685,2,0.28879087199565145,0.02613418372564939,100,1.2491296887397767,0.025062948853679788,1,0.27308443802929105,0.019806577166398408,200,0.9712320923805237,0.02724954709697029,1
dataset600,5160,0.27979790368944774,0.026455761375392076,30,0.15042778253555295,0.012650248052455666,3,0.26884632697776073,0.016704754261749645,50,0.2578804850578308,0.021780235387453488,2,0.25580208444075697,0.0253256713372412,100.0,0.5510802149772644,0.04725575102904202,1.0,0.2333022389471982,0.025443194925089434,200,1.312735414505005,0.11832153606670305,1,0.2883354406622789,0.02478181286363497,30,0.1597246170043945,0.006624284958876893,3,0.27147759701491314,0.022951697069081536,50,0.24558827877044673,0.0074903830172090465,2,0.25774549066129937,0.018780463189705044,100,0.5274516582489014,0.009938944206498797,1,0.23923772928460424,0.02612114250575274,200,1.0845855474472046,0.04499088742202042,1
dconvert,6764,0.014669691373056463,0.002743552314027894,30,0.1563013434410095,0.015613604348307615,2,0.013363006304061476,0.002174386383947552,50,0.2857635974884033,0.03350622575239373,1,0.012214899128975361,0.0012511959222471043,100.0,0.6047105550765991,0.08258409379520894,1.0,0.01122408015055505,0.0006179000901915655,200,1.3009806871414185,0.1538965334681074,1,0.016408228171663212,0.00237535243271767,30,0.15424356460571284,0.004637509863523727,3,0.015658273543187464,0.002025684647802815,50,0.25223861932754515,0.004319274949783487,3,0.01488128347851859,0.0021342788612761033,100,0.464371657371521,0.008991063440922513,2,0.01382891932000491,0.001861126466768483,200,1.00217547416687,0.007445665365811634,1
deeparch,4096,0.0034508035306464535,0.014606931021019112,30,0.13942651748657223,0.007475335936473921,2,7.4364267644033e-05,2.3215507111558204e-05,50,0.27612537145614624,0.013227610535787243,1,5.767858395669401e-05,8.205235979972239e-06,100.0,0.5361352920532226,0.06400062566123806,1.0,5.120299612928481e-05,3.821623771639179e-06,200,1.459692370891571,0.293388922733402,1,0.004808289354227773,0.007879208391121682,30,0.1472864031791687,0.001643420509066906,2,0.0029633033172536748,0.006121175066885363,50,0.24449807405471796,0.002574118748050648,2,0.0007938162091333647,0.002871720284590866,100,0.6110746383666992,0.006736398321567291,1,0.0001379785804557595,0.00011115068443081777,200,1.1339843988418579,0.013230744754349483,1
exastencils,86058,0.04087623310056472,0.013429981522715446,30,0.12746200561523435,0.0040404239032160475,3,0.038016676073979065,0.013250367104600045,50,0.24151275157928467,0.015976575601871854,2,0.02527992798517801,0.015245559422465985,100.0,0.4963813781738281,0.037303039294817604,1.0,0.01488404485361034,0.01277942971264276,200,1.0020469069480895,0.07263864928688465,1,0.04629508511360739,0.012307191471881798,30,0.14897584915161127,0.0025752189205078945,3,0.04101160707672155,0.014178678411995287,50,0.2414303660392761,0.001967996353078056,3,0.0324502200723396,0.01627548370426953,100,0.5021421194076539,0.018525170493856283,2,0.02444904846993504,0.012966553998669693,200,1.0286301612854003,0.07619005374404353,1
javagc,166975,0.0011766519608721502,0.0007794732477531387,30,0.21999337673187255,0.11401419814855142,2,0.0006941973031411302,0.00031436510569927983,50,0.3609323263168335,0.05312466104647232,1,0.000507159840982475,7.892208444251438e-05,100.0,0.8054846286773681,0.140010634806372,1.0,0.0004742805060033501,4.322793821168065e-05,200,1.733112871646881,0.2705276218237233,1,0.001904779332104455,0.000990663391456132,30,0.1791888833045959,0.0209945235966008,3,0.001474793076230775,0.0007047769818527975,50,0.11433764696121214,0.0009448586163838188,2,0.0010961490068483403,0.0005045002845538869,100,0.42207696437835696,0.07676105033391396,2,0.000759599926174815,0.00030645790205248663,200,0.48104329109191896,0.06634741473534585,1
nasa93dem,93,0.4668713830805763,0.004424970554746292,30,0.5026226997375488,0.03503722679577543,2,0.46459396942242515,0.004013248719589643,50,0.6493252873420715,0.09140744373364197,2,0.4602001394745924,0.004698357809931312,100.0,1.5640910625457765,0.0400352414497525,1.0,0.45825185721081774,0.004682705924355644,200,2.684878396987915,0.23474494441789123,1,0.47047880859227975,0.007214414514796246,30,0.46566481590270997,0.003998492713842637,3,0.46625427915275947,0.003665921435263521,50,0.737392258644104,0.003449405629706136,2,0.4639936756514139,0.005116754901813034,100,1.6061258912086487,0.11139214582564208,2,0.46040634421749277,0.005228602241007041,200,2.4298582077026367,0.25186614351181386,1
pom3a,20000,0.18786524700828247,0.02001117148034458,30,0.2206771612167358,0.007849849583189582,3,0.17560403445596098,0.017518094758824113,50,0.3644037127494812,0.024470072799932747,2,0.16131820098083485,0.006978667216383133,100.0,1.4022265315055846,0.08262922684840204,1.0,0.14862064128761776,0.013106106149694761,200,2.492647099494934,0.0593393470689588,1,0.19965495647739195,0.011379914908262236,30,0.4528078556060791,0.004921500234475801,4,0.19362877574170476,0.01411412574531035,50,0.6724634051322937,0.08576269512068228,4,0.18740392500460362,0.013677324588099816,100,1.2211859941482544,0.13125917195926692,3,0.17448152843037631,0.01869246622220469,200,2.42184796333313,0.21779383536688143,2
pom3b,20000,0.19439744372247297,0.020523665889344612,30,0.22588150501251217,0.010817393944677194,3,0.18040792456761962,0.015532568112066025,50,0.3865035057067871,0.04865220313132858,2,0.16471936292982736,0.014089416972863191,100.0,0.7264099717140198,0.021811642303521263,1.0,0.1533541201836083,0.012463066418115462,200,1.49172340631485,0.08017176807572676,1,0.21201380140763204,0.02266750832763828,30,0.4852716326713562,0.03862429688519256,4,0.19865840495883036,0.014803732474000913,50,0.6755468726158143,0.08939202433366178,3,0.18711049329867646,0.018844572108456283,100,1.216902732849121,0.12332666135291664,2,0.1806766287913268,0.013852646343860308,200,2.630795454978943,0.29196948470738077,2
pom3c,20000,0.3229346686778175,0.019874433199932106,30,0.21516436338424677,0.0033653520320862797,2,0.31177980101513075,0.01165792236503346,50,0.3617074012756348,0.02263015968920739,1,0.3020311678645742,0.01224208802385928,100.0,0.7355331182479858,0.028473765163749377,1.0,0.2908337162898362,0.010927749278056896,200,1.4511687874794006,0.01707171154306136,1,0.34541482775027,0.022318463829187136,30,0.5776039123535156,0.00755219252438135,3,0.3396874749645042,0.01916353733246403,50,0.987876009941101,0.021518671300371262,3,0.32692007792020916,0.019233192216711166,100,1.6526329040527343,0.10640821686012082,2,0.31993933414415227,0.017592639725170604,200,2.4977834463119506,0.1791519868471514,2
pom3d,500,0.20104468944469073,0.014237036808870809,30,0.3022685170173645,0.025186056886911407,3,0.1920872697133469,0.011045709493587384,50,0.532792329788208,0.008146109448734347,2,0.18077738528586992,0.016293570715482295,100.0,1.0131960034370422,0.00865238444094435,1.0,0.17121535337903132,0.01523664071842664,200,1.5556043624877929,0.27266691436301166,1,0.2076866986780313,0.016338572981116847,30,0.4436397910118103,0.0018751679844151619,3,0.2028222208598931,0.01633613130372192,50,0.9770581483840942,0.004953418213818215,3,0.19737401372633187,0.015023140431698305,100,1.8972581028938293,0.005988535315593047,2,0.18724618581406313,0.009664000058689564,200,1.5129625797271729,0.23378132665175114,1
redis,4400,0.4711229945724627,0.021837400990578484,30,0.10626891851425169,0.0012786998971527238,3,0.4622734287874823,0.02122662237659453,50,0.16922037601470943,0.026600164304418934,2,0.4447532554663797,0.021184385904067633,100.0,0.27779417037963866,0.04911596717318412,1.0,0.4337494932789112,0.02151972085869522,200,0.5415885925292969,0.06812003291452738,1,0.4761203854691526,0.02336765059034427,30,0.10129132270812986,0.00143881974128324,3,0.46629116127716735,0.018749232458156292,50,0.32878139019012453,0.0017728708558670408,3,0.46035008559913476,0.012738806725208562,100,0.6160903096199035,0.007553843840627977,2,0.45444484348936653,0.009357193970653207,200,0.8674960255622863,0.11571555964821442,2
rs-6d-c3_obj1,3840,0.014107672915260374,0.039268564606468916,30,0.13747184276580807,0.0017287186805096649,1,0.0112220691008038,0.034709096442438754,50,0.2539173126220703,0.00279326503576657,1,0.0035056553130174153,0.008956131242380122,100.0,0.3870242238044739,0.01336777790525287,1.0,0.003374884170851638,0.008994855331538218,200,0.9744455695152283,0.02938571823451289,1,0.005106009400454014,0.006844816911718105,30,0.17945230007171628,0.001289081044844087,1,0.004072508142313394,0.00677760024862911,50,0.32318074703216554,0.0020087510082777474,1,0.0017265636459357452,0.0010255889922187508,100,0.45134944915771485,0.0034043595161804764,1,0.001455596410968265,0.0003278192045032068,200,1.071316373348236,0.012968814710285827,1
rs-6d-c3_obj2,3840,0.0008232630000030461,0.0007777635906042603,30,0.1381184577941894,0.016419997297952474,1,0.0004445161293427996,0.0003974283798159172,50,0.25519737005233767,0.0031333491391239464,1,0.00014833652878033034,0.00020617588929790174,100.0,0.5112943053245544,0.007587628495298056,1.0,7.678705607283565e-06,8.895387063146536e-06,200,0.9941920399665832,0.1176365401744116,1,0.0016556544288472853,0.0010348537944641929,30,0.17923713922500606,0.0012898051334358117,2,0.0012438363259100168,0.0009514142208844371,50,0.323180627822876,0.0018666334927605677,2,0.0004890440877660118,0.00022326129119981683,100,0.8181660771369934,0.009037220256391462,1,0.00031622118885644523,0.0002272432738581565,200,0.6943928956985473,0.009780917089320428,1
sol-6d-c2-obj1,2866,0.014547283083715843,0.00044448096775166415,30,0.1544734120368957,0.00280107499426689,2,0.014355606736442423,0.00023548335316063892,50,0.28541491031646726,0.0099167445457569,1,0.014239575603416588,0.00021959226045698566,100.0,0.5245541214942933,0.004448902884325691,1.0,0.014170864187251355,0.00019158330460093147,200,1.0226011753082276,0.09463297316661687,1,0.014700875428079902,0.00044834604690939783,30,0.10426787137985227,0.0016941884642390841,2,0.014586996773740262,0.0003728502638556092,50,0.17829015254974362,0.008004230882323425,2,0.01431155762983595,0.00023754241719592498,100,0.3344359040260315,0.0019460726043176082,1,0.014231296842326546,0.00022034283772332558,200,0.9654722452163697,0.0319330837481487,1
storm,1557,0.00010210395909797532,4.182513158921136e-05,30,0.10464447736740108,0.003337858696516892,2,7.295800298275922e-05,1.4216656690096997e-05,50,0.182058310508728,0.006455729741015781,1,5.892685757367122e-05,8.493974989060602e-06,100.0,0.5453891634941102,0.021035426669874218,1.0,5.288418512101045e-05,6.157514615797857e-06,200,0.7817766904830933,0.03534115854392705,1,0.00010986315755509774,4.6178669286006916e-05,30,0.18087173700332637,0.0014799008289950596,2,8.973573509540362e-05,2.973476802646886e-05,50,0.4045496940612793,0.002640354046137198,2,7.806001529823919e-05,2.3528972398989603e-05,100,0.33971195220947265,0.004431994562865841,1,6.778674891748448e-05,1.4360531503512117e-05,200,0.8421357870101929,0.11027372801688122,1
wc+rs-3d-c4-obj1,196,0.08396296514025062,0.03567163470107918,30,0.11641041040420527,0.008601854139855855,1,0.07505073021660388,0.002062972732426422,50,0.17076486349105832,0.004306268767809815,1,0.07434862588219068,0.001217578223463441,100.0,0.34242274761199953,0.005910111952890531,1.0,0.07392575630593734,0.0010150046153223605,200,1.3068179726600646,0.024475475724123334,1,0.10936148140703443,0.06471237798959777,30,0.19613287448883054,0.0024307266398843432,2,0.08493005732281557,0.03457796632049825,50,0.3128331661224365,0.0028266278640849533,1,0.0762859211406011,0.002837142661589745,100,0.49619876146316527,0.0025476474719020262,1,0.07506733228226425,0.002019649929280315,200,0.9943087339401245,0.014231338495367968,1
wc+sol-3d-c4-obj1,196,0.08663556997176632,0.05577143099680626,30,0.14925683736801143,0.0013494772237614768,2,0.08502185369030645,0.055757343017033924,50,0.17105528116226193,0.006541218116327104,2,0.07398241766999318,0.04026134322549335,100.0,0.3457426309585571,0.0069527637045046385,1.0,0.06394558015831982,0.001640442857024416,200,0.7245970129966736,0.019361717177091252,1,0.10355707906317975,0.07070821831308016,30,0.14639611244201658,0.0009173099654734143,2,0.07726290856250077,0.03810014567234258,50,0.24254500865936274,0.000934747302936926,1,0.06802105079892391,0.003838050895188353,100,0.5875871896743774,0.004809711267599071,1,0.06671952102034318,0.0036358566616640125,200,1.0752035856246949,0.038024267759084324,1
wc+wc-3d-c4-obj1,196,0.12932526552725587,0.04706898345590168,30,0.13453547954559325,0.0014337255445484,2,0.11038478514712338,0.014314007279173183,50,0.22685862779617305,0.0032386436204689304,1,0.09444195316790246,0.00879632571488573,100.0,0.3661816954612732,0.011106913032268729,1.0,0.08897712044319378,0.007988744774224106,200,0.7953534245491027,0.024056669725328612,1,0.15285836485304635,0.06163406912270679,30,0.14691090583801264,0.0010938401179702655,2,0.12649100293358506,0.037850169553400606,50,0.2948075532913208,0.006132160748504406,2,0.11548403190168537,0.02301165463607731,100,0.5161754846572876,0.01826024302001247,1,0.10921898168771489,0.011578868164786002,200,0.9409301996231079,0.10560718960830853,1
wc-6d-c1-obj1,2880,0.11316687835603986,0.03636491164178227,30,0.2270828485488891,0.01390613780941524,2,0.10629060609303283,0.030423250863135968,50,0.18826137781143185,0.002943468318391085,2,0.09886145003411392,0.03292213299822939,100.0,0.382081413269043,0.011719597081149193,1.0,0.08641281242864537,0.04214510868366142,200,0.6861890554428101,0.1208417550895492,1,0.1365306296848086,0.033384032935250434,30,0.14856381416320796,0.0009634529811842363,3,0.11310862479494169,0.030933117907290395,50,0.24591809511184687,0.0010867154676500893,2,0.0963812577220032,0.03465383781133724,100,0.6246956825256348,0.0026544471067419797,1,0.07112983568640152,0.04109700112516529,200,1.0061813712120056,0.008272337041562421,1
x264,53662,0.2069244073352993,0.012983516395266247,30,0.07776541709899898,0.005571065807961535,2,0.19974614445845412,0.009078943513228889,50,0.1347499012947082,0.006463580074698087,1,0.19487859098166313,0.007737018258056934,100.0,0.5048596262931824,0.037912296926815275,1.0,0.18856387890391588,0.009716273097431647,200,0.5828339338302613,0.04247626533529875,1,0.2164295196040992,0.014877175736434295,30,0.15051476955413814,0.0009688904021719057,3,0.20819542370353167,0.012056863090634449,50,0.23401544094085688,0.002767167006002934,2,0.2001129299367766,0.01064889920821951,100,0.46725269556045534,0.007187243117416142,1,0.19430308934723037,0.008962120291039878,200,1.2167464733123778,0.012544254545457724,1
xomo_flight,10000,0.0542699226771576,0.014685581390709052,30,0.4818974494934082,0.00807886392120958,2,0.044181718023793205,0.009033446291038886,50,1.270218014717102,0.07830912535700536,1,0.03773546936106574,0.00705372014487688,100.0,1.6375993967056275,0.0396280543983091,1.0,0.032451150556457656,0.005378278162567635,200,5.309205305576325,0.17208500252199543,1,0.06796396414646849,0.0289448471505444,30,0.7666007876396179,0.006845232277592551,3,0.05946211180909673,0.02231520200120462,50,1.3776883006095886,0.011755895030695258,2,0.05134083254703033,0.010846301245702591,100,1.3423550248146057,0.007176668203877223,2,0.047932356841799015,0.010491261027599163,200,3.554029941558838,0.033779534414252924,1
xomo_ground,10000,0.07179317032937046,0.022124663737735174,30,0.4810917377471924,0.00898974842429424,2,0.06620114065858036,0.01901691225162998,50,0.8148606538772583,0.016798718516849737,2,0.052494243857607384,0.010107075769027458,100.0,1.6571381330490111,0.03043839922268581,1.0,0.043912520506715125,0.005565487992532823,200,2.0357727646827697,0.042529811067738545,1,0.08684969165599235,0.027809402399776837,30,0.5956710338592529,0.004614257721909363,3,0.08417905053604073,0.026244556221081725,50,1.3160937666893004,0.012548005181435508,3,0.07229290367665833,0.02113245708775358,100,1.3973221063613892,0.010249695515953687,2,0.062089861568210815,0.014650916034160829,200,3.9781429886817934,0.040161968248392965,1
xomo_osp,10000,0.06166091195057878,0.02034379796054399,30,0.5515649914741516,0.04288240713934248,2,0.04707123202488727,0.011577198066981206,50,0.8134209156036377,0.014862043494875282,1,0.03968306329833478,0.00792778964178269,100.0,1.9820472717285156,0.20744830972130288,1.0,0.033292689420650536,0.004176971035612073,200,3.985816216468811,0.2996896185644098,1,0.07249659340521082,0.02429297591842036,30,0.5884273529052735,0.007962593326714148,3,0.06947392856460174,0.023226984920126443,50,1.0056445837020873,0.010760976708123347,3,0.05981178394264747,0.018942959111886298,100,1.4730818629264832,0.016921134503384717,2,0.050206952201719925,0.01425257438755374,200,4.190004742145538,0.05554809450149837,1
xomo_osp2,10000,0.18282863589886594,0.020336236128741345,30,0.5892691612243652,0.0681572536708004,2,0.17280573095447496,0.015431698486156694,50,0.4921509146690369,0.009442526515638632,2,0.1589240207740134,0.00821189209895312,100.0,1.0652997732162475,0.038052437984602165,1.0,0.15031120536906337,0.006537288770239502,200,2.2189686059951783,0.11869184379492931,1,0.19817127298258458,0.023660266096216857,30,0.565599513053894,0.012315059037077542,3,0.1915343744330797,0.02172343909670707,50,0.9958835482597351,0.010492275008351778,3,0.18396559357413655,0.016762560888383123,100,2.0247031688690185,0.021715031082194768,2,0.17501564791955274,0.01281701421809165,200,3.936949038505554,0.032206517992240245,2
