Dataset,Rows,GA-30_mean,GA-30_std,GA-30_budget,GA-30_runtime_mean,GA-30_runtime_std,GA-30_tier,GA-50_mean,GA-50_std,GA-50_budget,GA-50_runtime_mean,GA-50_runtime_std,GA-50_tier,GA-100_mean,GA-100_std,GA-100_budget,GA-100_runtime_mean,GA-100_runtime_std,GA-100_tier,GA-200_mean,GA-200_std,GA-200_budget,GA-200_runtime_mean,GA-200_runtime_std,GA-200_tier,PSO-30_mean,PSO-30_std,PSO-30_budget,PSO-30_runtime_mean,PSO-30_runtime_std,PSO-30_tier,PSO-50_mean,PSO-50_std,PSO-50_budget,PSO-50_runtime_mean,PSO-50_runtime_std,PSO-50_tier,PSO-100_mean,PSO-100_std,PSO-100_budget,PSO-100_runtime_mean,PSO-100_runtime_std,PSO-100_tier,PSO-200_mean,PSO-200_std,PSO-200_budget,PSO-200_runtime_mean,PSO-200_runtime_std,PSO-200_tier
BDBC,2560,0.0029834210098978247,0.0015264574445427387,30,0.1580180168151855,0.0064703049695351,3,0.0021350007288892152,0.001293369661865449,50,0.23156582117080687,0.008506116025862936,2,0.00093860247118594,0.0009246732242376937,100,0.5290862321853638,0.021325718426552263,1,0.0003943542631523,0.00059316234079954,200,1.0696311473846436,0.04869544124242301,1,0.00340016760176777,0.00213687111675594,30,0.12638083696365351,0.015528750136218659,3,0.0033828649201281596,0.002134945970275058,50,0.13210941553115843,0.02292428382325778,3,0.0033828326217793052,0.002134947967979391,100.0,0.15372849702835084,0.02700126089375487,3.0,0.0033828326217793052,0.002134947967979391,200.0,0.1683056831359863,0.029728958841186388,3.0
Health-ClosedIssues0000,10000,0.2588198978739998,0.1320836464885602,30,0.36187076568603516,0.02520378888943645,2,0.22752210629659841,0.1278340680375969,50,0.48989189863204957,0.06192521844072543,2,0.19219972406314406,0.09044029609492961,100,0.6917223930358887,0.08342274259798599,1,0.16047794848542157,0.04331941611130413,200,1.227154541015625,0.19257512444133204,1,0.16246125041005,0.023606350547227473,30,0.4028343439102173,0.0024856453102039236,1,0.15291933192519877,0.019598381461979925,50,0.6727465987205505,0.007506993759686645,1,0.14429177927164377,0.014909257776831613,100.0,0.9931345224380493,0.013190362928321882,1.0,0.1414969926506619,0.01256538846429565,200.0,1.5716559171676636,0.25522217352921056,1.0
Health-ClosedIssues0001,10000,0.45565836292528655,0.013926539512743042,30,0.3724873423576355,0.033984364345689466,3,0.4527338969751174,0.01523564403901987,50,0.4818058371543884,0.05710950701840426,3,0.44847415381852773,0.014470009412601018,100,0.7281455397605896,0.08531349891510892,2,0.4452134759242362,0.01852806614882667,200,0.9914820671081543,0.18792054998266397,2,0.4537448022675794,0.021893314747669576,30,0.4470015406608582,0.001873443290006218,3,0.44551199348583037,0.02479387755795187,50,0.7508987545967102,0.010755719516179821,2,0.43598328643646234,0.027796362715214608,100.0,1.8281535506248474,0.06126120830696362,1.0,0.429007870262952,0.030409507228716815,200.0,2.807637119293213,0.36325058623132195,1.0
Health-ClosedIssues0002,10000,0.17417322464732898,0.021881627647392984,30,0.37493215799331664,0.030299734092888563,2,0.16906768507980874,0.03054676894584777,50,0.5466165661811828,0.0572798613631606,1,0.1674466332962649,0.031122855801134535,100,0.774833369255066,0.1598423216174127,1,0.1644391708768713,0.033117982447363935,200,1.2265480518341065,0.30940441016287645,1,0.17720215345644086,0.00828095367099435,30,0.44342650175094606,0.0038766047830387828,2,0.1676877655369384,0.03243719270978591,50,0.976810896396637,0.016318905746066835,1,0.1645233680515923,0.03279112399298448,100.0,1.5215497255325316,0.1098760623681936,1.0,0.15564790328317984,0.03770030375580231,200.0,2.7929624795913695,0.29653596314424424,1.0
Health-ClosedIssues0003,10000,0.23982146947901586,0.040154186592414334,30,0.424686861038208,0.056666807357490946,3,0.22890868268945025,0.04257796678565227,50,0.5211819410324097,0.06461910217694801,3,0.20728513788458675,0.05192693889205292,100,0.7785302877426148,0.08473562274120697,2,0.2000564155534724,0.055203830006184125,200,1.1954952836036683,0.1311991257068031,2,0.20578794911683027,0.04839983341321692,30,0.4599172592163086,0.011460354997981,2,0.1817870570812793,0.03957367072883111,50,0.752589762210846,0.01145471942675785,1,0.1601879731106566,0.025218040296663895,100.0,1.2081410765647889,0.14217627879852213,1.0,0.1443189439622469,0.014076575033507536,200.0,2.9031240344047546,0.25536486000579056,1.0
Health-ClosedIssues0004,10000,0.2925302350081319,0.009015577515896912,30,0.33629956245422366,0.03725051916148048,2,0.29012099096427296,0.009532158324533415,50,0.5094651699066162,0.059387758302064546,2,0.28618979412801615,0.009342939416435842,100,0.7133351564407349,0.07728988324434939,2,0.28143518214327495,0.010084062251438937,200,1.1876645922660827,0.1258595849614424,1,0.28907308357893563,0.013715261469489353,30,0.5201995015144348,0.046970418469223764,2,0.281378644110092,0.01323408298385011,50,0.6793420195579529,0.024366733410815085,1,0.27574795071456665,0.011171847947846631,100.0,1.2941222190856934,0.10404091270298559,1.0,0.2701405479566527,0.008282556658311829,200.0,2.888303518295288,0.4030921824343331,1.0
Health-ClosedIssues0005,10000,0.2405946151174115,0.004340563463358004,30,0.3385114908218384,0.029190960043620578,2,0.2385119676410244,0.005727504559291126,50,0.4917960286140442,0.06986272216513482,2,0.23618321729955918,0.007166833543916878,100,0.6849908351898193,0.07225565363511913,1,0.23389443658641623,0.00813628714603755,200,1.525670337677002,0.1578288325086669,1,0.23963652542533792,0.00560308600047907,30,0.46207101345062257,0.004188953279641858,2,0.23773768448416233,0.006063123185267113,50,0.7729224801063538,0.006164019087798756,2,0.2348813173216099,0.005916095448798477,100.0,1.221082079410553,0.13844276165422506,1.0,0.23325181954915086,0.005937068080963881,200.0,2.3525110363960264,0.18247871147817912,1.0
Health-ClosedIssues0006,10000,0.11858097434637387,0.011751263053169198,30,0.3858893394470215,0.03226314309956979,3,0.11401550386672014,0.01051763124457369,50,0.5241938829421997,0.05867004579923783,2,0.10541411476166496,0.011952451437197458,100,0.673925232887268,0.07664069915203806,1,0.1021737448486627,0.01222479280750642,200,1.333925712108612,0.17394009952522316,1,0.11902278273763471,0.019019935914306643,30,0.4722696185112,0.003964605841140416,3,0.10984707295424748,0.01258956146418733,50,0.8884963274002076,0.04128071346662578,2,0.09989918227042045,0.01436673836221471,100.0,1.335849368572235,0.19342358797529985,1.0,0.09416393394163533,0.014249709615193087,200.0,2.417663836479187,0.45556006121465187,1.0
Health-ClosedIssues0007,10000,0.5457349928129811,0.06420998094848367,30,0.32729804515838623,0.024321321011336532,3,0.524212352639156,0.08330999209418076,50,0.5699422240257264,0.057773146558409774,3,0.5034454948278959,0.09225264108503776,100,0.6647488117218018,0.085757959545254,2,0.48213263746395063,0.1018743664321455,200,1.5289925932884216,0.2515403543559516,2,0.5175254478472487,0.08315186342264237,30,0.5869518876075744,0.010958659270798586,3,0.46241660459046746,0.10943669388164183,50,0.9280233025550843,0.07341827273634272,1,0.4301383027477014,0.1183462359328965,100.0,1.2027405023574829,0.25617700679331584,1.0,0.4230171822711718,0.12154241584092534,200.0,1.9760562419891357,0.7343849043041984,1.0
Health-ClosedIssues0008,10000,0.3113649753841637,0.07142041706605931,30,0.4834609627723694,0.04592404054165092,2,0.29070535489275245,0.06605766910801815,50,0.5918234586715698,0.062067125662191316,2,0.27525221981585973,0.0645465054105221,100,0.8618613243103027,0.09234522452560522,1,0.2690132363277674,0.06398064976795596,200,1.4884711146354674,0.1619109414721112,1,0.2747541228279948,0.02515230312723741,30,0.5517386078834534,0.02722982570728172,1,0.25906738042694866,0.018083218096511255,50,0.5197948217391968,0.010994808995070422,1,0.24900553215621488,0.01595718635762181,100.0,1.5030404210090638,0.11979671152754671,1.0,0.24409908782874346,0.01329856102660735,200.0,4.3135711312294,0.47232787983440727,1.0
Health-ClosedIssues0009,10000,0.38078045774294644,0.06948734764838918,30,0.4655707120895386,0.04372343324725625,3,0.3657319327003529,0.07013128513917376,50,0.6443840980529785,0.08829143621826892,3,0.35340132380264505,0.07339504214101462,100,1.0143664240837098,0.1256067979269361,3,0.32741012457463187,0.07053390372911941,200,1.4776697874069213,0.22073299295464432,2,0.3254036295151357,0.07532139650285374,30,0.3083476543426514,0.002157789582643529,2,0.28438663272042985,0.060664337438611604,50,0.9975992202758789,0.04228364802193406,1,0.25116207850909367,0.015603958276607077,100.0,0.9899099111557007,0.16277053491081872,1.0,0.24511884421027225,0.007781540656928413,200.0,1.4695609927177429,0.5329344678139737,1.0
Health-ClosedIssues0010,10000,0.4855770545685688,0.007079004401235799,30,0.4736698269844055,0.051580463330164056,2,0.4822927584491513,0.009967633791100031,50,0.6751392483711243,0.08836075279050394,2,0.47806902211143,0.010460738700287962,100,0.778400993347168,0.07818651597643989,1,0.4762059198295997,0.010873533699643795,200,1.5286200642585754,0.15569515331457515,1,0.4856254987124692,0.00829915264253748,30,0.5842599987983703,0.011948828480001932,2,0.4823334239448619,0.008974322067893989,50,0.9431380510330201,0.011149725447544384,2,0.47416154379257225,0.011639354872739344,100.0,1.0034124612808228,0.03511106640457472,1.0,0.4701170828880993,0.010697261118567957,200.0,4.3864482045173645,0.24620456423475184,1.0
Health-ClosedIssues0011,10000,0.05692358489770409,0.05751394282410382,30,0.3984596848487854,0.03455929352203897,2,0.047240113737716305,0.057661567564920954,50,0.6031873226165771,0.06126417716312134,2,0.030191913157581723,0.03547944605933221,100,0.9187061786651611,0.09999260744872787,1,0.021900747296331534,0.034232494655788225,200,1.3623638510704041,0.13699271163287322,1,0.054727421319181756,0.050532824943200355,30,0.4026386022567749,0.003580906301742123,2,0.029064098094686103,0.03864778765177889,50,0.7842666983604432,0.025078544849425732,1,0.010343415230766585,0.014615204817448848,100.0,2.0194377064704896,0.05281406498625237,1.0,0.008612117120917778,0.014421478627102411,200.0,3.7792304039001463,0.12449893934110476,1.0
Health-ClosedPRs0000,10000,0.0,0.0,30,0.30722029209136964,0.02295798486093568,1,0.0,0.0,50,0.537055778503418,0.03641687276997553,1,0.0,0.0,100,0.6324253559112549,0.11176191513756499,1,0.0,0.0,200,1.5574162483215332,0.11948060262208375,1,0.0,0.0,30,0.34649966955184935,0.004888445840987482,1,0.0,0.0,50,0.6437401413917542,0.01053043811830232,1,0.0,0.0,100.0,1.1463876247406006,0.009514950998465272,1.0,0.0,0.0,200.0,2.349835216999054,0.010122661381812868,1.0
Health-ClosedPRs0002,10000,0.02112422895040175,1.9059202359400131e-16,30,0.40278284549713134,0.03380318377063775,2,0.02112422895040175,1.9059202359400131e-16,50,0.6014116644859314,0.05100262169632658,2,0.02112422895040175,1.9059202359400131e-16,100,1.0989955425262452,0.09259869899237261,2,0.02112422895040175,1.9059202359400131e-16,200,1.838417410850525,0.19666580863135297,2,0.02112422895040175,1.9059202359400131e-16,30,0.47042858600616455,0.01354465217131605,2,0.02112422895040175,1.9059202359400131e-16,50,0.7562434077262878,0.010684092003275488,2,0.02112422895040175,1.9059202359400131e-16,100.0,1.7376758933067322,0.04633218780725769,2.0,0.020968427541655902,0.00047965401413825853,200.0,3.219956159591675,0.1488026012779558,1.0
Health-ClosedPRs0003,10000,0.08308326937186843,4.53772609952458e-05,30,0.41014963388442993,0.039814481621795884,2,0.08308326937186843,4.53772609952458e-05,50,0.5883273363113404,0.06131571950106655,2,0.083060942499445,0.0001452260699227354,100,1.1306310892105103,0.1759025706622295,2,0.08305548708011541,0.00014563506010637135,200,1.427949321269989,0.2725720129952648,2,0.08306859963433172,9.550018837741373e-05,30,0.48908478021621704,0.01103976723850422,2,0.08306693634065913,9.611443445091022e-05,50,0.939457106590271,0.029258050820893274,2,0.08305814450018256,9.843453414945946e-05,100.0,1.531432294845581,0.15428269880405535,2.0,0.08283068598298962,0.00046615598212556566,200.0,3.0804282903671263,0.35833317018860383,1.0
Health-ClosedPRs0004,10000,0.45448345207971175,0.14061321658989973,30,0.4425928592681885,0.042604161890672114,3,0.4187102244274345,0.1231654837280652,50,0.5879401564598083,0.0657653193095747,3,0.3805519965546347,0.12383792375669742,100,0.7003317713737488,0.1132369922194632,2,0.36903727084700666,0.11851237791307284,200,1.0956770300865173,0.15727573118469998,2,0.36125547571242833,0.11766463671691983,30,0.3000466346740723,0.003845440847856424,2,0.30841546353214944,0.07845471105566078,50,0.5375490665435791,0.030028786249803895,1,0.2855231606655969,0.00967016007915782,100.0,1.5786893367767334,0.20317383293208174,1.0,0.2825180002112452,0.007156826552906758,200.0,2.9257997989654543,0.5645369059417271,1.0
Health-ClosedPRs0005,10000,0.00323215985515165,0.004815842210698839,30,0.46730221509933473,0.04149083269804078,2,0.0020671604998551882,0.004388337041470428,50,0.56456059217453,0.08775864923027275,2,0.001130268499831722,0.0026851280133024353,100,0.8195247888565064,0.11926713400635595,1,0.00079831620415775,0.001871587031700258,200,1.375444734096527,0.1803762639315084,1,0.0014885966640536266,0.0040904737959492465,30,0.4660868883132935,0.007802821622303301,1,0.0009985947199816986,0.004048019995260112,50,0.5116507053375244,0.014915121171803908,1,0.00048470205818784966,0.0019299222695123072,100.0,1.523836040496826,0.17546498930117962,1.0,0.00021983375820131814,0.0007688229524572989,200.0,2.810558795928955,0.3129215048250524,1.0
Health-ClosedPRs0006,10000,0.4173123216823596,0.14271341616364472,30,0.38938751220703127,0.03333486929519147,2,0.373164668935595,0.1787315256716238,50,0.4487565040588379,0.05462934115555678,2,0.31841910350866426,0.19763994857855363,100,0.6953772902488708,0.10296566420849877,2,0.255924739939029,0.18277843302337107,200,1.1706446051597594,0.19617919207887233,1,0.22557134175029595,0.18348609493632492,30,0.46990797519683836,0.00815834326545993,1,0.1533517807020865,0.15387797352977728,50,0.7054710388183594,0.037501135380351346,1,0.10885007978875234,0.1389296468510617,100.0,1.2677817702293397,0.12935672835083112,1.0,0.09628755025836784,0.14232728535189432,200.0,3.3672889113426208,0.4421188185265602,1.0
Health-ClosedPRs0007,10000,0.16089479793300382,0.11693647407004715,30,0.36205599308013914,0.03563557587132347,2,0.1420375642979245,0.11853285779538666,50,0.3354195594787598,0.04595620503525435,2,0.12070258560627334,0.11267828673300503,100,0.5028701305389405,0.07382177612708868,2,0.10126049163178852,0.10769385211860917,200,1.3867536425590514,0.18434527315794613,2,0.10743599303539324,0.10106441012046591,30,0.5471264481544494,0.008934037283369901,2,0.0436466419533104,0.044130473180707626,50,0.49677534103393556,0.010210343230989006,1,0.02276945441228031,0.015388945091917036,100.0,3.311468207836151,0.2547194874295752,1.0,0.01932872842885251,0.013905538527351788,200.0,3.4005688309669493,0.40038780575803257,1.0
Health-ClosedPRs0008,10000,0.6804556814035181,0.11672683480134415,30,0.35084607601165774,0.04527806258325649,3,0.6475438981529955,0.10316882173383857,50,0.5024765133857727,0.06781581891341174,3,0.5695723056201712,0.17492344152143532,100,0.812368643283844,0.10687465441857899,2,0.5062660369824811,0.2017599982627211,200,1.0165672063827516,0.15017129901923387,1,0.5576964136362242,0.12627331232457079,30,0.30874587297439576,0.004923288466971367,2,0.4507049359345726,0.17394344733742115,50,0.523919141292572,0.041166032643355575,1,0.41551516594012694,0.19070314132406876,100.0,0.8853743314743042,0.22077849031838748,1.0,0.4139035651532866,0.19156863527327325,200.0,2.4730019211769103,1.1422557951300678,1.0
Health-ClosedPRs0009,10000,0.5804387788965306,0.13402141071668136,30,0.36656365394592283,0.025433190541023897,2,0.5599624906135323,0.1454042159800407,50,0.4933371663093567,0.050974357131568046,2,0.5164829062130264,0.16042776833685418,100,0.6976747632026672,0.06272771435896907,1,0.49033866625274225,0.1704976542823112,200,0.7775445342063904,0.08930217667775625,1,0.5855812691741719,0.139434069840827,30,0.32018495798110963,0.004663338685126694,2,0.5308717370911491,0.16271748261077654,50,0.7274855136871338,0.07021881223611702,1,0.4850391701888855,0.17486939197552107,100.0,1.2872346758842468,0.17402231297027676,1.0,0.4810666145335879,0.17655447388116743,200.0,2.339808797836304,0.5457193294440273,1.0
Health-ClosedPRs0010,10000,0.46179728081748916,0.10349040098520479,30,0.3683691143989563,0.0350601899293827,3,0.44474877548428776,0.11480857937526254,50,0.521983802318573,0.07592541912433855,3,0.4072130411426844,0.13257997912483352,100,0.7225274801254272,0.10155644851428468,2,0.3851992412210279,0.1381041559249868,200,1.302058219909668,0.24019442492615178,2,0.36398041623889565,0.13597995634200835,30,0.4071220397949219,0.0054274977430695225,2,0.326472973056087,0.13322522860351765,50,0.6599358081817627,0.03468860968301057,1,0.294569167761235,0.11544673483245267,100.0,0.958400285243988,0.1096047920840588,1.0,0.27184337681707654,0.10128558175406059,200.0,2.573913264274597,0.4592781897225819,1.0
Health-ClosedPRs0011,10000,0.0,0.0,30,0.339924693107605,0.023962502037355532,1,0.0,0.0,50,0.6055276274681092,0.050282892664561214,1,0.0,0.0,100,0.9427435874938965,0.13046574209902603,1,0.0,0.0,200,1.6604655742645265,0.2509362504644289,1,0.0,0.0,30,0.39955190420150755,0.00528019731175252,1,0.0,0.0,50,0.667655861377716,0.008183934121452003,1,0.0,0.0,100.0,1.3363574028015137,0.014617375905288846,1.0,0.0,0.0,200.0,3.593744623661041,0.18335815907904854,1.0
Health-Commits0000,10000,0.2607784692978585,0.10041754553847601,30,0.34169195890426635,0.027399745895720938,2,0.24964546801210674,0.0962676896876049,50,0.44949541091918943,0.05258113760317919,2,0.20636539995987505,0.0806337083765342,100,0.5176278233528138,0.06402439705070553,2,0.16248456703071304,0.073698974076075,200,1.2185954332351685,0.14899912688950248,1,0.17019238556494468,0.06337471026556862,30,0.46382339000701905,0.003996519295391594,1,0.15915321296579843,0.05639204126947618,50,0.7400190472602844,0.013816652230993057,1,0.14932119734776061,0.06102243984208811,100.0,1.3213041782379151,0.08721442548218393,1.0,0.14568263438256965,0.06052661430016248,200.0,2.5513930201530455,0.3734482794393718,1.0
Health-Commits0001,10000,0.16494817947313994,0.00011703318580429014,30,0.36868287324905397,0.029029479718378732,2,0.16473614980632226,0.0008768793557572816,50,0.33631694316864014,0.03307891004594283,1,0.1647349623083564,0.0008765543139278962,100,0.5250827074050903,0.04583949803626815,1,0.16473496230835638,0.0008765543139278896,200,0.8017682194709778,0.10448993008149308,1,0.16496231242538753,2.150984823944601e-05,30,0.4549585223197937,0.003979832815802519,2,0.16461133773401088,0.0010553807090559575,50,0.5514799952507019,0.006650237317852451,1,0.16458801189401032,0.001119241463482195,100.0,1.020308291912079,0.03604790321898038,1.0,0.1645795384544153,0.0011194678076791329,200.0,2.3285526633262634,0.28830017180083545,1.0
Health-Commits0002,10000,0.47883846542375147,0.0731319591675455,30,0.2596988081932068,0.01973432996375715,2,0.4659127964542066,0.0887722544377039,50,0.5261744976043701,0.053736738770429726,2,0.45785603058639734,0.1038059534874523,100,0.8874703407287597,0.12356356212414459,2,0.4497044959990598,0.11011997112517057,200,1.6813711404800415,0.31713112104890506,2,0.4776509133659953,0.07615985575983444,30,0.29866847991943357,0.004580888516926551,2,0.4590704961816165,0.09027058791003202,50,0.5305930852890015,0.024816472162437916,2,0.4008791701307864,0.12425127202762289,100.0,0.982473886013031,0.09200311283444176,1.0,0.33276368636787124,0.13795684115807394,200.0,1.4389159440994264,0.4320075503006589,1.0
Health-Commits0003,10000,0.3783903721957213,0.04963193848923369,30,0.25525790452957153,0.020378403025711627,2,0.3663683747809095,0.0459428191052568,50,0.34374178647994996,0.03772747636652223,2,0.32698543631374727,0.05294265244815842,100,0.7740649461746216,0.1016222152016387,1,0.3085258616910855,0.05226025655061915,200,1.0575012922286988,0.11414868348914615,1,0.3494359881619529,0.04202698480502926,30,0.3025655150413513,0.002547747129272863,2,0.32908802082510136,0.045024321320022646,50,0.7887949466705322,0.02021963386078806,1,0.3061463183717793,0.05375916649663952,100.0,1.4854283690452577,0.20009426253392698,1.0,0.28965500109020037,0.05717700034542899,200.0,1.532661497592926,0.3909555801158654,1.0
Health-Commits0004,10000,0.22576106968639062,0.002092712201975418,30,0.40503391027450564,0.042800894102203155,2,0.22558683257038545,0.0020643618116724218,50,0.669797158241272,0.086259575332243,2,0.22535082258177605,0.002066525973465553,100,0.49072039127349854,0.054162069578628874,2,0.22520182919849613,0.0021376605229991835,200,0.7866684913635253,0.07919543592704972,2,0.22460184275750344,0.0033935987360933606,30,0.4246274471282959,0.008502098626327313,2,0.22017930273334688,0.009633185481665389,50,0.4898570656776428,0.02196348998675245,1,0.2181715672322952,0.010478871196585112,100.0,1.2421025395393372,0.23884679050410484,1.0,0.21640023695465813,0.011682953100507192,200.0,2.995241606235504,0.6101852181308866,1.0
Health-Commits0005,10000,0.23338975304580858,0.08141796640234387,30,0.38888121843338014,0.03773180166445852,2,0.1954841507856639,0.022251349867720236,50,0.5227438926696777,0.07889640799426817,1,0.1856713555075556,0.02227856552439087,100,0.7948144555091858,0.11017821908036209,1,0.177852771936997,0.020526893358183328,200,1.1384329080581665,0.1276696728073492,1,0.20576694471885154,0.0247645194151659,30,0.31463404893875124,0.0030906777307793377,1,0.1944819146758576,0.02446348987674934,50,0.5193217635154724,0.003920142439297934,1,0.18303140283810893,0.026074750993425825,100.0,1.0573839664459228,0.05609746020327474,1.0,0.17752703155629562,0.024201864282403854,200.0,2.4734131574630736,0.24569093061768923,1.0
Health-Commits0006,10000,0.29682116794387825,0.015061114957638644,30,0.3523368716239929,0.03768865256799353,3,0.29179653253579424,0.016263668231630404,50,0.36629310846328733,0.05474503235896985,3,0.2808691937953892,0.025058047360923517,100,0.5292418956756592,0.06418177532361864,2,0.27177720857708226,0.025725735422261052,200,0.7964710116386413,0.07771069262572558,1,0.28440080211303725,0.026140331893990235,30,0.31587847471237185,0.007772255756505773,2,0.2701941210966686,0.03233426657018998,50,0.4883693218231201,0.052386540056994516,1,0.2600385803981879,0.03305103578466362,100.0,1.198129904270172,0.2661271801558045,1.0,0.25274249816350436,0.03242040316049632,200.0,2.7770449995994566,0.8733487077845914,1.0
Health-Commits0007,10000,0.2523585919146403,0.07616110876051048,30,0.2546120762825012,0.021072313898469475,2,0.24358954647451272,0.07031000902454225,50,0.6256483435630799,0.07693057261021705,2,0.2253614741845646,0.06273579847756895,100,0.9430348753929139,0.13669232061545186,2,0.21885095909951469,0.06322328766189136,200,0.7833952903747559,0.08928388467935862,2,0.2016037318926967,0.026359451005439048,30,0.3120866060256958,0.0017344977906114546,1,0.19761766254080604,0.027526784436807707,50,0.9791999816894531,0.05619781246782147,1,0.18537263892820804,0.0260581084744448,100.0,0.9808330655097961,0.05105558638051283,1.0,0.17799935850683474,0.02455747147176098,200.0,1.8934942841529847,0.2545610353280103,1.0
Health-Commits0008,10000,0.38868108796184037,0.024964753049949426,30,0.49957784414291384,0.052887909352774265,3,0.37723940524668065,0.03041261861626211,50,0.5464376211166382,0.07252236493339187,3,0.3665742053236539,0.032671661905915174,100,0.502273416519165,0.060600480678599064,2,0.3604753339656681,0.03601839340067042,200,0.7437828660011292,0.10243961249278125,2,0.3664522893550763,0.033229148147520114,30,0.3030000805854797,0.003246185022038081,2,0.3444769457689582,0.042400071704566736,50,0.5230636477470398,0.031123206237453606,1,0.3313046775013946,0.04374833889067945,100.0,0.9398550391197205,0.11547152403102288,1.0,0.3184044074689435,0.041202338239389145,200.0,1.403092896938324,0.4042564966761775,1.0
Health-Commits0009,10000,0.13840237108808492,0.005371115520022319,30,0.38547390699386597,0.032454851947416985,2,0.1355348272326382,0.005819817984468303,50,0.3724146127700806,0.044104848180740334,2,0.13175851148290632,0.0070241869315977225,100,0.916047191619873,0.07776888843726941,1,0.12964767174006997,0.00712013908025235,200,0.8189296841621398,0.06812130398300505,1,0.13704508851471453,0.008234634109645964,30,0.559257197380066,0.004235419606132559,2,0.13465744858259365,0.008516719955308897,50,0.5034944176673889,0.01581997592686401,2,0.1321664244223698,0.009111315824838071,100.0,1.4961316585540771,0.12575097477952968,1.0,0.12852862125496187,0.009227421380728101,200.0,1.6268143892288207,0.2913602989962347,1.0
Health-Commits0010,10000,0.3077262957047731,0.021287655691731133,30,0.5201280951499939,0.04653951198989069,3,0.3031816680300709,0.02203605072984415,50,0.4808863639831543,0.058676929640822745,3,0.29989653747779244,0.02363627158423397,100,0.7894100546836853,0.08049407575243271,2,0.29548170117831957,0.024864654609899832,200,1.4048534750938415,0.17572964228150412,2,0.29721975925386374,0.01724580322755924,30,0.4409435987472534,0.00582331429839353,2,0.2925061545428026,0.016410364356402994,50,0.8551729559898377,0.05396921511004148,2,0.28599970416320275,0.01571520896862741,100.0,1.240376055240631,0.173962879971582,1.0,0.27820717176613863,0.013785696834233007,200.0,3.861059617996216,0.04003460334099654,1.0
Health-Commits0011,10000,0.060133200569216186,0.06624195112683705,30,0.36357357501983645,0.039872417956370754,2,0.050249722349688275,0.05909885325900729,50,0.4987256288528442,0.07713090072098197,2,0.034069053322253344,0.04749362245346199,100,0.7376489400863647,0.09300709671675242,1,0.025568368403176955,0.0356781669133888,200,1.0762908935546875,0.11145857163051723,1,0.045710511946630686,0.060989078182830045,30,0.30682973861694335,0.003311791792044737,2,0.025122900894642447,0.043815799493095914,50,0.7664007306098938,0.032557338380619236,1,0.013442886710157375,0.035378422559543356,100.0,1.2660699963569642,0.17241089004763313,1.0,0.01280114715334148,0.035521179387852556,200.0,2.587787628173828,0.24566938149098394,1.0
LLVM,1024,0.07245909534433033,0.06361230490132404,30,0.15367277860641476,0.01535452704414182,2,0.04711786518839344,0.005931852388250579,50,0.16624416112899779,0.017618691833777473,1,0.04217794454095022,0.002386951913822074,100,0.2985353708267212,0.028284254928897336,1,0.04144539584028979,0.0018629333878763226,200,0.28767675161361694,0.023912769446996492,1,0.08724271729242515,0.08311871309505724,30,0.0888158559799194,0.011762617497090497,2,0.08684892764244426,0.08333393762026181,50,0.10837683677673338,0.01622821099715742,2,0.08432024634248222,0.08419616130392439,100.0,0.0968703746795654,0.013069708042347873,2.0,0.08292300727513642,0.08270229229517777,200.0,0.077540111541748,0.010488842060635134,2.0
SQL_AllMeasurements,4653,0.2958715628595297,0.05235270479822296,30,0.13923026323318477,0.0030500946617375013,3,0.2654479725650333,0.04593131017564234,50,0.16609539985656735,0.001819309955436146,2,0.2356709333278638,0.034077198431809085,100,0.6262569069862366,0.0072272819587970785,1,0.2090703413346376,0.01747456569083641,200,1.3303794145584107,0.007919188199954979,1,0.30378800152905494,0.03429022655061545,30,0.13727984428405757,0.007987348813701006,3,0.2926306325927931,0.042848430970379305,50,0.19808282852172848,0.035950506479645476,3,0.2913850443838787,0.043279180152405575,100.0,0.1461544871330261,0.03083421106202011,3.0,0.29003777252235213,0.04215834259023864,200.0,0.213578450679779,0.04486656481898777,3.0
SS-A,1343,0.4470021728226155,0.2410302394587213,30,0.18026871681213374,0.02450152465528913,2,0.44353096482911997,0.24523540308942893,50,0.47382029294967654,0.0559604681870216,2,0.43591288309633314,0.253910660812596,100,0.30521851778030396,0.03379910225438197,2,0.4043531348029969,0.26660664614696156,200,0.5057499289512635,0.061136711949327384,2,0.20791272999885146,0.21106201676423203,30,0.28525055646896363,0.014116901873923655,1,0.13828896390928028,0.1644570000236387,50,0.5179955959320068,0.09245645322839716,1,0.09364485040799375,0.1263278553890467,100.0,0.38140482902526857,0.11938375110782354,1.0,0.08224372084281623,0.13001267517492068,200.0,0.6716776847839355,0.3085292171098758,1.0
SS-B,206,0.2523878380549205,0.0951791299637478,30,0.12918224334716794,0.018341804895722017,2,0.23325010610459146,0.09845406085427288,50,0.19096685647964476,0.029533745585608385,2,0.1839769319995072,0.06374634174520273,100,0.24874491691589357,0.04901570547291501,1,0.15063411361572307,0.021520663034422318,200,0.42885431051254275,0.10363609475885349,1,0.1642963253459615,0.07486366440403745,30,0.24277054071426388,0.02684043007412803,1,0.1477547496581419,0.03309930871153988,50,0.3728524804115295,0.06547388224603291,1,0.14074529823304904,0.004695592874377442,100.0,0.3674253344535828,0.08101468564568114,1.0,0.14055136168281696,0.004416595865941177,200.0,0.27351127862930297,0.06150861006283956,1.0
SS-C,1512,0.5157347292513601,0.2127387277253219,30,0.13182853460311889,0.014043932360783452,3,0.42611684565910374,0.2684194612568428,50,0.22723511457443238,0.023671111473647692,3,0.3345015254412397,0.289301481558401,100,0.3455704808235168,0.044802472088190166,2,0.30851545500859806,0.29196849305903927,200,0.27245631217956545,0.040605879890519524,2,0.1892135256617813,0.18247487360684114,30,0.19138047695159907,0.011649544978992217,1,0.12673770657767305,0.13415986230000929,50,0.2527116060256958,0.046431375829837,1,0.12532443133098567,0.1344575440928097,100.0,0.5559846878051757,0.20146926253355327,1.0,0.09474159019336043,0.006019850020593988,200.0,0.4791535496711731,0.3106696940423992,1.0
SS-D,196,0.4510422692758592,0.009187260214517106,30,0.1639505863189697,0.015046224725882235,3,0.450852997206864,0.009047969776194958,50,0.20987721681594845,0.024478242243840393,3,0.4506404098568876,0.008984450483723082,100,0.29931843280792236,0.0357705060064824,3,0.4493742374434165,0.013495628843631771,200,0.4100960612297058,0.049964639888143106,3,0.43819332914328096,0.02609791317372287,30,0.268330442905426,0.008070212186577774,2,0.4298921085876328,0.031365263518976866,50,0.43746224641799925,0.02005844515455235,1,0.4227935493699168,0.03350234202478282,100.0,0.9859947443008423,0.05150292557292022,1.0,0.4226485223276845,0.03365981518354713,200.0,1.1347895622253419,0.16825560134383957,1.0
SS-E,756,0.1842578676167461,0.04310842691414772,30,0.17143887281417844,0.026337779766896715,2,0.17612771991416556,0.040145979512803555,50,0.20159833431243893,0.03152202153408409,2,0.17048859509195058,0.036031576204962244,100,0.32806156873703,0.05117583456734802,2,0.15681101496989577,0.010909333534058914,200,0.5699116349220276,0.07004859637115636,1,0.15953507007834597,0.014058305679611914,30,0.31828410625457765,0.01080210487455671,1,0.1533634004962249,0.007404003216726883,50,0.4133306384086609,0.029121835407513216,1,0.1505240129096112,0.003430967691338548,100.0,0.9478476166725158,0.07361229666314231,1.0,0.15001959251797417,0.003049737502506603,200.0,1.6817307710647582,0.11125958158919025,1.0
SS-F,196,0.44607142153283597,0.01897006288828123,30,0.18564532995223995,0.021165040810596922,1,0.44600450267099667,0.018851640282161904,50,0.19775644540786738,0.02778158096280902,1,0.44410058989133105,0.01840724968515377,100,0.26939462423324584,0.03258512653443246,1,0.442300565454911,0.020695683087367966,200,0.46715894937515257,0.057489342194604,1,0.44322289800336295,0.017056578541643334,30,0.27669516801834104,0.006971620393232812,1,0.44243376218104424,0.018581903757298818,50,0.33353534936904905,0.020969338597274238,1,0.44105009644041154,0.019283624956624917,100.0,0.6419357419013977,0.0754614425428181,1.0,0.44061532765133116,0.020416750814901123,200.0,1.6579102158546448,0.3027251436058966,1.0
SS-G,196,0.4469692081575921,0.018786937550069462,30,0.16132290363311763,0.022382126298273144,1,0.4454296329833203,0.016604646556308993,50,0.23581163883209225,0.03497305738366874,1,0.44437766753168767,0.016053492214892502,100,0.38800802230834963,0.05532072320837549,1,0.4432311145934619,0.018727440432697116,200,0.4107197403907776,0.047569116884708586,1,0.4440734734689983,0.013614251840541405,30,0.30075708627700803,0.009004002660428924,1,0.4424709282456881,0.01614074136842018,50,0.6029233336448669,0.02906654041510681,1,0.44209681651098565,0.01724340609157805,100.0,1.1463033437728882,0.060367155748799306,1.0,0.44161470774356804,0.018693483545886073,200.0,2.227419376373291,0.16942875211697112,1.0
SS-H,259,0.5682151294800042,0.16297782347185544,30,0.1897943258285522,0.027285540337797398,3,0.5299812660669497,0.19705787819098533,50,0.2440139889717102,0.039888729083329535,3,0.41735096560535406,0.21920248360229586,100,0.3973452687263489,0.06447260833441903,2,0.31253836810068736,0.16592226778557526,200,0.42998204231262205,0.08452881196971096,1,0.32257634336891294,0.15493580630018175,30,0.1760407447814941,0.01841084689416511,1,0.29078423064729136,0.08631777406838793,50,0.32495492696762085,0.06944758072470764,1,0.27212465164497207,0.06564886265917362,100.0,0.18940637111663813,0.04208032788921088,1.0,0.27212465164497207,0.06564886265917362,200.0,0.18620157241821284,0.04093531352999208,1.0
SS-I,1080,0.12649593482497717,0.11579670957909047,30,0.16054915189743038,0.013054353144231553,2,0.10633415631033234,0.11386113752688443,50,0.22789664268493653,0.03035667276234878,2,0.09507351227970902,0.11139165305137966,100,0.5454272031784058,0.06915906807273525,2,0.09492247451277076,0.11138215104978891,200,0.9624838471412659,0.12754079876280902,2,0.05012624940174658,0.07533159448645532,30,0.21039954423904414,0.010866038515123898,1,0.04068945424189062,0.07305544288445909,50,0.4851135969161987,0.02296501536448714,1,0.03748678294183846,0.0736484160770869,100.0,0.6075603723526001,0.08837711271683585,1.0,0.03733066126650515,0.07370587403642387,200.0,1.027468490600586,0.2899624644187748,1.0
SS-J,3840,0.09125563300930507,0.046041011351562994,30,0.17265840768814084,0.012885423467812303,2,0.0842686976305114,0.034617103999133834,50,0.25453479290008546,0.022487839847872372,2,0.0747265722787104,0.004717534945183038,100,0.41407859325408936,0.037551606025971664,1,0.07437235237476354,0.004517049967593939,200,0.7672723650932312,0.07760949675306962,1,0.07450786084772068,0.0054740944298338505,30,0.2026346087455749,0.001466978877234141,1,0.07296568524747397,0.004342657964098993,50,0.3303364634513855,0.006467979507880438,1,0.07154650963676025,0.0046777852428067,100.0,0.9335926413536072,0.020485453118723043,1.0,0.07001029715655496,0.0038698955271814694,200.0,1.3492746591567992,0.025160794420986957,1.0
SS-K,2880,0.11935520810482628,0.049644882493763136,30,0.16650699377059935,0.017471830735690613,2,0.11091544242231792,0.0529114441563098,50,0.24221509695053095,0.02730109866846391,2,0.1044404081717853,0.0521750071707786,100,0.37451082468032837,0.048746245493337,2,0.09233684162809538,0.032247401302979366,200,1.1632026433944702,0.16300088067108784,1,0.09533074642853541,0.03413111819880412,30,0.2851506948471069,0.0034113653662703348,1,0.08600837646569001,0.031095049863095466,50,0.4947499632835388,0.005793160871532379,1,0.08176501779677606,0.027230596699061926,100.0,0.740417230129242,0.041753520298020916,1.0,0.08072132405802487,0.027420706528604396,200.0,1.3461057782173156,0.007243178795923662,1.0
SS-N,53662,0.16276290466272705,0.02394385815273357,30,0.1943796634674072,0.00914534431404766,2,0.15641943299823308,0.01996233310313532,50,0.36809598207473754,0.02495441469993067,2,0.13976047273743525,0.016476835457730633,100,0.6556843757629395,0.024642804274870773,1,0.13336883466044486,0.018302667602970574,200,1.299950325489044,0.036353263032112726,1,0.15470570470680753,0.024857705706203253,30,0.30912964344024657,0.005484701232100375,2,0.13697574658624417,0.028314147901703054,50,0.5109193682670593,0.004154984189628188,1,0.12120919192093285,0.02258631970102293,100.0,0.9983429789543152,0.012142194845756174,1.0,0.1155667862095946,0.01733563653417125,200.0,1.9355695962905883,0.16600321019671072,1.0
SS-S,3840,0.12337098819783765,0.06370975332193862,30,0.22980053424835206,0.019571662444082084,2,0.10504692802466305,0.07920825567917684,50,0.3735787034034729,0.043165124633754146,2,0.09662832314981247,0.07669129593606923,100,0.6245424628257752,0.08188592612203541,2,0.08630241487676882,0.07335064615143747,200,1.0304745435714722,0.12215506948132304,2,0.03722458885095921,0.027638454623768918,30,0.21147031784057613,0.006149599143434707,1,0.02792365752877572,0.027573617241456575,50,0.3614321112632751,0.0263282469592113,1,0.02789201229581826,0.027578231377773117,100.0,0.9059292078018188,0.21827583884921054,1.0,0.022717955319106885,0.021268233218471065,200.0,1.18394775390625,0.3590919247301662,1.0
SS-T,5184,0.04833709202333889,0.029384912438844505,30,0.2158791899681091,0.013629834426036953,1,0.03712269468437218,0.021981081846117984,50,0.43195300102233886,0.031067080414109053,1,0.024368881147948822,0.014488327337462723,100,0.6804270505905151,0.06051692807913385,1,0.02104617773422387,0.01332211259003915,200,1.2769373416900636,0.15112345334268015,1,0.0836908470866879,0.0614380730442907,30,0.18187046051025385,0.011054459894334874,2,0.06607381016224585,0.032524049491989546,50,0.40149749517440797,0.056847423198649265,2,0.06361440796701023,0.03485695336011161,100.0,0.6256665229797364,0.11652706040729714,2.0,0.06303913898999866,0.03523970288220016,200.0,0.5727070212364197,0.15558002054456826,2.0
SS-V,6840,0.17401278391948213,0.035206890619835444,30,0.3732725501060486,0.014196733141695443,1,0.1605473305122106,0.04429325502520942,50,0.6364100933074951,0.021842905327395527,1,0.157099060470097,0.046499620602827633,100,0.8534373283386231,0.04667279996120828,1,0.15544314326924222,0.046853321896736466,200,2.119922196865082,0.09102954583208023,1,0.15414651771869162,0.07964201260242439,30,0.32612783908843995,0.02990151635797541,1,0.15189011887518042,0.08003945095870524,50,0.7915211319923401,0.05198604762098248,1,0.15118633825404892,0.08031615033454315,100.0,0.6874565482139587,0.08080110091131079,1.0,0.15086636891373945,0.08048173159446907,200.0,2.3974653363227842,0.216762742070495,1.0
SS-W,65536,0.32738124866868495,0.014356514174544286,30,0.2877942085266113,0.011299811686613247,2,0.3070353181500871,0.018218954394125107,50,0.4029913187026978,0.025121525830797284,1,0.28803515438285415,0.01588915668321742,100,0.5750653386116028,0.04753250560032991,1,0.27456463997019587,0.011586630650465177,200,1.2384522199630736,0.15404751329723837,1,0.3422788903898169,0.03322763512770236,30,0.3285938024520874,0.0299217490213231,3,0.33629195668488715,0.031812914941431555,50,0.1922632217407226,0.024555477682656982,3,0.3269806414186843,0.03719388734752921,100.0,0.39036872386932375,0.060936842707819454,2.0,0.3257207667273182,0.037899370851116984,200.0,0.299708890914917,0.047491974749768295,2.0
SS-X,86058,0.2749362641575945,0.0764209460327559,30,0.25175408124923704,0.01216921091380738,1,0.2426086913138496,0.048165779854024364,50,0.32214070558547975,0.020286317975363184,1,0.2250608917454441,0.011393561626853961,100,0.9921570897102356,0.09331289633419469,1,0.21997462634079973,0.011029155649254939,200,1.631941032409668,0.1322261380593837,1,0.30240142116526025,0.09655735478510469,30,0.2174358963966369,0.004984541903841737,1,0.2679834581652095,0.08896665799906389,50,0.47829408645629884,0.05676263884025446,1,0.2565214366610399,0.08797263905282521,100.0,1.176229178905487,0.1937657814627883,1.0,0.25503961478431053,0.087599527780702,200.0,1.7398100018501281,0.593915999493499,1.0
coc1000,1000,0.35605302248728476,0.011859280937168433,30,0.706506073474884,0.0478063986365846,3,0.34281616934428205,0.012332379112874091,50,1.4349602818489076,0.0786446188504675,2,0.3221872308703709,0.014092888973789835,100,2.940494418144226,0.17560436142991354,1,0.3054806835470455,0.017049527777480394,200,4.539839732646942,0.4303398835796134,1,0.35071916421769145,0.012941794024843238,30,0.7117596745491028,0.014594369181685099,3,0.34069401171626446,0.011274905183520362,50,2.9823330521583555,0.0835814532022131,2,0.32815730586012215,0.013748105635934947,100.0,2.6291917681694033,0.23132074122799592,1.0,0.31606959746019625,0.015137030602370035,200.0,5.165818619728088,0.8719716910360339,1.0
dataset120,5160,0.2993729599036584,0.03803861793402116,30,0.13105115890502925,0.007244228067854649,3,0.275148308084889,0.04847535180479853,50,0.26409469842910765,0.021201456371697777,2,0.24252875992471581,0.03824695303523193,100,0.43303622007369996,0.033723612114793716,1,0.21110337385245476,0.0334045164779561,200,1.6901721835136414,0.1694978553524389,1,0.2844209906289532,0.039891018577083555,30,0.191592526435852,0.0016772109899904286,3,0.2611358547476776,0.03405597788997273,50,0.24805805683135987,0.0028275510771607624,2,0.23462550209186248,0.04254697284860257,100.0,0.5981421709060669,0.019534931366328053,1.0,0.19702611202114884,0.03315504675426941,200.0,1.1049420475959777,0.019454629133270066,1.0
dataset600,5160,0.27886794456510994,0.033440653487744776,30,0.12479538917541502,0.0069346299873840255,3,0.26023727700962607,0.03516227140545729,50,0.20207601785659784,0.013276665348855809,3,0.23368793235917845,0.02948951509761075,100,0.38591150045394895,0.01814780795139477,2,0.19964825114041446,0.037599179023653326,200,0.7008617043495178,0.03496884220958221,1,0.2750188042038371,0.034072752690590465,30,0.1394891500473022,0.0018901533508518056,3,0.2459356461649805,0.03980588842658781,50,0.23543510437011714,0.002364721424795848,2,0.20708707449563674,0.037078821128871974,100.0,0.4868077039718628,0.005380635017250223,1.0,0.16868813946416494,0.03897779295420249,200.0,0.9461963057518006,0.009888217926622275,1.0
dconvert,6764,0.015374255355459842,0.0023438224131287918,30,0.12968744039535518,0.004823834656481008,2,0.013413336204924445,0.0021791871841793445,50,0.21020376682281489,0.007907862744358236,1,0.011420865905418996,0.0013462638518894952,100,0.40345536470413207,0.012192586840079284,1,0.010715549071731912,0.0003936629737708842,200,0.7864028692245484,0.03190369598121488,1,0.01747476926664463,0.011198576744234521,30,0.1307533502578735,0.007417603271145817,2,0.015200540860228939,0.002802204978905305,50,0.17886068820953366,0.03039180854380434,2,0.01482933428932138,0.0031074926731264134,100.0,0.2627363920211792,0.06613254255713674,2.0,0.014787515184946181,0.0030626619723898387,200.0,0.3411950945854187,0.09313709377865151,2.0
deeparch,4096,0.014428649903158777,0.02803678491516054,30,0.11829229593276973,0.007126586958493453,2,0.010509358056546835,0.02404837460759181,50,0.175644838809967,0.014476308199447393,2,8.244343988448432e-05,8.368309273392898e-05,100,0.3274977087974548,0.026079972526031416,1,5.461241015718263e-05,1.1575158928987018e-05,200,0.4917470574378967,0.05862472532985604,1,0.027863807588287208,0.045041064553327445,30,0.09263876676559446,0.010996630044777175,2,0.019041883234952962,0.029469888506391324,50,0.11493207216262816,0.017981303434314103,2,0.01862420394376643,0.029679575952424195,100.0,0.09978697299957272,0.014601726037982439,2.0,0.01862420394376643,0.029679575952424195,200.0,0.11030226945877072,0.01598203869404357,2.0
javagc,166975,0.0028058240873084245,0.0035820036658331766,30,0.1223859071731567,0.0035851743897614076,2,0.002294839679974275,0.003384050760729148,50,0.28249508142471313,0.022684364384875023,2,0.001852925545368405,0.0031226449094409617,100,0.4013471007347107,0.07160701410546332,2,0.001345259558525575,0.0026546015781976264,200,0.9797250032424927,0.29803465597178175,1,0.0008749200372416999,0.0005495299255380459,30,0.14654576778411862,0.014249997532980693,1,0.000718192361355245,0.0004057151909823574,50,0.2623612642288208,0.024406315734963723,1,0.000684135061589765,0.0004050982230673291,100.0,0.5651256918907166,0.10926695549956236,1.0,0.00067564618554307,0.00039371399792398164,200.0,0.9688746094703674,0.1402444774555475,1.0
pom3a,20000,0.19594443687877752,0.023202477617960262,30,0.43522276878356936,0.024043322576943506,4,0.17928625474548576,0.024075940196120308,50,0.5877028703689575,0.034122877772825105,3,0.15687457063606036,0.017978675006489385,100,0.8080983400344849,0.043690955315622115,2,0.13541296656306276,0.01933017086913962,200,1.7475394010543823,0.18316841398315306,1,0.1716927516377186,0.02391740200079729,30,0.4437871932983398,0.002537925307005068,2,0.16069350023081436,0.020890576757240906,50,0.7883581042289733,0.06135331732188515,2,0.13969763832255735,0.01576164017086675,100.0,1.2422260761260986,0.14186766188109756,1.0,0.12882351936804304,0.01782251826352675,200.0,3.4229961037635803,0.2573321155867059,1.0
pom3b,20000,0.19350342151988698,0.024133168437194034,30,0.4445880651473999,0.01760916502093124,3,0.17965992577485124,0.02504693378338008,50,0.45474801063537595,0.024760607461884934,2,0.15983607088901358,0.018364971381787387,100,0.8342601418495178,0.04571911154878372,1,0.13695457958417198,0.018761809533276084,200,1.7657875061035155,0.17174537141252583,1,0.181674065862978,0.018379345441815187,30,0.4253139615058899,0.004312810103264738,2,0.16097425295338844,0.017347074359401714,50,0.6517355561256408,0.0846950638666432,1,0.14783121331491678,0.020910087925257767,100.0,1.1211453557014466,0.02442264671023256,1.0,0.13847606290197834,0.020532755622470714,200.0,1.778176200389862,0.32329113998536807,1.0
pom3c,20000,0.33373428183630516,0.027706550256667115,30,0.5051400065422058,0.02770351415992925,4,0.31587333981740195,0.02616038503088473,50,0.6917734622955323,0.07751739286024588,3,0.2943643095177434,0.025444948996841892,100,1.379444992542267,0.1088919009417031,2,0.27357036477723684,0.028430191656805374,200,1.5268805503845215,0.11965826040603317,1,0.3020037864063046,0.026057232051621918,30,0.4629756689071655,0.024397773546683862,2,0.2830790048471692,0.025073576676107216,50,0.9964879155158997,0.07334674505006199,1,0.2652395248484073,0.024628517535669366,100.0,1.526436412334442,0.13190467896039604,1.0,0.2554734428119256,0.022931918826859736,200.0,2.3434553861618044,0.18010594972146232,1.0
pom3d,500,0.2018725364855055,0.0172183556935238,30,0.5248191237449646,0.02245034689867823,3,0.18643896459234252,0.01638191606242621,50,0.8404322385787963,0.052272756818375746,2,0.17076468574209594,0.018229586049827714,100,0.7929681897163391,0.04353289391705128,1,0.1522139461352166,0.015907806894589215,200,2.966376578807831,0.15693744600772316,1,0.2006054118543709,0.021721815588591896,30,0.618312394618988,0.007860699979606638,3,0.19030423665379398,0.02421552331604404,50,0.5090574026107788,0.00213513519560602,2,0.16170150605469957,0.02144878191752044,100.0,1.908095932006836,0.004985883789657982,1.0,0.1478840073881241,0.016113860079961934,200.0,4.219353580474854,0.28160404933983535,1.0
redis,4400,0.4671906430798809,0.024535920146868773,30,0.17216517925262448,0.015699792827917294,3,0.45331381516961217,0.027528380483037674,50,0.1440577387809753,0.014958964402056785,2,0.4379149020971044,0.02613405343055364,100,0.34034794569015503,0.03243350560792229,1,0.4169669818886191,0.025154467436211685,200,0.7198809742927551,0.06287967074836068,1,0.4724382595542999,0.02510778874901423,30,0.184548008441925,0.0017590606911519853,3,0.46007539903429684,0.026684667206893237,50,0.26700979471206665,0.015274804804170272,2,0.4406981349203904,0.025128387533042112,100.0,0.4943146824836731,0.003784396836343153,1.0,0.4221715154003217,0.02397158175214984,200.0,1.2666542053222656,0.01989011057033146,1.0
rs-6d-c3_obj1,3840,0.08824431274613403,0.10943984555540384,30,0.15301556587219234,0.01219515313857672,2,0.07011739948673755,0.10644696209145989,50,0.25848448276519775,0.022309359430470098,2,0.06666170727219553,0.10359521718021963,100,0.31450204849243163,0.03426361835657405,2,0.05438356763933573,0.08729460460013669,200,0.5464790105819702,0.059855954352368214,2,0.008017699128735269,0.016748882617410088,30,0.19399069547653197,0.0014394079923631044,1,0.0063265592793760915,0.013242869418181927,50,0.27070131301879885,0.010746930791952882,1,0.006174052038409754,0.01323500440548977,100.0,0.541822862625122,0.06777801160252958,1.0,0.006098406162053218,0.013266995133525434,200.0,1.2778124451637267,0.22567734476356843,1.0
rs-6d-c3_obj2,3840,0.0017726178678047003,0.0012316462721014003,30,0.12692496776580806,0.009826297106942876,2,0.0016811688324376226,0.0013138473026346451,50,0.22986307144165036,0.020547721925904414,2,0.0014770841922563884,0.0013718995345493252,100,0.20837864875793452,0.020005195669345038,2,0.0010412287872965228,0.0013016596460440554,200,0.3684414863586426,0.040210742142747856,2,0.0002666896090573353,0.000807092370308159,30,0.1327035069465637,0.0005490119279327617,1,0.00013462534250419735,0.0005867988931514853,50,0.3037330389022827,0.004995145864999764,1,nan,nan,nan,nan,nan,nan,nan,nan,nan,nan,nan,nan
sol-6d-c2-obj1,2866,0.015039299307877039,0.0011937540973063286,30,0.12916095256805415,0.007831743104569234,2,0.014727630442825022,0.0010902020541854616,50,0.12443476915359493,0.011500375997933842,1,0.014627107758318044,0.0010465721604383576,100,0.20500224828720087,0.020212304580705862,1,0.014571673016040001,0.0010402779754004597,200,0.5485084295272827,0.03710379931599533,1,0.014683528706560506,0.0007716130714760466,30,0.16441180706024167,0.0036124742882915136,1,0.0145982816014153,0.0006380913282502224,50,0.28810139894485476,0.002320509334502614,1,0.014520460886273415,0.0006418748539884013,100.0,0.34316856861114503,0.007043996660054066,1.0,0.014435508901996259,0.0006654428035046836,200.0,0.956806230545044,0.0265408863676469,1.0
storm,1557,0.0001416601066246283,0.00014460350604647915,30,0.09456062316894528,0.0055405197805421654,1,0.00010731208807127737,5.091698975727427e-05,50,0.19733425378799438,0.015524578637040348,1,9.551828016591235e-05,3.9377901638231456e-05,100,0.4668750524520874,0.03008392287230149,1,9.188178757372435e-05,3.763309844813382e-05,200,0.8894736051559449,0.0506868631586164,1,0.00014055440450150609,0.00013597169794943328,30,0.1913966298103332,0.0013964761778937646,1,0.00013668750108547173,0.0001369250623527483,50,0.3187990427017212,0.00835572942668832,1,0.00012530895784568878,0.00013385684269743144,100.0,0.6502413988113404,0.006066646756108881,1.0,0.00012035250932631379,0.00013244906597013382,200.0,1.3219483852386475,0.01413202649392115,1.0
wc+rs-3d-c4-obj1,196,0.1330007665235816,0.09812262208698883,30,0.10005173683166499,0.012422249452678811,2,0.1258944448354697,0.1046904356535538,50,0.15036857128143305,0.020228742543934863,2,0.09254904760726838,0.10360715252757854,100,0.17606589794158933,0.026113212455991054,2,0.08090313269272409,0.09962292338902587,200,0.2725202441215515,0.051063846590483866,2,0.05168684417549065,0.0730767840770078,30,0.10313080549240108,0.007564786302500497,1,0.022730248006894625,0.032183956433295566,50,0.14813213348388668,0.024086183615547093,1,0.007814438386385139,0.015968819246130667,100.0,0.31879233121871947,0.10848261666282583,1.0,0.007814438386385139,0.015968819246130667,200.0,0.22006380558013916,0.13011442297915815,1.0
wc+sol-3d-c4-obj1,196,0.131274215680301,0.10449122395062135,30,0.10782986879348751,0.010465455722177055,2,0.12822686278116266,0.1073713718593047,50,0.2673535466194153,0.03694835364025575,2,0.0948929489394942,0.10417467576388256,100,0.13104593753814694,0.022417284256403686,2,0.06265952091455633,0.08578413727892395,200,0.1454006195068359,0.02514964345014614,1,0.08872439004401998,0.1137027622838302,30,0.17575867176055904,0.005638475735669748,2,0.06292292625337481,0.10303572165039857,50,0.21227427721023556,0.02901653352275423,1,0.0525967017048475,0.10553777507640606,100.0,0.347398567199707,0.13063133493103715,1.0,0.04608220604331339,0.10651209528524688,200.0,0.4674718379974365,0.28817531862338447,1.0
wc+wc-3d-c4-obj1,196,0.1580181510250216,0.09163360274479047,30,0.09300245046615599,0.010035960834216963,2,0.1325815451592619,0.10331780891768276,50,0.07483996152877806,0.009185010861655414,2,0.11395904610215302,0.10891273681672775,100,0.14679982662200924,0.022943816627704457,2,0.10722330719095426,0.10426204446753001,200,0.21858335733413692,0.04333257175477254,2,0.07275293505082271,0.08232744618698527,30,0.15357353687286374,0.007970280182141454,1,0.05397000897876921,0.0780915531978173,50,0.5107699394226074,0.09305825840205018,1,0.009114350283438086,0.02406165660683589,100.0,0.274685800075531,0.10065721762763422,1.0,0.0037172212337145045,0.0022061707641210233,200.0,0.3729520201683044,0.16929381630935808,1.0
wc-6d-c1-obj1,2880,0.16058218201138152,0.046492744632441935,30,0.1515624642372131,0.01130320066422015,3,0.14278596366712018,0.05377686551855091,50,0.1195475578308105,0.011903470003017136,3,0.1281722701687184,0.041160809450183126,100,0.2550962924957275,0.02940794640430359,2,0.12544960647200504,0.04203223259812716,200,0.675912344455719,0.091499673695497,2,0.1054697445824494,0.06657767163097454,30,0.1403271079063415,0.0011886263323195713,1,0.09510886328267312,0.07289981062585725,50,0.2422736406326294,0.021763953634704344,1,nan,nan,nan,nan,nan,nan,nan,nan,nan,nan,nan,nan
x264,53662,0.22762336154829454,0.02956224006914176,30,0.1295262813568115,0.004026434125697006,3,0.21450935248600134,0.0288871816827991,50,0.16150259971618647,0.007260528571407122,3,0.1995812094553128,0.0283716430447044,100,0.3203885078430176,0.010282580220634063,2,0.18813011724498452,0.027094332086790362,200,0.7374344587326049,0.07346633768901148,2,0.1887548076600573,0.029213841448116992,30,0.15172959566116329,0.0009745790248553262,2,0.17346573878242075,0.03082067908096772,50,0.22317098379135128,0.00182458787819679,1,0.1544372496122987,0.03024909462617695,100.0,0.47724491357803345,0.003404710419904292,1.0,0.1497589400165789,0.03237105178403624,200.0,1.009277582168579,0.014352426671276954,1.0
