Dataset,Rows,EZR-30_mean,EZR-30_std,EZR-30_budget,EZR-30_runtime_mean,EZR-30_runtime_std,EZR-30_tier,EZR-50_mean,EZR-50_std,EZR-50_budget,EZR-50_runtime_mean,EZR-50_runtime_std,EZR-50_tier,EZR-100_mean,EZR-100_std,EZR-100_budget,EZR-100_runtime_mean,EZR-100_runtime_std,EZR-100_tier,EZR-200_mean,EZR-200_std,EZR-200_budget,EZR-200_runtime_mean,EZR-200_runtime_std,EZR-200_tier,DODGE-30_mean,DODGE-30_std,DODGE-30_budget,DODGE-30_runtime_mean,DODGE-30_runtime_std,DODGE-30_tier,DODGE-50_mean,DODGE-50_std,DODGE-50_budget,DODGE-50_runtime_mean,DODGE-50_runtime_std,DODGE-50_tier,DODGE-100_mean,DODGE-100_std,DODGE-100_budget,DODGE-100_runtime_mean,DODGE-100_runtime_std,DODGE-100_tier,DODGE-200_mean,DODGE-200_std,DODGE-200_budget,DODGE-200_runtime_mean,DODGE-200_runtime_std,DODGE-200_tier
7z,68640,0.0084205862012108,0.004301518889755352,30,0.22321286201477047,0.012176955629523891,3,0.0073044326726545705,0.004765007934601902,50,0.34830689430236816,0.010513827725024188,3,0.003344763554443729,0.004137570758833069,100.0,0.7728093385696411,0.030329831933243855,1.0,0.0004278129808471799,0.00027988376321676364,200,1.4998996615409852,0.10778641805374385,1,0.00761281105164528,0.0039725952845965605,30,0.21328234672546387,0.04661949550864899,3,0.006545234473689064,0.004262160846878428,50,0.34559921026229856,0.006188812932256068,2,0.005427110627467715,0.0037259443848609445,100,0.48768541812896726,0.10863548950796337,2,0.005427110627467715,0.0037259443848609445,200,0.5340718507766724,0.11876110117792608,2
Apache_AllMeasurements,192,0.025294779683143698,0.013221561854259833,30,0.19961314201354977,0.007954036053093002,1,0.02206508878648593,0.000853773030865349,50,0.4363687515258789,0.07923832643904706,1,0.022020743548390693,0.0008226661473570817,100.0,1.3179023504257201,0.05973942764155971,1.0,0.022020743548390693,0.0008226661473570817,200,4.141569423675537,0.26013233779385175,1,0.030386168667253223,0.01590837792751356,30,0.18014155626296993,0.007600395909683432,2,0.02270050126752335,0.0013085270139905675,50,0.27320587635040283,0.012076043657286185,1,0.022576737091884156,0.0011954691478420856,100,0.47441376447677613,0.06802743261379876,1,0.022576737091884156,0.0011954691478420856,200,0.46501253843307494,0.09687289788781998,1
BDBC,2560,0.00245176131395851,0.0019692394896363343,30,0.18861150741577143,0.01221276489620507,2,0.0011514918925888049,0.0009547449580947085,50,0.31832185983657835,0.014081957863962175,1,0.000494435781696925,0.0006005866950145281,100.0,0.7144157409667968,0.03738161135927887,1.0,0.00022395542832407003,4.411407475686552e-05,200,1.733615469932556,0.13068677560790684,1,0.004002435413847196,0.0029485669051773976,30,0.18123025894165037,0.0019499497439063112,3,0.0026413458449089404,0.0015100020316189712,50,0.2920470595359802,0.007734468198267369,2,0.0020330937945305,0.0015429539004426082,100,0.40515812635421755,0.10785298138614746,2,0.0020330937945305,0.0015429539004426082,200,0.49757373332977295,0.14332628006476197,2
FFM-1000-200-0.50-SAT-1,10000,0.3109832176408992,0.028308079177678556,30,0.6451858162879944,0.0650308788716366,2,0.28601854848451913,0.021436815686644243,50,1.3740798592567445,0.19415922557703705,2,0.25075953071800544,0.01694296906231501,100.0,3.6330779671669005,0.3830062369086974,1.0,0.24354472727997178,0.012665141398980367,200,10.405868709087372,1.340082583631304,1,0.34442651855589895,0.03669258657814968,30,0.5342750787734986,0.03961712612315355,3,0.3294254104222328,0.026233243947529607,50,0.9266406536102295,0.12311281902835583,3,0.3057074603252999,0.024689545997240447,100,1.7057711124420165,0.11456391320718544,2,0.29281219932313,0.022321009922739877,200,3.1586636304855347,0.08799348550507245,2
FFM-125-25-0.50-SAT-1,10000,0.2749631785334886,0.03575084521355447,30,0.25263588428497313,0.01794091766659239,2,0.247649884568148,0.029329898906616567,50,0.49351729154586793,0.06944263186000872,1,0.2218301319781018,0.009279132225153268,100.0,1.0307631969451905,0.07634567053329258,1.0,0.21598198023414997,0.0060469390449084375,200,2.1184589147567747,0.13358557702470913,1,0.29259447458625276,0.042442216546394476,30,0.4174623370170593,0.003781203644054259,3,0.268680045067425,0.03198808359945295,50,0.6390948295593262,0.0724523205697264,2,0.2594554020668903,0.024193969368836592,100,1.541446900367737,0.10043233189564488,2,0.24560799898831315,0.02400040819503665,200,3.139976441860199,0.18685735197693187,1
FFM-250-50-0.50-SAT-1,10000,0.37597492500084656,0.018983865489470852,30,0.2691465377807617,0.01320969728253637,2,0.36500793879522336,0.012857170476799167,50,0.4759699463844299,0.03480095426941726,1,0.3537881275503429,0.009365260290303552,100.0,1.086215329170227,0.06428106852211095,1.0,0.3452630582096135,0.006429601360481695,200,2.847389853000641,0.22611196725208588,1,0.399555910956202,0.021609746518316434,30,0.42850546836853026,0.005843457720767658,3,0.3872521942687682,0.018434249832946555,50,0.5880829215049743,0.0033204054069167033,2,0.378644560102394,0.015666896885637212,100,1.395103967189789,0.09716742399743865,2,0.3700279316533608,0.014145575065252013,200,2.62131929397583,0.19949084324029814,1
FFM-500-100-0.50-SAT-1,10000,0.3556477121429194,0.03219613775141756,30,0.3054823040962219,0.020868129885974907,2,0.3398229197325039,0.027138615194993117,50,0.5795855402946473,0.05046878915193469,2,0.3118171997887925,0.027275932629384686,100.0,1.4236289978027343,0.19350328452072418,1.0,0.2850733825080389,0.01489292940839134,200,3.6226044654846192,0.3816339703036736,1,0.38760670733984215,0.03335755607141762,30,0.22668278217315674,0.0014465077265230176,3,0.36956385221527394,0.030110713560668866,50,0.4467311382293701,0.010896787533699012,3,0.35725206965775386,0.027871511418979013,100,0.7730286359786988,0.03120979761842786,2,0.3465782650361972,0.01784381214484173,200,4.081849825382233,0.07546363813911583,2
FM-500-100-0.25-SAT-1,10000,0.35143824647645683,0.018473325959187787,30,0.3618364453315735,0.03492302326408627,1,0.3440036144295072,0.013791236750706962,50,0.6470240712165832,0.08347330147666833,1,0.33479810620960915,0.00760670459054172,100.0,1.6272485613822938,0.2349625667968058,1.0,0.3285579740189665,0.0057710172564339355,200,4.446436071395874,0.47532363875382944,1,0.37943010233528285,0.025618973645748014,30,0.32966712713241575,0.0300831350326488,3,0.3684085178838649,0.018100982424279318,50,0.6584989428520203,0.020665597225949857,2,0.358148557591898,0.010627399458106139,100,2.033587169647217,0.04743235262683754,2,0.35209063659373696,0.010981830688125784,200,4.223419642448425,0.02089420667222179,1
FM-500-100-0.50-SAT-1,10000,0.3431067359663923,0.026515627622769218,30,0.3165653824806213,0.028824022556163943,2,0.3249237175891011,0.014953933608038712,50,0.733456289768219,0.08761396814382362,1,0.3149105476847415,0.011068562405872987,100.0,1.805645728111267,0.20893740678715328,1.0,0.30439941103621193,0.009940021698673956,200,3.580571138858795,0.2440860197975407,1,0.36978387397522783,0.03358612452405695,30,0.22463055849075314,0.002173831915176472,3,0.355370482568845,0.03341803790819428,50,0.3807670116424561,0.002848165657276366,2,0.33676524480200876,0.02565999339841847,100,2.0193328499794005,0.0638335432281771,1,0.3284654190371584,0.01976696420239261,200,1.6829780459403991,0.01623074417441533,1
FM-500-100-0.75-SAT-1,10000,0.31432796142099073,0.026209455128576815,30,0.33726183176040647,0.029573206201082308,2,0.28774231496468866,0.022920117840131933,50,1.1428725957870483,0.07421639770330597,1,0.2670259635573448,0.015626630165139044,100.0,1.5175358414649964,0.17675127663443108,1.0,0.25217136788265293,0.007075697889745677,200,4.659865689277649,0.5150145114744562,1,0.34809465255778743,0.020394572018585806,30,0.22000935077667233,0.00232001142581897,3,0.3409468323131648,0.018689276896710048,50,0.8777999639511108,0.08639216766364588,3,0.32525271847687864,0.020378375998723056,100,0.7427115082740784,0.007830026716773669,2,0.306252308121166,0.01969190274135772,200,4.928452754020691,0.050451213687372654,2
FM-500-100-1.00-SAT-1,10000,0.32873075947170066,0.02537302528988127,30,0.4748085021972656,0.023171229958903663,2,0.310709850498743,0.014455738208597595,50,0.8958488464355469,0.064113796748564,1,0.29734722510691275,0.0073921521447959685,100.0,2.893799889087677,0.2895167582677479,1.0,0.29206859755540476,0.002568504211164286,200,5.670822751522064,0.43605751856820096,1,0.35570440342300946,0.03228423990143144,30,0.22094357013702393,0.001269075681813462,3,0.3430415891365786,0.023026701290633795,50,0.4080978870391846,0.005672138091421575,3,0.3298092565625273,0.02130774480080656,100,0.8169029951095581,0.010830670324111653,2,0.31888588507843907,0.016492393775726272,200,1.4525689959526062,0.008940338824110999,1
HSMGP_num,3456,0.009360983955729024,0.0048849963969331235,30,0.14355498552322382,0.003423589535429016,2,0.0065952307085379806,0.0028933971539610074,50,0.24507457017898554,0.00817413068458819,1,0.0038876183345322645,0.0013886235512317574,100.0,0.7188671827316284,0.03223653843957698,1.0,0.00268331354630088,0.0009537001516823701,200,1.3974017739295959,0.06331439764818488,1,0.013049630747440515,0.009292821183648287,30,0.14835424423217772,0.0010476135172045938,3,0.009911451452322891,0.005233969799598176,50,0.16657062768936154,0.0009349424772680339,2,0.009082541555859011,0.0034366453571208033,100,0.4320379614830017,0.08313882615167774,2,0.008737275556733216,0.0037060221663826258,200,0.282182776927948,0.06442853688534922,2
HSQLDB,864,0.0023132417008482347,0.0008358248190488725,30,0.14455200433731075,0.0068215221593753055,1,0.00212520154976876,0.0006794363509191151,50,0.2640703797340393,0.015702574814915726,1,0.0016922008379361552,7.750282750107084e-05,100.0,0.558160126209259,0.0328418361055869,1.0,0.0016088007413008298,4.368202570009043e-05,200,1.2469638466835022,0.07558767037701923,1,0.00400307965414485,0.0021196824807662843,30,0.1339848160743713,0.000867267348481122,2,0.0036075828110226096,0.002143424749922715,50,0.2652720332145691,0.008213757047363959,2,0.00347874202597265,0.002159824901287283,100,0.34394177198410036,0.07706028244546709,2,0.00347874202597265,0.002159824901287283,200,0.38134765625,0.08876152607074558,2
Health-ClosedIssues0000,10000,0.1854922942386426,0.030817196446781055,30,0.35265369415283204,0.022835636723112222,1,0.16692007818836954,0.020567770417081462,50,0.7085200905799866,0.0817406213805811,1,0.14835694672908875,0.00981258648572437,100.0,1.1859367489814758,0.07592361697045712,1.0,0.14098372014687993,0.004681290502791263,200,2.3457741022109984,0.03390677580049335,1,0.2436035472793674,0.08124869683254071,30,0.3391117453575134,0.00569927716639152,2,0.1971589273666558,0.04340968601686768,50,0.7702356576919556,0.04469942705732518,1,0.1762449802718085,0.01737836565604451,100,1.0811391592025756,0.012604351683619482,1,0.16289964423056777,0.015677046796153483,200,1.5052219033241272,0.35217290976024973,1
Health-ClosedIssues0001,10000,0.45295331654092913,0.017252824289983936,30,0.35251606702804567,0.025693483024021004,2,0.4436145591117232,0.024083496863583492,50,0.6277548193931579,0.03488445926676207,1,0.4373317094466077,0.02620538736869666,100.0,1.1855552077293396,0.006343761757650866,1.0,0.4345011094693326,0.025157281421943328,200,2.3418216586112974,0.012811609148994532,1,0.4534503448138981,0.021031773269409207,30,0.30488609075546264,0.0021283774768549135,2,0.4443007046898203,0.026285755972866955,50,0.7288565874099732,0.01881883900084672,1,0.44147535946766325,0.024861205975382654,100,0.995859706401825,0.06205933483037617,1,0.4378664847227095,0.023886625632148804,200,2.649219977855682,0.6839477384349741,1
Health-ClosedIssues0002,10000,0.17882779636638302,0.007008487557915416,30,0.378667950630188,0.03654641038926818,2,0.17874635694213398,0.007000203307603153,50,0.5910214304924011,0.043676585558332995,2,0.16018827865055524,0.03638877889327388,100.0,1.2258816957473755,0.07500335138218359,1.0,0.14231084594813914,0.04649413827247885,200,2.5565746426582336,0.1430076282650122,1,0.1788156469320195,0.007005811315925642,30,0.3076286792755127,0.009834140213618345,2,0.1742429145963961,0.020737231829568294,50,0.47304763793945315,0.04608913895917829,2,0.1742429145963961,0.020737231829568294,100,0.46136907339096067,0.09170734040174856,2,0.1742429145963961,0.020737231829568294,200,0.7605258226394653,0.1757018669649269,2
Health-ClosedIssues0003,10000,0.18840529519174076,0.038358596757951176,30,0.596832275390625,0.0426050427390693,2,0.17382364545281428,0.029896818800352873,50,1.0756274819374085,0.060299948044387715,1,0.14932121750753924,0.005482614141736436,100.0,1.3301778197288514,0.13654323472606905,1.0,0.14440987931521682,0.0041123475659546995,200,4.351706683635712,0.15165823874542153,1,0.21397280771566315,0.040386414560268445,30,0.3149153828620911,0.002811787199379436,3,0.19247584490314723,0.036260887501976966,50,0.6820285081863403,0.0027657354341364872,2,0.17094856255900365,0.02797369303225981,100,1.6874826550483704,0.13231767382010118,1,0.15739087306516197,0.013591991985186982,200,1.5135517120361328,0.33708168517171916,1
Health-ClosedIssues0004,10000,0.28819520511720587,0.011322737474601356,30,0.5803221464157104,0.04186579352582298,2,0.2803220488814542,0.007147981990958011,50,0.946501362323761,0.04222990472023305,1,0.27580900007668935,0.007657103550275125,100.0,2.023308074474335,0.05124057570495054,1.0,0.27214149242704033,0.006298608336165378,200,3.9299302816390993,0.027776478875623404,1,0.292052620866614,0.011274834418332188,30,0.45010714530944823,0.005807328367061832,2,0.2870530059384997,0.008469782539811831,50,0.7504102706909179,0.004992088185027534,2,0.2804625666687478,0.007928082518774532,100,1.3760023832321167,0.004766086243478981,1,0.277729851462261,0.006822749485086891,200,2.3726853728294373,0.20608861580885707,1
Health-ClosedIssues0005,10000,0.24017655618732206,0.004713909364272751,30,0.5846823215484619,0.043874013416679715,3,0.23693643168421463,0.0054321586751914204,50,0.9093310832977295,0.05413032641126922,2,0.23475594693836838,0.005362351203304825,100.0,1.9337641954421998,0.04858611358470974,1.0,0.23203384793689413,0.004554122630428329,200,3.638904404640198,0.15804484637889563,1,0.24040169914290127,0.004658361305913099,30,0.5897233247756958,0.004389089755720357,3,0.23808492129231767,0.0048390089749992034,50,0.7441448450088501,0.004168579283758865,2,0.2374768892684561,0.004801781863245757,100,1.7449917435646056,0.09782947742941797,2,0.23439538513200925,0.004907314209612417,200,2.297291934490204,0.28499809961010947,1
Health-ClosedIssues0006,10000,0.11704846643100401,0.0116632886752796,30,0.5111225008964538,0.06125946925125908,3,0.10986377267536726,0.01396807110920043,50,0.8261987805366516,0.055022505687676374,2,0.10198000764514148,0.009777608810064385,100.0,2.0758312940597534,0.04446216147952547,1.0,0.09579630120861896,0.011905564167814365,200,3.5689719557762145,0.1728552799004128,1,0.12342376603815867,0.008522299168281337,30,0.5707532525062561,0.013347557358345604,4,0.11802956448020305,0.0074000705597693965,50,0.7706005334854126,0.02525586653231352,3,0.11109920642574841,0.008129921259893563,100,1.2608027935028077,0.15322162025035568,2,0.10520206099025911,0.010815396147189668,200,2.3695006370544434,0.1964793793262109,1
Health-ClosedIssues0007,10000,0.5310340215207048,0.0639402325482218,30,0.5042503714561463,0.0592272310549277,3,0.49072491340015506,0.060768043451968755,50,0.8666575670242309,0.09869518646643374,2,0.44128358288831404,0.05249774101058089,100.0,1.7115557074546814,0.09813599811214738,1.0,0.4192382972559646,0.0335109721541516,200,3.6375300526618957,0.1551160252312139,1,0.5432524381178477,0.06895079653698193,30,0.44507771730422974,0.00441275848024009,3,0.5206292713394515,0.06343229853006274,50,0.7815467715263367,0.024687455296252745,3,0.4972618039772024,0.06441269393081556,100,1.1571096062660218,0.2634114450319655,2,0.48632584785113053,0.0600367689559347,200,1.6585619449615479,0.6354831795088691,2
Health-ClosedIssues0008,10000,0.2853411462208778,0.06538682054085408,30,0.4732944965362549,0.05230327770393239,2,0.25631735764900243,0.013787512004546183,50,0.9205079913139343,0.04817122769755558,1,0.24826384717958852,0.00808979758985091,100.0,1.5978625297546387,0.10128110579444628,1.0,0.2430333425073278,0.004560744434278786,200,3.0499614477157593,0.18466723661943585,1,0.30446965780703106,0.04646613774076014,30,0.48789998292922976,0.016126985099996813,2,0.28941259865993413,0.04003387445645791,50,0.8216716885566712,0.017438882851422224,2,0.2580297076677327,0.0150904977359868,100,1.3940478324890138,0.17609288545429685,1,0.2499397716657965,0.006877590647591177,200,2.5528766393661497,0.2395883887040688,1
Health-ClosedIssues0009,10000,0.3052427493491183,0.05860709764398778,30,0.5516818523406982,0.04965365725654347,2,0.27918587584535015,0.039358789811897416,50,0.7179885625839233,0.07058169357703115,1,0.26248554460142753,0.011543852019147857,100.0,1.821059226989746,0.03666609179504062,1.0,0.25226660194595574,0.006789822998762331,200,3.061528241634369,0.2214761810353039,1,0.3550860212074426,0.06305129452431595,30,0.5438283681869507,0.019492669438251342,3,0.3175570330270153,0.06320574925924333,50,0.7753597497940063,0.020420735662699172,2,0.280229389833594,0.03952526441155697,100,1.8911432862281798,0.21378627192639127,1,0.2712629598913115,0.03620095990457815,200,3.4971220970153807,0.5919088267054399,1
Health-ClosedIssues0010,10000,0.4861158069839167,0.0063495389787583695,30,0.4239077210426331,0.05788090033214656,3,0.4834194515324389,0.006183716621741864,50,0.7010927438735962,0.04771078272654211,2,0.47846476437547586,0.005895044294737553,100.0,1.4437408208847047,0.1008299842164948,1.0,0.47311852371399404,0.008224806928812663,200,2.8348010659217833,0.19948223516845143,1,0.4865438420362532,0.006426380020759076,30,0.6424094557762146,0.08400679618676282,3,0.4851347578195499,0.006368800136768565,50,1.0053972363471986,0.007755691874960078,3,0.48148219906913275,0.005334997696808986,100,1.3298752307891846,0.21518295135257115,2,0.47910672064778703,0.0059422999125934165,200,3.014139974117279,0.8928272458917088,1
Health-ClosedIssues0011,10000,0.035250023259441474,0.04240838142742045,30,0.4470345854759216,0.06022252033289155,2,0.010699369543357245,0.009046551512052402,50,0.7215848207473755,0.05505227325223646,1,0.005079215245211851,0.0038204676709208065,100.0,1.4788738012313842,0.11260824929845102,1.0,0.00321384456072726,0.0020461060817633025,200,3.097992718219757,0.20133713238285536,1,0.0546849844588147,0.04890080152874415,30,0.5870203971862793,0.0035074238592016113,2,0.039720246906527326,0.049904450010927255,50,0.8495588898658752,0.04397960102696168,2,0.011266215385732956,0.00907658459076706,100,1.679505503177643,0.07313904652004549,1,0.0058259743201099605,0.004910027450153924,200,3.872699809074402,0.3506617051586926,1
Health-ClosedPRs0000,10000,0.0,0.0,30,0.27285405397415163,0.002464390761484055,1,0.0,0.0,50,0.5699608206748963,0.06823331133301146,1,0.0,0.0,100.0,0.9659983277320862,0.06476257258176746,1.0,0.0,0.0,200,1.9880021929740905,0.19723054544978585,1,0.0,0.0,30,0.3632634401321411,0.0027184554546558787,1,0.0,0.0,50,0.5070408701896667,0.005506778095086657,1,0.0,0.0,100,0.5369062185287475,0.00595633197121448,1,0.0,0.0,200,0.49977209568023684,0.002863808087618847,1
Health-ClosedPRs0002,10000,0.021121308675497823,1.3059866396360008e-05,30,0.41641714572906496,0.046890440289018384,3,0.021121308675497823,1.3059866396360008e-05,50,0.6122109532356262,0.06091497570114152,3,0.02099249783456047,0.00040756430063661214,100.0,1.530437207221985,0.07364391308290016,2.0,0.020696461042010762,0.0006890701885641799,200,2.763793182373047,0.2669668294684183,1,0.021121308675497823,1.3059866396360008e-05,30,0.5415085434913636,0.006591447083051845,3,0.021115254095207456,2.9436299366661747e-05,50,0.6944104790687561,0.03568863884060665,3,0.021115254095207456,2.9436299366661747e-05,100,0.777771532535553,0.08703469365807863,3,0.021115254095207456,2.9436299366661747e-05,200,0.7554670095443725,0.08553799293214367,3
Health-ClosedPRs0003,10000,0.08309341603589024,1.6324456666696272e-16,30,0.391415011882782,0.04774997495680749,1,0.08309341603589024,1.6324456666696272e-16,50,0.6093364953994751,0.05907090879290156,1,0.08308285214226208,3.7868541659724585e-05,100.0,1.1949504971504212,0.07762168512112477,1.0,0.08307159207631357,6.564854951365082e-05,200,2.612250816822052,0.15259067361000112,1,0.08309179389350554,7.25444128273518e-06,30,0.5393427014350891,0.00502000044371885,1,0.08309179389350554,7.25444128273518e-06,50,0.7908268928527832,0.0851359829173842,1,0.08309179389350554,7.25444128273518e-06,100,1.8564262628555297,0.5646209562007656,1,0.08309179389350554,7.25444128273518e-06,200,0.8913568615913391,0.26673330356929315,1
Health-ClosedPRs0004,10000,0.3798725972762761,0.08618139506557704,30,0.22338572740554805,0.03034818889158497,2,0.3348303952133597,0.05233448710982738,50,0.3877073287963867,0.0495536131593922,1,nan,nan,nan,nan,nan,nan,0.2898369478974362,0.007539473014862342,200,1.4079587936401368,0.061389440832422704,1,0.4155424762039079,0.10761285133012603,30,0.44855786561965943,0.0045217175037440905,2,0.3554308863101666,0.06533487151839291,50,0.9709112524986268,0.011528231385391765,1,0.33611120885282525,0.04162916165656231,100,1.5001577854156494,0.28318273246457987,1,0.3260735440450768,0.031423272705159405,200,2.2261162638664245,0.8090968681827132,1
Health-ClosedPRs0005,10000,0.0010872739047600882,0.0013279030788542331,30,0.22445452213287348,0.03143328550154937,1,0.00013436947789839578,0.00032723552362982883,50,0.35429795980453493,0.035659042834068934,1,4.815742445998631e-06,1.2836244973281664e-05,100.0,0.7110507965087891,0.07233439247164092,1.0,0.0,0.0,200,1.563746702671051,0.13708195982529953,1,0.002297823370419472,0.0028698827932502153,30,0.539117968082428,0.024607227458308067,2,0.0006820740688842569,0.0008614834628515406,50,0.7974143624305725,0.019334103617005945,1,0.00037452081720857407,0.0006138490049577024,100,1.3948600530624389,0.31276417129461925,1,0.00025553773625463,0.000517533607238998,200,1.7097505688667298,0.6695901882811696,1
Health-ClosedPRs0006,10000,0.24924987231160162,0.09427925411839799,30,0.21900937557220454,0.029528681177845847,2,0.2205367269460466,0.08781837326453909,50,0.35341356992721557,0.0337758283204316,1,0.15462375792923932,0.06984929777590788,100.0,0.7171112298965454,0.07215087364503181,1.0,0.11115678577620465,0.044808559711101516,200,1.4480061888694764,0.13969253015051844,1,0.37100729034632846,0.12058042679623816,30,0.4846227169036865,0.006333078121116082,3,0.2798952097863339,0.10605884540343133,50,0.9099355697631836,0.015962381805674122,2,0.22478321386588712,0.08542340304471044,100,1.5256325244903564,0.06314071670571457,1,0.1864492327717424,0.06796760301496244,200,2.353696572780609,0.5954696065304043,1
Health-ClosedPRs0007,10000,0.08900648528433172,0.03750550916457449,30,0.4505756855010986,0.06305303815686167,2,0.06325673657581835,0.02494539348168146,50,0.8702503561973571,0.03648298672389661,1,0.04286373419922224,0.017383483866019768,100.0,1.9232937693595886,0.040272829326226056,1.0,0.03356823890304893,0.009376930440734933,200,3.191380727291107,0.2462064560776918,1,0.12517115086015979,0.06986684822940038,30,0.4389610767364502,0.005814038250157763,3,0.09205785052676382,0.03905860177154526,50,0.9417929649353027,0.00352430493966968,2,0.06467082196091065,0.025948984789225363,100,1.4514545321464538,0.01538882639583366,1,0.051125453694773226,0.02179861542099671,200,2.913423812389374,0.4769651339435172,1
Health-ClosedPRs0008,10000,0.6278790313932462,0.05429937436599154,30,0.5389043927192688,0.011282211807382354,2,0.5998551619201989,0.03701369536403393,50,0.380121636390686,0.06621627578263611,1,0.5782656149270081,0.0500197449378049,100.0,1.7149827599525451,0.1194953843543871,1.0,0.5589826901420589,0.03822128603594301,200,3.1136470794677735,0.3281372412221987,1,0.6656898869329861,0.08978477018113905,30,0.46143776178359985,0.010694617252417094,3,0.6193870780140072,0.056388162127454275,50,0.7786250472068786,0.0072710802283656025,2,0.6027065262005347,0.030856301413643324,100,1.0988474011421203,0.10038263136450885,1,0.5944932407811854,0.03186164177722869,200,2.0067484855651854,0.6722182313540298,1
Health-ClosedPRs0009,10000,0.5737303818486654,0.1090022743528507,30,0.22212572097778316,0.030123097599883297,2,0.5343351547120028,0.12082808832681027,50,0.46578437089920044,0.06121243054845931,2,0.44831892579055976,0.11399838263741087,100.0,0.7818807125091553,0.0985555375081357,1.0,0.38803619809452006,0.09120014566206004,200,1.620513951778412,0.13466459664783156,1,0.5636417330908162,0.11994995874913522,30,0.5155362963676453,0.043673171491692,2,0.5414945790497884,0.11634740515108814,50,0.749813723564148,0.006611767887348395,2,0.510404832155394,0.11157438946487198,100,1.7805112719535827,0.11904998912134279,2,0.4467723444828554,0.10719202576108221,200,2.887265133857727,0.6174682241039218,1
Health-ClosedPRs0010,10000,0.45430699481673925,0.07478542853831537,30,0.2215062141418457,0.03583875879771569,3,0.42286313947900195,0.057898241013443326,50,0.3553542494773865,0.03584748098874864,2,0.3432389430341002,0.06879255282284624,100.0,0.7155034899711609,0.07261422195021938,1.0,0.27642852221428144,0.06015967557109234,200,3.7820284605026244,0.05674775530913616,1,0.4727297011511363,0.061374856842373635,30,0.5940939545631408,0.004472467758158671,3,0.4549404365281002,0.061613758722262525,50,0.843107545375824,0.015898045180921545,3,0.41895579051129184,0.04905009657334587,100,1.0115358710289002,0.003108398444820669,2,0.3892025086999172,0.0485569570484461,200,3.6601385951042174,0.2739454050880219,2
Health-ClosedPRs0011,10000,0.0,0.0,30,0.24399639368057252,0.03824049187706287,1,0.0,0.0,50,0.7453699946403504,0.05773030736693641,1,0.0,0.0,100.0,1.4684801697731018,0.11475665920057966,1.0,0.0,0.0,200,1.6430741786956786,0.26865970260825184,1,0.0,0.0,30,0.45891451835632324,0.00671115903080471,1,0.0,0.0,50,0.42392266988754274,0.033780249782707675,1,0.0,0.0,100,0.658124840259552,0.08210141743639655,1,0.0,0.0,200,0.6824993848800659,0.08730313715318927,1
Health-Commits0000,10000,0.22983062826483738,0.055536082513685144,30,0.4060365676879883,0.002493128783805257,3,0.1942042099940965,0.055395153770225636,50,0.685098159313202,0.004207836250293767,2,0.13929251736020504,0.030746297535693447,100.0,1.4567156791687013,0.129547492012535,1.0,0.12701873554222837,0.020461596233937743,200,1.6084116697311401,0.2016409039451107,1,0.2486454239688778,0.056883729896415026,30,0.47963289022445676,0.02098524762427256,3,0.2265318271623741,0.052055389450509755,50,0.7614651203155518,0.00837042020786515,3,0.22013590846263598,0.04949241478673432,100,1.510670816898346,0.0119501657295254,3,0.17054040293629066,0.04917816249709546,200,2.970274198055267,0.30236182338171075,1
Health-Commits0001,10000,0.16495871683093738,6.461192975840488e-06,30,0.3666767835617065,0.04292352230746791,3,0.16495721976846375,2.1733836753883296e-16,50,0.7667641520500184,0.05538614759807579,3,0.1649259941618314,0.00013024067832836117,100.0,1.201262152194977,0.10433876685933677,2.0,0.16472233830750466,0.000900523114398489,200,2.407447004318237,0.21640794243971617,1,0.16496217525873466,1.4663096647481208e-05,30,0.44742870330810547,0.005828838220019814,4,0.16495727028645774,2.2592333665331856e-07,50,0.9115961194038391,0.03763137856396016,3,0.16495721976846384,2.0376210396350005e-16,100,0.8125197768211365,0.20370952898804273,3,0.16495721976846384,2.034634053851799e-16,200,1.1173932790756225,0.298999342495183,3
Health-Commits0002,10000,0.4928090393191124,0.04202948386809881,30,0.3680958032608032,0.043504243275299295,2,0.49012099450420543,0.04304977378007225,50,0.6021208167076111,0.06298090402736253,2,0.47625603082922063,0.06327024791680397,100.0,1.4401511549949646,0.11590021090547979,2.0,0.4460208906457567,0.10373594135031718,200,2.437246537208557,0.2371286255183492,1,0.4790269947021226,0.07293861639831681,30,0.4523996114730835,0.00586644014131881,2,0.4789936933670007,0.07292754218940657,50,0.4783040761947632,0.0500929893417232,2,0.478946305927811,0.07291184957733526,100,0.8930321574211121,0.2938422029453979,2,0.478946305927811,0.07291184957733526,200,0.9516933798789978,0.3243257726509116,2
Health-Commits0003,10000,0.3646865617524721,0.03183807886743276,30,0.35067150592803953,0.03284284420657427,2,0.3370217385759727,0.02596470313942701,50,0.5931878805160522,0.037355874747254506,1,0.3244243667573161,0.02685884647192879,100.0,1.3489977240562439,0.16184375309215018,1.0,0.3151796447190373,0.023873914555189172,200,2.3584556341171266,0.07934452812798816,1,0.37248242160830036,0.03908197118598126,30,0.553684651851654,0.025271841945736027,2,0.3561103501171463,0.033903996035042246,50,0.5684041857719422,0.004493677180080335,2,0.3348919191012051,0.022754543303383952,100,1.5701996207237243,0.05556686652299209,1,0.32304280145874414,0.021035267895170708,200,2.6252312898635863,0.345608729473514,1
Health-Commits0004,10000,0.2254389484189984,0.0022125230186591273,30,0.3912049412727356,0.0424981033513905,2,0.22436794629223727,0.0048496990287251775,50,0.7057132840156555,0.04493499518555983,2,0.2236854164560992,0.004885149389467714,100.0,1.2913192987442017,0.1188132571207605,1.0,0.22299083753751003,0.003793703797842378,200,2.6313438296318052,0.24178302576860974,1,0.22543534421884764,0.0022099899363566392,30,0.4750020384788513,0.007373954132604663,2,0.22497941318730516,0.002854064787828134,50,0.5094263911247253,0.009320572096994845,2,0.22301427287780534,0.005447528133370631,100,1.0080753684043884,0.004146577993734074,1,0.22172135555723216,0.005663777269945658,200,2.023657810688019,0.24380840250513983,1
Health-Commits0005,10000,0.19895698524479566,0.025627573803214898,30,0.3688506603240967,0.0387159039695551,2,0.1850078028029664,0.014796672852622055,50,0.6778808832168579,0.09858315855897651,1,0.17499364987462498,0.009708413016238083,100.0,2.0716087460517882,0.029880734670320062,1.0,0.17034110643867625,0.006348200581983361,200,2.597056531906128,0.24229848441626903,1,0.208725716327814,0.021555341212820357,30,0.3283224105834961,0.004258288749540758,3,0.19470476755925584,0.018186086612380768,50,0.5225581407546998,0.004662663742845303,2,0.18718379103278432,0.012987188447460933,100,1.3775957822799683,0.004008332550349188,1,0.17748790566874578,0.016783604080138893,200,2.0551377177238463,0.14815385758379532,1
Health-Commits0006,10000,0.2938853296569107,0.015421262608548227,30,0.5925138354301452,0.04352079527720933,2,0.2891437455713765,0.0141782582350995,50,0.9953930020332337,0.021327803281074465,2,0.2680473569725009,0.014235489450693427,100.0,2.2355600118637087,0.13955586597958303,1.0,0.2615738799279278,0.015750261734727884,200,4.452792465686798,0.11179073659585789,1,0.30017920992280356,0.01281400559968776,30,0.4520029664039612,0.004419840784532354,3,0.29820028017358907,0.0126862337315933,50,0.7409380912780762,0.004565910147681496,3,0.2884808234613599,0.015017235192599045,100,1.9301751732826233,0.014860690685578286,2,0.27343886765866887,0.016614091259150345,200,1.6552336812019348,0.31574542344365003,1
Health-Commits0007,10000,0.21889892400032057,0.01681368828973197,30,0.583027458190918,0.048219585316245886,2,0.2139829324380051,0.01648459480576443,50,0.973974096775055,0.03252403779990208,2,0.19019767227573428,0.02189094468645147,100.0,1.9443089008331298,0.019637044548825096,1.0,0.1860660397253319,0.018377008856780383,200,3.7159903764724733,0.09259994906296606,1,0.23115860683853873,0.026616379308362494,30,0.30287134647369385,0.005588562961546401,3,0.22081030612760064,0.026567017461846303,50,0.5357537031173706,0.002999473741451458,2,0.2027531979157715,0.01514059125649795,100,1.5803102612495423,0.01584820516923478,1,0.1951298948328001,0.014639685440810738,200,1.500127911567688,0.27352813822887007,1
Health-Commits0008,10000,0.37401388242697553,0.023855115180316654,30,0.6109414935112,0.046745882532204734,2,0.371569323690898,0.02114324452321609,50,0.8451175332069397,0.06341719563210745,2,0.34400249352102213,0.021124062418080375,100.0,1.8857098698616028,0.0964891865302276,1.0,0.3194374359834834,0.02284188766315918,200,3.5748804450035094,0.20658068451689113,1,0.3899038416412234,0.02532761378934381,30,0.3387270212173462,0.0044856636316938465,3,0.37957343450016073,0.025025347740704394,50,0.5185190677642822,0.007006691840501802,3,0.36129719729974485,0.018999974810176064,100,1.0996357560157777,0.012506424503419041,2,0.35291010921954735,0.02178629160856298,200,1.5762020707130433,0.3799765946945042,1
Health-Commits0009,10000,0.13880831444984185,0.005226277320708565,30,0.5102481961250305,0.06266680107123117,3,0.1356796157536833,0.005859284335491178,50,0.8106804728507996,0.0398756230602453,2,0.13253224033445263,0.005807004981792232,100.0,1.6129262924194336,0.12259528322515474,1.0,0.1286079298430963,0.004995245938043573,200,3.273178207874298,0.2583066177052592,1,0.13994713774822973,0.005118362680112246,30,0.47063279151916504,0.014452246173375271,3,0.13840227026187882,0.005259649931268638,50,0.509196937084198,0.004859594272042309,3,0.1355009552726139,0.005317917043591762,100,1.681950533390045,0.10975653093757529,2,0.13244208476719727,0.003993863236504876,200,1.718540370464325,0.3632655944679908,1
Health-Commits0010,10000,0.29426008488141725,0.010045407795125272,30,0.4812044620513916,0.054067195508273456,2,0.2925687893756623,0.009771579504529527,50,0.7782238602638245,0.054388284934830076,2,0.2875288984284432,0.005562256345672539,100.0,1.812907099723816,0.13501199083534748,1.0,0.2819503828092275,0.006157242670722808,200,3.5265771627426146,0.3483979439561549,1,0.3029837329382225,0.016479194815365958,30,0.5682676911354065,0.004919484075112312,3,0.298294455158775,0.013291033916631964,50,0.5639384031295777,0.024806145231557636,3,0.2900942009487451,0.008024497064601776,100,1.0373934745788573,0.019332041833616465,1,0.28677751358269366,0.006976481193605265,200,1.8314605593681335,0.31177230179686194,1
Health-Commits0011,10000,0.02614304443753989,0.02509752261132203,30,1.0216392755508423,0.02364047368315346,2,0.01248643778418813,0.010583753055818204,50,0.7804443836212158,0.06279413093719279,1,0.005418140108761495,0.005399476076800839,100.0,1.4688765287399292,0.08159611631779651,1.0,0.0016682659455100398,0.0024133339034778972,200,3.512742817401886,0.2408092343549918,1,0.042710024895647625,0.05156914900816923,30,0.29619852304458616,0.0011064665782001533,2,0.025238950955645538,0.019714355059324517,50,0.7293476462364197,0.00676366468116387,2,0.012186903572664543,0.012322101531001805,100,1.671641182899475,0.10885969933912754,1,0.010596189727723273,0.010366063141097162,200,2.83152459859848,0.6697863384093,1
LLVM,1024,0.050706805898136406,0.007933314950422196,30,0.14857231378555294,0.0046008995357830615,1,0.04477432654789758,0.00469976751776816,50,0.2570455431938171,0.010596894618649896,1,0.04162398885496184,0.00191593640501876,100.0,0.6686119794845581,0.12464206750699468,1.0,0.04138121776637632,0.0015680958064575963,200,2.417630970478058,0.18312305249206126,1,0.0775843556503663,0.053625410512727616,30,0.14695563316345212,0.0027419310806498474,2,0.05542944890166659,0.009415404225284795,50,0.23843811750411986,0.004305532480483782,1,0.050662016305189905,0.007668055406443077,100,0.3750189900398254,0.06061553503158355,1,0.050662016305189905,0.007668055406443077,200,0.4017030715942383,0.13011852502399782,1
PostgreSQL,19008,0.01982161134400842,0.00034122269014453486,30,0.11558911800384519,0.0063529199976868735,2,0.019607996267619235,0.00025383420121110717,50,0.17822821140289302,0.006911292061282875,1,0.019465946942705106,0.00019198062746207266,100.0,0.393924617767334,0.021522464895397806,1.0,0.019464414181348713,0.00019023118892995034,200,0.5829140186309815,0.0918878760786379,1,0.020001117946144332,0.00036983206423614066,30,0.19568253755569454,0.0007366524051837746,2,0.01995468348242383,0.0003579251095848859,50,0.20272705554962153,0.005502765351466856,2,0.01995468348242383,0.0003579251095848859,100,0.21463699340820314,0.0069907764453340645,2,0.01995468348242383,0.0003579251095848859,200,0.25975611209869387,0.0073838085202497525,2
SQL_AllMeasurements,4653,0.2920063942305174,0.04469309432236376,30,0.289809513092041,0.029851459645364974,3,0.26939718785446976,0.04066514499764888,50,0.4366310715675354,0.04698066649112971,2,0.23434132891862336,0.018606778032459755,100.0,0.5385966062545776,0.11679178148647154,1.0,0.22302962487723602,0.010308455687423767,200,1.9792970657348632,0.3616177288389642,1,0.2915339128490825,0.0420354867085732,30,0.1552873134613037,0.0016810514071425812,3,0.2774561200531076,0.03297174344730498,50,0.167683732509613,0.003043760639649061,2,0.26997284964650364,0.034982533366999094,100,0.3594436883926392,0.07661257966978165,2,0.26997284964650364,0.034982533366999094,200,0.40746344327926637,0.10374195398719811,2
SS-A,1343,0.10003673121843995,0.12559985308924113,30,0.3808616638183594,0.0019168214008176776,1,0.05980108599611432,0.026153079540193074,50,0.5015452384948731,0.0468841831724571,1,0.04308710727882893,0.010423385090472375,100.0,1.036609423160553,0.07399649287147755,1.0,0.03574021692197785,0.007655584081908456,200,2.020137917995453,0.13506312078779764,1,0.2683921275797687,0.2441535302681266,30,0.31181519031524657,0.004435424958740697,3,0.17117444565578585,0.20185729084638634,50,0.47349181175231936,0.027099563773650404,2,0.13563973597824242,0.17657717631810632,100,0.847019374370575,0.23131143414577673,2,0.13446061277442725,0.1771336876495213,200,0.9855891346931458,0.3696280470183851,2
SS-B,206,0.15786555950356457,0.02160394805336037,30,0.32464113235473635,0.014138540476213296,1,0.1434163579652456,0.0058319020239037045,50,0.6756907343864441,0.007165848114424964,1,0.14049241930244877,0.005006061449366842,100.0,1.0804188966751098,0.07268408814214489,1.0,0.13931995203846528,0.004595289589734975,200,2.430874931812286,0.21530124233883205,1,0.22822631121460235,0.0808815226959276,30,0.29789477586746216,0.004520236801532405,2,0.19478744345962512,0.05727945015702542,50,0.4885163426399231,0.0071243858419338685,2,0.1605072836462455,0.025632829659870238,100,0.965421462059021,0.06807361707447454,1,0.14529506037560805,0.006500110286507046,200,1.078420341014862,0.20914072881218082,1
SS-C,1512,0.42778549715270664,0.1396961357389694,30,0.3706734776496887,0.00793835801203525,2,0.34184449621961427,0.12285042415826525,50,0.5445187330245972,0.025701182080820922,1,0.2595060656144244,0.03842134241812044,100.0,1.3173566818237306,0.008833076691580392,1.0,0.23467184552323755,0.06096972583499447,200,2.101081907749176,0.3774446898938574,1,0.4882238932496814,0.11859611966098518,30,0.2843010902404785,0.002280389521596024,2,0.44893023918265335,0.13070592776601173,50,0.49723067283630373,0.0181146551240089,2,0.43514602415650233,0.13476393053422392,100,1.7682562708854674,0.5188055620885874,2,0.43514602415650233,0.13476393053422392,200,0.8054005861282348,0.250646983324161,2
SS-D,196,0.43914793957563314,0.025374259706317397,30,0.20247713327407832,0.0012395614205485317,2,0.4391184937736881,0.025355604884316374,50,0.6307057738304138,0.013998123944282806,2,0.43307576899315625,0.02901567137353856,100.0,1.2549615621566772,0.028053346035077635,1.0,0.43003201371670896,0.030470952545963555,200,2.631996238231659,0.08413880412229587,1,0.44287036407575187,0.020307235543293323,30,0.3771538853645325,0.0015873885314811925,2,0.4390759362914653,0.023388462824953327,50,0.6100918650627136,0.013146559407541178,2,0.4259616245978929,0.02696023392095814,100,0.9672482132911682,0.10226898070072042,1,0.4233565255692155,0.02766560719452679,200,1.2496401429176331,0.3003178711504424,1
SS-E,756,0.15387033635939748,0.0033258325574150233,30,0.3653314828872681,0.00427200421077367,1,0.15269329649352614,0.002577798367561105,50,0.6749084949493408,0.02430709675240269,1,0.15142296813873704,0.0020039163282756195,100.0,0.6750223278999329,0.007087246464361947,1.0,0.14947607718728506,0.0021901234845872553,200,1.370771300792694,0.02818170753809348,1,0.17108287205026756,0.026685110558556102,30,0.40087411403656004,0.00289617593474115,2,0.16193339197536694,0.014565586952014627,50,0.5520694494247437,0.02722844333674383,2,0.15459488995477838,0.004903378524374735,100,1.0016133189201355,0.00775143285368948,1,0.1534956926115852,0.003414527934228535,200,1.925160551071167,0.3785858220560842,1
SS-F,196,0.4458511912107396,0.01273859245988534,30,0.36974247694015505,0.011345931227368366,2,0.4431686554456002,0.011692168958248471,50,0.5143496751785278,0.021926997363319777,2,0.44316617208609416,0.0116914128321211,100.0,0.6735587596893311,0.003509710633322262,2.0,0.4424960484056041,0.010860936136404596,200,1.1576687335968017,0.2160332794148005,2,0.44376178650774734,0.021110606581908734,30,0.2954808473587036,0.0032177522340981228,2,0.4382271513372128,0.02193594653094581,50,0.5285133838653564,0.008726602327737606,2,0.42521714880729755,0.023778690853787803,100,0.8699600100517273,0.10794298399564525,1,0.42418394457176,0.02495901077767158,200,1.3882765650749207,0.35377006062888494,1
SS-G,196,0.4464216296824657,0.006925445856969704,30,0.37686786651611326,0.006448308502223194,2,0.4464216296824657,0.006925445856969704,50,0.515462064743042,0.03885959284556737,2,0.446409845457907,0.006920379809023666,100.0,1.0501466870307923,0.019698870652408516,2.0,0.4462186878165949,0.0068604902565991095,200,1.2731593132019043,0.17773912535530537,2,0.4413742493203462,0.017853383219226544,30,0.3087284803390503,0.002479471218943293,2,0.43834349659011274,0.019973488769408604,50,0.5048793435096741,0.0027013464676520025,2,0.42759787700927154,0.025311515824763906,100,1.0985571622848511,0.0679265382561744,1,0.42610508305672595,0.02675137553384857,200,1.4178419589996338,0.3113306002706493,1
SS-H,259,0.4937088295595332,0.10266617620024193,30,0.20654629468917843,0.0011250011091617244,2,0.40708520179510915,0.10127655483709143,50,0.544651210308075,0.01347481638748562,2,0.3121409515810084,0.07778124111273516,100.0,1.2000356316566467,0.04503596867998704,1.0,0.2678090224058035,0.058877863008039696,200,1.1853584885597228,0.22896549042251516,1,0.5716667981940897,0.1297222687925328,30,0.30191577672958375,0.009077259418068967,3,0.5328668195616132,0.12109090712601867,50,0.4846384167671204,0.005858566008430925,3,0.48126573402177675,0.10563306205247505,100,0.9423548698425293,0.10522131739931687,2,0.4538885994354841,0.10827488044342012,200,1.6240370512008666,0.4564387921332491,2
SS-I,1080,0.09692683365839021,0.10115822685058816,30,0.2261335968971252,0.004590499138283858,2,0.07258074307369784,0.104845595086447,50,0.6858581304550171,0.010001769345683418,2,0.0721366295409111,0.10510783658570858,100.0,1.0688252329826355,0.01264461506553,2.0,0.04363311155110631,0.07589853812577758,200,2.2560593128204345,0.2322550627971447,1,0.13366608400728713,0.10271419787357407,30,0.27084423303604127,0.0018688618835596249,2,0.08600296918492684,0.08110194605801017,50,0.5995803713798523,0.004823145330978288,2,0.039823069226514164,0.04350898681953737,100,0.9948507905006408,0.00552864612900941,1,0.02420594851633507,0.015026281182393667,200,0.9751454710960388,0.19606929415109514,1
SS-J,3840,0.07290571574584105,0.003455668865416519,30,0.3047774791717529,0.005354934621520181,1,0.07184112181492616,0.0029296553899872072,50,0.5764320611953735,0.027817162884807498,1,0.0684810325542925,0.0028227745506793573,100.0,1.1126897811889649,0.05981102880699139,1.0,0.06684138348164692,0.0020857179927596366,200,1.440507411956787,0.026539135584013385,1,0.07894919951129688,0.0064984847266790725,30,0.3197213292121887,0.0030589537513159557,2,0.07650293256680443,0.006104813449739672,50,0.5124042987823486,0.004200742484707604,2,0.07229191122737755,0.0034033697683853964,100,0.7626808881759644,0.05243178210216701,1,0.07124083752011068,0.0034695832921269455,200,2.1065619826316833,0.6272897394135165,1
SS-K,2880,0.08132835240193688,0.027160331979116093,30,0.2024578213691711,0.001116054519143811,2,0.07053720507040342,0.013711095046004729,50,0.34202823638916013,0.005064313743643489,1,0.06540966530066837,0.0030036946203004077,100.0,0.725806474685669,0.016412708391002194,1.0,0.06475694341135776,0.002669631967314028,200,5.058494579792023,0.11805239472760966,1,0.08617487341583427,0.02004448996934231,30,0.321826708316803,0.004883141474619366,2,0.07711012898361748,0.015873475342972218,50,0.5486426949501038,0.005752039170131949,2,0.07163212978423365,0.009455658045316619,100,1.0403226494789124,0.020829285512651268,1,0.06584908801719175,0.003594667712132121,200,1.8165634632110597,0.20538236873519378,1
SS-L,1023,0.17863203312522022,0.008290957172848556,30,0.38347909450531004,0.007542939376831065,1,0.17178125973304653,0.0031308759581955077,50,0.5153432250022888,0.03232856751356993,1,0.16897986817940383,0.0008550037470601166,100.0,1.1866846561431885,0.10207363127476458,1.0,0.16897986817940383,0.0008550037470601166,200,2.6762710332870485,0.25462705530037005,1,0.23951911117232805,0.09071262476209946,30,0.20887687206268307,0.004143115848989776,2,0.1864572406894793,0.008899256188664748,50,0.41028140783309935,0.021821560687809306,1,0.18021691389779618,0.007700557405020689,100,0.7857051849365234,0.03566461893415929,1,0.17432161787003367,0.005104081618791757,200,1.1114606022834779,0.18739909377769295,1
SS-M,864,0.00477465562952566,0.0008722224305577848,30,0.30258357524871826,0.004043775387782301,1,0.004083944910535815,0.0004342544882965543,50,0.70913245677948,0.014459188621622295,1,0.00366225094381379,0.0002502405937657899,100.0,1.6116500496864319,0.18118719436923791,1.0,0.003468966539317045,0.00013558872723317054,200,1.708725905418396,0.2917194790791299,1,0.006999352919758339,0.0030913591902327958,30,0.30723937749862673,0.001389623245686642,2,0.006142010774642975,0.003004463480572035,50,0.49225754737854005,0.0024914187312536766,2,0.004903540541610971,0.0017689546112412858,100,1.6978888392448426,0.07881448455059668,1,0.004520172468623596,0.0014706319313490899,200,1.4292956829071044,0.32384629782480545,1
SS-N,53662,0.1581445993495953,0.014203283310427313,30,0.2657391786575317,0.003674364473693739,2,0.15070221770106712,0.006405229812256887,50,0.6486284375190735,0.015086681406425573,1,0.14486659926506143,0.004807967881695394,100.0,0.9556329727172852,0.023657626744125856,1.0,0.1415917434915431,0.005582598073112771,200,1.9820337772369385,0.06355136054302987,1,0.15955840496646895,0.012435085642560169,30,0.3589960694313049,0.017851113012550948,2,0.15533131373809855,0.009837555466692408,50,0.3761772871017456,0.006022951912795213,2,0.152621294359031,0.007671389585180896,100,0.6856692433357239,0.002525844621201114,2,0.1487257406764757,0.005456769653898049,200,1.2566996335983276,0.16539966417512142,1
SS-O,972,0.197057190350032,0.03309308749832286,30,0.28249419927597047,0.003702704640539003,2,0.193610978768612,0.032376687393254146,50,0.5213739395141601,0.008653714279735138,2,0.19129414051729637,0.03073598314848058,100.0,0.9714906215667725,0.019340199776509588,2.0,0.18569411964449628,0.02184754470474408,200,2.158272445201874,0.1246845505376456,1,0.19320658482554195,0.009716982380312128,30,0.20417652130126948,0.0019210038799430083,2,0.19036957867855636,0.007992121310508176,50,0.33498029708862304,0.00169503887592101,2,0.18640233480613416,0.006355546536522311,100,0.66456538438797,0.029233216879177674,1,0.18381825544543082,0.0052289650593991275,200,1.8048806548118592,0.42536194401377386,1
SS-P,1023,0.17863203312522022,0.008290957172848556,30,0.3379186987876892,0.01800903867276231,1,0.17178125973304653,0.0031308759581955077,50,0.47704302072525023,0.009080740181489683,1,0.16897986817940383,0.0008550037470601166,100.0,1.0928969264030457,0.0836874443121764,1.0,0.16897986817940383,0.0008550037470601166,200,3.0380896806716917,0.14297622800968915,1,0.23951911117232805,0.09071262476209946,30,0.28930867910385133,0.0039036400451019247,2,0.1864572406894793,0.008899256188664748,50,0.32444133758544924,0.005573022735512868,1,0.18021691389779618,0.007700557405020689,100,0.6434084892272949,0.011816598200616552,1,0.17432161787003367,0.005104081618791757,200,1.004495584964752,0.19671251501556447,1
SS-Q,2736,0.06144563142748789,0.001638217227687598,30,0.5336063265800476,0.4448844247850782,1,0.06024279325159769,0.0015436309794213605,50,0.7988776326179504,0.011861980734918617,1,0.058962929723431166,0.0010892818939468936,100.0,1.3551363468170166,0.046531280961525645,1.0,0.058162728561837976,0.0006128225301606603,200,2.513888251781464,0.23779139629400453,1,0.06553146780915102,0.016349887378382666,30,0.30318228006362913,0.001645192400651233,2,0.06133596825796941,0.001983324622832447,50,0.49075993299484255,0.001877335368084661,1,0.06032341729525507,0.0010457414632843696,100,1.1268919229507446,0.009385153519747572,1,0.059973494480328904,0.0010191030742809012,200,1.546148693561554,0.29621259171162445,1
SS-R,3008,0.17889058790666726,0.012569743944805515,30,0.3100345849990845,0.005589386457264465,1,0.17459992976997774,0.007755318240466241,50,0.6701957821846009,0.01478149822447949,1,0.1719587096305797,0.00775062230290107,100.0,1.0941612720489502,0.030580249250928535,1.0,0.17019182025990556,0.006995387851829692,200,2.0179813861846925,0.19607367040733834,1,0.18792468295609027,0.02207376063704399,30,0.214951741695404,0.008206026124795094,2,0.18490170562671596,0.01855049291761344,50,0.6293309569358826,0.002838987690228772,2,0.17831459886450665,0.007977825328980632,100,1.2364229440689087,0.015593601036812978,1,0.17331943144608714,0.00775862183980928,200,1.4234953284263612,0.1385620089856485,1
SS-S,3840,0.06265763635992869,0.04237186100416459,30,0.27762651443481445,0.03330450445062146,1,0.04794387312775826,0.03437784250370844,50,0.5145133256912231,0.005527852963279702,1,0.027101659387954086,0.01566474288731128,100.0,1.1032055497169495,0.07133851911722203,1.0,0.023555939435185535,0.015607428084479126,200,1.9587890386581421,0.040078185028498185,1,0.10274549547816618,0.05370727331042238,30,0.3072283864021301,0.003680723606992149,2,0.08354922161562993,0.0387141015133284,50,0.501461386680603,0.0037736550239303858,2,0.05181474638880192,0.03596791431547965,100,1.0507969975471496,0.0784941673732048,1,0.04450729538620019,0.034396592464745565,200,1.031025230884552,0.3036077976147684,1
SS-T,5184,0.051559706409190956,0.02415663566713463,30,0.2580016732215881,0.0319837044311188,3,0.034062821732796594,0.018944600300244786,50,0.5679975390434265,0.020754926937642065,1,0.020763696409037292,0.007012134902618883,100.0,0.6057297706604003,0.09389475309937025,1.0,0.01704392007444758,0.0011727899346126896,200,1.5130914211273194,0.048611577036014084,1,0.0585587227853143,0.021912774344828252,30,0.2984271883964539,0.002005217601861361,3,0.05317353513375452,0.02126000663268976,50,0.4958918571472168,0.002713755329925523,3,0.040625836786425874,0.015820501607032165,100,0.9022408246994018,0.004446610049539356,2,0.03365215933000418,0.010983007914898443,200,1.8095880627632142,0.015833084933002978,1
SS-U,4608,0.25085439715534413,0.013912242255327402,30,0.22282779216766352,0.008960352354699646,2,0.24485026235285515,0.010795335256601701,50,0.7286968231201172,0.02680021646335886,1,0.23492132159101295,0.002996750949024195,100.0,0.7739206194877625,0.03253394637813992,1.0,0.23182699618086522,0.0011461704077137087,200,1.6033882021903991,0.07984644388129393,1,0.2652660596080249,0.025427167654510113,30,0.4960457801818848,0.32316636328594367,2,0.25690269266329707,0.02247738337474947,50,0.5918953061103821,0.044660362513839834,2,0.24586449697727306,0.012574675125129274,100,1.1117390990257263,0.05220973146669177,1,0.23778048337507318,0.005797155340301562,200,2.418823003768921,0.05601722194458708,1
SS-V,6840,0.1524850489029576,0.05571388762520219,30,0.5053340792655945,0.1151151615418713,2,0.10742607764515015,0.06802231978093043,50,0.2918798327445984,0.057957913911398096,1,0.07810612848170176,0.06203702071083169,100.0,0.742897117137909,0.018592199614242317,1.0,0.04577239934841493,0.04538649954783474,200,1.5961584568023681,0.07006090557018006,1,0.15379871087948216,0.05209622435521021,30,0.20470573902130124,0.0010100488994199805,2,0.1524345372674689,0.05124217324293542,50,0.6796229600906372,0.0045093088588065355,2,0.13071389936992206,0.06553813414864333,100,0.9483931660652161,0.10555752364551044,2,0.09738758007322731,0.061413910379216535,200,1.7976827502250672,0.324786148593214,1
SS-W,65536,0.32753479262320123,0.0202719669084842,30,0.1473736763000488,0.004326471917483808,2,0.3195467523402981,0.01706502539243495,50,0.25983893871307373,0.007763121557926547,2,0.29847246550488327,0.011745988177033456,100.0,1.2757653951644898,0.058589472153592906,1.0,0.2814278114502854,0.0166331489267614,200,1.1149394392967225,0.04871621358182021,1,0.34119105177329356,0.02459499000231897,30,0.2754684925079346,0.034761481514970605,3,0.3290674576233288,0.025278814974577353,50,0.4344598054885864,0.0567862343154129,2,0.317833592928233,0.021174026258973872,100,1.1905641317367555,0.06274256534336854,2,0.30666902735004287,0.017822477434122064,200,1.7800034403800964,0.1936082972620149,1
SS-X,86058,0.22853060191307334,0.04607428391358974,30,0.14783676862716671,0.0018543752017037565,1,0.21517322043865633,0.020731547535106164,50,0.406319260597229,0.0069260068768827255,1,0.20596516903292392,0.015955696991163993,100.0,0.5217697620391846,0.016796011497312913,1.0,0.19731340699003028,0.018310726214105035,200,1.7406071782112122,0.0594359659072604,1,0.313612532301593,0.09304731665367064,30,0.42177233695983884,0.00777074107778453,2,0.2628921220050585,0.07003803514844353,50,0.5078067779541016,0.010266934594568435,2,0.2352280143113426,0.03794576858655767,100,0.7664558410644531,0.04885183607515906,1,0.22249881410061353,0.014094241936338901,200,2.0163081407547,0.443757527900581,1
Scrum100k,100000,0.3755614373618177,0.026372690671400224,30,0.39572309255599974,0.010886539455132587,2,0.3532298972105721,0.021433300401844962,50,0.7212555050849915,0.10167483508482335,1,0.3316489121882911,0.014824325494089755,100.0,1.489006793498993,0.06435786290873723,1.0,0.32340837657772614,0.008534946995049803,200,3.4477882981300354,0.23188515879111876,1,0.3975751586674451,0.03069815062151051,30,0.5094488739967347,0.11217810912711253,3,0.3826807453580922,0.02627602014755677,50,0.8969357371330261,0.02781377456787955,3,0.3705424713095016,0.022637195067460127,100,1.6919574022293091,0.09094616480723762,2,0.36453217871837335,0.021793112122596794,200,3.7077113509178163,0.15314566969381874,2
Scrum10k,10000,0.32973659497965335,0.032475554137559495,30,0.2386747002601623,0.010596590359399843,2,0.30870377607876165,0.02323445845613186,50,0.7572021961212159,0.10509991855592384,1,0.28938959159479183,0.00808619030116018,100.0,1.4934308290481568,0.17716468262342305,1.0,0.2830753968313352,0.005362989915976362,200,3.4846763372421266,0.3318744455865092,1,0.3666410417131294,0.0295487892033517,30,0.5747650027275085,0.009813441755825457,3,0.35892720736623296,0.031415968589845945,50,0.5456683039665222,0.008203479902869164,3,0.33433862705449807,0.025315202647772345,100,1.6222072839736938,0.10550478602184714,2,0.32040990125098356,0.018914273926864573,200,1.858013641834259,0.28123831124398646,1
Scrum1k,1000,0.30095330728739306,0.03151955844388886,30,0.5261176228523254,0.025501701138988933,2,0.27664636484810556,0.015965223131360517,50,0.7246352434158325,0.09111589566943074,1,0.26061511770132745,0.010135043246978146,100.0,1.6384922742843628,0.2042433285499532,1.0,0.24726127017177763,0.006084433851053896,200,4.252371072769165,0.41042466083352774,1,0.33522312479779676,0.03540387714866313,30,0.44304693937301637,0.03726343263964472,3,0.31962593324618116,0.028940880132389064,50,0.5316047906875611,0.007436973717554098,3,0.3100377354635372,0.024855826987337452,100,0.8383419275283813,0.16267832852374847,2,0.29137840068125387,0.023069073663394498,200,3.65359023809433,0.15485125861135393,2
X264_AllMeasurements,1152,0.006741175836892005,0.007913697712819039,30,0.1160762786865234,0.005994450067191531,1,0.0012345071278683849,0.0015017689336834544,50,0.21744663715362544,0.015835419024352794,1,0.00044228398798506997,7.242870763622438e-05,100.0,0.6111903071403504,0.04581989866964567,1.0,0.0004369889299532151,7.06992388312459e-05,200,1.1863934397697449,0.15140316299939166,1,0.03147087125849523,0.02476838107718512,30,0.15765635967254635,0.0038146501934290603,2,0.02055021795510311,0.014117323278386764,50,0.2620967626571655,0.008741755942252388,2,0.011194077812407938,0.010398393040660056,100,0.4624465346336365,0.04867942376046993,1,0.010043112902882883,0.01087739310804602,200,0.5588040232658387,0.09462387907810522,1
billing10k,10000,0.39428217090203665,0.017361978438320293,30,0.5795652747154236,0.04080941046312145,2,0.3771844169998393,0.015393683718010592,50,1.0385919332504272,0.0654810763217566,1,0.35867351579158535,0.006105586129084381,100.0,2.10056848526001,0.189388631636409,1.0,0.35170693495760424,0.0027376826811156807,200,5.338696837425232,0.331812698165908,1,0.41300710683806097,0.021833777962196446,30,0.5602565884590149,0.007751010415055347,3,0.4020300885620286,0.018046503201050276,50,0.7657376170158386,0.007122693862255291,3,0.3921598283059703,0.012542743089268175,100,1.6690402984619142,0.06223580674185534,2,0.38520158945574867,0.012863801720763566,200,3.4758493185043333,0.2495797001635258,2
coc1000,1000,0.3589077239609516,0.011194577480667534,30,0.9556629419326782,0.007615185848755775,3,0.3485355814041914,0.012883871355916385,50,1.5075397491455078,0.10652642361634163,2,0.33728383746699336,0.008974627498484348,100.0,3.4943659901618958,0.062029597929496263,1.0,0.32734438380217334,0.010937362592426577,200,5.738685965538025,0.3442392937835482,1,0.35818498359109835,0.011156087370529814,30,0.8150740504264832,0.01293096359838973,3,0.352640663319512,0.009491487290893365,50,1.232799470424652,0.03560115100818423,2,0.3506012291579105,0.007946807521814208,100,2.8531654357910154,0.18576339977990006,2,0.3461423368380052,0.005796164649490146,200,6.271632468700409,0.15952904628194328,2
dataset120,5160,0.3106202325044237,0.035414874034941896,30,0.19428471326828003,0.005776479540711827,3,0.28755505303520007,0.026618679815605617,50,0.2616594433784485,0.017964560481187167,2,0.2800100417352256,0.02446456089558403,100.0,1.4562484622001648,0.07445006041976426,1.0,0.26109046121362295,0.03104476353616525,200,1.4799764156341553,0.11821723706167982,1,0.30641884049365664,0.02559678687169967,30,0.16373015642166136,0.0018323207626697055,3,0.30246003471610095,0.024730094473024104,50,0.24374945163726802,0.008050165221343926,3,0.297137712226499,0.02563551442381472,100,0.8990842580795289,0.20055359770554587,2,0.297137712226499,0.02563551442381472,200,0.3734993577003479,0.09296120538990213,2
dataset600,5160,0.27979790368944774,0.026455761375392076,30,0.15042778253555295,0.012650248052455666,3,0.26884632697776073,0.016704754261749645,50,0.2578804850578308,0.021780235387453488,2,0.25580208444075697,0.0253256713372412,100.0,0.5510802149772644,0.04725575102904202,1.0,0.2333022389471982,0.025443194925089434,200,1.312735414505005,0.11832153606670305,1,0.2883354406622789,0.02478181286363497,30,0.19243943691253657,0.001462709579991232,3,0.27147759701491314,0.022951697069081536,50,0.23856211900711055,0.003387938864946921,2,0.26706058812511013,0.022591623569632308,100,0.35509551763534547,0.0447931190853829,2,0.26706058812511013,0.022591623569632308,200,0.40720502138137815,0.05034700713128757,2
dconvert,6764,0.014669691373056463,0.002743552314027894,30,0.1563013434410095,0.015613604348307615,2,0.013363006304061476,0.002174386383947552,50,0.2857635974884033,0.03350622575239373,1,0.012214899128975361,0.0012511959222471043,100.0,0.6047105550765991,0.08258409379520894,1.0,0.01122408015055505,0.0006179000901915655,200,1.3009806871414185,0.1538965334681074,1,0.016408228171663212,0.00237535243271767,30,0.16269445419311518,0.004666109504098455,3,0.015757820304997953,0.001987477346032598,50,0.26164337396621706,0.006884152043717172,3,0.015153059386380225,0.002156375047738509,100,0.4548826336860657,0.08497114606741149,2,0.015129017459184754,0.002144611157650537,200,0.4767351865768433,0.11231035643494318,2
deeparch,4096,0.0034508035306464535,0.014606931021019112,30,0.13942651748657223,0.007475335936473921,2,7.4364267644033e-05,2.3215507111558204e-05,50,0.27612537145614624,0.013227610535787243,1,5.767858395669401e-05,8.205235979972239e-06,100.0,0.5361352920532226,0.06400062566123806,1.0,5.120299612928481e-05,3.821623771639179e-06,200,1.459692370891571,0.293388922733402,1,0.004808289354227773,0.007879208391121682,30,0.15268721580505368,0.002265734474919532,2,0.0029633033172536748,0.006121175066885363,50,0.25091599225997924,0.003320831309901297,2,0.0008908229717094604,0.002865218681102466,100,0.4082576632499695,0.06153297708040238,1,0.00027019784276548046,0.0003344829193485446,200,0.5178372621536255,0.10946940610163515,1
exastencils,86058,0.04087623310056472,0.013429981522715446,30,0.12746200561523435,0.0040404239032160475,2,0.038016676073979065,0.013250367104600045,50,0.24151275157928467,0.015976575601871854,2,0.02527992798517801,0.015245559422465985,100.0,0.4963813781738281,0.037303039294817604,1.0,0.01488404485361034,0.01277942971264276,200,1.0020469069480895,0.07263864928688465,1,0.04629508511360739,0.012307191471881798,30,0.15336316823959345,0.0014350600516952843,2,0.04225156704970488,0.014177863836090493,50,0.23971350193023677,0.014583579968313224,2,0.04160848027797175,0.013915257380708687,100,0.2920587658882141,0.06305245200279119,2,0.04160848027797175,0.013915257380708687,200,0.292445695400238,0.06457116839846093,2
javagc,166975,0.0011766519608721502,0.0007794732477531387,30,0.21999337673187255,0.11401419814855142,2,0.0006941973031411302,0.00031436510569927983,50,0.3609323263168335,0.05312466104647232,1,0.000507159840982475,7.892208444251438e-05,100.0,0.8054846286773681,0.140010634806372,1.0,0.0004742805060033501,4.322793821168065e-05,200,1.733112871646881,0.2705276218237233,1,0.001904779332104455,0.000990663391456132,30,0.11936424970626827,0.001193469696733751,3,0.00150202065987772,0.0007490568994492041,50,0.24502971172332763,0.03257062768999082,2,0.0014584653810667402,0.0007760576300625014,100,0.33078000545501707,0.11554774612992467,2,0.0014584653810667402,0.0007760576300625014,200,0.2693557977676392,0.1041492176459002,2
nasa93dem,93,0.4668713830805763,0.004424970554746292,30,0.5026226997375488,0.03503722679577543,2,0.46459396942242515,0.004013248719589643,50,0.6493252873420715,0.09140744373364197,2,0.4602001394745924,0.004698357809931312,100.0,1.5640910625457765,0.0400352414497525,1.0,0.45825185721081774,0.004682705924355644,200,2.684878396987915,0.23474494441789123,1,0.47047880859227975,0.007214414514796246,30,0.31059701442718507,0.008001739233431266,3,0.46625427915275947,0.003665921435263521,50,0.6891256093978881,0.07669699059529723,2,0.4639936756514139,0.005116754901813034,100,1.220498549938202,0.1436057135647308,2,0.46134644935143215,0.005980430165091271,200,2.4994918942451476,0.6042543601766596,1
pom3a,20000,0.18786524700828247,0.02001117148034458,30,0.2206771612167358,0.007849849583189582,3,0.17560403445596098,0.017518094758824113,50,0.3644037127494812,0.024470072799932747,2,0.16131820098083485,0.006978667216383133,100.0,1.4022265315055846,0.08262922684840204,1.0,0.14862064128761776,0.013106106149694761,200,2.492647099494934,0.0593393470689588,1,0.19965495647739195,0.011379914908262236,30,0.49570039510726926,0.034846229253394714,4,0.19362877574170476,0.01411412574531035,50,0.7144206166267395,0.06835917175508371,4,0.18740392500460362,0.013677324588099816,100,1.2368182420730591,0.1398543935154523,3,0.17448152843037631,0.01869246622220469,200,2.374092173576355,0.1641023008301563,2
pom3b,20000,0.19439744372247297,0.020523665889344612,30,0.22588150501251217,0.010817393944677194,3,0.18040792456761962,0.015532568112066025,50,0.3865035057067871,0.04865220313132858,2,0.16471936292982736,0.014089416972863191,100.0,0.7264099717140198,0.021811642303521263,1.0,0.1533541201836083,0.012463066418115462,200,1.49172340631485,0.08017176807572676,1,0.21201380140763204,0.02266750832763828,30,0.42216830253601073,0.004095594361682379,4,0.19865840495883036,0.014803732474000913,50,0.51807199716568,0.004578275566996744,3,0.18711049329867646,0.018844572108456283,100,1.221940279006958,0.11709064818757312,2,0.1806766287913268,0.013852646343860308,200,3.005199694633484,0.04616161416167123,2
pom3c,20000,0.3229346686778175,0.019874433199932106,30,0.21516436338424677,0.0033653520320862797,2,0.31177980101513075,0.01165792236503346,50,0.3617074012756348,0.02263015968920739,1,0.3020311678645742,0.01224208802385928,100.0,0.7355331182479858,0.028473765163749377,1.0,0.2908337162898362,0.010927749278056896,200,1.4511687874794006,0.01707171154306136,1,0.34541482775027,0.022318463829187136,30,0.4566824197769165,0.008268615845564833,3,0.3396874749645042,0.01916353733246403,50,0.8782988667488099,0.031108356155697785,3,0.32692007792020916,0.019233192216711166,100,1.3994094252586364,0.17119471002516481,2,0.31993933414415227,0.017592639725170604,200,2.6189002871513365,0.2738253447527941,2
pom3d,500,0.20104468944469073,0.014237036808870809,30,0.3022685170173645,0.025186056886911407,3,0.1920872697133469,0.011045709493587384,50,0.532792329788208,0.008146109448734347,2,0.18077738528586992,0.016293570715482295,100.0,1.0131960034370422,0.00865238444094435,1.0,0.17121535337903132,0.01523664071842664,200,1.5556043624877929,0.27266691436301166,1,0.2076866986780313,0.016338572981116847,30,0.5417383193969727,0.02773032087294386,3,0.2028222208598931,0.01633613130372192,50,0.8025998473167419,0.06331483283248832,3,0.19737401372633187,0.015023140431698305,100,1.9892197489738463,0.15638637063573477,2,0.18724618581406313,0.009664000058689564,200,4.045549631118774,0.21577859315314432,1
redis,4400,0.4711229945724627,0.021837400990578484,30,0.10626891851425169,0.0012786998971527238,2,0.4622734287874823,0.02122662237659453,50,0.16922037601470943,0.026600164304418934,2,0.4447532554663797,0.021184385904067633,100.0,0.27779417037963866,0.04911596717318412,1.0,0.4337494932789112,0.02151972085869522,200,0.5415885925292969,0.06812003291452738,1,0.4761203854691526,0.02336765059034427,30,0.20164153575897212,0.003721622749252438,2,0.4704768886192482,0.020319715777567422,50,0.16915237903594965,0.01611761327006172,2,0.4695365798461083,0.01971396604625934,100,0.31349384784698486,0.07806363430710271,2,0.4695365798461083,0.01971396604625934,200,0.2687917113304138,0.07468724946869815,2
rs-6d-c3_obj1,3840,0.014107672915260374,0.039268564606468916,30,0.13747184276580807,0.0017287186805096649,1,0.0112220691008038,0.034709096442438754,50,0.2539173126220703,0.00279326503576657,1,0.0035056553130174153,0.008956131242380122,100.0,0.3870242238044739,0.01336777790525287,1.0,0.003374884170851638,0.008994855331538218,200,0.9744455695152283,0.02938571823451289,1,0.005106009400454014,0.006844816911718105,30,0.10940538644790646,0.0021045905225259864,1,0.004147148431563304,0.00673935902106834,50,0.1686323642730713,0.002437183905306215,1,0.00182157045311706,0.0009463928288929949,100,0.29788296222686766,0.053221669021944404,1,0.0018214874621609901,0.0009464151075019929,200,0.6049404263496398,0.14819507501081536,1
rs-6d-c3_obj2,3840,0.0008232630000030461,0.0007777635906042603,30,0.1381184577941894,0.016419997297952474,1,0.0004445161293427996,0.0003974283798159172,50,0.25519737005233767,0.0031333491391239464,1,0.00014833652878033034,0.00020617588929790174,100.0,0.5112943053245544,0.007587628495298056,1.0,7.678705607283565e-06,8.895387063146536e-06,200,0.9941920399665832,0.1176365401744116,1,0.0016556544288472853,0.0010348537944641929,30,0.17190638780593867,0.0068206596130519275,2,0.0012438363259100168,0.0009514142208844371,50,0.26020997762680054,0.01958042150318243,2,0.0007665248347369868,0.0006834880722351807,100,0.5160573720932007,0.09074338699389697,1,0.0007665248347369868,0.0006834880722351807,200,0.5854871034622192,0.15278086054980375,1
sol-6d-c2-obj1,2866,0.014547283083715843,0.00044448096775166415,30,0.1544734120368957,0.00280107499426689,2,0.014355606736442423,0.00023548335316063892,50,0.28541491031646726,0.0099167445457569,1,0.014239575603416588,0.00021959226045698566,100.0,0.5245541214942933,0.004448902884325691,1.0,0.014170864187251355,0.00019158330460093147,200,1.0226011753082276,0.09463297316661687,1,0.014700875428079902,0.00044834604690939783,30,0.09834403991699214,0.00062929085087271,2,0.014586996773740262,0.0003728502638556092,50,0.30409454107284545,0.02352765017334851,2,0.014529355267388008,0.0003998738555809457,100,0.3087828516960144,0.09518073639633023,2,0.014529355267388008,0.0003998738555809457,200,0.2384787082672119,0.07718756626069263,2
storm,1557,0.00010210395909797532,4.182513158921136e-05,30,0.10464447736740108,0.003337858696516892,2,7.295800298275922e-05,1.4216656690096997e-05,50,0.182058310508728,0.006455729741015781,1,5.892685757367122e-05,8.493974989060602e-06,100.0,0.5453891634941102,0.021035426669874218,1.0,5.288418512101045e-05,6.157514615797857e-06,200,0.7817766904830933,0.03534115854392705,1,0.00010986315755509774,4.6178669286006916e-05,30,0.18202822208404537,0.002484094588979562,2,8.973573509540362e-05,2.973476802646886e-05,50,0.31970704793930055,0.0035915305137418445,2,8.237541165062979e-05,2.8547122722246624e-05,100,0.4460833311080933,0.07622181949934846,1,7.77127017700261e-05,2.3162046832473127e-05,200,0.6500898599624634,0.1950070833349744,1
wc+rs-3d-c4-obj1,196,0.08396296514025062,0.03567163470107918,30,0.11641041040420527,0.008601854139855855,1,0.07505073021660388,0.002062972732426422,50,0.17076486349105832,0.004306268767809815,1,0.07434862588219068,0.001217578223463441,100.0,0.34242274761199953,0.005910111952890531,1.0,0.07392575630593734,0.0010150046153223605,200,1.3068179726600646,0.024475475724123334,1,0.10936148140703443,0.06471237798959777,30,0.1464732408523559,0.0036122783925597677,2,0.08493931282118031,0.03461920633054795,50,0.2446876049041748,0.007709940865153161,1,0.08483004730299608,0.034642316804505593,100,0.37011908292770385,0.08859406972872426,1,0.08483004730299608,0.034642316804505593,200,0.382203471660614,0.09161416812395304,1
wc+sol-3d-c4-obj1,196,0.08663556997176632,0.05577143099680626,30,0.14925683736801143,0.0013494772237614768,1,0.08502185369030645,0.055757343017033924,50,0.17105528116226193,0.006541218116327104,1,0.07398241766999318,0.04026134322549335,100.0,0.3457426309585571,0.0069527637045046385,1.0,0.06394558015831982,0.001640442857024416,200,0.7245970129966736,0.019361717177091252,1,0.10355707906317975,0.07070821831308016,30,0.15517184734344483,0.0038505045416761907,2,0.07736683000103942,0.03856225990509281,50,0.30320091247558595,0.013112768360726789,1,0.07725990473760277,0.03857323741763196,100,0.32963324785232545,0.08490785448738164,1,0.07725990473760277,0.03857323741763196,200,0.32556307315826416,0.08177876826975214,1
wc+wc-3d-c4-obj1,196,0.12932526552725587,0.04706898345590168,30,0.13453547954559325,0.0014337255445484,2,0.11038478514712338,0.014314007279173183,50,0.22685862779617305,0.0032386436204689304,1,0.09444195316790246,0.00879632571488573,100.0,0.3661816954612732,0.011106913032268729,1.0,0.08897712044319378,0.007988744774224106,200,0.7953534245491027,0.024056669725328612,1,0.15285836485304635,0.06163406912270679,30,0.15370128154754634,0.0015223585691661347,3,0.12649100293358506,0.037850169553400606,50,0.17731405496597286,0.0017766849064160739,2,0.11739492832863418,0.02327867317546928,100,0.5149823188781738,0.07601988108657967,2,0.11739492832863418,0.02327867317546928,200,0.4038362383842468,0.05982678571263107,2
wc-6d-c1-obj1,2880,0.11316687835603986,0.03636491164178227,30,0.2270828485488891,0.01390613780941524,2,0.10629060609303283,0.030423250863135968,50,0.18826137781143185,0.002943468318391085,1,0.09886145003411392,0.03292213299822939,100.0,0.382081413269043,0.011719597081149193,1.0,0.08641281242864537,0.04214510868366142,200,0.6861890554428101,0.1208417550895492,1,0.1365306296848086,0.033384032935250434,30,0.1752516150474548,0.00125009799631469,3,0.11310862479494169,0.030933117907290395,50,0.2943761110305786,0.0029911957045973816,2,0.09708186162587007,0.0352666857092771,100,0.5326707482337951,0.07141341617464655,1,0.09707043206373014,0.03526425637446002,200,0.33034132719039916,0.07746190121689109,1
x264,53662,0.2069244073352993,0.012983516395266247,30,0.07776541709899898,0.005571065807961535,2,0.19974614445845412,0.009078943513228889,50,0.1347499012947082,0.006463580074698087,1,0.19487859098166313,0.007737018258056934,100.0,0.5048596262931824,0.037912296926815275,1.0,0.18856387890391588,0.009716273097431647,200,0.5828339338302613,0.04247626533529875,1,0.2164295196040992,0.014877175736434295,30,0.1950824856758117,0.0008251157509128665,3,0.20819542370353167,0.012056863090634449,50,0.3250414848327637,0.008965156289200747,2,0.20287710012044147,0.011052362621584454,100,0.40024288892745974,0.08935669367913146,2,0.20234885750055756,0.011127388228311951,200,0.47798948287963866,0.14952728923692055,2
xomo_flight,10000,0.0542699226771576,0.014685581390709052,30,0.4818974494934082,0.00807886392120958,2,0.044181718023793205,0.009033446291038886,50,1.270218014717102,0.07830912535700536,1,0.03773546936106574,0.00705372014487688,100.0,1.6375993967056275,0.0396280543983091,1.0,0.032451150556457656,0.005378278162567635,200,5.309205305576325,0.17208500252199543,1,0.06796396414646849,0.0289448471505444,30,0.41413494348526003,0.008956402121785839,3,0.05946211180909673,0.02231520200120462,50,0.9309401631355285,0.01117232796335079,2,0.05134083254703033,0.010846301245702591,100,2.118683063983917,0.037666135287140426,2,0.047932356841799015,0.010491261027599163,200,2.608397030830383,0.27814846932067755,1
xomo_ground,10000,0.07179317032937046,0.022124663737735174,30,0.4810917377471924,0.00898974842429424,2,0.06620114065858036,0.01901691225162998,50,0.8148606538772583,0.016798718516849737,2,0.052494243857607384,0.010107075769027458,100.0,1.6571381330490111,0.03043839922268581,1.0,0.043912520506715125,0.005565487992532823,200,2.0357727646827697,0.042529811067738545,1,0.08684969165599235,0.027809402399776837,30,0.6051963448524476,0.009462525658529303,3,0.08417905053604073,0.026244556221081725,50,0.9493057608604432,0.10883272741976775,3,0.07229290367665833,0.02113245708775358,100,1.8832294702529908,0.014233443235378016,2,0.062089861568210815,0.014650916034160829,200,4.081922042369842,0.04192144273564629,1
xomo_osp,10000,0.06166091195057878,0.02034379796054399,30,0.5515649914741516,0.04288240713934248,2,0.04707123202488727,0.011577198066981206,50,0.8134209156036377,0.014862043494875282,1,0.03968306329833478,0.00792778964178269,100.0,1.9820472717285156,0.20744830972130288,1.0,0.033292689420650536,0.004176971035612073,200,3.985816216468811,0.2996896185644098,1,0.07249659340521082,0.02429297591842036,30,0.669662594795227,0.006851611715330916,2,0.06947392856460174,0.023226984920126443,50,0.9838202953338623,0.010729063408768433,2,0.05981178394264747,0.018942959111886298,100,1.5213098883628846,0.015815666316027273,2,0.050206952201719925,0.01425257438755374,200,3.8467472910881044,0.07661764958070723,1
xomo_osp2,10000,0.18282863589886594,0.020336236128741345,30,0.5892691612243652,0.0681572536708004,2,0.17280573095447496,0.015431698486156694,50,0.4921509146690369,0.009442526515638632,2,0.1589240207740134,0.00821189209895312,100.0,1.0652997732162475,0.038052437984602165,1.0,0.15031120536906337,0.006537288770239502,200,2.2189686059951783,0.11869184379492931,1,0.19817127298258458,0.023660266096216857,30,0.7562660813331604,0.006209114724988191,3,0.1915343744330797,0.02172343909670707,50,0.9237850546836853,0.013918900982493302,3,0.18396559357413655,0.016762560888383123,100,1.3920310974121093,0.011607196725569131,2,0.17501564791955274,0.01281701421809165,200,3.4024966955184937,0.2912564563583616,2
