Dataset,Rows,ILS-30_mean,ILS-30_std,ILS-30_budget,ILS-30_runtime_mean,ILS-30_runtime_std,ILS-30_tier,ILS-50_mean,ILS-50_std,ILS-50_budget,ILS-50_runtime_mean,ILS-50_runtime_std,ILS-50_tier,ILS-100_mean,ILS-100_std,ILS-100_budget,ILS-100_runtime_mean,ILS-100_runtime_std,ILS-100_tier,ILS-200_mean,ILS-200_std,ILS-200_budget,ILS-200_runtime_mean,ILS-200_runtime_std,ILS-200_tier,TS-30_mean,TS-30_std,TS-30_budget,TS-30_runtime_mean,TS-30_runtime_std,TS-30_tier,TS-50_mean,TS-50_std,TS-50_budget,TS-50_runtime_mean,TS-50_runtime_std,TS-50_tier,TS-100_mean,TS-100_std,TS-100_budget,TS-100_runtime_mean,TS-100_runtime_std,TS-100_tier,TS-200_mean,TS-200_std,TS-200_budget,TS-200_runtime_mean,TS-200_runtime_std,TS-200_tier
7z,68640,0.03125077587113,0.03434394291174739,30,0.1943025708198547,0.009820130294236675,2,0.026519555066496926,0.029979223344502166,50,0.29553215503692626,0.010995297549133651,2,0.014779055490829621,0.016988933276418334,100,0.6477238893508911,0.01339230174383383,1,0.00697833973829836,0.006961325349627103,200,1.2053574919700623,0.021338432585372474,1,0.02358863250310075,0.026378378844606865,30.0,0.18885197639465331,0.005033153316623921,2.0,0.02174382796344993,0.02588607361294645,50,0.3321207284927368,0.00853637855257162,2,0.012898473311918901,0.017258528045997146,100,0.6649626851081848,0.012587148249733152,1,0.008415451127706065,0.007080292227552825,200,1.3073880434036256,0.03471091061314646,1
Apache_AllMeasurements,192,0.02797751549548381,0.014323191489742405,30,0.16041381359100343,0.0072368593425123275,2,0.024627830786810124,0.010305029137727737,50,0.23697302341461177,0.015686395827779184,1,0.02207000611452826,0.0008598718035119674,100,0.4199709057807922,0.02714570893416281,1,0.022020743548390693,0.0008226661473570817,200,0.6833064556121826,0.04528819513061327,1,0.02916692397575623,0.017058453903882612,30.0,0.1583100914955139,0.011841950257904743,2.0,0.02223062549514762,0.0010064009405496071,50,0.23546171188354487,0.017951505399317755,1,0.022079682132954276,0.0008660071921179725,100,0.44220685958862305,0.02057724639044944,1,0.022020743548390693,0.0008226661473570817,200,0.6544271826744079,0.033811588167909475,1
BDBC,2560,0.002628264721992975,0.001838897719605424,30,0.15710012912750243,0.004894189606165737,3,0.0018822827172831301,0.001291007896061017,50,0.25496343374252317,0.00826149116083244,2,0.0009424959954919248,0.0009384804284689846,100,0.5286332249641419,0.009790654736642888,1,0.000488257925211255,0.0006455214571979931,200,1.261450755596161,0.018944120150357922,1,0.0028488819518176604,0.0016939402802369115,30.0,0.16250936985015865,0.005577241823989533,3.0,0.0016855160957063749,0.0011716703840685516,50,0.2526730179786682,0.005610045230089563,2,0.00041037054818518,0.0004294138458931701,100,0.5305193901062012,0.010567035760842917,1,0.00024848175711157,0.00013471065030409217,200,1.2639401316642762,0.012541815143372992,1
FFM-1000-200-0.50-SAT-1,10000,0.31178995619108596,0.04106952570959676,30,0.42385087013244627,0.014665613500481638,3,0.2878380378287441,0.026981209323958012,50,0.41606205701828003,0.023988267907313926,2,0.2631269353852784,0.02445061058563901,100,1.4413244128227234,0.11434393654551356,1,0.25247019594981257,0.018630713886211125,200,2.6860084772109984,0.03374723501494104,1,0.3121279072323543,0.044033802961684895,30.0,0.2656076192855835,0.004834577779463733,3.0,0.2836890711356176,0.028259674410664126,50,0.45048166513442994,0.01918486998580913,2,0.26589001852965993,0.020943031406873598,100,1.625693106651306,0.0535907090059585,1,0.24691524158173644,0.01300747208705628,200,1.7108981013298035,0.07081756790278525,1
FFM-125-25-0.50-SAT-1,10000,0.25751251455716295,0.039630769041465584,30,0.30103532075881956,0.004054492313889366,2,0.23827086654724758,0.020401178221433565,50,0.5161796092987061,0.0072018696275225145,1,0.22538350084854888,0.01545246329754102,100,1.0124275803565979,0.04196297832891185,1,0.21923145003269728,0.01007471969774962,200,1.479545772075653,0.22458178044968147,1,0.2688279445192666,0.03687972460918409,30.0,0.3073256492614746,0.0014073225759480793,2.0,0.238999202712052,0.025257705369852532,50,0.5166365265846252,0.00251859994261071,1,0.2254710656258943,0.01648526092874271,100,1.0522743821144105,0.0361362861431551,1,0.2159108050021709,0.008517841012079653,200,1.4956228733062744,0.19991876104102285,1
FFM-250-50-0.50-SAT-1,10000,0.38112975112347536,0.02703086253814867,30,0.2048219799995422,0.007589379615132951,2,0.36515722606579215,0.015525272059724452,50,0.5065871238708496,0.014082907391936716,1,0.361157311313211,0.014761462647699767,100,0.708704674243927,0.10101585440414454,1,0.3546036245769649,0.008005649837828793,200,3.827712595462799,0.14093372641089388,1,0.38089993665186506,0.023447163342088816,30.0,0.21521742343902583,0.004322341398260364,2.0,0.36286414840729425,0.010482881881571322,50,0.3573944687843323,0.007228177043605572,1,0.35497455742010053,0.008995475003004285,100,0.7126262068748475,0.012360637810981795,1,0.3473882969139572,0.007432782324397576,200,3.9942614793777467,0.14318173927965452,1
FFM-500-100-0.50-SAT-1,10000,0.3692205751017223,0.05049507266955459,30,0.639547061920166,0.019348105091964062,3,0.3455632206871144,0.038700310986726244,50,1.0251780152320862,0.03367936509735411,2,0.31366125980989995,0.027864079826655324,100,0.7671536326408386,0.020029198841820545,1,0.2941835731978644,0.016227514224425494,200,1.4936945676803588,0.021123176121501424,1,0.37067363852214663,0.043838445933600555,30.0,0.23830893039703366,0.0030246054264296577,3.0,0.33733894815920873,0.03209974702222371,50,0.39749462604522706,0.004711113353452768,2,0.30189900116272056,0.02336665385830855,100,0.7896178960800171,0.039692411968371206,1,0.28379547940716066,0.01409031825699021,200,4.246273255348205,0.18109339230996627,1
FM-500-100-0.25-SAT-1,10000,0.3715314336949382,0.027816219371704434,30,0.2476403951644897,0.004879969227827721,2,0.3561621786752577,0.01954619855518082,50,0.4175854563713074,0.011042397637009819,2,0.34074925845485066,0.015784562023967955,100,0.7453240275382995,0.00981904600761704,1,0.33054461197142077,0.009064083238406209,200,1.4967109560966492,0.008332398017132208,1,0.3668062565061885,0.03245539683245661,30.0,0.2516839623451233,0.004449909535083212,2.0,0.3449536156626085,0.01862617307358455,50,0.39050381183624266,0.002308650197473601,1,0.33241866568128864,0.007898713941554359,100,0.7779011726379395,0.00616412303795421,1,0.3273898396308697,0.006387349715751135,200,4.3896474719047545,0.1463225018123769,1
FM-500-100-0.50-SAT-1,10000,0.3646965650906163,0.03671309258374311,30,0.2233332514762878,0.004456810176427201,3,0.3449352645804857,0.0329405151318406,50,0.372997522354126,0.006566375871956217,2,0.30798994485762954,0.02104813747842807,100,0.7803711056709289,0.009975163046433434,1,0.299331184127232,0.01893904622548572,200,1.945267629623413,0.2517508969957356,1,0.3507695185152116,0.031505230278484786,30.0,0.2822591304779053,0.007048101012843501,3.0,0.33176058231487454,0.023033925054276164,50,0.39077234268188477,0.0042142051383501685,2,0.31707187749565197,0.01704618152657665,100,0.9822817802429199,0.0912202952341244,1,0.3049417601424443,0.01109653944605403,200,1.5713937997817993,0.014727332068090319,1
FM-500-100-0.75-SAT-1,10000,0.3132776544464311,0.04309607432379354,30,0.22420977354049682,0.009851733244594556,2,0.30214323013676714,0.039281676305067174,50,0.9744276762008667,0.035440671472972085,2,0.27486128111988056,0.018665169593276867,100,0.8781586408615112,0.03641003191184396,1,0.2644850386158494,0.011935778682927159,200,1.4473514676094055,0.02782806812970709,1,0.31942879405390723,0.03979337536667301,30.0,0.2464216589927673,0.00859926130639673,2.0,0.2973822757585928,0.03181291305291517,50,0.9725151419639587,0.06631201654152279,2,0.2638443727754451,0.019483406522800086,100,0.7738743424415588,0.014543493361100352,1,0.25296245189290006,0.010066025674890646,200,1.5131442666053772,0.06031949930945795,1
FM-500-100-1.00-SAT-1,10000,0.33352746963044944,0.02703506944200935,30,0.4500330567359924,0.009104459308641222,2,0.3136236716974109,0.01742876714013851,50,0.7600884556770324,0.10794290229637452,1,0.3032733629668898,0.011290356688128608,100,0.830174720287323,0.03575104809757426,1,0.2977446379621733,0.005872821838206599,200,1.6975151300430298,0.08347064994529171,1,0.33997525129600187,0.028343258653002953,30.0,0.4593821167945862,0.010559129956109836,2.0,0.3160167915234153,0.01758217927782,50,0.6377459287643432,0.010607165663376722,1,0.29857392547605416,0.006162719985274657,100,1.5183405518531798,0.024850109937018014,1,0.29493791416273846,0.0051905669936825214,200,1.7140750885009766,0.0942378912028793,1
HSMGP_num,3456,0.03903427250004492,0.01629761294751435,30,0.13671309947967525,0.005940283275888853,3,0.034152041303611214,0.013847190162122894,50,0.2411733388900757,0.005677325300980533,3,0.02587566976112383,0.014092360268931242,100,0.48008636236190794,0.011808353394331074,2,0.013114364685070759,0.012900741525129362,200,0.8666669249534606,0.10569189990933049,1,0.03397231033102932,0.013318100099051464,30.0,0.14875687360763545,0.005073759922079798,3.0,0.030416778743619043,0.013457689417996533,50,0.1631489515304565,0.0046005067509715895,3,0.02357749349346138,0.014421987263401596,100,0.3309277415275574,0.006085498235950215,2,0.011161720068832714,0.010600542678698237,200,0.8066357254981995,0.09893309590243753,1
HSQLDB,864,0.005406755913387731,0.010775431480375554,30,0.15650488138198848,0.006121552158489517,2,0.0029195487120019198,0.0014559136823946391,50,0.2505056619644165,0.006828916987218707,1,0.00212352141413641,0.0008588629829495654,100,0.44821680784225465,0.009581447303702,1,0.0017468747116163156,0.00040378672324201055,200,0.8264176249504089,0.1067909400635033,1,0.005992281326805299,0.007924688919894111,30.0,0.14392492771148677,0.004435601350783691,2.0,0.0037108315123366743,0.004725328557883863,50,0.24309239387512202,0.004509869996226168,1,0.001788401260927305,0.00043635568960223624,100,0.5998957514762878,0.010843997143795489,1,0.0016356018921395853,7.228729085558016e-05,200,0.8135952115058899,0.10268466527183576,1
Health-ClosedIssues0000,10000,0.5998793771948534,0.26796595878026114,30,0.3973628044128418,0.02848328008212643,2,0.5230160546009126,0.30849905259196625,50,0.6786670923233032,0.0447992149040574,2,0.42869797628762873,0.3200071611941802,100,1.1026044964790345,0.145188008013898,1,0.4088983825783911,0.3285174965038885,200,3.179410219192505,0.15240723294520378,1,0.6295484150552464,0.2608777707669894,30.0,0.3959389328956604,0.01997455067558393,2.0,0.6015774262002489,0.26196494466048686,50,0.6502517223358154,0.03304193822130254,2,0.46575260604788316,0.3194559217076561,100,1.1045273184776305,0.154082891251808,1,0.4121782499048475,0.32863602364427114,200,2.0585883975028993,0.191160136847813,1
Health-ClosedIssues0001,10000,0.4613871306995816,0.016201920685092422,30,0.39589978456497193,0.030743034878428305,3,0.4510551642410032,0.020361549715786985,50,0.6598143100738525,0.042728073665569154,2,0.4451191967340048,0.025057984089711074,100,1.0610045671463013,0.1423250029951354,1,0.43705139469665966,0.030041031248203027,200,2.6714178562164306,0.21173328431430988,1,0.46561882721415315,0.016550684548585902,30.0,0.39788362979888914,0.021943502675282094,3.0,0.45507612850013696,0.016869788331539293,50,0.6521552205085754,0.030067771319569118,2,0.4436521284432762,0.02349913346851995,100,1.097208309173584,0.13277835366016422,1,0.4352029887726789,0.030958798049816258,200,3.124493861198425,0.15603667927089232,1
Health-ClosedIssues0002,10000,0.2114716612843588,0.1389139635846678,30,0.3988935470581055,0.02630184021787294,2,0.18040955472443407,1.2312804336657292e-15,50,0.6381423354148865,0.04737983993957183,1,0.18040955472443387,1.461158640125628e-15,100,1.0744497776031494,0.13643531459572847,1,0.1804095547244337,1.6256010006047357e-15,200,2.766661834716797,0.2264576135806332,1,0.17485269857381577,0.024709555547526418,30.0,0.4112309098243713,0.022185219907151943,1.0,0.1748217895155606,0.024847783020389206,50,0.6743188977241517,0.034414712822439984,1,0.16772784107045782,0.03329143209794106,100,1.0953187942504883,0.15681931408073524,1,0.15965433753269567,0.03933855541649607,200,2.432864081859589,0.2352168001469892,1
Health-ClosedIssues0003,10000,0.27620084023666996,0.06772541337520394,30,0.4128204584121704,0.031996318585098084,3,0.2649534874955061,0.06549492957027622,50,0.44686689376831057,0.028320529211088488,2,0.25095730163303437,0.06614839335090085,100,1.0730640292167664,0.13910456510474203,2,0.20012994625285824,0.06477671774428245,200,2.2155335187911986,0.2302881136867957,1,0.287629548022059,0.0628652495716019,30.0,0.42539448738098146,0.017380405187661728,3.0,0.2783457036881124,0.0671631436175345,50,0.7026154518127441,0.02304614455181776,3,0.2511141853406903,0.06584457723218183,100,1.1235811829566955,0.16023769607514338,2,0.21949440535153175,0.07162945201055315,200,2.279530239105225,0.2487526657846454,1
Health-ClosedIssues0004,10000,0.3054543834967949,0.013054088114079045,30,0.4052399039268494,0.02483402953477823,3,0.2962578515336357,0.013149206502348841,50,0.6397973775863648,0.07131479152517589,2,0.29059669424422974,0.013406498405018438,100,1.1677942156791687,0.16703748576296296,1,0.2819346393158195,0.014130758809426347,200,2.704981541633606,0.232687371250652,1,0.3011791836518417,0.011067890434943209,30.0,0.4104233503341675,0.033974271760070736,3.0,0.29611076699165084,0.011901329561406583,50,0.6922251343727112,0.03157733330989333,2,0.2875134322610174,0.01271795255747607,100,1.6919534921646118,0.0781854699942373,1,0.2823918960224509,0.013124901125800247,200,2.267952048778534,0.10768728809143999,1
Health-ClosedIssues0005,10000,0.2435006796328157,0.006877237305231522,30,0.47073572874069214,0.033350798528242666,2,0.24116430408511708,0.008792885811132817,50,0.6891036868095398,0.03514468518100694,2,0.23757364452989077,0.007776650833920586,100,1.6668160796165465,0.07810904084924865,1,0.23470666769163104,0.007383994907895122,200,2.0811622381210326,0.2169312844265223,1,0.24359749414572002,0.010893970582050817,30.0,0.5247343897819519,0.024119219697096444,2.0,0.23953918639080532,0.005553765896611903,50,0.6817590236663819,0.03743857555174107,2,0.23655151691751164,0.008076375500498927,100,1.196435308456421,0.12819158099153682,1,0.23375074976526528,0.008292840910793374,200,3.0850833296775817,0.09588221385654445,1
Health-ClosedIssues0006,10000,0.13836809393188867,0.030595457187852237,30,0.54744553565979,0.04236350191980277,2,0.12867578943818928,0.027746660694209693,50,0.8734511375427246,0.051080905972687815,2,0.11500648735170915,0.017674224025127003,100,1.7644389390945434,0.1008171209975767,1,0.10660093922954017,0.010300207873187391,200,3.3452516913414003,0.1401660595805861,1,0.13741762891092923,0.0341238042856833,30.0,0.4000439167022705,0.019582149878499273,2.0,0.1264174441619591,0.03162069679405671,50,0.6833082795143127,0.06789236333733564,2,0.11512134137526527,0.030412175940542917,100,1.1503251791000366,0.060688731074180886,1,0.11053275493817502,0.030612621308421815,200,2.433638882637024,0.21911887498277524,1
Health-ClosedIssues0007,10000,0.5792985999586818,0.06171841000854354,30,0.4962547540664673,0.045205132010950506,2,0.570811781153377,0.06385278316861123,50,0.7331307888031006,0.056994413709497135,2,0.5351552767490062,0.09840702903618292,100,1.6538394570350647,0.10339979107046993,1,0.502407838225844,0.11652374880507076,200,3.4589947700500487,0.20484930888171302,1,0.5898686469208809,0.02107670380633194,30.0,0.4730093955993652,0.035276464151652066,2.0,0.5719484199552671,0.0473893761788259,50,1.0283953428268433,0.06295389582931708,2,0.5226487894060933,0.09919749744108794,100,1.834235668182373,0.08315120733694549,1,0.4759418986816872,0.12380594570614216,200,2.890367269515991,0.3020260405724786,1
Health-ClosedIssues0008,10000,0.4315396487913968,0.11096274566918488,30,0.42778881788253786,0.03353706967019936,2,0.39427895649982997,0.1254941868613004,50,0.8018599867820739,0.0624556723075496,2,0.36313664469229073,0.13172368281833047,100,1.3438045501708984,0.12445467273938783,1,0.32454418166644694,0.1281693232582523,200,3.4698128700256348,0.11944852726603675,1,0.45024055170789534,0.11216231893626012,30.0,0.546125864982605,0.028086794372121124,2.0,0.4204158738204885,0.11551175531592944,50,0.7005920767784118,0.04215811091677567,2,0.3635012875647814,0.1320692277851564,100,1.3556623458862305,0.10658000245021017,1,0.33141943419413605,0.1305829706877564,200,2.8223938941955566,0.19834666411037458,1
Health-ClosedIssues0009,10000,0.4311053018881325,0.05938228401212684,30,0.4960823655128479,0.038423806957737235,2,0.4126136685000111,0.08257101046730325,50,0.8353560566902161,0.053696091181014406,2,0.38953322121212314,0.09450750601574898,100,1.1625093698501587,0.16645890778886965,1,0.35620726429500715,0.10452081926069683,200,3.246354305744171,0.14547534630217437,1,0.42374627007331817,0.06766366512461369,30.0,0.5170037269592285,0.02403317464100293,2.0,0.41425514376158795,0.07998346629599229,50,0.8572513937950135,0.05003971447434327,2,0.4016307734579209,0.08153664420105035,100,1.8900062441825867,0.17997188636892542,2,0.3889863181196125,0.08283672981747735,200,3.0237758636474608,0.2847758149009584,1
Health-ClosedIssues0010,10000,0.4877835524850518,0.007716545376256462,30,0.4985537648200989,0.03572057881787797,2,0.48516255127812535,0.008163866194300207,50,0.8409752607345581,0.05990038538371777,2,0.48127896735424897,0.011511389637722408,100,1.5593839287757874,0.12034365254616142,1,0.47695294406546573,0.013449247051357851,200,3.1908856630325317,0.17433016309879518,1,0.48960032618431243,0.005995500477072769,30.0,0.509471321105957,0.023109503923929787,2.0,0.4861020061077294,0.007227906341491313,50,0.8055105805397034,0.034861511296181466,2,0.4806985395186798,0.009892430095604893,100,1.7920066714286804,0.067679484121569,1,0.47420869847922786,0.012620157889341456,200,3.866352045536041,0.17719259960007316,1
Health-ClosedIssues0011,10000,0.14579240174813518,0.09754208934405159,30,0.518478512763977,0.03408848887476306,2,0.10512068599399801,0.08427165477163011,50,0.7277774572372436,0.03956489624112273,2,0.07212364346380659,0.06823718585357062,100,1.522927451133728,0.06736968550694912,1,0.04541559548163584,0.06315328103266792,200,2.418863022327423,0.1745487462222611,1,0.1402629293760938,0.10895086691316368,30.0,0.5237903475761414,0.03224721910609881,2.0,0.10233915667695462,0.08849755944402989,50,0.8450314998626709,0.043185771166422145,2,0.06984499062999362,0.06966545498002119,100,1.5658769488334656,0.06556476939681258,1,0.04541505396058832,0.051642976216849525,200,2.1051201462745666,0.19716433472369457,1
Health-ClosedPRs0000,10000,0.0,0.0,30,0.2772157311439514,0.018922206912723817,1,0.0,0.0,50,0.46793498992919924,0.03398634114071734,1,0.0,0.0,100,0.9533465266227722,0.0799348448164196,1,0.0,0.0,200,1.8538512706756591,0.09532895768094762,1,0.0,0.0,30.0,0.26825478076934817,0.012199417309607686,1.0,0.0,0.0,50,0.46357648372650145,0.02177855912762923,1,0.0,0.0,100,1.2497156381607055,0.0673368006624867,1,0.0,0.0,200,2.001007413864136,0.13692760619233552,1
Health-ClosedPRs0002,10000,0.02112422895040175,1.9059202359400131e-16,30,0.517840850353241,0.032875202560161666,2,0.021123456414235537,3.454886765526663e-06,50,0.6214664936065674,0.033756454859947,2,0.021123456414235537,3.454886765526663e-06,100,1.4013762831687928,0.05065722989641958,2,0.02111611793867798,3.627354716135365e-05,200,2.8092043876647947,0.19070472783095133,2,0.021039602935538127,0.0003784590437999581,30.0,0.9419538736343384,0.0533528637205342,2.0,0.021039602935538127,0.0003784590437999581,50,0.6775986790657044,0.038147464664423036,2,0.021003599682731865,0.000403412433422701,100,1.4721888542175292,0.10855392183953196,2,0.02087999313265509,0.0005971988869701449,200,2.8213212370872496,0.17694989072172648,1
Health-ClosedPRs0003,10000,0.08308143211089546,5.359374185123254e-05,30,0.4333693504333496,0.023579089458290115,1,0.08300785947074338,0.00033500149166965304,50,0.800937807559967,0.04739561284201404,1,0.0829760639181292,0.00036749876997756994,100,2.867797076702118,0.1947589964110144,1,0.08284802668743085,0.0005261043152881867,200,2.5661407232284548,0.18294556087834013,1,0.08307943187924896,6.253904971617812e-05,30.0,0.4265834212303162,0.02088354243952444,1.0,0.08301522337265657,0.00034968822066448215,50,0.7997879266738892,0.031300892173513215,1,0.08300961347690014,0.0003747764371806081,100,1.477075982093811,0.10839047519953417,1,0.0829799929532967,0.0004147173433102458,200,3.8773307323455812,0.21883445709027394,1
Health-ClosedPRs0004,10000,0.5394983312705302,0.17352965657306535,30,0.3945336937904358,0.02906657131673162,2,0.4864604908695259,0.1695610179508821,50,0.6647836089134216,0.037574025376233056,2,0.4398340460855158,0.15226456410480102,100,0.899439787864685,0.054619802202746565,1,0.3805385612585266,0.12283979836193266,200,3.1969941020011903,0.1387266078791844,1,0.5550719019578298,0.13005037059093388,30.0,0.3983659267425537,0.021373091356890875,2.0,0.5075976493619885,0.13251657949186502,50,0.777922785282135,0.06369612284268512,2,0.4396617712610234,0.14679985508593957,100,1.276141059398651,0.07932797569096094,1,0.3716242052613611,0.12082189092727541,200,3.1194326996803285,0.23863399904987947,1
Health-ClosedPRs0005,10000,0.01873885666921552,0.0460683961790574,30,0.3987621426582336,0.03285562890920798,2,0.008198644454517732,0.012596457668836358,50,0.6735038161277771,0.06183447663343062,1,0.001978327315635081,0.004504986327174798,100,1.4589032173156737,0.1170071952859824,1,0.0012352133883243481,0.0040919589081267116,200,2.7885979294776915,0.214886311265082,1,0.017147837481998322,0.05246196397231816,30.0,0.4840352773666382,0.025399801882828203,2.0,0.004969488820763422,0.010999093726592846,50,0.4319731593132019,0.020424585978438645,1,0.00216696708137418,0.004658060461225543,100,1.2562345027923585,0.05410501139090234,1,0.00045670395860277223,0.0012285574047937854,200,2.684136247634888,0.22381198387636314,1
Health-ClosedPRs0006,10000,0.5220683605736881,0.1294886456153136,30,0.3517420649528503,0.021750426014896938,2,0.46596549215250127,0.17680120360160106,50,0.449172043800354,0.03588690673547161,2,0.3664268360923165,0.22497037533374967,100,1.1799071669578551,0.050072635233519264,1,0.2292551564549196,0.21074900136437377,200,2.363990545272827,0.16425188043516126,1,0.507239000659184,0.1309062636505204,30.0,0.4112225890159607,0.020513522688768795,2.0,0.47773562324146035,0.16284446804339148,50,0.6443867564201355,0.033979536322024655,2,0.3534654272215714,0.20819808943428383,100,1.5543054699897767,0.07196305525655627,1,0.26568016208396766,0.24394083685143214,200,2.6446173429489135,0.13926613951966785,1
Health-ClosedPRs0007,10000,0.23158956935649838,0.15109886715020038,30,0.26574360132217406,0.017846805602443738,2,0.20374584471847396,0.14651792476707654,50,0.6466391086578369,0.03880790025690871,2,0.1375939376722296,0.12954501777076838,100,1.342941677570343,0.11053836132857531,1,0.08715808338386326,0.11570808843523042,200,2.348047339916229,0.1680195137492287,1,0.29076469505952474,0.13587636564969996,30.0,0.3689642310142517,0.015775103735596995,2.0,0.23045997384998268,0.14369873991436996,50,0.6535292387008667,0.034119761575546644,2,0.15782098456831453,0.13188395164610267,100,1.2031891703605653,0.0646700364660867,1,0.11130711557166229,0.12535889077441437,200,2.44067804813385,0.18462706116907335,1
Health-ClosedPRs0008,10000,0.7610672062117465,0.124516362051504,30,0.4869533181190491,0.05274671880097496,2,0.7366728002931487,0.13088877246558472,50,0.6719834923744201,0.04471001905161122,2,0.694375015104505,0.14000546829243266,100,0.8717404007911682,0.0568330828087285,2,0.6088529783565289,0.18995986006691176,200,2.0904881596565246,0.20551496584174206,1,0.7246545108167475,0.16229654219325043,30.0,0.2704958200454712,0.010284679795698432,2.0,0.6837971556924195,0.16837599072229217,50,0.6299597740173339,0.027646320424273823,2,0.6316604180915465,0.16282091444786279,100,1.184983777999878,0.05482026662309648,1,0.5574279137466254,0.15105814855248564,200,2.3569955229759216,0.17159604400403683,1
Health-ClosedPRs0009,10000,0.6505751258367973,0.06948340500951729,30,0.4323683500289917,0.029573032548437662,3,0.6421315163704446,0.07069453582059292,50,0.6606344938278198,0.0409475861154362,3,0.6121672510512117,0.10888864807139094,100,1.2630015850067138,0.09032139596489305,2,0.5467501837236838,0.1533120898620221,200,2.3003929615020753,0.22979245565633005,1,0.6432018905170614,0.08353356912715143,30.0,0.2708306789398193,0.009466182235469321,3.0,0.6276124721442196,0.09918874542757293,50,0.804716956615448,0.05095318315453447,3,0.6083939083511795,0.12015561361408117,100,1.1761142373085023,0.06420081275780275,2,0.6013610698481029,0.1284870880399076,200,2.8771737217903137,0.2514679509954509,2
Health-ClosedPRs0010,10000,0.5421230049309476,0.07022420283259713,30,0.43812572956085205,0.04482548863391171,2,0.5346862037801371,0.07325461922225597,50,0.43497821092605593,0.028756276519474364,2,0.483071169816003,0.1287472072749663,100,1.301931881904602,0.08396269785182404,1,0.4332003394197793,0.1444694142190629,200,1.7453083515167236,0.11191392939672624,1,0.5409913651394651,0.07072711716650684,30.0,0.4101004958152771,0.019432627533269024,2.0,0.5258733527121016,0.08110500558422314,50,0.7172120094299317,0.04006358164189412,2,0.4981490432333491,0.1177781984890458,100,1.237144899368286,0.07687765050754432,2,0.4514325392931302,0.14628180006018918,200,2.0802145481109617,0.2888269090327411,1
Health-ClosedPRs0011,10000,8.01875373874e-06,3.586095690930646e-05,30,0.4852303385734558,0.032888190663776,1,0.0,0.0,50,0.4429283499717712,0.022847050066577515,1,0.0,0.0,100,0.8883933186531067,0.03491806549054359,1,0.0,0.0,200,1.3749178171157836,0.27084694381219215,1,0.0,0.0,30.0,0.39246495962142947,0.0176645180227485,1.0,0.0,0.0,50,0.4452847480773926,0.018984824992598615,1,0.0,0.0,100,1.2447426319122314,0.16504885171641062,1,0.0,0.0,200,1.4996949076652526,0.30780645124377404,1
Health-Commits0000,10000,0.6403760163538976,0.33081879009345255,30,0.4041475415229797,0.026066208537982534,2,0.5458633937633224,0.3545633614823385,50,0.6417595505714416,0.03773206619722256,1,0.42917642265794453,0.3738835103261887,100,0.8648938179016114,0.048830182322756044,1,0.41491579160826186,0.3834535598341389,200,1.3470670461654664,0.23450530684045365,1,0.6797416629685706,0.30681815043357547,30.0,0.27021045684814454,0.014180798119571254,2.0,0.6343774742495379,0.3354099615542501,50,0.7305357813835144,0.03931467871503247,2,0.5228236146422814,0.3733392913279228,100,0.9036262154579162,0.04347290256194339,1,0.4888524376462823,0.4032218277859256,200,3.3200770258903503,0.15259210625377517,1
Health-Commits0001,10000,0.16503938767068194,0.0001262860883963919,30,0.40265231132507323,0.03455713267496968,3,0.164997717350629,9.880600498902759e-05,50,0.7828661680221558,0.06702309282249845,3,0.16478061105554248,0.0008029680671340862,100,0.8585148215293884,0.04568948092092905,2,0.164575113014331,0.00113780635724939,200,6.18559193611145,0.47597251697938864,1,0.16503357432165863,0.000219718210741729,30.0,0.2701737642288208,0.011767571310321188,3.0,0.16478490265994664,0.0007895440724807612,50,0.4425760269165039,0.020821988001458687,2,0.16477001339683278,0.000845903497381762,100,0.8702115535736084,0.04585290602643332,2,0.16436684049193923,0.0014552435571719624,200,1.4954889059066772,0.28552813075871475,1
Health-Commits0002,10000,0.5125390720316879,0.09908383182616293,30,0.27312670946121215,0.02147467633341887,2,0.47537398673857345,0.06953575749084236,50,0.43324871063232423,0.02729267371467904,2,0.4570077185447389,0.1038205267468209,100,1.1796616196632386,0.16998440263368889,2,0.41648931947597073,0.13485739427676022,200,1.7280268669128418,0.0900820084259374,1,0.4806679967003914,0.06973226116461066,30.0,0.26489791870117185,0.010219178922233988,2.0,0.474695683640771,0.08558474204270124,50,0.4462414622306824,0.026442701810251493,2,0.4722191507665142,0.09011322170847191,100,1.1815923690795898,0.15950264195061312,2,0.403238782850133,0.13890403161396864,200,1.6599360346794128,0.10114218836297313,1
Health-Commits0003,10000,0.4288318742980632,0.06071660723951893,30,0.26805742979049685,0.020219036783396666,3,0.4089318506188696,0.06289938342083995,50,0.43414061069488524,0.03416877901111097,3,0.37806828931045244,0.06512735963210525,100,0.8996610879898072,0.05426420925865636,2,0.35301344997084133,0.07753086379160722,200,2.7500182390213013,0.25337975835100507,1,0.4280977001416888,0.05729902452567538,30.0,0.2722740054130554,0.011625643605763111,3.0,0.391074186107444,0.07026483589430563,50,0.4450823307037354,0.026468655444015728,2,0.3470874658419405,0.07006865482971507,100,1.2973082900047301,0.12195498312794462,1,0.3209086627153344,0.07773593034393006,200,1.38384770154953,0.2753620021116929,1
Health-Commits0004,10000,0.23268266893209008,0.02758367803352525,30,0.4118482232093811,0.02958572388849376,2,0.227871738988512,0.008650882589488488,50,0.6958932042121887,0.042567583058118634,1,0.22401473736524333,0.007673494833672907,100,1.1747573375701905,0.1680361567781359,1,0.21857088682194892,0.01097645854502369,200,1.825843584537506,0.0996336092568863,1,0.24144932551713166,0.06759580768278933,30.0,0.421559202671051,0.021473812689725588,2.0,0.22778087917838138,0.010501755296131753,50,0.46143213510513303,0.02025258782705539,1,0.22489801685778127,0.003033457780629781,100,0.9093565702438354,0.027056158097144154,1,0.22299391582982495,0.00771528467224259,200,1.8998820781707764,0.08548816757757524,1
Health-Commits0005,10000,0.3663701412162891,0.14097459205664242,30,0.27572332620620726,0.02303169448185152,2,0.32941035810963804,0.14797996906871042,50,0.4317654252052307,0.02814098374702078,2,0.2758073922743816,0.12259539238432816,100,0.8763964414596558,0.050620743819191405,1,0.24715614201010183,0.11686661548699094,200,1.7311805129051208,0.24289446747351992,1,0.36316709068936437,0.14604925215577685,30.0,0.2702375888824463,0.011800070042335844,2.0,0.3308542214180258,0.14567310207341028,50,0.7899300694465637,0.06654575753969326,2,0.27166189188855505,0.134187321122659,100,1.079612410068512,0.15293250909571604,1,0.22461512112575416,0.11979652648762502,200,1.6054201245307922,0.3007067957412052,1
Health-Commits0006,10000,0.3102482846143254,0.017567720426698415,30,0.2764156460762024,0.021606486689280082,2,0.30281071793864334,0.024900724794590084,50,0.6438825964927674,0.048544375317681084,2,0.2921249912405995,0.022609040630697384,100,1.2971474170684814,0.11739499774848133,1,0.2726216017837014,0.021603982733656,200,1.7344605088233949,0.11176116558711172,1,0.3111205965982284,0.023355407372195998,30.0,0.26841259002685547,0.014403430985665482,2.0,0.3037520929479082,0.021230508390412732,50,0.4417638063430786,0.023207223438139378,2,0.29286785518504366,0.020978476518693587,100,0.8771968603134155,0.04237845490759596,1,0.2807630695656,0.02804888207443273,200,2.0675932645797728,0.1978515009555819,1
Health-Commits0007,10000,0.40330684391548866,0.1334483187168286,30,0.5322274088859558,0.045277065099745425,2,0.3676811020046287,0.12023337736339793,50,0.6730943083763122,0.04906950585365287,2,0.3174636488197479,0.1076420675613444,100,0.8454124331474304,0.05278489774899905,1,0.26930725268613903,0.10443219012110667,200,1.4936477422714234,0.28055920420449537,1,0.4277912989352456,0.1315266134061577,30.0,0.4135961413383484,0.024708275394990514,2.0,0.38360338551965223,0.14054601024886326,50,0.4393215298652649,0.02483983803252113,2,0.3096811451369903,0.10951782365492248,100,1.796454381942749,0.09943512211208821,1,0.29070436137111716,0.11489729656511324,200,1.720019805431366,0.10711354348322341,1
Health-Commits0008,10000,0.40407069732508055,0.03373259108813363,30,0.29486058950424193,0.025132355314258552,3,0.3878053525771887,0.03961121068358926,50,0.6588638067245484,0.04514781122925307,2,0.374174890524361,0.04259342130447693,100,1.3609639048576354,0.07884502657124923,1,0.3502188808948945,0.03993859884922371,200,1.467914593219757,0.2982546124491409,1,0.40990084782385183,0.026165157692468792,30.0,0.5141464114189148,0.022510158591502766,3.0,0.39729145930378196,0.021788411234340027,50,0.7175504326820373,0.05923602160103217,3,0.3837327407835373,0.02126541350696077,100,0.9969799160957337,0.06640735780726414,2,0.3596398297141118,0.04097337252493184,200,3.2929331421852113,0.26241886490040955,1
Health-Commits0009,10000,0.1473050634991075,0.011922426850930447,30,0.534507441520691,0.03347007322741015,2,0.14332112728184923,0.010014212215291968,50,0.6651716709136963,0.03189746110497369,2,0.13689249229951214,0.0071738186071637535,100,1.1782641530036926,0.04791010077933765,1,0.13315411116592785,0.00814034753806486,200,2.354994809627533,0.2728032562514111,1,0.15358411958955256,0.03588616916142322,30.0,0.35703052282333375,0.019790609132946398,2.0,0.14509000720207596,0.012568736397349274,50,0.774125874042511,0.07814679087553623,2,0.13917110299237692,0.007520209888490509,100,0.8997765779495239,0.04204144466981196,1,0.13509973333693095,0.007898727509179826,200,2.3969537377357484,0.10769200286318627,1
Health-Commits0010,10000,0.3183843374157719,0.022480525406191918,30,0.3923518300056458,0.029362651434521526,2,0.3110566771045611,0.02026817726829831,50,0.7424116134643555,0.08770700410032033,2,0.3016784833161165,0.022460970374145933,100,1.693930697441101,0.10241943960545627,1,0.29444638374637905,0.02259317836769253,200,2.089916932582855,0.2144441856397521,1,0.3158605748445186,0.02542054925681494,30.0,0.4156460762023926,0.02202952083405912,2.0,0.3071460333643675,0.022463508725706252,50,0.7499861717224121,0.06561519083365504,2,0.29736016531437465,0.02458144864017615,100,1.1286891102790833,0.16115915054795804,1,0.29330667802589555,0.027228097389176257,200,2.1281902194023132,0.19519494844176835,1
Health-Commits0011,10000,0.10834053459163306,0.07544739178365575,30,0.513344407081604,0.04843425379414446,2,0.0862472474633761,0.0762099639675022,50,0.6640553116798401,0.04964774395662385,2,0.06468456990947938,0.06801931961474031,100,1.540341353416443,0.13809094361225652,1,0.0475707673812623,0.06066924307228258,200,2.064094638824463,0.1973790420774597,1,0.12285525188996174,0.09215931848363025,30.0,0.39732513427734373,0.01771100472315146,2.0,0.08923218432684597,0.0774979784607033,50,0.8571890830993653,0.04007465027199832,2,0.055365601165466426,0.06008489354877445,100,1.1239013075828552,0.14263687209539347,1,0.030731253558755268,0.047694262261481865,200,2.038890528678894,0.17600330289065252,1
LLVM,1024,0.12950535551046466,0.11436656452481378,30,0.1459442853927612,0.01039832234858268,2,0.06460844214580257,0.05714909047724289,50,0.1494951486587524,0.007246587854414672,1,0.04335556881172155,0.003873353400492404,100,0.4992011785507202,0.03002842045573717,1,0.041496050935582916,0.001851052875864106,200,0.796142303943634,0.03630715577423802,1,0.06762595790526912,0.04336825161938698,30.0,0.13441579341888424,0.008963407167984428,1.0,0.04556316506335904,0.006823687993325981,50,0.2213366031646728,0.010186693398304072,1,0.043015875324334214,0.002963045036820943,100,0.43508890867233274,0.020631296929255846,1,0.0416825773625295,0.001674975542045315,200,0.7944545149803162,0.0365164153582841,1
PostgreSQL,19008,0.020341940284738225,0.000656212134844839,30,0.16609386205673216,0.01033648327509536,2,0.020093017453265374,0.0004347709425938092,50,0.1621627569198608,0.008104810386725983,2,0.019924690062271187,0.0002882530489562522,100,0.5707353830337525,0.01969441137625385,1,0.01986034195450935,0.00021270011996236485,200,0.9029605031013489,0.03056775918763272,1,0.020193096079813448,0.00041168426916549414,30.0,0.14614276885986324,0.0074858567133697,2.0,0.01994370430533735,0.0003208453926574389,50,0.2819891571998596,0.014384344767728662,1,0.019900084405511477,0.0002889796835816125,100,0.3113520860671997,0.011037457224964293,1,0.019818163688956232,0.00020559795292780428,200,1.2771857857704163,0.03812732143389765,1
SQL_AllMeasurements,4653,0.30742697504517974,0.03969561634729815,30,0.09908843040466304,0.0007424830762600906,3,0.2780319400049588,0.038806931354470886,50,0.23821862936019894,0.002606842621394373,2,0.25099137214867817,0.031232244883789898,100,0.5282366394996643,0.0056983293459247335,1,0.23577073213743321,0.023961906778275453,200,0.6997857093811035,0.008254373920861277,1,0.31552803657728573,0.04574797043615404,30.0,0.142703628540039,0.001812209469941241,3.0,0.2826024697466752,0.04104330785303204,50,0.3001325011253357,0.004538200050587347,2,0.24738792210897795,0.03205653444803388,100,0.5210837244987487,0.03657914503854939,1,0.23373578721262417,0.02835247322851039,200,0.9411685109138489,0.007154225184791425,1
SS-A,1343,0.6269127304852338,0.21421241665944865,30,0.19806871414184568,0.02744253720380093,2,0.5831112882259148,0.22538112428727902,50,0.32877267599105836,0.04326104626939126,2,0.3774240537707521,0.31904598357004627,100,0.6419239521026612,0.04725860235630603,1,0.29529798677206565,0.31878717386201827,200,1.0500080704689025,0.1629067190739998,1,0.57453891220086,0.24628202960266501,30.0,0.1425534844398498,0.02068654574926479,2.0,0.539237335719353,0.2790816335330276,50,0.41211471557617185,0.05116398646327908,2,0.45336826764126653,0.3261958309964148,100,0.6084674596786499,0.069209559441865,1,0.3231265995072745,0.3214325867249581,200,0.8056681632995606,0.08395416323225813,1
SS-B,206,0.3709640200580647,0.1894911064785536,30,0.1620883226394653,0.03009485217135647,2,0.30777501033869054,0.17840953111114144,50,0.22711056470870972,0.04409761278342749,2,0.21699004167372143,0.14077175522008673,100,0.4194979786872864,0.08065969427652545,1,0.1875724729869497,0.11370464942241489,200,0.42207648754119875,0.08751835216684203,1,0.43952739774915683,0.21919944231444893,30.0,0.14373686313629147,0.030936382675701066,3.0,0.33633445467791634,0.2125208210839041,50,0.15556133985519405,0.029710199696547958,2,0.24048387939593593,0.13899970713888657,100,0.3748561263084412,0.054840658684683775,1,0.18847940119718104,0.1142295143369283,200,0.7571746826171875,0.10680249724000719,1
SS-C,1512,0.620053286428813,0.24591072743842582,30,0.19529215097427363,0.02542323602743261,2,0.5828064322473849,0.2666653324747097,50,0.2979532480239868,0.04000591966660055,2,0.561712078590703,0.2813306328316331,100,0.6298814415931702,0.08631665051230988,2,0.4362107348391354,0.31983849738352804,200,1.053714895248413,0.15417314029235937,1,0.639277439838728,0.22083642297408462,30.0,0.13404654264450072,0.02347156131230488,2.0,0.6308645653218223,0.2188088956367363,50,0.34407838582992556,0.05720258199902577,2,0.5021714828385277,0.29878932508279016,100,0.6235861420631409,0.09051310160401324,1,0.33923854493602235,0.3114364940643674,200,0.9853702664375306,0.16616071587517178,1
SS-D,196,0.4672267768384503,0.021076058819682452,30,0.20604228973388666,0.019168442911112506,2,0.46559189910762633,0.02149367854499861,50,0.32085046768188474,0.023550441016417695,2,0.4579904057569785,0.012496561529707755,100,0.6449242949485778,0.04871317578276256,1,0.45344424387325405,0.019343433649108593,200,1.1683191418647767,0.18935563916744327,1,0.47323897718346936,0.037024732797134814,30.0,0.19628195762634276,0.015801966762016017,2.0,0.467815286865444,0.022758619702337522,50,0.22505493164062496,0.02201112690815755,2,0.45887146244919536,0.018614214055063992,100,0.573096776008606,0.05674976958702264,1,0.45194755163673417,0.015961321667822347,200,1.3793777227401733,0.15562040353054946,1
SS-E,756,0.26081260414501706,0.0663430433814892,30,0.26600382328033445,0.030149760519772216,3,0.2194315892155183,0.07304107804111641,50,0.3607784271240234,0.04434612211843357,2,0.17892030580830798,0.0511029515135312,100,0.546621298789978,0.047589896062696695,1,0.16478448071681234,0.035987113293441536,200,1.621687388420105,0.1547288619956678,1,0.26426295920174775,0.06992907100399126,30.0,0.2043468832969665,0.02226308651040924,3.0,0.24288233603214282,0.0748284130423543,50,0.4186155080795288,0.03573207132282644,3,0.22290314742063533,0.08098953341120606,100,0.5957010149955749,0.04297282967982075,2,0.2088731036215583,0.0816779384110433,200,1.1674789547920228,0.07494835613728122,1
SS-F,196,0.46153388255791805,0.023464477962419843,30,0.27488412857055666,0.02846096951156352,1,0.4573574164800941,0.022966975065107493,50,0.3719371557235718,0.03714681336217397,1,0.4475270889633204,0.021114096367521096,100,0.7932756066322326,0.07028747409765061,1,0.4413364238530197,0.023523242239236436,200,1.2613726735115052,0.17238122600795353,1,0.4802245371443449,0.04662565396587473,30.0,0.13202980756759639,0.011183205400232907,2.0,0.4611863893517665,0.012059087302481418,50,0.227750027179718,0.02280888457184339,1,0.4534244060021878,0.016102226866708882,100,0.6600197792053223,0.05049565358568273,1,0.4490416341862768,0.01639488750173355,200,1.097209131717682,0.14232819200987423,1
SS-G,196,0.46220887965420243,0.018062300348847656,30,0.16687294244766232,0.01803562942681031,2,0.45452887023824695,0.02025145428966464,50,0.23092396259307857,0.025231411340618678,1,0.4495946856400176,0.015693503693352966,100,0.6101132988929748,0.077933395801392,1,0.44154934259673784,0.019872350919369626,200,0.8630666971206665,0.09277066665012665,1,0.4747235445637542,0.050044804777119485,30.0,0.19930661916732784,0.017256473090978462,2.0,0.4587985964110568,0.013934929312969685,50,0.34160164594650266,0.033566421594935086,2,0.4528935060691165,0.015424089884420934,100,0.45480722188949585,0.041214439467191805,1,0.4471280757636927,0.014042859360291692,200,0.8560697436332703,0.06123396966393207,1
SS-H,259,0.7759176027590294,0.17980826958251925,30,0.13772490024566647,0.014384576900112049,2,0.7129514281803503,0.216704043347179,50,0.42810802459716796,0.04485968666288892,2,0.6053703957729002,0.26392080802385603,100,0.4194958209991455,0.05671354596307597,1,0.4817578639018524,0.2918577800218922,200,1.372015130519867,0.1595667824570645,1,0.7828117869710506,0.15063716268002225,30.0,0.20028519630432123,0.026147577014626215,2.0,0.7621185962751353,0.15057903736637993,50,0.20855826139450073,0.02470500013123764,2,0.5857738979317586,0.21470456923681813,100,0.4029784083366394,0.06289258537039272,1,0.36975533412501727,0.18285952255819837,200,1.2755800843238831,0.21039289435133607,1
SS-I,1080,0.26370881930568996,0.08194191662185028,30,0.2829606056213379,0.025908344889282335,2,0.2404121476026959,0.08948815431665896,50,0.2732182741165161,0.019341358093186854,2,0.17445554355462714,0.11655085007164437,100,0.5180063962936401,0.03074238129135005,1,0.1548079313966528,0.12293919555207526,200,2.1850963950157167,0.1441806594933062,1,0.2608412156510439,0.09342861117459199,30.0,0.2590003848075867,0.025860796871720132,2.0,0.225109632673297,0.10931423285055236,50,0.34492374658584596,0.030014519193009376,2,0.18058031257408808,0.11698247354356749,100,0.5262516140937805,0.03350461683572176,1,0.13945054847863309,0.12036818031031778,200,1.862445890903473,0.11580218690600312,1
SS-J,3840,0.19329152430981378,0.13132414484027655,30,0.1959452748298645,0.011519633311157986,2,0.17130473585575906,0.11666473804641513,50,0.3140407562255859,0.010331265549770407,2,0.1444706878752591,0.10649876789711177,100,0.9238418459892273,0.03275244090977571,1,0.12998459522321654,0.1020384100029906,200,2.3929914474487304,0.06755555294158866,1,0.17630657427113325,0.11424193291682025,30.0,0.21448096036911007,0.011621183353295927,2.0,0.15748174633399817,0.11081554452589437,50,0.48665422201156616,0.015323648734514557,2,0.14371524621094214,0.10733744106029294,100,0.6322149276733399,0.014525559890746614,1,0.12016296170298717,0.09318336941167157,200,2.5021026849746706,0.07419123763138875,1
SS-K,2880,0.1731726159640274,0.11216807086382463,30,0.16294689178466792,0.01647541584787371,2,0.1519619363203736,0.09878944569482749,50,0.2799387097358704,0.01663380591890193,2,0.1273729336702404,0.07067416584484679,100,1.0214059233665467,0.05198055186132637,1,0.09749542163928938,0.033098894809833315,200,2.0398524522781374,0.08212017778843039,1,0.16410648106034073,0.1111340772796949,30.0,0.2868812680244446,0.022174565885920147,2.0,0.1508071544814521,0.10719604784431665,50,0.2850404143333435,0.018650457735281723,2,0.12040199989510558,0.07204740413990238,100,0.5752226352691651,0.02456398121022636,1,0.09375157473530446,0.03236671851361173,200,1.4776304721832276,0.19674655481626052,1
SS-L,1023,0.20796524288750096,0.07783745528390637,30,0.18867310285568234,0.011575470898821398,2,0.18455378396917282,0.04998174651454867,50,0.3036908745765686,0.018040765296461623,1,0.17152421135186352,0.0025488706770662407,100,0.5717687010765076,0.03250005491036836,1,0.16982667343385183,0.0017800457283835792,200,1.0874995231628417,0.053116244209366746,1,0.19269255166754748,0.062010178451516344,30.0,0.2487226843833923,0.015724033904763016,2.0,0.17520006158077617,0.0038171914604202516,50,0.3126865983009338,0.014051471206701574,1,0.17151760340610045,0.0034248029374543847,100,0.5865906119346619,0.023958244117502733,1,0.16986886184173858,0.0015713129408140222,200,1.0600860118865967,0.04888759321110675,1
SS-M,864,0.010664966244758826,0.021483303889603015,30,0.28563121557235716,0.010138306732059038,2,0.004799749880262051,0.0017515620809888562,50,0.4784361243247986,0.012712341757722817,1,0.0038611265601094904,0.000524515604176544,100,1.5485244989395142,0.07279962123728241,1,0.00358169870614027,0.00026703105293913906,200,3.0379805684089662,0.21505069784320088,1,0.011577829683351077,0.015680438446441996,30.0,0.3138403058052063,0.008229427494868423,2.0,0.006123216140397545,0.007139522270374394,50,0.5781103491783142,0.06492141258667908,1,0.0038587056976509154,0.00040016858424274593,100,0.8783405542373657,0.1539331729159991,1,0.0036142024822325494,0.00020897610371019144,200,3.860356891155243,0.03967716795060678,1
SS-N,53662,0.21794903696794163,0.07845515630286963,30,0.35510685443878176,0.016070387108383325,2,0.2004905803531912,0.06760311875579175,50,0.7735863924026489,0.031936767010996625,2,0.17402095522152278,0.06278960502178275,100,1.1296224236488341,0.056745067833474064,1,0.14152189524182862,0.028120191983417777,200,1.7361191749572753,0.12327382202755016,1,0.21577818832497747,0.06864197383151313,30.0,0.2025428056716919,0.005121302147289189,2.0,0.18708087669295206,0.053687377073376,50,0.470029354095459,0.05911067205704393,2,0.15899623252857448,0.04657197123836479,100,0.7822562098503113,0.06856704838822111,1,0.14075959098390692,0.028062329259146233,200,1.2387379288673401,0.13545024205993023,1
SS-O,972,0.21756243328506092,0.04183368104580661,30,0.281587016582489,0.012842995703900685,2,0.20886622087854895,0.03447439295268792,50,0.48432457447052,0.0186250010938825,2,0.19346063130830415,0.008665197576638962,100,0.6278872609138488,0.022704155592571454,1,0.19273309742284367,0.00808133327577924,200,2.2626867651939393,0.07609817219222968,1,0.21495893225417784,0.03698692229813182,30.0,0.19449958801269526,0.00968495728608093,2.0,0.20792680090252466,0.03437247828671323,50,0.6139140009880066,0.033188543632579746,2,0.1931857191517106,0.007879068559343762,100,0.9108102917671204,0.028465907249466304,1,0.19022772255668902,0.008302312295499934,200,1.9697224736213683,0.17932349186285607,1
SS-P,1023,0.20796524288750096,0.07783745528390637,30,0.1850351572036743,0.011815931788230278,2,0.18455378396917282,0.04998174651454867,50,0.4464796185493469,0.04510348918943597,1,0.17152421135186352,0.0025488706770662407,100,0.5597837209701538,0.031083540026300805,1,0.16982667343385183,0.0017800457283835792,200,1.055126953125,0.04980923660831124,1,0.19269255166754748,0.062010178451516344,30.0,0.257009482383728,0.01591116380717771,2.0,0.17520006158077617,0.0038171914604202516,50,0.32369800806045534,0.02014358643264863,1,0.17151760340610045,0.0034248029374543847,100,0.6070409655570984,0.04985992769924346,1,0.16986886184173858,0.0015713129408140222,200,1.039429259300232,0.04768852310242338,1
SS-Q,2736,0.06701285591286782,0.024247343383441373,30,0.27090131044387816,0.01773653066893251,2,0.06607228321290641,0.0244546327525242,50,0.7026981234550476,0.03605631465962053,2,0.059343818891096724,0.0010578203087204436,100,1.4530411958694458,0.10654026112384972,1,0.05872270108910053,0.0008650388070848893,200,2.4984009146690367,0.10576428102902666,1,0.06594859241768308,0.016602180323209134,30.0,0.37897697687149046,0.019029808579433236,2.0,0.06457430461210341,0.016661025974973737,50,0.6394822716712951,0.03140646269682704,2,0.05963380558913436,0.0021200657579805464,100,0.9426778554916382,0.03365762249250821,1,0.058406400229259435,0.001176193381341533,200,2.986336827278137,0.26024203194085666,1
SS-R,3008,0.20097975805554294,0.02858390389373522,30,0.26840890645980836,0.014964375743595994,2,0.1862713235375813,0.018951565173378537,50,0.3078378915786743,0.0160168978886025,1,0.1756427767855133,0.012885339533629537,100,0.7979318737983704,0.026542779142139226,1,0.17283503239843692,0.007871355124287476,200,1.5390466332435608,0.06819994749140001,1,0.18287562089017997,0.01895075122516025,30.0,0.2145831704139709,0.02269214462578031,1.0,0.17731391906526842,0.009252413952734429,50,0.32630473375320435,0.013788815098733611,1,0.17382311523000804,0.008526387451792726,100,1.1260876178741455,0.09408602471167136,1,0.17131195484813816,0.008223747724600208,200,1.5129410386085511,0.16332939122938364,1
SS-S,3840,0.2168694066364676,0.13819472433967903,30,0.2835326433181763,0.012763259110274665,2,0.1768345296574571,0.12700786037645279,50,0.311528754234314,0.014043312103448242,1,0.15692783061102755,0.1227930758205806,100,0.9209593176841736,0.0374047551619844,1,0.13560418448201564,0.11855515762803388,200,1.8701231718063354,0.16756532136012092,1,0.25218889762399543,0.1280233347104708,30.0,0.2838741302490234,0.01269511756326217,2.0,0.21791592453176883,0.13514050816565235,50,0.5262935876846313,0.04400237509301937,2,0.17605820505423359,0.10924560133301536,100,0.8486270904541016,0.10010199807761923,1,0.12861774701421033,0.10233507534392164,200,2.15119811296463,0.19996196269898034,1
SS-T,5184,0.07388058405059257,0.07060807276303169,30,0.2788585424423218,0.012400227181159384,3,0.05131289630874858,0.03256753442134543,50,0.4602046012878418,0.027264517342072147,2,0.0355545765325935,0.024381027126505257,100,0.9066841721534729,0.03578015858080058,1,0.02224364018247752,0.007086737449004468,200,1.7138354539871217,0.20937034511107877,1,0.06049950955216689,0.03224227257486327,30.0,0.28086472749710084,0.01631070509965898,3.0,0.04369961185974581,0.02960728140603084,50,0.3217570066452026,0.015566859248604733,2,0.02707194387834257,0.01373164991593306,100,0.8262943744659423,0.11027172804993415,1,0.01915223219390907,0.004251728714005636,200,1.4884512662887572,0.17191521414806954,1
SS-U,4608,0.2562906014940533,0.03133972859556057,30,0.29152976274490355,0.008157423136647997,2,0.2436459650559287,0.019094157138061757,50,0.6350725293159485,0.010045714851648171,1,0.23467032150845935,0.004640255670618576,100,0.9661548614501954,0.013314728291107795,1,0.2327604682875502,0.003002480263737821,200,2.4246565461158753,0.09588551521506498,1,0.2626928484081834,0.0289334350811461,30.0,0.2051325917243957,0.0033456474180505206,2.0,0.2496094150107687,0.017649006292370237,50,0.7534345269203186,0.08196048963883973,2,0.2351952998959134,0.00552194915205396,100,0.6969855427742004,0.0073466134415249235,1,0.23160538829761262,0.001059794749122698,200,2.0055562615394593,0.18119905918271745,1
SS-V,6840,0.17610144078401463,0.07852691946482002,30,0.2688171863555908,0.005734264207661221,2,0.16036543784135446,0.05800725160694855,50,0.4648999810218811,0.05947888346464425,2,0.1501176765721343,0.055914754614688575,100,1.404408371448517,0.0776705727716073,1,0.13783219292711987,0.06751287775228801,200,2.6598796367645265,0.08541055557787793,1,0.16161920850093475,0.06277502953700423,30.0,0.4590098738670349,0.01251037951628325,2.0,0.15006697547746845,0.061785919397766356,50,0.5040653944015503,0.009962711174425829,1,0.13647540324167623,0.06903498291177786,100,0.6841758251190185,0.006710239060647608,1,0.12836913362739835,0.07089448475273298,200,4.275087726116181,0.2876039878167369,1
SS-W,65536,0.32958549535936077,0.02668277309408234,30,0.346381413936615,0.02740327840602276,3,0.31054405721055844,0.025621996518056526,50,0.6523345112800598,0.011382407385505857,2,0.2994577652330551,0.02012641709088079,100,0.9726238965988159,0.08627175689277097,1,0.2910229748267987,0.01766695089062361,200,1.6471792340278626,0.15554336110427153,1,0.33235379018917854,0.03049110305021406,30.0,0.38813055753707887,0.005463687157789967,3.0,0.3168631146571787,0.026173825864403668,50,0.33576384782791135,0.009535433062260379,2,0.29870020513933404,0.02119428276646233,100,0.8595585584640503,0.01490421239491271,1,0.2881130262933219,0.018327048266289645,200,1.7326285719871521,0.043256477679947426,1
SS-X,86058,0.28410267079974083,0.081194164430863,30,0.3301112174987793,0.013932989951957617,2,0.256428635401126,0.06528874305237137,50,0.4515152335166931,0.017714898561241324,2,0.22777759775560727,0.032723856808764155,100,1.0548170328140258,0.06258459633623731,1,0.21843844927754055,0.01118544493894872,200,2.2369452118873596,0.0661734614111761,1,0.29465220561279865,0.08947544694409913,30.0,0.34245847463607787,0.015152732728119239,2.0,0.2681034461594439,0.07135428012004626,50,0.5737451672554016,0.021172471504772864,2,0.22952082418605252,0.03482798762527817,100,0.8365619063377381,0.01726934680702075,1,0.21341120897966123,0.0171992179884704,200,2.3837687134742738,0.05304640143610964,1
Scrum100k,100000,0.3838368877776487,0.0354741223380142,30,0.490466833114624,0.09867914859628091,3,0.3632255056393719,0.02875727643383529,50,1.0026291489601136,0.02046531159660133,2,0.34135321541059416,0.023635355184291523,100,0.6947786569595337,0.007273920884648317,1,0.3259683315744925,0.01334165910931333,200,1.3942192196846008,0.01727714501637813,1,0.3681736990770715,0.03064379017195612,30.0,0.6257318377494812,0.12923924327019465,2.0,0.3477528082930258,0.027201824503431317,50,0.7962226152420044,0.05525655277985092,1,0.33202429079784007,0.013986120918069077,100,1.3702692866325379,0.15122578823773797,1,0.3228815942958991,0.01052134423425424,200,1.4225525498390197,0.005952582280466734,1
Scrum10k,10000,0.3460851282963367,0.042416665191864225,30,0.4880827069282532,0.014403076031940066,3,0.32422338102490744,0.03315420456497993,50,0.8127707242965698,0.07954535291040996,2,0.2996633008094659,0.01785504075244742,100,1.0160063743591308,0.01580974210432587,1,0.28785229888664804,0.008508892469699271,200,1.4814831495285035,0.22847421271570434,1,0.34361194380383847,0.030337793032446887,30.0,0.44890240430831907,0.011769826384838117,3.0,0.31581811953892663,0.02455969257637107,50,0.7365830421447754,0.049407451236033705,2,0.29779527795149163,0.016283411262157262,100,1.753946852684021,0.11952890895339542,1,0.28933055685032893,0.00909546228744195,200,3.4400776624679565,0.29619171876489714,1
Scrum1k,1000,0.3178082003042758,0.03854733170855852,30,0.5260660767555236,0.026214057826652336,3,0.2967940246233701,0.023939388357428724,50,0.7934246301651001,0.019677587824786943,2,0.2731192352246113,0.022727067623076656,100,1.3717976212501526,0.025995449967693304,1,0.2584425899275674,0.014799040386833088,200,1.438103973865509,0.25177467261262404,1,0.29807343653739016,0.0319489369539783,30.0,0.526854681968689,0.0482878533725261,2.0,0.27547700677155695,0.019416493329446068,50,0.8199209332466125,0.0390357080248665,1,0.2607032510916618,0.013778320434852909,100,1.4103612184524537,0.1382382663370987,1,0.256442651652061,0.013081044232189034,200,3.2316444158554076,0.2166366498475025,1
X264_AllMeasurements,1152,0.02237424152819286,0.036616249258496034,30,0.09470289945602414,0.0033815832304998077,2,0.012399117408764785,0.019464432370218405,50,0.20779103040695185,0.008275678232706684,2,0.002485394309426345,0.004698453072434107,100,0.5511059880256652,0.014777173785265371,1,0.00046192673845466497,0.00010535870142233473,200,0.8364465355873107,0.017517083860172228,1,0.022781025605600018,0.01894260554077055,30.0,0.15410279035568233,0.0057892091599642944,2.0,0.008662517270528074,0.01318447789879724,50,0.24572007656097408,0.008434810282933098,1,0.0026131887828926255,0.005371766549615307,100,0.31324105262756347,0.008752993370288252,1,0.0004894001142528,0.00011185872276279598,200,0.6094523787498474,0.013957425820920275,1
billing10k,10000,0.38791317509250967,0.023632362189411286,30,0.5889707207679749,0.022533139384083203,3,0.3770557956529155,0.019357985422759585,50,0.799821960926056,0.05219247445945604,2,0.3693016125086391,0.017042907389900108,100,1.4640637040138245,0.05658919488862859,1,0.35816181712952744,0.008717639335837473,200,3.713256824016571,0.08278979632538783,1,0.3893678918879477,0.022055296548430928,30.0,0.6168684363365173,0.01154501273028624,3.0,0.37889065593297067,0.019938175555158807,50,0.8360231995582581,0.021923450271887687,2,0.36301242047821025,0.010357179259802401,100,1.6152424216270447,0.07540419896893766,1,0.3547839085016477,0.005317101040440206,200,3.2106614112854004,0.25927302140317454,1
coc1000,1000,0.38043896777268743,0.028689883448458967,30,0.43809261322021487,0.037454752218015086,3,0.3693345195249762,0.028646183515473305,50,1.7830512166023254,0.15778072944197077,3,0.3553138426907964,0.021274546096541943,100,1.63279070854187,0.08930345253497017,2,0.3401908008549187,0.015659186886183042,200,3.9141865015029906,0.19435188710067372,1,0.37792566136053357,0.023500488095810707,30.0,0.5766576647758483,0.048299663023981,3.0,0.3628223502315277,0.021188390358337146,50,1.0476985573768616,0.07065074857773188,2,0.34300102521637754,0.01667523443080671,100,2.050748658180237,0.12323643950366775,1,0.32540153491293855,0.013207844985865889,200,3.6710066914558412,0.22614385768398343,1
dataset120,5160,0.32696690292958674,0.07648915134051566,30,0.1850659012794494,0.0038701486614110643,3,0.3049632675127161,0.05286608645075702,50,0.2536808252334595,0.004091821384316776,2,0.26412436717694077,0.03176589868622913,100,0.5650979518890381,0.01711823198074985,1,0.24191621743194885,0.028106895706289995,200,1.0419685125350953,0.011584462819643754,1,0.3132807961646197,0.03884522148962649,30.0,0.18155159950256344,0.0025431468254441744,3.0,0.28996061618120444,0.03320264239716295,50,0.23850351572036738,0.0032405123709464087,2,0.25777503464672585,0.03976233270259647,100,1.0626027822494506,0.03923808970163381,1,0.2122792748509661,0.04622442744995729,200,1.0349883437156677,0.01404314060613758,1
dataset600,5160,0.27599929792322403,0.044364241443200995,30,0.1429294943809509,0.002817263354743313,3,0.262515665930217,0.04220772513002663,50,0.24171979427337642,0.004255114107726746,3,0.23343322582689066,0.0275887963465333,100,0.4814109206199646,0.009059521787121438,2,0.2101034989820981,0.035256840047373804,200,0.9585076212882996,0.017455764989321148,1,0.26778274670075364,0.035271676812513766,30.0,0.14012275934219356,0.000985172932107615,3.0,0.24487724393146415,0.03307333203612684,50,0.23008890151977535,0.0022110798815187043,2,0.21057320128809093,0.03090869312204308,100,0.4940327048301697,0.007460685186798424,1,0.1791517588105049,0.03112280623394325,200,0.929115104675293,0.006436370041196956,1
dconvert,6764,0.0474273063784265,0.04246350960033196,30,0.1386532425880432,0.0035956515526746717,2,0.03418118430362338,0.0263141395462459,50,0.22139487266540522,0.004482409727869534,2,0.027940257970314648,0.01964443589593917,100,0.461888325214386,0.008060291564636952,1,0.024491918552172143,0.01850019536464234,200,0.890171480178833,0.012919250565266969,1,0.04471711680313757,0.02985467196397493,30.0,0.13611867427825924,0.002002780788822979,2.0,0.03607623257633911,0.02329044973695561,50,0.21776024103164668,0.002442543907054515,2,0.02749848320950799,0.018594832697090072,100,0.45490044355392456,0.0042658793939793814,1,0.022564741265074635,0.01712677758209068,200,0.9047106266021728,0.012533989161498798,1
deeparch,4096,0.035495985753724174,0.04252112244297735,30,0.12643748521804807,0.00434028749300739,2,0.007498983744417301,0.020805460675389048,50,0.2314341306686401,0.007230940662849333,1,0.0006236184811021626,0.0019295532173007504,100,0.41142457723617554,0.011517852992700587,1,7.395417255944182e-05,5.655493060674742e-05,200,0.8352646350860595,0.020635151102152357,1,nan,nan,nan,nan,nan,nan,0.00675188012750008,0.020396274612412158,50,0.24855000972747804,0.00861333479667709,1,0.0005144949040071708,0.002010413018803184,100,0.42904508113861084,0.011192452914198351,1,5.444560940785492e-05,6.6395729219473134e-06,200,0.8128867983818054,0.023733796209453737,1
exastencils,86058,0.07349967046359013,0.038528795055375854,30,0.14324085712432857,0.010783395036020122,2,0.052424047838722766,0.020248889972950566,50,0.22882509231567377,0.010603181235759155,1,0.0449025227546913,0.01639580826709316,100,0.4176099538803101,0.045433035607600016,1,0.04260944950298205,0.015320405870027178,200,1.0072587966918944,0.05590988852720187,1,0.05570072499758434,0.01481352704248968,30.0,0.15017181634902949,0.007009090270084013,1.0,0.05067110649599997,0.0142522721964807,50,0.24119974374771114,0.00826498537297698,1,0.045862766246645134,0.011186814099676225,100,0.42888023853302004,0.009427414511590553,1,0.04276654639232702,0.013605806739942706,200,1.0187022805213928,0.05156275109679358,1
javagc,166975,0.009391065967347699,0.008498854200667842,30,0.14863122701644899,0.015879813136862944,2,0.00805848917721853,0.007566821999454196,50,0.20824543237686152,0.008261487636915104,2,0.00630955332759255,0.007505931590870118,100,0.5114238739013672,0.1500922361126488,1,0.004654097380312314,0.005219017067007855,200,1.2965519189834596,0.1306214590108994,1,0.010389007232493214,0.00961501776162774,30.0,0.12247295379638667,0.0031793531019332073,2.0,0.00802657638473507,0.008259702094477721,50,0.20323456525802608,0.00477114546771772,2,0.006641620485600545,0.007472822505545479,100,0.4199267148971558,0.007984013836632525,1,0.00572829390661622,0.0073429139494721905,200,0.8300225257873535,0.0722191952997482,1
nasa93dem,93,0.47240064836327395,0.01539986540108868,30,0.5026669144630432,0.015411916623953033,3,0.4624360654414669,0.008914610638521244,50,0.8576456069946289,0.04877510502267504,2,0.454099999474778,0.005892982978552203,100,1.0049378395080566,0.021187646716168303,1,0.45088088702082363,0.004773451535732325,200,4.019863760471344,0.036985766949775886,1,0.46725805947018395,0.011641030104750582,30.0,0.4756139874458313,0.031203496705230323,2.0,0.45846251417125583,0.009498983561469759,50,0.4762158155441284,0.007449947296492309,1,0.4527694035680042,0.005546333073589624,100,1.4855311036109924,0.10574986835863202,1,0.4484778875770538,0.0042339342301741766,200,2.5184842228889464,0.23145661668553283,1
pom3a,20000,0.27868266942441455,0.06313210361194745,30,0.7137449145317077,0.06586586790790011,2,0.2482525366936395,0.061565058220914286,50,0.5500254273414612,0.026961113392491243,2,0.2043525781919775,0.05056758243673466,100,1.4660250067710876,0.11235158704639694,1,0.15991935099852767,0.019584749590652744,200,3.2570779085159303,0.17423151146707808,1,0.26641618945996026,0.06836331573886763,30.0,0.3939415454864502,0.007134492205678512,2.0,0.24526273011307573,0.061413450041338975,50,0.8699870228767395,0.048305594066367766,2,0.2079047854371286,0.0481852129569345,100,1.4793805003166198,0.08899795779711905,1,0.1686713950695047,0.032604420591204046,200,3.5725627064704897,0.1447945681787773,1
pom3b,20000,0.27723400230274875,0.06073379560484942,30,0.3112800598144531,0.006798200484224636,2,0.24869482447308283,0.06054034657449401,50,1.0442393660545348,0.03209615714190776,2,0.20691003626289312,0.046665230634230774,100,1.6966169118881225,0.08038257287508861,1,0.171369824835243,0.036124089268475115,200,4.295716857910156,0.13887967107323473,1,0.27104668346881505,0.0524797684409123,30.0,0.3039580225944519,0.005156449467157039,2.0,0.25050376925593965,0.05214200568671805,50,0.789301586151123,0.03155229241254601,2,0.2122800452842072,0.04846427884396362,100,1.0136438488960267,0.013599541384911904,1,0.17700674575202163,0.04123385868199805,200,1.4447394967079163,0.20433408511182982,1
pom3c,20000,0.40849493505975143,0.037153732835114354,30,0.30251905918121336,0.012120232259942756,3,0.39103581414753563,0.03632985021597535,50,0.4931881546974182,0.012440000375212071,2,0.35462635272859677,0.038952957249572304,100,1.9260126590728759,0.05923779418873851,1,0.3143556968530762,0.03876460866524585,200,3.925555098056793,0.12119651083970052,1,0.4092295119482488,0.0510453553899728,30.0,0.6090188503265381,0.010008708280301115,3.0,0.38624907399282093,0.04347819673553883,50,0.5091585516929626,0.018825558434667353,2,0.35117473590345266,0.04538855862899853,100,1.0801650881767273,0.03395120447705701,1,0.3188435272683294,0.04230231963246035,200,1.4609736680984498,0.22822558668361445,1
pom3d,500,0.2536824530168066,0.04676987366797858,30,0.29629653692245483,0.004638884701108885,3,0.22648043253623826,0.03325702474531219,50,0.6971796035766602,0.012246242240423429,2,0.20000416272824656,0.034319488001105146,100,1.9293925642967225,0.034938478161091094,1,0.1681252184882593,0.0251874012801689,200,1.505104649066925,0.2370876490769671,1,0.2633590666797618,0.05042372790817013,30.0,0.30539779663085936,0.0035330739493121717,3.0,0.24219678840094847,0.0433944487398261,50,0.9601845145225525,0.009622169030789794,2,0.19935767691865108,0.029883584429102973,100,1.9882451295852661,0.025977011179223693,1,0.16685128189700343,0.02527005367316423,200,3.7570621848106383,0.0657673060225773,1
redis,4400,0.5016039738637876,0.02710398322567932,30,0.09242167472839351,0.005645743846717918,3,0.4888932505585185,0.02381780809784566,50,0.21772701740264888,0.013293895535305182,2,0.47123282676726747,0.031438338698985616,100,0.5589842796325684,0.034228842643343575,1,0.4564860010090731,0.03305877294949732,200,1.129961371421814,0.04289222937388108,1,0.5008623807689971,0.02859871186466925,30.0,0.09134240150451654,0.004216913321350041,3.0,0.4865367758810165,0.02787568380144387,50,0.26240288019180297,0.015334552821745711,2,0.46094191409845847,0.0321219905401562,100,0.592693281173706,0.02190427690966831,1,0.4397886651102246,0.031656572981981775,200,1.1614202022552491,0.04598848146376371,1
rs-6d-c3_obj1,3840,0.250964368370237,0.23622689457283133,30,0.19490693807601925,0.014055993775549785,2,0.19709547200947639,0.20736309362334351,50,0.23723850250244136,0.009208264230703634,2,0.14785310891346543,0.1845798690934077,100,0.5506619215011597,0.022509521241081135,1,0.10401131682677545,0.14997200769755842,200,1.0485873699188233,0.04686934327074397,1,0.26603007470334455,0.24609624408017422,30.0,0.16495798826217647,0.006855719105792548,2.0,0.22531601486459932,0.23068316105572437,50,0.28317325115203856,0.010637371710878066,2,0.1476262382391462,0.18752937878285458,100,0.4811167359352112,0.022394540028063584,1,0.06470882746379247,0.10303485111574895,200,1.101179575920105,0.040906214396606654,1
rs-6d-c3_obj2,3840,0.0054148722366416215,0.004458317390900506,30,0.15348688364028926,0.009496877883365054,2,0.005095002027109238,0.0046994696374128815,50,0.33480613231658934,0.02021818700676924,2,0.004137463084844773,0.004114290885212394,100,0.30583618879318236,0.011521653684224429,1,0.0035076333415719847,0.0038610319619760236,200,0.6150692343711853,0.028121157789124742,1,0.0070834189185804185,0.007759431175156333,30.0,0.14871784448623654,0.005812276643226339,2.0,0.00473633408064132,0.004518577629709892,50,0.3071874976158142,0.010845086159324804,1,0.003905664402991773,0.003708842782420569,100,0.5088248014450073,0.016915642124000294,1,0.003034265600400461,0.003676946499030852,200,0.6248908996582031,0.016146644854418638,1
sol-6d-c2-obj1,2866,0.01983540759000107,0.008548422336651243,30,0.16031893491744992,0.0093624737738752,2,0.019016786275786283,0.007844157773679467,50,0.21640582084655757,0.012137946817172384,2,0.017138611891115606,0.006070128136172227,100,0.575423800945282,0.022468595910735734,1,0.015580099035950848,0.0021117276336856763,200,1.1139692187309265,0.04636001235663059,1,0.02025312323438282,0.007788755878406106,30.0,0.16012746095657343,0.011339371318471049,2.0,0.019726894380747755,0.007264117524435727,50,0.22859205007553096,0.012867705093447628,2,0.018452241557245046,0.006220066158880245,100,0.9986018061637878,0.0928455425678568,2,0.017646443988786904,0.005492579117143348,200,0.9960424661636352,0.07361912905455091,1
storm,1557,0.026583612760617263,0.06413182380988627,30,0.16832121610641476,0.007569664406032836,2,0.02579265797425963,0.06438588267700936,50,0.27747756242752075,0.010452373326714405,2,0.023980769461117636,0.059912097768809104,100,0.31501643657684325,0.006598408998106694,2,0.0016146763642833667,0.004351777847675349,200,1.1271624207496642,0.027649592947532692,1,0.01782194174464974,0.05204525748709624,30.0,0.18086379766464233,0.0072632769712644395,2.0,0.017547675352928806,0.051521963203286045,50,0.2834643363952637,0.0097360725147619,2,0.0056508330474481245,0.01762529003257726,100,0.32049648761749266,0.006586637774487557,1,0.004826800746888469,0.017569002496590165,200,1.184032392501831,0.03622979443206711,1
wc+rs-3d-c4-obj1,196,0.1961170200914591,0.1253391797989271,30,0.10205775499343868,0.01555201766421622,2,0.16723946140817503,0.12341245403998694,50,0.1850491642951965,0.026442569211741963,2,0.13339357876876146,0.1185723897957412,100,0.3325871467590332,0.04821597205365022,2,0.07526454125660653,0.07965845200628432,200,0.597919762134552,0.08717560696951616,1,0.19372559935449718,0.12384860216608222,30.0,0.12961407899856564,0.013066129305859679,2.0,0.16321672270368254,0.11993420647784749,50,0.21008989810943599,0.02578022273140489,2,0.09500293612571045,0.1023360598328008,100,0.3289199471473694,0.04041475558992255,1,0.04504707098604409,0.07498538314141626,200,0.37181944847106935,0.052645452661634964,1
wc+sol-3d-c4-obj1,196,0.19286512223085156,0.13384752609913406,30,0.11133569478988643,0.016966486421824956,2,0.1626265111106942,0.12990419582316032,50,0.20339599847793574,0.03120251157456873,2,0.13726503463643222,0.11889699571380384,100,0.20963760614395138,0.03464068392824083,2,0.10247141930975534,0.10418577009472277,200,0.6283377051353455,0.09130969567414503,1,0.19647186948575274,0.12927807049630158,30.0,0.09673403501510616,0.011711956656578256,2.0,0.15601455984906415,0.12340916970081119,50,0.1857101678848266,0.025451994749335245,2,0.1004128345062639,0.11428366484112773,100,0.33132597208023074,0.048786140044047036,1,0.033585266089766024,0.07601876831328848,200,0.621030580997467,0.10273626108898863,1
wc+wc-3d-c4-obj1,196,0.19910680963327004,0.11393751235269031,30,0.10827621221542354,0.016786749848822224,2,0.18297990977548714,0.11691469941676783,50,0.15276678800582882,0.020672931406767046,2,0.14025009248900255,0.12417874027530591,100,0.20997226238250727,0.028274180274986967,2,0.08572438248396294,0.10001559776167429,200,0.40558884143829343,0.06013662692510794,1,0.206478412855797,0.11528160477154907,30.0,0.09732760190963742,0.010079997971211273,2.0,0.16446647213080293,0.1076109775405018,50,0.10532608032226558,0.012011376936730312,2,0.0990940691194904,0.09885087842695925,100,0.27824554443359373,0.040350090442138005,1,0.04257815240460756,0.07002422275033064,200,0.6033515810966492,0.09096730129019488,1
wc-6d-c1-obj1,2880,0.21922790938323305,0.1807380935523298,30,0.12072556018829342,0.013540667388926463,2,0.20404053732949884,0.17250841965142652,50,0.19473210573196412,0.016258050554875236,2,0.1285716010007676,0.11862370102018079,100,0.521630871295929,0.032949165704834485,1,0.10424815697084515,0.08621342363756125,200,0.7913122415542603,0.05440777581437002,1,0.24374081357293947,0.17408584484441367,30.0,0.18395255804061889,0.013009974371123683,2.0,0.19176039744609102,0.163480890808211,50,0.22295575141906734,0.014366751973900816,2,0.1278962779237352,0.12890044210161022,100,0.4354610800743103,0.020671778381383267,1,0.09547573150781943,0.08808744913380855,200,0.8134091854095459,0.03702466684280983,1
x264,53662,0.29215346973429723,0.08935454860916542,30,0.1521569013595581,0.006944503719855002,3,0.2704159011076587,0.08302495321864485,50,0.2318599462509155,0.009021406301015463,3,0.23951796563447197,0.07140741889451477,100,0.32337619066238404,0.00614564940069248,2,0.19732992875226812,0.042873168102051856,200,0.8633301854133606,0.011927038898928244,1,0.2776141595093463,0.10464202438678517,30.0,0.10338211059570308,0.0016717577548495323,3.0,0.24854655311021365,0.07468640273163069,50,0.3066693186759949,0.008678739071220666,2,0.211969952944564,0.05233850935291171,100,0.44543908834457396,0.008740780479429772,1,0.1975780675091587,0.05448303240760239,200,0.9425872921943664,0.013125649644587657,1
xomo_flight,10000,0.18654917561724832,0.09620033481433535,30,0.5337149977684021,0.008152069285556543,3,0.17398505441976522,0.08814963035019703,50,0.8828941702842712,0.0237713411379299,3,0.13235680673362588,0.08241889726346056,100,1.3830253839492799,0.025341945228512,2,0.0641782608011433,0.06189877886843941,200,3.5355077743530274,0.08545076660573782,1,0.17596438408794896,0.09730383257845905,30.0,0.42203760147094727,0.011715344243075847,3.0,0.14700362197270211,0.09698455762882643,50,0.8977255940437316,0.018112966287053868,2,0.08419831148247359,0.08111077931650523,100,2.3592661738395693,0.08923564805487984,1,0.051368369353106694,0.05722687807890848,200,2.0243285059928895,0.28578103834087676,1
xomo_ground,10000,0.193976139192434,0.09220043086534943,30,0.5352720379829407,0.0038966499819732994,2,0.17081484380218892,0.09370503187079683,50,0.9287675499916077,0.10880166571085668,2,0.12690853362374838,0.09469309658226949,100,1.604457926750183,0.15535760041671898,1,0.06941298865343233,0.06535172888439648,200,3.2894049525260924,0.3010386538909182,1,0.17967654130527683,0.09721238127364254,30.0,0.40204391479492185,0.010578028738982257,2.0,0.15918647452386447,0.09591112884285807,50,0.9245526909828186,0.014724963639591753,2,0.1026376270928264,0.08605998648737609,100,1.3414265751838683,0.023241880492386697,1,0.06442129301991895,0.06411753394797463,200,3.969177579879761,0.1388477889750491,1
xomo_osp,10000,0.16421788971720477,0.08722561532856925,30,0.4140562891960144,0.0037449625514897915,2,0.14760197214479748,0.08181136462883194,50,0.8694677352905273,0.027213760673784053,2,0.10167848417890546,0.07277564811752733,100,1.3526281356811523,0.01950720744993568,1,0.060304406559598026,0.05327478086207168,200,3.253577244281769,0.23301344196618096,1,0.15094726030148783,0.08556725798827805,30.0,0.6111828804016113,0.014368712167233155,2.0,0.13450327411648336,0.08340395658963907,50,1.0072775602340698,0.04926166780636039,2,0.08760316551881206,0.07859764246933092,100,1.6366020441055298,0.16808895350320494,1,0.05376545084219819,0.04792918876967664,200,3.5314324140548705,0.031561368456762065,1
xomo_osp2,10000,0.34562829785133536,0.08571223942415156,30,0.4984136581420898,0.007967552097123983,2,0.306089392895495,0.08163105935095881,50,0.8764760732650757,0.013823378020518255,2,0.24509546436105759,0.07267474376606782,100,1.7038307905197143,0.17812477627058856,1,0.17725490807377683,0.04113584424326595,200,3.681236410140991,0.0814521282100372,1,0.3335544062999427,0.1002680264671526,30.0,0.5042465329170227,0.00547552438065754,2.0,0.30323453013638185,0.10355294309881624,50,0.9765450835227967,0.08792261162163312,2,0.2384144249265304,0.07409745481305223,100,1.7547512769699096,0.01167024826059987,1,0.1792448225822682,0.05190088822107798,200,3.5471938610076905,0.027886985157163414,1
